id	num	neg|score	neg|p-value	neg|fdr	neg|rank	neg|goodsgrna	neg|lfc	pos|score	pos|p-value	pos|fdr	pos|rank	pos|goodsgrna	pos|lfc
Scn4b	20	5.8579e-06	5.7161e-05	0.107261	1	17	-4.8887	0.94031	0.92056	0.986842	2665	0	-4.8887
Gdpd5	20	9.5053e-06	9.8733e-05	0.107261	2	14	-4.5967	0.88651	0.8512	0.971537	2501	0	-4.5967
Ntm	18	1.3567e-05	0.00011259	0.107261	3	9	-3.9192	0.084274	0.080637	0.879609	238	0	-3.9192
Olfr978	18	2.0552e-05	0.0001888	0.134901	4	11	-4.5447	0.16333	0.16532	0.882295	458	0	-4.5447
Adrb1	20	5.3688e-05	0.00048674	0.251061	5	16	-4.4427	0.82154	0.77817	0.960285	2310	0	-4.4427
Svopl	20	6.4542e-05	0.00061145	0.251061	6	16	-4.4437	0.93405	0.91244	0.984427	2644	0	-4.4437
H2-Ob	20	6.5023e-05	0.00061491	0.251061	7	15	-4.7134	0.57811	0.52108	0.90617	1616	0	-4.7134
Tnfrsf13b	18	0.00015435	0.0014065	0.479098	8	15	-4.678	0.93838	0.91856	0.98619	2662	0	-4.678
Pth2r	19	0.00015791	0.0015087	0.479098	9	13	-4.2249	0.29577	0.28551	0.882295	823	0	-4.2249
Pcdhb12	20	0.00019065	0.0018759	0.5045	10	17	-4.3206	0.99866	0.9979	0.999607	2850	0	-4.3206
Ror1	20	0.00019617	0.0019417	0.5045	11	8	-3.8393	0.064748	0.059995	0.879609	189	0	-3.8393
Gprc5b	20	0.00025964	0.0025099	0.597772	12	13	-4.3975	0.68814	0.61532	0.910668	1915	0	-4.3975
Itga9	20	0.0003024	0.0029464	0.608911	13	13	-3.9684	0.84281	0.79903	0.961935	2370	0	-3.9684
Klrb1	19	0.0003722	0.0034556	0.608911	14	11	-3.9569	0.41105	0.36466	0.882295	1168	0	-3.9569
Rgma	20	0.00037547	0.0034938	0.608911	15	15	-4.4898	0.59308	0.53007	0.90617	1655	0	-4.4898
Cdh3	19	0.00037947	0.0035007	0.608911	16	16	-4.5989	0.97694	0.96762	0.993624	2781	0	-4.5989
Asic4	20	0.00039343	0.0036219	0.608911	17	13	-4.4335	0.68814	0.61532	0.910668	1916	0	-4.4335
Cdhr3	20	0.00043018	0.0039441	0.626238	18	16	-4.5735	0.95635	0.94055	0.992009	2706	0	-4.5735
Plxnb1	20	0.00049859	0.0045781	0.654208	19	12	-3.9426	0.97775	0.96903	0.993624	2786	0	-3.9426
Pcdha1	16	0.00057891	0.0044707	0.654208	20	10	-4.0216	0.33201	0.29571	0.882295	959	0	-4.0216
Lrfn1	20	0.00058731	0.0052121	0.678668	21	15	-4.5538	0.97613	0.96695	0.993624	2777	0	-4.5538
Trpv4	20	0.0005881	0.0052242	0.678668	22	17	-4.3772	0.68814	0.61532	0.910668	1929	0	-4.3772
Notch1	20	0.00067341	0.0058789	0.684085	23	13	-4.5739	0.78928	0.73207	0.942452	2222	0	-4.5739
Lamp1	20	0.00070314	0.0061405	0.684085	24	15	-4.5574	0.82154	0.77817	0.960285	2302	0	-4.5574
Susd3	20	0.00070782	0.0061699	0.684085	25	13	-4.6423	0.99286	0.9883	0.995964	2836	0	-4.6423
Olfr323	18	0.0007478	0.0063795	0.684085	26	10	-4.0674	0.026445	0.032362	0.873617	74	0	-4.0674
Caly	19	0.00075247	0.0064627	0.684085	27	15	-4.5789	0.44499	0.39031	0.884347	1277	0	-4.5789
Epha3	20	0.00078818	0.0069026	0.698982	28	11	-4.0536	0.43424	0.38797	0.882295	1234	0	-4.0536
Lrfn4	20	0.00089891	0.0077479	0.698982	29	9	-3.6434	0.2525	0.2543	0.882295	707	0	-3.6434
Ephb3	20	0.00093344	0.007987	0.698982	30	14	-4.5835	0.91918	0.89188	0.97874	2606	0	-4.5835
Calcr	20	0.00095081	0.0081342	0.698982	31	14	-4.5195	0.68814	0.61532	0.910668	1917	0	-4.5195
Prnp	20	0.00097592	0.0083507	0.698982	32	11	-4.0226	0.20551	0.20524	0.882295	577	0	-4.0226
Tnfrsf11a	20	0.00097688	0.0083646	0.698982	33	12	-4.2627	0.14103	0.15041	0.882295	387	0	-4.2627
Agtr1a	20	0.00099012	0.0084304	0.698982	34	15	-4.6154	0.48453	0.42352	0.891333	1355	0	-4.6154
Layn	20	0.0010146	0.0087353	0.698982	35	13	-4.1986	0.86489	0.82523	0.968591	2436	0	-4.1986
Clstn1	20	0.001025	0.0088045	0.698982	36	11	-4.0388	0.34126	0.31717	0.882295	975	0	-4.0388
Fam174a	20	0.0011068	0.009371	0.707129	37	16	-4.6387	0.5237	0.47011	0.90617	1477	0	-4.6387
Rrh	20	0.0012121	0.010083	0.707129	38	15	-4.6305	0.75933	0.69314	0.930045	2128	0	-4.6305
Cacna1i	20	0.0012207	0.010142	0.707129	39	15	-4.5753	0.98468	0.9766	0.994737	2805	0	-4.5753
Olfr202	20	0.0012306	0.010163	0.707129	40	12	-4.0623	0.74592	0.68421	0.930045	2095	0	-4.0623
Oxgr1	20	0.0013034	0.010916	0.707129	41	8	-3.3863	0.41766	0.36762	0.882295	1185	0	-3.3863
Cdh24	19	0.0013037	0.010658	0.707129	42	13	-4.5971	0.83711	0.79322	0.961935	2354	0	-4.5971
Astn1	20	0.0013291	0.011088	0.707129	43	16	-4.5589	0.17974	0.18093	0.882295	505	0	-4.5589
Tmem8b	20	0.0013291	0.011088	0.707129	44	7	-3.6421	0.90876	0.87873	0.975309	2578	0	-3.6421
Plxnb2	20	0.0013559	0.011278	0.707129	45	11	-4.335	0.48453	0.42352	0.891333	1344	0	-4.335
Sv2a	20	0.0014427	0.011999	0.707129	46	13	-4.4236	0.45422	0.40282	0.888268	1285	0	-4.4236
5830411N06Rik	20	0.0014427	0.011999	0.707129	47	14	-4.319	0.54861	0.49816	0.90617	1538	0	-4.319
Tspan17	20	0.001508	0.012359	0.707129	48	11	-4.2042	0.88331	0.84682	0.971189	2492	0	-4.2042
Opn5	20	0.0015829	0.01288	0.707129	49	13	-4.5167	0.90577	0.8756	0.975309	2563	0	-4.5167
Il27ra	20	0.0016419	0.01319	0.707129	50	11	-4.1383	0.97458	0.96551	0.993624	2771	0	-4.1383
Slc31a1	18	0.0017301	0.013469	0.707129	51	10	-4.6247	0.2042	0.20254	0.882295	566	0	-4.6247
H2-Q2	20	0.0017463	0.013828	0.707129	52	15	-4.5917	0.058802	0.054332	0.879609	174	0	-4.5917
Sppl2c	20	0.001827	0.014313	0.707129	53	13	-4.3238	0.85195	0.80808	0.963096	2403	0	-4.3238
Flrt1	20	0.0018512	0.014474	0.707129	54	15	-4.345	0.064748	0.059995	0.879609	185	0	-4.345
P2rx6	20	0.0018645	0.014557	0.707129	55	14	-4.6152	0.96553	0.95175	0.992009	2741	0	-4.6152
Dpp10	20	0.0019501	0.014981	0.707129	56	15	-4.502	0.10193	0.093562	0.879609	288	0	-4.502
Olfr1217	20	0.001977	0.015214	0.707129	57	13	-4.4324	0.28073	0.2781	0.882295	793	0	-4.4324
Grid2	20	0.0020035	0.015418	0.707129	58	7	-3.587	0.075299	0.073308	0.879609	219	0	-3.587
Cntnap1	20	0.0020714	0.015832	0.707129	59	14	-4.4998	0.9893	0.98286	0.995399	2821	0	-4.4998
Cdcp1	20	0.0020796	0.015941	0.707129	60	14	-4.3498	0.79967	0.74509	0.946427	2248	0	-4.3498
H2-K1	19	0.0020842	0.016201	0.707129	61	14	-4.2848	0.43744	0.38805	0.882295	1249	0	-4.2848
Upk1b	20	0.0021095	0.016087	0.707129	62	12	-4.0478	0.75227	0.68838	0.930045	2103	0	-4.0478
Pcdhac1	16	0.0021432	0.015047	0.707129	63	10	-4.1491	0.78787	0.73814	0.946427	2216	0	-4.1491
Fgfr1	20	0.0021589	0.016523	0.707129	64	15	-4.3853	0.99888	0.99819	0.999607	2851	0	-4.3853
Slc38a8	20	0.0021896	0.016632	0.707129	65	13	-4.5654	0.38614	0.34804	0.882295	1101	0	-4.5654
Erbb4	20	0.0022727	0.017136	0.707129	66	9	-3.5871	0.80505	0.75102	0.949324	2264	0	-3.5871
Acvr2b	18	0.0023056	0.017126	0.707129	67	14	-4.2351	0.97349	0.96263	0.993624	2768	0	-4.2351
Mmp17	20	0.0023525	0.017618	0.707129	68	9	-3.5843	0.47677	0.41754	0.891333	1321	0	-3.5843
Olfr297	20	0.0023885	0.017838	0.707129	69	15	-4.22	0.9786	0.97013	0.993624	2788	0	-4.22
Acvr1c	20	0.0024037	0.017978	0.707129	70	15	-4.4851	0.73456	0.67065	0.929375	2060	0	-4.4851
Ddr1	20	0.0024323	0.018092	0.707129	71	15	-4.2422	0.82702	0.78453	0.961898	2329	0	-4.2422
Hbegf	18	0.0024432	0.018049	0.707129	72	13	-4.4487	0.90304	0.87305	0.975309	2547	0	-4.4487
D430041D05Rik	20	0.0024665	0.01848	0.707129	73	14	-4.3233	0.94031	0.92056	0.986842	2666	0	-4.3233
P2ry12	20	0.0024906	0.018557	0.707129	74	12	-4.2134	0.50452	0.4411	0.894091	1404	0	-4.2134
Tspan18	20	0.0025748	0.019145	0.712814	75	8	-3.6367	0.67514	0.60642	0.910668	1874	0	-3.6367
Gja4	17	0.0025944	0.018054	0.707129	76	14	-4.323	0.90365	0.87869	0.975309	2554	0	-4.323
Slc6a1	19	0.0026715	0.020251	0.712814	77	11	-3.9813	0.56628	0.5101	0.90617	1579	0	-3.9813
Slc38a1	20	0.0026871	0.019856	0.712814	78	10	-3.8876	0.66892	0.59649	0.910668	1862	0	-3.8876
Olfr1511	20	0.0027791	0.02046	0.712814	79	16	-4.4145	0.036104	0.039129	0.873617	106	0	-4.4145
Clec1b	20	0.0028001	0.020488	0.712814	80	12	-4.002	0.88331	0.84682	0.971189	2489	0	-4.002
Gprc5c	20	0.0028037	0.0205	0.712814	81	14	-4.3091	0.86055	0.81891	0.965955	2426	0	-4.3091
Grin3b	20	0.0028428	0.020846	0.712814	82	12	-4.2118	0.35004	0.32151	0.882295	1005	0	-4.2118
Slc5a7	18	0.0028619	0.021023	0.712814	83	11	-4.1292	0.9461	0.92772	0.988598	2682	0	-4.1292
Ly6g6c	20	0.0028824	0.021311	0.712814	84	15	-4.2972	0.73993	0.67671	0.929375	2067	0	-4.2972
Ffar4	20	0.0029015	0.021351	0.712814	85	14	-4.4805	0.7154	0.65321	0.929375	2007	0	-4.4805
Tmem132c	20	0.002924	0.021449	0.712814	86	15	-4.4671	0.98038	0.9725	0.994063	2793	0	-4.4671
Il23r	19	0.0030487	0.022566	0.718039	87	15	-4.3423	0.44499	0.39031	0.884347	1276	0	-4.3423
Nlgn3	20	0.0030528	0.022222	0.718039	88	10	-3.891	0.97686	0.96803	0.993624	2780	0	-3.891
Podxl	20	0.0030737	0.022454	0.718039	89	9	-3.694	0.14848	0.15732	0.882295	427	0	-3.694
Slc5a5	20	0.0031156	0.022698	0.718039	90	14	-4.5015	0.77066	0.71122	0.940132	2167	0	-4.5015
Abca4	20	0.0031538	0.022863	0.718039	91	10	-3.8006	0.10193	0.093562	0.879609	293	0	-3.8006
Dpep3	20	0.0032691	0.023666	0.735202	92	13	-4.2701	0.85195	0.80808	0.963096	2402	0	-4.2701
Tmem235	19	0.0034199	0.024732	0.743588	93	13	-4.2848	0.51358	0.4637	0.90617	1425	0	-4.2848
Fzd1	20	0.0034298	0.024784	0.743588	94	12	-4.5393	0.53169	0.48004	0.90617	1497	0	-4.5393
Astn2	20	0.003454	0.025042	0.743588	95	8	-3.7515	0.5237	0.47011	0.90617	1469	0	-3.7515
Olfr1465	20	0.0034852	0.025277	0.743588	96	7	-3.716	0.18919	0.19239	0.882295	531	0	-3.716
Shisa7	20	0.0036674	0.026483	0.743588	97	15	-4.4658	0.6554	0.58118	0.90617	1820	0	-4.4658
Slc45a4	20	0.0038	0.027139	0.743588	98	15	-4.3398	0.68814	0.61532	0.910668	1930	0	-4.3398
Chrna10	20	0.0038165	0.027276	0.743588	99	11	-4.077	0.96998	0.95784	0.992386	2755	0	-4.077
Kcnv2	20	0.0038379	0.027688	0.743588	100	10	-3.7778	0.98468	0.9766	0.994737	2806	0	-3.7778
Gabra4	19	0.0038393	0.027252	0.743588	101	8	-3.5512	0.66943	0.5989	0.910668	1865	0	-3.5512
Crb2	20	0.0038529	0.02772	0.743588	102	10	-3.9155	0.72306	0.66211	0.929375	2021	0	-3.9155
Il17rb	20	0.003873	0.027727	0.743588	103	13	-4.4367	0.35914	0.32587	0.882295	1022	0	-4.4367
Cckbr	20	0.0039068	0.02781	0.743588	104	8	-3.746	0.46193	0.40528	0.888268	1292	0	-3.746
Cnnm4	20	0.0040567	0.028665	0.743588	105	10	-3.8839	0.31911	0.30329	0.882295	904	0	-3.8839
Disp1	20	0.0040792	0.028735	0.743588	106	12	-4.0902	0.94941	0.93251	0.991121	2689	0	-4.0902
Plxdc1	20	0.0041477	0.029123	0.743588	107	8	-3.5678	0.92746	0.90256	0.981547	2627	0	-3.5678
Tnfrsf8	20	0.0041771	0.02936	0.743588	108	12	-4.3317	0.3961	0.35467	0.882295	1139	0	-4.3317
Cmklr1	20	0.0042454	0.029861	0.743588	109	9	-3.666	0.27291	0.27495	0.882295	771	0	-3.666
Cdh4	20	0.0043509	0.030618	0.743588	110	14	-4.4028	0.5401	0.48865	0.90617	1514	0	-4.4028
Adcy2	20	0.0044169	0.030997	0.743588	111	11	-3.966	0.68814	0.61532	0.910668	1918	0	-3.966
Megf9	20	0.0044391	0.031071	0.743588	112	16	-4.2638	0.5237	0.47011	0.90617	1459	0	-4.2638
Tspan15	20	0.0044472	0.031118	0.743588	113	11	-3.9416	0.9893	0.98286	0.995399	2822	0	-3.9416
Gsg1	20	0.004463	0.031239	0.743588	114	10	-3.8419	0.35914	0.32587	0.882295	1026	0	-3.8419
Lrtm2	20	0.0044948	0.031638	0.743588	115	10	-3.8715	0.17199	0.16919	0.882295	479	0	-3.8715
Tmem255b	20	0.0045351	0.031738	0.743588	116	14	-4.4415	0.74592	0.68421	0.930045	2098	0	-4.4415
Olfr1466	20	0.004641	0.032272	0.743588	117	11	-4.2453	0.90042	0.86916	0.975309	2540	0	-4.2453
Il2rb	20	0.0046552	0.032386	0.743588	118	14	-4.2896	0.86881	0.83095	0.970125	2446	0	-4.2896
Il17re	20	0.0046552	0.032386	0.743588	119	13	-4.1698	0.98525	0.97699	0.994737	2807	0	-4.1698
Gm5150	18	0.0046718	0.032137	0.743588	120	12	-4.4652	0.3853	0.33763	0.882295	1096	0	-4.4652
Serinc2	19	0.0046741	0.032189	0.743588	121	10	-3.9158	0.015519	0.015162	0.854381	40	0	-3.9158
Gpc5	20	0.0047509	0.032904	0.743588	122	13	-4.5073	0.94256	0.92289	0.986842	2669	0	-4.5073
Fap	20	0.0047884	0.033024	0.743588	123	12	-4.0137	0.47677	0.41754	0.891333	1332	0	-4.0137
Pcdhgb1	18	0.0047946	0.032448	0.743588	124	12	-4.2033	0.18702	0.18778	0.882295	522	0	-4.2033
Sv2c	20	0.0048099	0.033027	0.743588	125	5	-3.2212	0.001827	1.7322e-06	0.00033	6	0	-3.2212
Olfr287	18	0.0048318	0.032783	0.743588	126	8	-3.6301	0.74846	0.69155	0.930045	2100	0	-3.6301
Upk1a	18	0.0049087	0.033043	0.743588	127	12	-4.3063	0.85172	0.81239	0.963803	2396	0	-4.3063
Abcg4	20	0.0049124	0.033687	0.745635	128	11	-4.495	0.14103	0.15041	0.882295	395	0	-4.495
Gjb3	20	0.0049127	0.033796	0.745635	129	12	-4.2034	0.045532	0.042963	0.873617	134	0	-4.2034
Slc41a1	20	0.0049548	0.034111	0.745635	130	14	-4.4248	0.76556	0.7011	0.935214	2150	0	-4.4248
Mep1b	20	0.0049991	0.034177	0.745635	131	14	-4.2929	0.81573	0.77038	0.959277	2291	0	-4.2929
Edar	20	0.0050932	0.03495	0.745794	132	16	-4.1223	0.72899	0.66643	0.929375	2042	0	-4.1223
Amigo1	20	0.0051933	0.035487	0.745794	133	14	-4.3431	0.68814	0.61532	0.910668	1919	0	-4.3431
Pkd1	20	0.0052196	0.035688	0.745794	134	13	-4.3688	0.2525	0.2543	0.882295	720	0	-4.3688
Ecscr	20	0.0052936	0.036164	0.745794	135	12	-4.3557	0.9893	0.98286	0.995399	2820	0	-4.3557
Abcc10	20	0.0053046	0.036393	0.745794	136	12	-4.4348	0.64665	0.57499	0.90617	1795	0	-4.4348
Slc6a18	20	0.0053544	0.036619	0.745794	137	12	-4.0985	0.66246	0.58641	0.908864	1846	0	-4.0985
Tmem204	20	0.0053909	0.036827	0.745794	138	13	-4.5193	0.99606	0.99337	0.99751	2844	0	-4.5193
Plvap	20	0.0054568	0.037257	0.745794	139	13	-4.3094	0.62106	0.55482	0.90617	1725	0	-4.3094
Slc1a4	19	0.0054688	0.036734	0.745794	140	9	-3.7172	0.66943	0.5989	0.910668	1868	0	-3.7172
Mfsd12	20	0.0054716	0.037316	0.745794	141	13	-4.054	0.46193	0.40528	0.888268	1298	0	-4.054
Gldn	18	0.0054896	0.037023	0.745794	142	10	-4.2658	0.2403	0.24405	0.882295	669	0	-4.2658
Myadm	20	0.0057318	0.03954	0.762046	143	14	-4.3946	0.79967	0.74509	0.946427	2250	0	-4.3946
Cd248	20	0.0057816	0.039737	0.762046	144	15	-4.4778	0.96998	0.95784	0.992386	2753	0	-4.4778
Tarm1	19	0.0057985	0.038809	0.762046	145	15	-4.2486	0.53917	0.4889	0.90617	1501	0	-4.2486
Chrne	20	0.0058023	0.039762	0.762046	146	11	-4.0861	0.93815	0.91822	0.98619	2660	0	-4.0861
Hrh1	20	0.0058185	0.039907	0.762046	147	13	-4.2638	0.43424	0.38797	0.882295	1233	0	-4.2638
Tmem132e	19	0.0058415	0.039346	0.762046	148	8	-3.7175	0.3059	0.29105	0.882295	855	0	-3.7175
Gabrb3	18	0.0060709	0.039995	0.762046	149	14	-4.1506	0.9557	0.93993	0.992009	2702	0	-4.1506
Htr4	20	0.0060836	0.041463	0.78423	150	11	-3.936	0.73993	0.67671	0.929375	2075	0	-3.936
Olfr294	20	0.0061328	0.041709	0.78423	151	8	-3.5424	0.30865	0.29751	0.882295	869	0	-3.5424
Olfr825	14	0.0061498	0.036883	0.745794	152	8	-3.9326	0.67549	0.6147	0.910668	1888	0	-3.9326
Slc13a4	20	0.0064249	0.043558	0.787745	153	14	-4.4248	0.99928	0.99882	0.999607	2854	0	-4.4248
Ptprj	20	0.0064601	0.043794	0.787745	154	14	-4.374	0.85195	0.80808	0.963096	2399	0	-4.374
Sppl2b	20	0.0064633	0.043836	0.787745	155	9	-3.8052	0.10193	0.093562	0.879609	284	0	-3.8052
Slamf7	20	0.0065485	0.044269	0.787745	156	12	-4.4336	0.81573	0.77038	0.959277	2292	0	-4.4336
S1pr5	20	0.0065666	0.044399	0.787745	157	14	-4.457	0.73456	0.67065	0.929375	2061	0	-4.457
Slc6a16	20	0.0066053	0.044617	0.787745	158	7	-3.3622	0.40682	0.35987	0.882295	1157	0	-3.3622
Spns2	17	0.0066857	0.043271	0.787745	159	9	-3.8794	0.087333	0.080921	0.879609	255	0	-3.8794
Adra1b	20	0.0067937	0.045606	0.787745	160	11	-4.1298	0.02934	0.035296	0.873617	88	0	-4.1298
Cdh18	20	0.0068709	0.045855	0.787745	161	10	-3.743	0.22414	0.22158	0.882295	632	0	-3.743
Pkd1l2	20	0.0069056	0.046032	0.787745	162	9	-3.7423	0.9167	0.88823	0.977873	2596	0	-3.7423
Gp1bb	18	0.0070085	0.045429	0.787745	163	9	-3.8709	0.6773	0.61593	0.910668	1891	0	-3.8709
Lypd2	19	0.0070695	0.046531	0.787745	164	10	-4.2516	0.38068	0.34052	0.882295	1094	0	-4.2516
Cd177	20	0.0070832	0.047075	0.787745	165	12	-3.9394	0.61325	0.54262	0.90617	1703	0	-3.9394
Thsd7b	20	0.007124	0.047338	0.787745	166	11	-4.0498	0.77066	0.71122	0.940132	2168	0	-4.0498
Pkdrej	17	0.0071323	0.045904	0.787745	167	11	-4.4839	0.94288	0.92389	0.986842	2673	0	-4.4839
9330182L06Rik	19	0.0072342	0.047182	0.787745	168	8	-3.535	0.72791	0.66782	0.929375	2031	0	-3.535
Tnfrsf9	20	0.0072448	0.047962	0.787745	169	7	-3.6568	0.49523	0.43411	0.893868	1364	0	-3.6568
Lrp5	20	0.0073137	0.048204	0.787745	170	12	-4.1681	0.46193	0.40528	0.888268	1293	0	-4.1681
Olfr658	20	0.0073226	0.048253	0.787745	171	11	-4.011	0.73456	0.67065	0.929375	2062	0	-4.011
Treml2	20	0.0073899	0.048575	0.787745	172	12	-4.0744	0.41766	0.36762	0.882295	1187	0	-4.0744
Clcnka	20	0.0074355	0.048738	0.787745	173	14	-4.3436	0.88331	0.84682	0.971189	2488	0	-4.3436
Olfr1221	20	0.0076086	0.0496	0.787745	174	15	-4.2406	0.77066	0.71122	0.940132	2158	0	-4.2406
Htr7	20	0.0077583	0.050276	0.787745	175	7	-3.6486	0.40682	0.35987	0.882295	1150	0	-3.6486
Npffr1	20	0.0077857	0.050518	0.787745	176	15	-4.427	0.92746	0.90256	0.981547	2625	0	-4.427
Gpr55	20	0.0078023	0.050705	0.787745	177	15	-4.2678	0.17199	0.16919	0.882295	483	0	-4.2678
Pigr	20	0.0078207	0.050865	0.787745	178	15	-4.2436	0.19706	0.1972	0.882295	551	0	-4.2436
Asgr2	20	0.007951	0.051145	0.787745	179	12	-4.4468	0.38614	0.34804	0.882295	1108	0	-4.4468
Slc1a1	20	0.0079716	0.051322	0.787745	180	14	-4.3144	0.68019	0.61042	0.910668	1901	0	-4.3144
Lmbrd2	20	0.0080084	0.051537	0.787745	181	14	-4.3924	0.59308	0.53007	0.90617	1661	0	-4.3924
Tnfrsf1a	20	0.0080307	0.051554	0.787745	182	11	-4.085	0.86055	0.81891	0.965955	2418	0	-4.085
Icam2	20	0.0081142	0.051887	0.787745	183	12	-4.3052	0.8929	0.86008	0.973581	2527	0	-4.3052
Pcdha11	17	0.008116	0.050378	0.787745	184	12	-4.2833	0.024994	0.030709	0.873617	73	0	-4.2833
Entpd3	19	0.008137	0.052638	0.787745	185	15	-4.3621	0.95921	0.944	0.992009	2718	0	-4.3621
Ret	20	0.0081874	0.052302	0.787745	186	15	-4.2195	0.66246	0.58641	0.908864	1840	0	-4.2195
Nalcn	20	0.0081921	0.052327	0.787745	187	11	-3.9771	0.43424	0.38797	0.882295	1228	0	-3.9771
Gpihbp1	20	0.0082954	0.05295	0.787745	188	14	-4.324	0.99623	0.99367	0.99751	2846	0	-4.324
Cdh15	20	0.008358	0.053392	0.787745	189	15	-4.3148	0.98745	0.98055	0.995178	2815	0	-4.3148
Cd163l1	20	0.008444	0.05373	0.787745	190	12	-4.1806	0.96998	0.95784	0.992386	2756	0	-4.1806
Gabrq	20	0.0084551	0.053799	0.787745	191	10	-3.9796	0.48453	0.42352	0.891333	1343	0	-3.9796
Olfr571	20	0.0084717	0.053889	0.787745	192	8	-3.7311	0.63738	0.56966	0.90617	1778	0	-3.7311
Trpv6	19	0.0085357	0.054942	0.787745	193	11	-4.1254	0.69695	0.63674	0.922816	1941	0	-4.1254
2900092C05Rik	18	0.0086707	0.054029	0.787745	194	10	-4.3305	0.83926	0.79871	0.961935	2364	0	-4.3305
Efna1	18	0.0087333	0.054672	0.787745	195	11	-4.4153	0.97511	0.9643	0.993624	2772	0	-4.4153
Sez6	20	0.0088324	0.055576	0.787745	196	15	-4.4497	0.99928	0.99882	0.999607	2855	0	-4.4497
Eda2r	20	0.0088332	0.055623	0.787745	197	11	-4.3838	0.041069	0.042959	0.873617	119	0	-4.3838
Ptger1	20	0.0088332	0.055623	0.787745	198	14	-4.3482	0.70718	0.63959	0.922816	1974	0	-4.3482
Abcc9	20	0.0088658	0.055758	0.787745	199	12	-4.0265	0.23298	0.23434	0.882295	652	0	-4.0265
Olfr239	16	0.0088732	0.05259	0.787745	200	9	-4.0272	0.72369	0.66601	0.929375	2026	0	-4.0272
Trem1	20	0.0090508	0.056669	0.787745	201	13	-4.4426	0.72899	0.66643	0.929375	2044	0	-4.4426
Gabrr3	20	0.0090786	0.056946	0.787745	202	11	-4.2411	0.19706	0.1972	0.882295	558	0	-4.2411
Tspan13	20	0.0091034	0.057284	0.787745	203	15	-4.3386	0.31911	0.30329	0.882295	890	0	-4.3386
Sucnr1	20	0.0091549	0.057443	0.787745	204	7	-3.6048	0.22414	0.22158	0.882295	623	0	-3.6048
Aoc3	18	0.0092392	0.057149	0.787745	205	14	-4.2625	0.99984	0.99979	1.0	2857	0	-4.2625
Oprl1	20	0.0092634	0.058114	0.787745	206	11	-3.946	0.33146	0.31022	0.882295	946	0	-3.946
Gpr146	20	0.0093063	0.058315	0.787745	207	11	-4.0003	0.82702	0.78453	0.961898	2328	0	-4.0003
Itgad	20	0.0093538	0.058826	0.787745	208	9	-3.7947	0.24248	0.24525	0.882295	681	0	-3.7947
Sit1	20	0.0093921	0.059092	0.787745	209	11	-4.0188	0.76556	0.7011	0.935214	2142	0	-4.0188
Ldlr	20	0.0094014	0.059117	0.787745	210	12	-4.31	0.2525	0.2543	0.882295	702	0	-4.31
Igflr1	20	0.0094073	0.059155	0.787745	211	8	-3.3705	0.14848	0.15732	0.882295	417	0	-3.3705
Tmem63a	20	0.009433	0.059266	0.787745	212	8	-3.7242	0.16516	0.16393	0.882295	469	0	-3.7242
Lilra6	20	0.0094912	0.059422	0.787745	213	10	-3.968	0.27291	0.27495	0.882295	759	0	-3.968
Plppr4	20	0.0095589	0.059669	0.787745	214	14	-4.4229	0.92939	0.906	0.983421	2634	0	-4.4229
Pcdhga3	18	0.0095649	0.058898	0.787745	215	7	-3.6429	0.61666	0.54377	0.90617	1711	0	-3.6429
Olfr730	20	0.0095795	0.059777	0.787745	216	14	-4.335	0.82154	0.77817	0.960285	2306	0	-4.335
Anpep	20	0.0095854	0.059811	0.787745	217	10	-3.7631	0.43424	0.38797	0.882295	1231	0	-3.7631
Stt3b	20	0.0096996	0.060535	0.79	218	12	-3.9396	0.99286	0.9883	0.995964	2835	0	-3.9396
Slc9a6	20	0.0096996	0.060535	0.79	219	10	-3.9397	0.78422	0.72858	0.941902	2211	0	-3.9397
Sema4f	18	0.0099372	0.061448	0.794655	220	10	-4.1013	0.54008	0.48482	0.90617	1506	0	-4.1013
Drd3	18	0.0099372	0.061448	0.794655	221	8	-3.6268	0.70862	0.6471	0.929375	1984	0	-3.6268
Nipal2	20	0.010023	0.062565	0.801588	222	8	-3.6975	0.12345	0.12397	0.882295	354	0	-3.6975
Car14	20	0.010092	0.062941	0.801588	223	11	-4.0093	0.14848	0.15732	0.882295	420	0	-4.0093
Treh	20	0.010202	0.063496	0.801588	224	10	-3.6799	0.29851	0.29006	0.882295	844	0	-3.6799
Ptprg	20	0.010251	0.063667	0.801588	225	15	-4.2257	0.88913	0.85574	0.973581	2506	0	-4.2257
Clec2i	18	0.010276	0.063132	0.801588	226	9	-4.0307	0.037039	0.039547	0.873617	109	0	-4.0307
Slc8b1	18	0.010377	0.063302	0.801588	227	11	-4.4443	0.8995	0.86921	0.975309	2538	0	-4.4443
Rnf150	20	0.010421	0.064476	0.803218	228	9	-3.7142	0.064748	0.059995	0.879609	190	0	-3.7142
Mfsd5	20	0.01049	0.064772	0.803218	229	13	-4.052	0.41766	0.36762	0.882295	1173	0	-4.052
Chpt1	18	0.010514	0.064015	0.802436	230	9	-3.9833	0.053081	0.04976	0.879609	154	0	-3.9833
Abca7	20	0.010547	0.065252	0.803218	231	14	-4.4167	0.98745	0.98055	0.995178	2814	0	-4.4167
Sema7a	20	0.010592	0.065567	0.803218	232	15	-4.2678	0.99147	0.98617	0.995964	2826	0	-4.2678
Cacna1g	20	0.010643	0.065841	0.803218	233	9	-3.7925	0.075299	0.073308	0.879609	215	0	-3.7925
Flrt2	20	0.01075	0.066378	0.803218	234	11	-3.8961	0.66246	0.58641	0.908864	1845	0	-3.8961
Tpsg1	18	0.010862	0.065359	0.803218	235	11	-4.1295	0.1962	0.19371	0.882295	541	0	-4.1295
Lrig1	20	0.010996	0.067798	0.803218	236	8	-3.4888	0.5401	0.48865	0.90617	1517	0	-3.4888
Olfr732	20	0.010996	0.067798	0.803218	237	10	-3.8844	0.11416	0.10603	0.882295	317	0	-3.8844
Ephb1	20	0.011038	0.06798	0.803218	238	10	-3.8224	0.81025	0.75995	0.953968	2276	0	-3.8224
Aplp2	20	0.011193	0.068619	0.803218	239	14	-4.0387	0.99888	0.99819	0.999607	2852	0	-4.0387
Tmem116	20	0.011217	0.068668	0.803218	240	12	-4.4146	0.35004	0.32151	0.882295	996	0	-4.4146
Ackr3	20	0.011291	0.06899	0.803218	241	11	-4.3508	0.29851	0.29006	0.882295	840	0	-4.3508
9430015G10Rik	20	0.01133	0.069142	0.803218	242	8	-3.3824	0.2525	0.2543	0.882295	711	0	-3.3824
Slc5a1	19	0.011383	0.070268	0.803218	243	14	-4.3781	0.77221	0.7154	0.940601	2172	0	-4.3781
Tril	20	0.011474	0.070293	0.803218	244	11	-3.8721	0.91172	0.88166	0.975909	2583	0	-3.8721
Ccr6	20	0.011515	0.070566	0.803218	245	13	-4.1727	0.72306	0.66211	0.929375	2015	0	-4.1727
Fat2	20	0.011659	0.071107	0.803218	246	12	-4.1602	0.31911	0.30329	0.882295	908	0	-4.1602
Gabbr2	18	0.011683	0.069333	0.803218	247	12	-4.4241	0.9057	0.87728	0.975309	2559	0	-4.4241
Serinc5	20	0.011688	0.071275	0.803218	248	15	-4.295	0.60714	0.53684	0.90617	1690	0	-4.295
Htr6	20	0.011723	0.071384	0.803218	249	11	-4.0043	0.041069	0.042959	0.873617	122	0	-4.0043
Olfr1443	20	0.011737	0.071453	0.803218	250	7	-3.8059	0.021879	0.023608	0.873617	67	0	-3.8059
Fzd8	19	0.011778	0.072707	0.803218	251	13	-4.1069	0.36217	0.32994	0.882295	1038	0	-4.1069
Gpr83	20	0.011819	0.071709	0.803218	252	12	-4.4406	0.41766	0.36762	0.882295	1180	0	-4.4406
Slc10a5	20	0.011839	0.071831	0.803218	253	14	-4.2067	0.15728	0.16058	0.882295	450	0	-4.2067
L1cam	20	0.011839	0.071831	0.803218	254	14	-4.1623	0.96998	0.95784	0.992386	2751	0	-4.1623
Slc34a1	20	0.011943	0.072212	0.803218	255	15	-4.1546	0.99623	0.99367	0.99751	2847	0	-4.1546
Cx3cl1	20	0.01198	0.072288	0.803218	256	12	-4.3586	0.60714	0.53684	0.90617	1684	0	-4.3586
Olfr796	19	0.012043	0.073791	0.803422	257	11	-4.0096	0.52189	0.47219	0.90617	1455	0	-4.0096
Htr1a	20	0.012066	0.072905	0.803218	258	7	-3.5357	0.21547	0.21177	0.882295	599	0	-3.5357
Pcdh1	20	0.012134	0.073071	0.803218	259	9	-3.5874	0.11416	0.10603	0.882295	312	0	-3.5874
Kirrel2	19	0.012219	0.07482	0.803422	260	10	-3.8814	0.5303	0.48163	0.90617	1480	0	-3.8814
Crhr2	18	0.012345	0.072357	0.803218	261	10	-4.0216	0.83926	0.79871	0.961935	2365	0	-4.0216
Slc2a10	20	0.012379	0.074218	0.803422	262	11	-3.9697	0.77762	0.72273	0.940601	2199	0	-3.9697
Adam20	20	0.012422	0.074498	0.803422	263	10	-3.8847	0.2525	0.2543	0.882295	709	0	-3.8847
Slc12a3	19	0.012644	0.076327	0.803422	264	12	-4.1245	0.85067	0.81107	0.963694	2395	0	-4.1245
Axl	20	0.01271	0.076206	0.803422	265	8	-3.7211	0.069572	0.065744	0.879609	198	0	-3.7211
Itgb7	20	0.012723	0.076206	0.803422	266	9	-3.7928	0.57811	0.52108	0.90617	1623	0	-3.7928
Gjb4	17	0.012786	0.072456	0.803218	267	13	-4.3489	0.82208	0.78009	0.961408	2318	0	-4.3489
Mst1r	20	0.012827	0.076504	0.803422	268	12	-4.2029	0.34126	0.31717	0.882295	972	0	-4.2029
Avpr1b	20	0.012919	0.076899	0.803422	269	13	-4.3966	0.9167	0.88823	0.977873	2592	0	-4.3966
Slc44a3	20	0.01292	0.07693	0.803422	270	12	-4.0061	0.37709	0.34388	0.882295	1078	0	-4.0061
Ptprb	20	0.013055	0.077827	0.803422	271	14	-4.2675	0.81573	0.77038	0.959277	2293	0	-4.2675
Cd19	20	0.01307	0.078001	0.803422	272	12	-4.3756	0.94756	0.92915	0.989391	2686	0	-4.3756
Ptgdr	18	0.01309	0.075759	0.803422	273	10	-4.1749	0.95333	0.93618	0.992009	2698	0	-4.1749
Npr2	20	0.013156	0.078222	0.803422	274	9	-3.6472	0.29851	0.29006	0.882295	832	0	-3.6472
Olfr1356	20	0.013252	0.07877	0.803422	275	15	-4.1768	0.73456	0.67065	0.929375	2057	0	-4.1768
Nrp1	20	0.013252	0.07877	0.803422	276	15	-4.3071	0.43424	0.38797	0.882295	1227	0	-4.3071
Sema4g	19	0.013272	0.07892	0.803422	277	11	-4.0329	0.9838	0.9753	0.994737	2799	0	-4.0329
Gpm6a	20	0.013321	0.07914	0.803422	278	8	-3.5433	0.15728	0.16058	0.882295	446	0	-3.5433
Gabrr1	20	0.013379	0.079504	0.803422	279	11	-4.0464	0.77066	0.71122	0.940132	2164	0	-4.0464
Kcng4	20	0.013569	0.079984	0.803422	280	15	-4.3428	0.88913	0.85574	0.973581	2512	0	-4.3428
Cd164	17	0.013635	0.0759	0.803422	281	12	-4.402	0.99297	0.98919	0.996515	2837	0	-4.402
Adcy9	20	0.013679	0.080772	0.803422	282	13	-4.2977	0.70718	0.63959	0.922816	1981	0	-4.2977
Olfr714	19	0.013746	0.080836	0.803422	283	12	-4.4714	0.77703	0.72177	0.940601	2179	0	-4.4714
Hepacam	18	0.013853	0.07874	0.803422	284	11	-4.309	0.83926	0.79871	0.961935	2367	0	-4.309
Crhr1	20	0.013868	0.081804	0.803422	285	13	-4.4405	0.8929	0.86008	0.973581	2524	0	-4.4405
Itm2b	20	0.013922	0.082043	0.803422	286	13	-4.3292	0.87306	0.83698	0.971189	2451	0	-4.3292
Abcc2	20	0.013949	0.082068	0.803422	287	14	-4.2504	0.68814	0.61532	0.910668	1921	0	-4.2504
Olfr1242	19	0.014027	0.081844	0.803422	288	10	-3.8958	0.28596	0.2785	0.882295	801	0	-3.8958
Dsc3	20	0.014073	0.082819	0.803422	289	12	-3.908	0.28811	0.28257	0.882295	814	0	-3.908
Mfsd8	18	0.014198	0.080166	0.803422	290	13	-4.3037	0.9915	0.98597	0.995964	2828	0	-4.3037
Pirb	20	0.014241	0.083573	0.803422	291	12	-4.1809	0.21547	0.21177	0.882295	596	0	-4.1809
Lilra5	19	0.014274	0.083031	0.803422	292	8	-3.7917	0.42775	0.38186	0.882295	1221	0	-3.7917
Slc10a6	20	0.014326	0.08407	0.803422	293	10	-3.9561	0.97458	0.96551	0.993624	2769	0	-3.9561
Epha4	20	0.014364	0.084292	0.803422	294	10	-3.7689	0.47677	0.41754	0.891333	1333	0	-3.7689
Olfr993	20	0.014453	0.084474	0.803422	295	13	-4.3933	0.55758	0.50558	0.90617	1549	0	-4.3933
Gpr179	20	0.014453	0.084548	0.803422	296	12	-4.1119	0.69868	0.6257	0.911911	1965	0	-4.1119
Olfr198	20	0.014692	0.085896	0.803422	297	7	-3.6426	0.41766	0.36762	0.882295	1183	0	-3.6426
Piezo2	20	0.014703	0.086017	0.803422	298	10	-3.9128	0.68814	0.61532	0.910668	1931	0	-3.9128
Igdcc3	20	0.014748	0.086448	0.803422	299	15	-4.3359	0.84722	0.8038	0.962166	2388	0	-4.3359
Cnr2	20	0.014774	0.086663	0.803422	300	15	-4.3206	0.7154	0.65321	0.929375	2003	0	-4.3206
Jam3	20	0.014963	0.08733	0.803422	301	13	-4.2646	0.81025	0.75995	0.953968	2281	0	-4.2646
Siglec15	17	0.014969	0.081718	0.803422	302	13	-4.3616	0.77494	0.72976	0.942027	2174	0	-4.3616
P2ry1	18	0.014988	0.083786	0.803422	303	13	-4.2914	0.82524	0.77882	0.960481	2322	0	-4.2914
Pcdha8	15	0.015051	0.079125	0.803422	304	10	-4.3415	0.87312	0.84325	0.971189	2456	0	-4.3415
Vmn1r237	20	0.01511	0.088014	0.803422	305	15	-4.3842	0.99718	0.99531	0.998809	2848	0	-4.3842
Sorcs3	20	0.015185	0.088504	0.803422	306	15	-4.4071	0.95819	0.94309	0.992009	2713	0	-4.4071
Spaca1	20	0.015315	0.088932	0.803422	307	15	-4.3544	0.11416	0.10603	0.882295	320	0	-4.3544
Cspg5	20	0.015324	0.089107	0.803422	308	10	-3.8847	0.11416	0.10603	0.882295	331	0	-3.8847
Gypa	20	0.015324	0.089107	0.803422	309	13	-4.1839	0.78928	0.73207	0.942452	2224	0	-4.1839
Gpr4	20	0.015347	0.089131	0.803422	310	13	-4.237	0.28811	0.28257	0.882295	816	0	-4.237
Mdga1	20	0.015394	0.089163	0.803422	311	12	-4.3453	0.45422	0.40282	0.888268	1287	0	-4.3453
F11r	19	0.015396	0.088499	0.803422	312	14	-4.3423	0.37098	0.33393	0.882295	1061	0	-4.3423
Ace	20	0.015511	0.089655	0.803422	313	11	-3.9322	0.02934	0.035296	0.873617	87	0	-3.9322
Slc6a12	19	0.015512	0.088795	0.803422	314	10	-4.0288	0.79381	0.74399	0.946427	2225	0	-4.0288
Adam22	18	0.015533	0.086242	0.803422	315	10	-4.116	0.2042	0.20254	0.882295	565	0	-4.116
Gpr176	19	0.015565	0.088898	0.803422	316	12	-4.4255	0.27591	0.27152	0.882295	779	0	-4.4255
Fshr	20	0.015598	0.090114	0.803422	317	13	-4.3574	0.97775	0.96903	0.993624	2785	0	-4.3574
Car4	20	0.015853	0.091056	0.803422	318	13	-4.157	0.2525	0.2543	0.882295	715	0	-4.157
Olfr18	20	0.015874	0.091182	0.803422	319	15	-4.2059	0.20551	0.20524	0.882295	580	0	-4.2059
Slc14a2	20	0.015874	0.091182	0.803422	320	15	-4.0105	0.79967	0.74509	0.946427	2237	0	-4.0105
Itgb3	20	0.015878	0.091349	0.803422	321	13	-4.2918	0.61325	0.54262	0.90617	1706	0	-4.2918
Tmem178b	20	0.015894	0.091418	0.803422	322	12	-4.1322	0.72306	0.66211	0.929375	2025	0	-4.1322
Klri2	18	0.015925	0.087971	0.803422	323	9	-3.8292	0.078197	0.075572	0.879609	226	0	-3.8292
Megf10	19	0.015975	0.090373	0.803422	324	14	-4.2044	0.72791	0.66782	0.929375	2029	0	-4.2044
Slc15a1	19	0.016154	0.091241	0.803422	325	13	-4.2381	0.66943	0.5989	0.910668	1867	0	-4.2381
Fat3	20	0.016208	0.092909	0.803422	326	11	-3.8997	0.60065	0.53203	0.90617	1668	0	-3.8997
Slc44a1	20	0.016329	0.09325	0.803422	327	13	-4.1323	0.96866	0.95654	0.992386	2749	0	-4.1323
Scnn1a	20	0.016446	0.093955	0.803422	328	11	-3.9736	0.18919	0.19239	0.882295	535	0	-3.9736
Ghrhr	20	0.016524	0.094238	0.803422	329	11	-4.0681	0.27291	0.27495	0.882295	772	0	-4.0681
Slc12a7	20	0.016579	0.094654	0.803422	330	15	-4.0965	0.94423	0.92469	0.986842	2679	0	-4.0965
Npc1	20	0.016579	0.094654	0.803422	331	15	-4.0993	0.68814	0.61532	0.910668	1935	0	-4.0993
Cd300c	20	0.016694	0.094967	0.803422	332	14	-4.1047	0.6554	0.58118	0.90617	1834	0	-4.1047
Slc1a6	20	0.016725	0.09518	0.803422	333	8	-3.784	0.21547	0.21177	0.882295	606	0	-3.784
Rxfp2	20	0.016734	0.095215	0.803422	334	13	-4.239	0.016329	0.015841	0.854381	44	0	-4.239
Cacng8	18	0.016772	0.091681	0.803422	335	12	-3.993	0.60792	0.53752	0.90617	1694	0	-3.993
Gpr33	20	0.01682	0.095579	0.803422	336	10	-3.7804	0.63738	0.56966	0.90617	1770	0	-3.7804
Pcdhgc4	18	0.016932	0.0925	0.803422	337	7	-3.3964	0.14274	0.14687	0.882295	408	0	-3.3964
Olr1	18	0.016945	0.092862	0.803422	338	8	-3.6984	0.6496	0.57831	0.90617	1815	0	-3.6984
Cdh13	20	0.017094	0.097233	0.803742	339	15	-4.1698	0.16516	0.16393	0.882295	462	0	-4.1698
Folh1	18	0.017185	0.093607	0.803422	340	12	-4.2529	0.92958	0.90738	0.98346	2636	0	-4.2529
Clec12b	20	0.017291	0.097958	0.803742	341	11	-4.0077	0.34126	0.31717	0.882295	987	0	-4.0077
Tnfsf13b	20	0.017311	0.098035	0.803742	342	9	-3.5946	0.77762	0.72273	0.940601	2197	0	-3.5946
Lingo4	19	0.017389	0.096788	0.803742	343	13	-4.4481	0.41789	0.37322	0.882295	1191	0	-4.4481
Cntnap2	20	0.017396	0.098509	0.803742	344	14	-4.1977	0.058802	0.054332	0.879609	171	0	-4.1977
Slc38a5	20	0.017466	0.0988	0.803742	345	12	-4.396	0.63738	0.56966	0.90617	1772	0	-4.396
Ceacam19	18	0.017562	0.09535	0.803422	346	11	-4.269	0.79385	0.75032	0.949324	2227	0	-4.269
Olfr1428	20	0.017638	0.099351	0.803742	347	13	-4.1687	0.98418	0.97626	0.994737	2801	0	-4.1687
Rhag	20	0.017659	0.099394	0.803742	348	14	-4.2094	0.94423	0.92469	0.986842	2678	0	-4.2094
Gja1	20	0.017738	0.099668	0.803742	349	15	-4.2051	0.95979	0.94514	0.992009	2722	0	-4.2051
Selp	20	0.017965	0.10081	0.803742	350	10	-3.8054	0.68814	0.61532	0.910668	1925	0	-3.8054
Olfr1500	20	0.018202	0.10163	0.803742	351	12	-4.3729	0.22414	0.22158	0.882295	633	0	-4.3729
Lpar2	20	0.018202	0.10163	0.803742	352	11	-4.3971	0.72899	0.66643	0.929375	2040	0	-4.3971
Adam15	20	0.018219	0.10183	0.803742	353	15	-4.0419	0.83904	0.79725	0.961935	2362	0	-4.0419
Cldn10	20	0.018222	0.10195	0.803742	354	12	-4.0705	0.96766	0.95521	0.992386	2748	0	-4.0705
Slc5a9	20	0.018245	0.10201	0.803742	355	9	-3.7597	0.51382	0.45342	0.89833	1439	0	-3.7597
Pdgfrb	20	0.018375	0.10253	0.803742	356	12	-4.0288	0.83494	0.79411	0.961935	2344	0	-4.0288
Lgr6	18	0.018504	0.099344	0.803742	357	11	-4.2272	0.46848	0.40808	0.891333	1308	0	-4.2272
Ptprn2	19	0.018523	0.10103	0.803742	358	14	-4.2391	0.39113	0.34581	0.882295	1114	0	-4.2391
Gpnmb	20	0.018525	0.10311	0.803742	359	6	-3.5725	0.80505	0.75102	0.949324	2260	0	-3.5725
Pcdhb22	20	0.018525	0.10311	0.803742	360	12	-4.0066	0.19706	0.1972	0.882295	552	0	-4.0066
Ms4a15	20	0.018539	0.10322	0.803742	361	13	-4.2742	0.77066	0.71122	0.940132	2156	0	-4.2742
Lrrc38	20	0.018628	0.10349	0.803742	362	12	-4.4171	0.34126	0.31717	0.882295	973	0	-4.4171
Mrc1	20	0.018778	0.10465	0.808759	363	12	-3.9636	0.48947	0.42832	0.893868	1361	0	-3.9636
Olfr725	19	0.018782	0.10187	0.803742	364	9	-3.6789	0.87347	0.83786	0.971189	2457	0	-3.6789
Grin1	19	0.018857	0.10296	0.803742	365	13	-4.3435	0.99938	0.99891	0.999607	2856	0	-4.3435
Lmbr1l	20	0.018879	0.10484	0.808759	366	10	-4.0309	0.46981	0.41146	0.891333	1310	0	-4.0309
Elfn2	20	0.018926	0.10499	0.808759	367	14	-4.1479	0.6554	0.58118	0.90617	1830	0	-4.1479
Unc5d	20	0.019013	0.10537	0.809552	368	12	-4.3852	0.90342	0.87248	0.975309	2551	0	-4.3852
Adra1d	20	0.019104	0.10577	0.810435	369	12	-4.272	0.27291	0.27495	0.882295	773	0	-4.272
Pcdha9	16	0.01924	0.096483	0.803742	370	7	-3.8107	0.91834	0.89453	0.97874	2599	0	-3.8107
Suco	20	0.019329	0.10695	0.811973	371	11	-3.9258	0.2525	0.2543	0.882295	722	0	-3.9258
Lrp11	20	0.019457	0.10732	0.811973	372	12	-4.1616	0.83904	0.79725	0.961935	2358	0	-4.1616
Btn2a2	20	0.019463	0.10739	0.811973	373	12	-4.1041	0.29851	0.29006	0.882295	845	0	-4.1041
Tmem8	20	0.019497	0.10778	0.812782	374	9	-3.8257	0.7154	0.65321	0.929375	1997	0	-3.8257
Ifnar2	18	0.019654	0.10335	0.803742	375	13	-4.2682	0.90796	0.88091	0.975909	2568	0	-4.2682
Grm7	20	0.019767	0.10935	0.819681	376	13	-4.1812	0.2525	0.2543	0.882295	703	0	-4.1812
Lct	19	0.019847	0.10667	0.811973	377	10	-3.8677	0.97973	0.97051	0.993624	2792	0	-3.8677
Chrng	20	0.019955	0.11006	0.819681	378	13	-4.0406	0.82154	0.77817	0.960285	2308	0	-4.0406
Adam29	20	0.019976	0.11013	0.819681	379	7	-3.331	0.11416	0.10603	0.882295	329	0	-3.331
Scn8a	20	0.020204	0.11172	0.82371	380	11	-3.8942	0.30865	0.29751	0.882295	876	0	-3.8942
Olfr1352	20	0.020351	0.1124	0.82371	381	12	-4.2958	0.55758	0.50558	0.90617	1569	0	-4.2958
Muc3a	20	0.020364	0.11267	0.82371	382	14	-4.395	0.31911	0.30329	0.882295	902	0	-4.395
Slc5a10	16	0.02043	0.10126	0.803742	383	10	-4.1202	0.65393	0.59054	0.910668	1818	0	-4.1202
Itga6	20	0.020504	0.11313	0.82371	384	10	-3.85	0.56878	0.51189	0.90617	1584	0	-3.85
Ly6d	20	0.020576	0.11359	0.82371	385	13	-4.1353	0.77762	0.72273	0.940601	2192	0	-4.1353
Mog	20	0.020576	0.11359	0.82371	386	8	-3.7436	0.36791	0.33565	0.882295	1049	0	-3.7436
Ms4a6d	19	0.020605	0.10974	0.819681	387	8	-3.7459	0.47768	0.4178	0.891333	1338	0	-3.7459
Lingo3	19	0.020621	0.10974	0.819681	388	12	-4.0747	0.36217	0.32994	0.882295	1036	0	-4.0747
Olfr791	20	0.020653	0.11393	0.82371	389	10	-3.995	0.16516	0.16393	0.882295	473	0	-3.995
Pcdhga4	18	0.020665	0.10728	0.811973	390	11	-4.3276	0.77594	0.72415	0.940743	2175	0	-4.3276
Abca5	20	0.020737	0.11466	0.82371	391	12	-4.2517	0.38614	0.34804	0.882295	1112	0	-4.2517
Ldlrad3	20	0.020739	0.11471	0.82371	392	8	-3.4454	0.16516	0.16393	0.882295	471	0	-3.4454
Pi16	20	0.020989	0.11521	0.825219	393	12	-4.0592	0.57811	0.52108	0.90617	1625	0	-4.0592
Dll4	20	0.021054	0.11558	0.825829	394	14	-4.2922	0.99576	0.99284	0.99751	2843	0	-4.2922
Chrna2	20	0.021165	0.1159	0.826041	395	12	-4.11	0.49523	0.43411	0.893868	1365	0	-4.11
Slc28a1	20	0.021228	0.11628	0.826671	396	6	-3.6856	0.93166	0.90913	0.98346	2639	0	-3.6856
Plxdc2	19	0.021325	0.11269	0.82371	397	13	-4.0705	0.5057	0.45388	0.89833	1419	0	-4.0705
Igf2r	20	0.021498	0.11719	0.830262	398	12	-4.2003	0.48453	0.42352	0.891333	1341	0	-4.2003
Vsig10	20	0.021585	0.11736	0.830262	399	10	-3.7804	0.0091034	0.011912	0.854381	26	0	-3.7804
Susd5	20	0.021654	0.11779	0.831231	400	14	-4.2575	0.88331	0.84682	0.971189	2490	0	-4.2575
Ptpra	18	0.021766	0.11177	0.82371	401	10	-4.0538	0.63648	0.56931	0.90617	1752	0	-4.0538
Gpc6	19	0.021856	0.11463	0.82371	402	9	-3.7917	0.65635	0.58979	0.910668	1836	0	-3.7917
Lrrn3	20	0.022055	0.11898	0.83254	403	10	-3.7657	0.16516	0.16393	0.882295	472	0	-3.7657
Olfr1387	20	0.022095	0.11933	0.83254	404	14	-4.0722	0.63738	0.56966	0.90617	1771	0	-4.0722
Olfr293	20	0.022236	0.12028	0.836429	405	12	-4.2975	0.69868	0.6257	0.911911	1954	0	-4.2975
Lrit1	20	0.022378	0.12103	0.837562	406	10	-3.8609	0.41766	0.36762	0.882295	1171	0	-3.8609
Ms4a1	20	0.022419	0.12106	0.837562	407	11	-4.0249	0.67514	0.60642	0.910668	1873	0	-4.0249
Slc22a3	20	0.02253	0.12148	0.837562	408	10	-3.9131	0.57811	0.52108	0.90617	1614	0	-3.9131
Olfr1224-ps1	19	0.022738	0.11847	0.83254	409	11	-4.051	0.95761	0.94268	0.992009	2711	0	-4.051
Upk2	20	0.022774	0.1225	0.837562	410	11	-4.1893	0.89696	0.86513	0.97459	2536	0	-4.1893
Olfr142	20	0.022774	0.1225	0.837562	411	11	-4.2151	0.058802	0.054332	0.879609	172	0	-4.2151
Evc2	20	0.022855	0.12289	0.837562	412	10	-3.8866	0.77066	0.71122	0.940132	2162	0	-3.8866
Slc34a3	20	0.022939	0.12317	0.837562	413	10	-4.0549	0.53169	0.48004	0.90617	1495	0	-4.0549
Cldn7	20	0.023036	0.12335	0.837562	414	12	-4.316	0.86881	0.83095	0.970125	2443	0	-4.316
Pcdha5	14	0.023137	0.11339	0.82371	415	5	-3.1457	0.5084	0.44564	0.89833	1420	0	-3.1457
Olfr93	20	0.02318	0.12356	0.837562	416	9	-3.7498	0.92519	0.89867	0.979934	2618	0	-3.7498
Agtr1b	20	0.023228	0.12407	0.837562	417	14	-4.295	0.26315	0.26602	0.882295	735	0	-4.295
Tpra1	20	0.023228	0.12407	0.837562	418	14	-4.3229	0.83494	0.79411	0.961935	2347	0	-4.3229
Slc6a7	20	0.023505	0.12448	0.837562	419	10	-3.8365	0.34126	0.31717	0.882295	969	0	-3.8365
Opn4	18	0.023538	0.11879	0.83254	420	11	-4.2189	0.76472	0.70855	0.940132	2139	0	-4.2189
Mmp14	20	0.023608	0.12484	0.837562	421	13	-4.1246	0.98696	0.97976	0.995178	2810	0	-4.1246
Kcnk18	20	0.02362	0.12491	0.837562	422	14	-4.2511	0.82154	0.77817	0.960285	2314	0	-4.2511
P2rx7	18	0.023676	0.11943	0.83254	423	10	-4.2299	0.96628	0.95451	0.992386	2744	0	-4.2299
Olfr782	9	0.023681	0.099852	0.803742	424	7	-4.5355	0.9311	0.91144	0.984427	2637	0	-4.5355
Lrp8	20	0.023689	0.12547	0.837562	425	13	-4.2631	0.9167	0.88823	0.977873	2597	0	-4.2631
Ltk	20	0.02383	0.12608	0.837562	426	14	-4.1537	0.73456	0.67065	0.929375	2052	0	-4.1537
Cacng1	20	0.02399	0.12651	0.837562	427	12	-4.2932	0.22414	0.22158	0.882295	622	0	-4.2932
Tas1r1	20	0.023999	0.1266	0.837562	428	14	-4.0223	0.50452	0.4411	0.894091	1416	0	-4.0223
Gpr180	20	0.024115	0.12706	0.838669	429	12	-4.3235	0.20551	0.20524	0.882295	569	0	-4.3235
Tnfrsf26	20	0.024241	0.12776	0.841356	430	14	-4.3334	0.35004	0.32151	0.882295	1009	0	-4.3334
Slc10a3	20	0.024359	0.12843	0.841799	431	11	-4.1318	0.90042	0.86916	0.975309	2541	0	-4.1318
Tmprss6	20	0.02448	0.12901	0.841799	432	13	-4.2163	0.20551	0.20524	0.882295	583	0	-4.2163
Cd6	20	0.024758	0.13027	0.844626	433	7	-3.5709	0.77762	0.72273	0.940601	2189	0	-3.5709
Zp3	20	0.024762	0.13033	0.844626	434	13	-4.1161	0.6554	0.58118	0.90617	1823	0	-4.1161
Mrvi1	17	0.024817	0.12609	0.837562	435	11	-4.082	0.26019	0.25389	0.882295	729	0	-4.082
Cd55	17	0.024822	0.12615	0.837562	436	8	-3.7131	0.30665	0.28186	0.882295	858	0	-3.7131
Ceacam20	20	0.024917	0.13089	0.845242	437	8	-3.411	0.95132	0.93525	0.992009	2691	0	-3.411
Tmem145	18	0.024997	0.12482	0.837562	438	12	-4.2619	0.98056	0.97052	0.993624	2794	0	-4.2619
Slc22a21	20	0.02521	0.13217	0.845242	439	14	-4.2394	0.064748	0.059995	0.879609	183	0	-4.2394
Cadm1	20	0.025256	0.13233	0.845242	440	14	-4.1005	0.42723	0.37909	0.882295	1208	0	-4.1005
Celsr3	20	0.025256	0.13233	0.845242	441	14	-4.2211	0.93625	0.91572	0.984994	2655	0	-4.2211
Muc13	20	0.025326	0.1324	0.845242	442	13	-4.3391	0.96998	0.95784	0.992386	2752	0	-4.3391
Abcb4	20	0.025512	0.13302	0.846503	443	10	-3.8811	0.50452	0.4411	0.894091	1409	0	-3.8811
Lrrc37a	20	0.025697	0.13343	0.846503	444	12	-4.3547	0.78422	0.72858	0.941902	2208	0	-4.3547
Slc16a7	19	0.025771	0.12967	0.8442	445	13	-4.1254	0.89145	0.86084	0.973581	2516	0	-4.1254
Pgap1	20	0.025795	0.13401	0.846503	446	10	-3.8022	0.84281	0.79903	0.961935	2374	0	-3.8022
Htr3a	20	0.025802	0.1341	0.846503	447	14	-4.1249	0.96553	0.95175	0.992009	2738	0	-4.1249
Slco3a1	20	0.025808	0.1342	0.846503	448	13	-4.1409	0.26315	0.26602	0.882295	739	0	-4.1409
Tnfrsf25	20	0.025964	0.13462	0.846503	449	13	-4.3777	0.87693	0.84092	0.971189	2468	0	-4.3777
Cd320	18	0.026061	0.12875	0.841799	450	10	-4.3358	0.95333	0.93618	0.992009	2699	0	-4.3358
Il15ra	20	0.026097	0.13488	0.846503	451	12	-4.1405	0.83081	0.78909	0.961935	2338	0	-4.1405
Cntn1	20	0.026317	0.13584	0.846503	452	14	-4.2641	0.98745	0.98055	0.995178	2816	0	-4.2641
Fkrp	19	0.026355	0.13235	0.845242	453	6	-3.2333	0.68006	0.60941	0.910668	1894	0	-3.2333
Olfr351	20	0.02637	0.13603	0.846503	454	12	-4.3172	0.67514	0.60642	0.910668	1886	0	-4.3172
Flt3l	20	0.026476	0.13653	0.846503	455	12	-4.2283	0.53169	0.48004	0.90617	1489	0	-4.2283
Ano6	20	0.026477	0.13667	0.846503	456	10	-3.8013	0.62106	0.55482	0.90617	1739	0	-3.8013
H2-M3	20	0.026479	0.1369	0.846503	457	13	-4.3068	0.5237	0.47011	0.90617	1460	0	-4.3068
Slc39a10	20	0.026631	0.13704	0.846503	458	12	-4.1353	0.27291	0.27495	0.882295	764	0	-4.1353
Ermp1	20	0.026664	0.1372	0.846503	459	12	-3.9796	0.14103	0.15041	0.882295	392	0	-3.9796
Shisa9	20	0.026751	0.13748	0.846503	460	12	-4.2774	0.064748	0.059995	0.879609	188	0	-4.2774
Il1r2	20	0.026784	0.13793	0.846503	461	14	-4.2852	0.88651	0.8512	0.971537	2503	0	-4.2852
Cckar	20	0.026784	0.13793	0.846503	462	14	-4.0848	0.88005	0.84407	0.971189	2480	0	-4.0848
Olfr1458	20	0.026808	0.13802	0.846503	463	13	-4.1637	0.63738	0.56966	0.90617	1779	0	-4.1637
Atp13a1	20	0.02706	0.13852	0.847754	464	10	-3.8797	0.22414	0.22158	0.882295	619	0	-3.8797
Olfr1042	18	0.027062	0.13249	0.845242	465	8	-3.5821	0.15622	0.15455	0.882295	435	0	-3.5821
Tmem104	20	0.027399	0.14039	0.850188	466	13	-4.1048	0.86881	0.83095	0.970125	2445	0	-4.1048
Olfr470	20	0.027405	0.14044	0.850188	467	10	-3.8937	0.28811	0.28257	0.882295	819	0	-3.8937
P2rx4	20	0.027529	0.14059	0.850188	468	13	-4.1504	0.88331	0.84682	0.971189	2484	0	-4.1504
Cd109	20	0.02768	0.14117	0.850188	469	10	-3.9332	0.79967	0.74509	0.946427	2252	0	-3.9332
Scn1b	20	0.027826	0.14157	0.850188	470	9	-3.5931	0.31911	0.30329	0.882295	914	0	-3.5931
Slc11a1	20	0.027832	0.14162	0.850188	471	10	-3.823	0.80505	0.75102	0.949324	2262	0	-3.823
Cdon	20	0.027887	0.14164	0.850188	472	11	-4.3422	0.36791	0.33565	0.882295	1055	0	-4.3422
Npbwr1	20	0.028018	0.1419	0.850188	473	14	-4.2588	0.95979	0.94514	0.992009	2720	0	-4.2588
Gpr20	20	0.028176	0.14229	0.850385	474	13	-4.2398	0.94031	0.92056	0.986842	2664	0	-4.2398
Fam171a1	18	0.028196	0.14045	0.850188	475	12	-4.2588	0.93415	0.91419	0.984994	2650	0	-4.2588
Unc5b	20	0.028219	0.14275	0.850385	476	13	-4.209	0.99907	0.99844	0.999607	2853	0	-4.209
Atp1a1	20	0.028374	0.14312	0.850385	477	12	-4.3066	0.84281	0.79903	0.961935	2371	0	-4.3066
Alppl2	20	0.028484	0.14343	0.850385	478	13	-4.2947	0.97458	0.96551	0.993624	2770	0	-4.2947
Cxcr3	20	0.028629	0.14386	0.850385	479	14	-4.0785	0.93625	0.91572	0.984994	2653	0	-4.0785
Olfr1469	16	0.028731	0.13897	0.848682	480	10	-4.205	0.66583	0.60433	0.910668	1850	0	-4.205
Mxra8	20	0.028754	0.14427	0.850385	481	14	-4.3255	0.90342	0.87248	0.975309	2550	0	-4.3255
Hephl1	18	0.028776	0.14312	0.850385	482	11	-4.0291	0.5907	0.52872	0.90617	1644	0	-4.0291
Tmem132d	20	0.028794	0.14461	0.850385	483	14	-4.1191	0.56878	0.51189	0.90617	1598	0	-4.1191
Mmp25	19	0.029123	0.14456	0.850385	484	10	-4.0147	0.011466	0.013185	0.854381	30	0	-4.0147
Tenm1	19	0.029351	0.14562	0.852804	485	12	-4.3868	0.31787	0.29795	0.882295	887	0	-4.3868
Gabrg2	20	0.029423	0.14594	0.852943	486	12	-3.9519	0.9723	0.96144	0.993417	2765	0	-3.9519
Stim1	20	0.029482	0.14661	0.855102	487	13	-4.138	0.50452	0.4411	0.894091	1413	0	-4.138
Ptk7	18	0.029483	0.14537	0.852804	488	8	-3.563	0.32998	0.29874	0.882295	936	0	-3.563
Dchs1	20	0.029912	0.14787	0.859364	489	14	-4.2469	0.26315	0.26602	0.882295	744	0	-4.2469
Znrf4	20	0.030147	0.14881	0.859364	490	12	-3.9472	0.93625	0.91572	0.984994	2654	0	-3.9472
Gpr37	20	0.030147	0.14881	0.859364	491	9	-3.7462	0.27291	0.27495	0.882295	766	0	-3.7462
Pigo	20	0.030291	0.14937	0.859364	492	14	-4.2708	0.02934	0.035296	0.873617	82	0	-4.2708
Cd276	20	0.030291	0.14937	0.859364	493	13	-4.1621	0.81573	0.77038	0.959277	2295	0	-4.1621
H2-Q7	18	0.030302	0.14875	0.859364	494	8	-3.7426	0.87067	0.83507	0.971189	2449	0	-3.7426
Efna5	20	0.03043	0.15009	0.860077	495	12	-4.1107	0.72899	0.66643	0.929375	2037	0	-4.1107
Rhbdf2	20	0.030454	0.15017	0.860077	496	12	-4.0588	0.73456	0.67065	0.929375	2064	0	-4.0588
Slc17a6	18	0.030462	0.14944	0.859364	497	12	-4.3387	0.23043	0.23283	0.882295	636	0	-4.3387
Gpm6b	20	0.030578	0.15096	0.862698	498	10	-3.9687	0.38614	0.34804	0.882295	1111	0	-3.9687
Glp1r	19	0.030668	0.1546	0.875501	499	10	-3.886	0.24155	0.24443	0.882295	674	0	-3.886
Slc22a12	19	0.030866	0.15615	0.875501	500	14	-4.1573	0.32737	0.30477	0.882295	933	0	-4.1573
Olfr357	20	0.030883	0.15144	0.862698	501	8	-3.4842	0.080685	0.078752	0.879609	232	0	-3.4842
Slc36a4	18	0.031003	0.15153	0.862698	502	8	-3.4661	0.50296	0.45381	0.89833	1400	0	-3.4661
Slc24a3	20	0.031158	0.15481	0.875501	503	11	-4.0518	0.051241	0.046768	0.873617	144	0	-4.0518
Mslnl	20	0.031167	0.15505	0.875501	504	14	-4.1399	0.73456	0.67065	0.929375	2053	0	-4.1399
Slc22a7	20	0.031214	0.15514	0.875501	505	14	-4.2025	0.021879	0.023608	0.873617	62	0	-4.2025
Epha8	20	0.031277	0.15558	0.875501	506	9	-3.7207	0.83081	0.78909	0.961935	2336	0	-3.7207
Tigit	20	0.031502	0.15646	0.875501	507	7	-3.613	0.79967	0.74509	0.946427	2246	0	-3.613
Gprc5d	20	0.031542	0.15654	0.875501	508	11	-4.2535	0.18919	0.19239	0.882295	530	0	-4.2535
Bsg	20	0.031542	0.15654	0.875501	509	10	-4.0358	0.21547	0.21177	0.882295	598	0	-4.0358
Cdh12	20	0.031769	0.15741	0.877647	510	12	-3.9813	0.90876	0.87873	0.975309	2572	0	-3.9813
Il31ra	20	0.031808	0.15753	0.877647	511	12	-4.3386	0.77066	0.71122	0.940132	2165	0	-4.3386
Ssr1	20	0.031876	0.15798	0.878395	512	13	-4.2121	0.075299	0.073308	0.879609	212	0	-4.2121
Grik5	20	0.032291	0.15983	0.883364	513	13	-4.251	0.95635	0.94055	0.992009	2707	0	-4.251
Chrna3	20	0.032567	0.16043	0.883364	514	13	-4.1482	0.98638	0.97879	0.995178	2809	0	-4.1482
Slc16a12	20	0.032656	0.16065	0.883364	515	13	-4.3137	0.83081	0.78909	0.961935	2337	0	-4.3137
Slc2a12	20	0.032661	0.16076	0.883364	516	11	-3.9025	0.87693	0.84092	0.971189	2464	0	-3.9025
Pcdh10	20	0.03271	0.16103	0.883364	517	12	-4.2893	0.21547	0.21177	0.882295	595	0	-4.2893
Tspan7	20	0.032892	0.16187	0.886233	518	10	-3.8744	0.043462	0.042959	0.873617	126	0	-3.8744
Bcam	18	0.032926	0.15916	0.883255	519	11	-4.2779	0.2635	0.25913	0.882295	749	0	-4.2779
Olfr1104	20	0.033164	0.16256	0.888354	520	13	-4.2234	0.48453	0.42352	0.891333	1346	0	-4.2234
Ptpro	20	0.033211	0.16366	0.888642	521	12	-4.0387	0.12871	0.13655	0.882295	367	0	-4.0387
Ccr10	20	0.033344	0.16409	0.888642	522	13	-4.272	0.001163	1.7322e-06	0.00033	4	0	-4.272
Slamf1	20	0.033478	0.16425	0.888642	523	9	-3.779	0.88005	0.84407	0.971189	2478	0	-3.779
1110032F04Rik	19	0.033555	0.16675	0.894136	524	7	-3.6158	0.2059	0.20335	0.882295	585	0	-3.6158
Gm20518	6	0.033582	0.1109	0.823235	525	4	-4.2436	0.49944	0.45629	0.901931	1394	0	-4.2436
Plaur	20	0.033606	0.16461	0.888642	526	14	-4.2436	0.051241	0.046768	0.873617	141	0	-4.2436
Slc22a8	20	0.033606	0.16461	0.888642	527	14	-4.2783	0.44431	0.39669	0.884347	1260	0	-4.2783
Ltbr	20	0.033687	0.16479	0.888642	528	10	-3.8443	0.73456	0.67065	0.929375	2051	0	-3.8443
Il22ra1	20	0.033806	0.16568	0.890419	529	12	-4.005	0.94941	0.93251	0.991121	2688	0	-4.005
Rnf13	19	0.033831	0.16824	0.897534	530	6	-3.4542	0.82364	0.78215	0.961898	2321	0	-3.4542
Ctns	20	0.033837	0.16575	0.890419	531	10	-3.8906	0.81025	0.75995	0.953968	2277	0	-3.8906
Mfap3l	19	0.034301	0.16958	0.897534	532	10	-3.9288	0.42775	0.38186	0.882295	1219	0	-3.9288
Il6ra	18	0.034396	0.16456	0.888642	533	12	-4.1837	0.5907	0.52872	0.90617	1645	0	-4.1837
C3ar1	20	0.034498	0.16864	0.897534	534	11	-4.2835	0.66892	0.59649	0.910668	1858	0	-4.2835
Mfap3	20	0.034575	0.16872	0.897534	535	12	-4.32	0.16516	0.16393	0.882295	461	0	-4.32
Scn2b	20	0.034759	0.16939	0.897534	536	12	-4.2155	0.20551	0.20524	0.882295	573	0	-4.2155
Trhr	20	0.034759	0.16939	0.897534	537	11	-4.0331	0.87693	0.84092	0.971189	2467	0	-4.0331
Ccr8	20	0.035141	0.1709	0.900236	538	12	-4.2875	0.012066	0.013878	0.854381	36	0	-4.2875
Elfn1	20	0.03531	0.17145	0.900236	539	10	-3.937	0.72899	0.66643	0.929375	2038	0	-3.937
Acp2	20	0.03531	0.17145	0.900236	540	10	-3.6779	0.14848	0.15732	0.882295	414	0	-3.6779
Adipor2	20	0.035358	0.17167	0.900236	541	10	-3.7073	0.5401	0.48865	0.90617	1516	0	-3.7073
Raet1e	18	0.0354	0.16842	0.897534	542	13	-4.0628	0.36486	0.32529	0.882295	1040	0	-4.0628
Ramp2	19	0.035523	0.17383	0.904532	543	11	-3.9392	0.29577	0.28551	0.882295	824	0	-3.9392
Prph2	18	0.03597	0.17145	0.900236	544	12	-4.2222	0.72249	0.65567	0.929375	2012	0	-4.2222
Ceacam12	20	0.036039	0.17384	0.904532	545	13	-4.1321	0.96104	0.94659	0.992009	2726	0	-4.1321
Tmem171	20	0.036553	0.17575	0.904532	546	12	-4.1195	0.56878	0.51189	0.90617	1597	0	-4.1195
D130043K22Rik	20	0.036746	0.17654	0.904532	547	11	-4.172	0.43424	0.38797	0.882295	1235	0	-4.172
Dll3	20	0.036752	0.17654	0.904532	548	14	-4.0127	0.56878	0.51189	0.90617	1594	0	-4.0127
Cldn16	20	0.03684	0.17688	0.904532	549	14	-4.1953	0.85195	0.80808	0.963096	2397	0	-4.1953
Klri1	18	0.03691	0.17439	0.904532	550	11	-4.2653	0.81086	0.76542	0.956944	2288	0	-4.2653
Nup210	20	0.037067	0.17771	0.904532	551	9	-3.7439	0.73993	0.67671	0.929375	2070	0	-3.7439
Bcan	19	0.037144	0.17922	0.904532	552	9	-3.7925	0.082358	0.079121	0.879609	236	0	-3.7925
Sorcs2	17	0.037305	0.17444	0.904532	553	12	-4.2316	0.5108	0.45665	0.901931	1421	0	-4.2316
Fgfrl1	20	0.037367	0.17939	0.904532	554	11	-4.2091	0.85415	0.80939	0.963446	2405	0	-4.2091
Calhm2	20	0.037367	0.17939	0.904532	555	12	-4.0398	0.016329	0.015841	0.854381	48	0	-4.0398
Rgmb	20	0.037388	0.17939	0.904532	556	9	-3.6725	0.92519	0.89867	0.979934	2617	0	-3.6725
Bst1	18	0.03739	0.17627	0.904532	557	8	-3.5835	0.084274	0.080637	0.879609	237	0	-3.5835
Vipr1	20	0.037468	0.17944	0.904532	558	13	-4.3204	0.10193	0.093562	0.879609	282	0	-4.3204
Msln	18	0.037472	0.17661	0.904532	559	8	-3.6807	0.78798	0.74331	0.946427	2217	0	-3.6807
Itga5	20	0.037494	0.17955	0.904532	560	10	-3.8175	0.96553	0.95175	0.992009	2737	0	-3.8175
Slc6a20b	20	0.037708	0.18023	0.904532	561	8	-3.6557	0.93625	0.91572	0.984994	2657	0	-3.6557
Fndc5	19	0.037886	0.18174	0.904532	562	9	-3.7925	0.10878	0.10175	0.882295	308	0	-3.7925
Gm9733	20	0.038109	0.18157	0.904532	563	11	-3.9612	0.72899	0.66643	0.929375	2039	0	-3.9612
Olfr1388	20	0.038129	0.18185	0.904532	564	14	-4.1899	0.10193	0.093562	0.879609	297	0	-4.1899
Slc39a9	20	0.038135	0.18196	0.904532	565	14	-4.1712	0.6725	0.60398	0.910668	1869	0	-4.1712
Gp6	18	0.038227	0.17878	0.904532	566	9	-3.8744	0.70862	0.6471	0.929375	1985	0	-3.8744
Smo	20	0.038256	0.18224	0.904532	567	13	-4.1629	0.48453	0.42352	0.891333	1351	0	-4.1629
Ddr2	20	0.038349	0.18249	0.904532	568	13	-3.9621	0.036104	0.039129	0.873617	103	0	-3.9621
Best2	20	0.038362	0.18258	0.904532	569	12	-4.2318	0.92746	0.90256	0.981547	2628	0	-4.2318
Gpr137c	20	0.038362	0.18258	0.904532	570	9	-3.6391	0.10193	0.093562	0.879609	290	0	-3.6391
Gjc2	20	0.038432	0.18289	0.904532	571	9	-3.8174	0.50452	0.4411	0.894091	1410	0	-3.8174
Nmbr	18	0.038463	0.17912	0.904532	572	12	-4.2044	0.56866	0.50017	0.90617	1583	0	-4.2044
P2ry6	20	0.038471	0.18336	0.904532	573	14	-4.0962	0.64665	0.57499	0.90617	1799	0	-4.0962
Robo1	20	0.038471	0.18336	0.904532	574	9	-3.6471	0.51382	0.45342	0.89833	1450	0	-3.6471
Psg21	12	0.038542	0.15976	0.883364	575	6	-4.2029	0.87798	0.84918	0.971537	2474	0	-4.2029
Vmn1r66	19	0.038606	0.18356	0.904532	576	11	-3.9075	0.83711	0.79322	0.961935	2353	0	-3.9075
Mfrp	18	0.038617	0.18183	0.904532	577	7	-3.5872	0.83926	0.79871	0.961935	2366	0	-3.5872
Olfr267	20	0.038682	0.18355	0.904532	578	10	-3.7177	0.20551	0.20524	0.882295	584	0	-3.7177
Vstm4	18	0.038684	0.1823	0.904532	579	12	-4.1652	0.53094	0.47587	0.90617	1484	0	-4.1652
Trpv5	20	0.03883	0.18445	0.90691	580	9	-3.6559	0.97125	0.95971	0.993067	2759	0	-3.6559
Lrp12	20	0.03904	0.18468	0.90691	581	9	-3.8337	0.37709	0.34388	0.882295	1083	0	-3.8337
Catsperg1	20	0.039178	0.18552	0.908395	582	9	-3.678	0.2525	0.2543	0.882295	716	0	-3.678
Pcdhb10	20	0.03931	0.18571	0.908395	583	9	-3.7406	0.70718	0.63959	0.922816	1979	0	-3.7406
Enpp1	20	0.039621	0.18739	0.909017	584	14	-4.04	0.00016622	1.7322e-06	0.00033	1	1	-4.04
Gpr157	20	0.039621	0.18739	0.909017	585	14	-4.1287	0.88005	0.84407	0.971189	2477	0	-4.1287
Slc6a9	20	0.039741	0.1878	0.909017	586	13	-4.2055	0.55758	0.50558	0.90617	1554	0	-4.2055
Cxcr6	18	0.039759	0.18594	0.908395	587	10	-4.2353	0.97751	0.96603	0.993624	2782	0	-4.2353
Gria1	19	0.039762	0.18818	0.909017	588	9	-3.7551	0.15004	0.1542	0.882295	429	0	-3.7551
Cldn3	20	0.039933	0.18924	0.909017	589	12	-4.1876	0.83081	0.78909	0.961935	2335	0	-4.1876
Itgb5	20	0.04011	0.18981	0.909017	590	12	-4.0092	0.58494	0.52713	0.90617	1634	0	-4.0092
Ccrl2	19	0.040177	0.18982	0.909017	591	12	-4.2833	0.14161	0.15062	0.882295	402	0	-4.2833
Vmn1r224	20	0.040433	0.19116	0.909017	592	8	-3.7985	0.080685	0.078752	0.879609	228	0	-3.7985
BC053393	20	0.04046	0.19117	0.909017	593	13	-4.1143	0.87693	0.84092	0.971189	2461	0	-4.1143
Sell	18	0.04056	0.18847	0.909017	594	6	-3.6666	0.092226	0.085691	0.879609	259	0	-3.6666
Tlr2	20	0.040689	0.19125	0.909017	595	12	-4.0508	0.3961	0.35467	0.882295	1124	0	-4.0508
Adcy5	20	0.040783	0.19134	0.909017	596	10	-3.8762	0.97945	0.97144	0.993624	2790	0	-3.8762
Gpbar1	20	0.040795	0.19148	0.909017	597	12	-4.2866	0.041069	0.042959	0.873617	118	0	-4.2866
Emp2	20	0.040867	0.19168	0.909017	598	9	-3.6129	0.68019	0.61042	0.910668	1897	0	-3.6129
H2-Q5	18	0.040989	0.1895	0.909017	599	9	-3.875	0.42015	0.37105	0.882295	1198	0	-3.875
Lrrc15	20	0.041069	0.19281	0.909017	600	9	-3.7061	0.44431	0.39669	0.884347	1272	0	-3.7061
Atp2b4	20	0.041149	0.19309	0.909017	601	10	-3.9284	0.88331	0.84682	0.971189	2487	0	-3.9284
Il6st	20	0.041149	0.19309	0.909017	602	12	-4.1766	0.51382	0.45342	0.89833	1432	0	-4.1766
Scn4a	17	0.041165	0.18781	0.909017	603	10	-4.3743	0.5108	0.45665	0.901931	1422	0	-4.3743
Drd5	20	0.041166	0.19349	0.909017	604	14	-4.0881	0.98418	0.97626	0.994737	2804	0	-4.0881
Lypd8	20	0.041166	0.19349	0.909017	605	14	-4.0712	0.3961	0.35467	0.882295	1123	0	-4.0712
Olfr1034	20	0.041368	0.1941	0.909017	606	12	-4.0277	0.14848	0.15732	0.882295	416	0	-4.0277
Mchr1	20	0.041458	0.19436	0.909017	607	9	-3.653	0.12871	0.13655	0.882295	364	0	-3.653
Ttyh3	20	0.041487	0.19436	0.909017	608	11	-4.0663	0.90876	0.87873	0.975309	2577	0	-4.0663
Tdgf1	20	0.041581	0.19452	0.909017	609	11	-3.9761	0.075299	0.073308	0.879609	211	0	-3.9761
Adra1a	20	0.041629	0.19497	0.909017	610	9	-3.7249	0.69868	0.6257	0.911911	1960	0	-3.7249
Cacng5	19	0.041638	0.19691	0.910643	611	9	-3.7544	0.19632	0.19723	0.882295	544	0	-3.7544
Ano7	20	0.042027	0.19618	0.910113	612	10	-3.7647	0.55758	0.50558	0.90617	1552	0	-3.7647
Olfr1457	20	0.042027	0.19618	0.910113	613	8	-3.7152	0.76556	0.7011	0.935214	2144	0	-3.7152
Olfr180	20	0.042165	0.19648	0.910113	614	14	-4.1934	0.38614	0.34804	0.882295	1105	0	-4.1934
Bdkrb1	20	0.042165	0.19648	0.910113	615	14	-4.1291	0.31911	0.30329	0.882295	907	0	-4.1291
Gfra1	18	0.042267	0.19473	0.909017	616	10	-4.08	0.98114	0.97096	0.993624	2796	0	-4.08
Slc26a1	19	0.042723	0.2002	0.919909	617	13	-4.0747	0.96274	0.9493	0.992009	2732	0	-4.0747
Pcdha6	15	0.042821	0.18989	0.909017	618	11	-4.361	0.5417	0.47336	0.90617	1527	0	-4.361
Aqp1	18	0.043027	0.19804	0.914362	619	12	-4.0972	0.72897	0.66343	0.929375	2032	0	-4.0972
Nrxn3	20	0.043029	0.20202	0.922089	620	11	-4.0466	0.31911	0.30329	0.882295	894	0	-4.0466
Sema6d	20	0.043143	0.20213	0.922089	621	10	-3.8541	0.49523	0.43411	0.893868	1366	0	-3.8541
S1pr3	20	0.043311	0.20285	0.922089	622	13	-4.2723	0.84722	0.8038	0.962166	2381	0	-4.2723
Pcdhga2	18	0.04334	0.19972	0.919182	623	12	-4.2661	0.77594	0.72415	0.940743	2176	0	-4.2661
Cnr1	18	0.04334	0.19972	0.919182	624	10	-4.1427	0.94257	0.92348	0.986842	2672	0	-4.1427
Mansc4	20	0.043367	0.20326	0.922089	625	14	-4.2351	0.093188	0.08798	0.879609	266	0	-4.2351
Tmem140	20	0.044126	0.20716	0.936669	626	13	-4.22	0.72306	0.66211	0.929375	2016	0	-4.22
Enpp4	19	0.044191	0.20495	0.928277	627	11	-4.3423	0.39113	0.34581	0.882295	1113	0	-4.3423
Scap	18	0.044232	0.20312	0.922089	628	10	-3.9496	0.88747	0.85377	0.973581	2505	0	-3.9496
Ly6g6d	20	0.044309	0.20774	0.936669	629	9	-3.5702	0.87693	0.84092	0.971189	2460	0	-3.5702
Unc5c	20	0.044577	0.20877	0.936669	630	13	-4.1911	0.68814	0.61532	0.910668	1928	0	-4.1911
Slc18a1	20	0.044698	0.20923	0.936914	631	13	-4.2751	0.12345	0.12397	0.882295	348	0	-4.2751
Slc9a1	20	0.044736	0.20948	0.936914	632	12	-3.9942	0.9723	0.96144	0.993417	2764	0	-3.9942
Cd300e	20	0.045184	0.21014	0.936956	633	9	-3.8109	0.60714	0.53684	0.90617	1686	0	-3.8109
Gm15448	20	0.045184	0.21014	0.936956	634	10	-4.0812	0.66892	0.59649	0.910668	1853	0	-4.0812
Cdh22	20	0.045492	0.21205	0.938352	635	13	-4.1598	0.68814	0.61532	0.910668	1923	0	-4.1598
Dsg3	20	0.045492	0.21205	0.938352	636	9	-3.272	0.10193	0.093562	0.879609	291	0	-3.272
Psg16	16	0.045513	0.20248	0.922089	637	8	-3.6691	0.023541	0.028641	0.873617	71	0	-3.6691
Siglec1	20	0.045591	0.21235	0.938352	638	12	-4.2276	0.16516	0.16393	0.882295	470	0	-4.2276
Cldn20	18	0.045622	0.20842	0.936669	639	10	-4.0216	0.66028	0.58847	0.910668	1837	0	-4.0216
Tspan9	16	0.04576	0.20308	0.922089	640	9	-4.1513	0.5399	0.47712	0.90617	1505	0	-4.1513
Tm9sf1	16	0.04576	0.20308	0.922089	641	8	-4.0246	0.93736	0.91769	0.98619	2659	0	-4.0246
Olfr1506	4	0.045853	0.1286	0.841799	642	4	-4.1472	0.95415	0.9512	0.992009	2701	0	-4.1472
Dpep1	20	0.045875	0.21332	0.938352	643	13	-4.1771	0.82702	0.78453	0.961898	2330	0	-4.1771
Sema4a	20	0.046124	0.21384	0.938352	644	12	-4.1798	0.47677	0.41754	0.891333	1325	0	-4.1798
Gpr156	20	0.046133	0.21402	0.938352	645	9	-3.8021	0.30865	0.29751	0.882295	864	0	-3.8021
Alcam	20	0.046176	0.21475	0.938352	646	9	-3.759	0.36791	0.33565	0.882295	1050	0	-3.759
Olfr221	20	0.046401	0.21497	0.938352	647	10	-3.9277	0.13424	0.14352	0.882295	376	0	-3.9277
Dcbld2	20	0.046461	0.21515	0.938352	648	12	-4.2588	0.7154	0.65321	0.929375	2000	0	-4.2588
Cxcr5	19	0.046565	0.21186	0.938352	649	9	-3.845	0.66943	0.5989	0.910668	1866	0	-3.845
Olfr1357	20	0.046666	0.21551	0.938352	650	13	-4.1895	0.29851	0.29006	0.882295	827	0	-4.1895
Olfr125	20	0.046666	0.21551	0.938352	651	12	-4.1634	0.96998	0.95784	0.992386	2757	0	-4.1634
Naaladl1	20	0.046673	0.2157	0.938352	652	12	-4.1718	0.76556	0.7011	0.935214	2146	0	-4.1718
Olfr675	19	0.046841	0.21559	0.938352	653	8	-3.4227	0.82364	0.78215	0.961898	2319	0	-3.4227
Olfr1414	20	0.046862	0.21604	0.938352	654	10	-3.8548	0.30865	0.29751	0.882295	861	0	-3.8548
Slc44a4	20	0.046914	0.2167	0.93982	655	14	-4.079	0.31911	0.30329	0.882295	919	0	-4.079
Pdcd1	19	0.047123	0.21589	0.938352	656	13	-4.3307	0.69695	0.63674	0.922816	1942	0	-4.3307
Dsc2	19	0.047123	0.21589	0.938352	657	12	-4.3307	0.72791	0.66782	0.929375	2028	0	-4.3307
Susd2	20	0.047597	0.21963	0.943099	658	11	-3.8661	0.31911	0.30329	0.882295	915	0	-3.8661
Nrxn2	19	0.047687	0.2189	0.943099	659	10	-4.1126	0.71071	0.64975	0.929375	1988	0	-4.1126
Olfr1438-ps1	20	0.047717	0.21977	0.943099	660	10	-3.8898	0.58494	0.52713	0.90617	1638	0	-3.8898
Slc6a17	20	0.048024	0.22132	0.943197	661	11	-4.2742	0.24248	0.24525	0.882295	688	0	-4.2742
Alpl	18	0.048093	0.21787	0.942144	662	11	-4.2449	0.7587	0.70157	0.935214	2120	0	-4.2449
Sema4c	18	0.048095	0.2179	0.942144	663	7	-3.544	0.17201	0.1761	0.882295	492	0	-3.544
Shisa4	20	0.048232	0.22151	0.943197	664	9	-3.6972	0.012066	0.013878	0.854381	32	0	-3.6972
Tmem178	20	0.048256	0.2221	0.943197	665	12	-4.0344	0.58494	0.52713	0.90617	1639	0	-4.0344
Slc24a2	20	0.048622	0.22289	0.943197	666	10	-4.0123	0.75933	0.69314	0.930045	2122	0	-4.0123
Sctr	20	0.048743	0.22351	0.943197	667	13	-4.1544	0.12345	0.12397	0.882295	349	0	-4.1544
Tas2r137	18	0.048914	0.21925	0.943099	668	10	-4.0131	0.32998	0.29874	0.882295	935	0	-4.0131
Cachd1	20	0.049	0.22372	0.943197	669	10	-3.8547	0.60065	0.53203	0.90617	1671	0	-3.8547
Gpr63	17	0.049007	0.21891	0.943099	670	8	-3.5984	0.20184	0.20469	0.882295	564	0	-3.5984
Amigo3	20	0.049064	0.22596	0.943197	671	11	-4.2657	0.96267	0.94878	0.992009	2730	0	-4.2657
Gpr161	20	0.049111	0.2264	0.943197	672	14	-4.0921	0.86881	0.83095	0.970125	2440	0	-4.0921
Rprml	20	0.049111	0.2264	0.943197	673	14	-4.0424	0.55758	0.50558	0.90617	1556	0	-4.0424
Cldn9	20	0.049119	0.22674	0.943197	674	9	-3.7549	0.56878	0.51189	0.90617	1596	0	-3.7549
Sstr5	20	0.049119	0.22674	0.943197	675	12	-3.9724	0.29851	0.29006	0.882295	843	0	-3.9724
Cd37	20	0.049181	0.22724	0.943197	676	13	-4.1965	0.69868	0.6257	0.911911	1962	0	-4.1965
Adam33	20	0.049188	0.2275	0.943197	677	12	-4.0292	0.31911	0.30329	0.882295	906	0	-4.0292
Olfr435	20	0.049407	0.2279	0.943197	678	13	-4.1541	0.51382	0.45342	0.89833	1430	0	-4.1541
Pcdhb1	20	0.0495	0.22808	0.943197	679	11	-3.9143	0.00049859	1.7322e-06	0.00033	2	1	-3.9143
Slc36a3	20	0.049522	0.22817	0.943197	680	9	-3.7725	0.9754	0.96626	0.993624	2773	0	-3.7725
Clca4b	20	0.049569	0.22836	0.943197	681	13	-4.2622	0.63738	0.56966	0.90617	1764	0	-4.2622
Slc1a2	20	0.049748	0.22893	0.943197	682	11	-3.9254	0.82154	0.77817	0.960285	2304	0	-3.9254
Mrc2	20	0.049763	0.22898	0.943197	683	11	-4.215	0.27291	0.27495	0.882295	763	0	-4.215
Gm11127	18	0.04995	0.22278	0.943197	684	6	-3.4831	0.3853	0.33763	0.882295	1097	0	-3.4831
H2-T10	18	0.050184	0.22291	0.943197	685	8	-3.7111	0.51999	0.46983	0.90617	1452	0	-3.7111
Tmem211	20	0.050189	0.22982	0.943197	686	13	-4.1652	0.73456	0.67065	0.929375	2058	0	-4.1652
Tgfbr3	20	0.05038	0.23062	0.943197	687	8	-3.7795	0.35914	0.32587	0.882295	1028	0	-3.7795
Clec5a	20	0.05038	0.23062	0.943197	688	7	-3.6071	0.10193	0.093562	0.879609	289	0	-3.6071
Ntsr1	18	0.050391	0.22375	0.943197	689	11	-4.0487	0.53094	0.47587	0.90617	1486	0	-4.0487
Sstr3	20	0.050439	0.23101	0.943197	690	12	-4.0096	0.38614	0.34804	0.882295	1102	0	-4.0096
Celsr1	20	0.050617	0.23158	0.943728	691	13	-4.1804	0.30865	0.29751	0.882295	872	0	-4.1804
Faim2	20	0.050662	0.2319	0.943728	692	14	-4.2318	0.82154	0.77817	0.960285	2313	0	-4.2318
Gjb1	20	0.050766	0.23213	0.943728	693	9	-3.6014	0.17974	0.18093	0.882295	506	0	-3.6014
Sstr4	19	0.050822	0.23011	0.943197	694	12	-4.3088	0.32737	0.30477	0.882295	934	0	-4.3088
Il20rb	19	0.050999	0.23058	0.943197	695	9	-3.6879	0.88275	0.84984	0.971537	2482	0	-3.6879
Gpr3	19	0.051023	0.23059	0.943197	696	7	-3.5645	0.39113	0.34581	0.882295	1115	0	-3.5645
Olfr1211	20	0.051093	0.23519	0.946727	697	10	-3.9225	0.64665	0.57499	0.90617	1805	0	-3.9225
Cd4	20	0.051164	0.23531	0.946727	698	13	-4.2297	0.68814	0.61532	0.910668	1922	0	-4.2297
Jag2	20	0.051164	0.23531	0.946727	699	13	-4.0953	0.5401	0.48865	0.90617	1523	0	-4.0953
Crim1	20	0.051164	0.23531	0.946727	700	13	-4.0409	0.051241	0.046768	0.873617	147	0	-4.0409
Olfr66	19	0.051299	0.23076	0.943197	701	9	-3.8045	0.24155	0.24443	0.882295	672	0	-3.8045
F2rl2	20	0.051395	0.23685	0.946727	702	13	-4.1925	0.83494	0.79411	0.961935	2352	0	-4.1925
Gp1ba	20	0.051506	0.23724	0.946727	703	12	-4.1065	0.44431	0.39669	0.884347	1259	0	-4.1065
Cd27	18	0.051517	0.2291	0.943197	704	10	-3.8912	0.77594	0.72415	0.940743	2178	0	-3.8912
Npr1	18	0.051617	0.22981	0.943197	705	12	-4.1741	0.64157	0.5735	0.90617	1785	0	-4.1741
Olfr1461	20	0.051815	0.23784	0.946727	706	14	-4.1425	0.62106	0.55482	0.90617	1733	0	-4.1425
Tenm4	20	0.051815	0.23784	0.946727	707	14	-4.0983	0.88913	0.85574	0.973581	2508	0	-4.0983
Neo1	20	0.051815	0.23784	0.946727	708	14	-4.04	0.72306	0.66211	0.929375	2020	0	-4.04
P2ry2	20	0.051901	0.23872	0.946727	709	13	-4.2881	0.35004	0.32151	0.882295	1001	0	-4.2881
Enpp6	20	0.052031	0.239	0.946727	710	10	-4.0035	0.95132	0.93525	0.992009	2693	0	-4.0035
Gpc4	18	0.052086	0.23048	0.943197	711	8	-3.6072	0.77042	0.7148	0.940601	2154	0	-3.6072
Procr	20	0.052099	0.2392	0.946727	712	11	-4.067	0.97613	0.96695	0.993624	2779	0	-4.067
Gjb6	20	0.052331	0.24038	0.946727	713	11	-4.0179	0.68019	0.61042	0.910668	1898	0	-4.0179
Slc2a2	20	0.052347	0.24046	0.946727	714	8	-3.7258	0.99208	0.98732	0.995964	2831	0	-3.7258
Bst2	20	0.0524	0.24066	0.946727	715	12	-4.1333	0.57811	0.52108	0.90617	1618	0	-4.1333
Olfr1206	20	0.052545	0.24078	0.946727	716	12	-4.3036	0.96998	0.95784	0.992386	2758	0	-4.3036
Gpr26	20	0.052664	0.24106	0.946727	717	13	-4.1356	0.17974	0.18093	0.882295	503	0	-4.1356
Epha1	20	0.052749	0.24137	0.946727	718	11	-4.0916	0.21547	0.21177	0.882295	602	0	-4.0916
Tas2r119	20	0.052806	0.24162	0.946727	719	11	-3.9576	0.75227	0.68838	0.930045	2107	0	-3.9576
Olfr403	12	0.052918	0.20871	0.936669	720	9	-4.0569	0.95612	0.93817	0.992009	2705	0	-4.0569
Avpr1a	20	0.052952	0.24215	0.946727	721	13	-4.3012	0.10193	0.093562	0.879609	292	0	-4.3012
Olfr1325	20	0.052979	0.24229	0.946727	722	10	-3.7786	0.10193	0.093562	0.879609	298	0	-3.7786
Csf1	20	0.053067	0.24313	0.946727	723	12	-3.9898	0.21547	0.21177	0.882295	594	0	-3.9898
Ptprz1	20	0.053173	0.24336	0.946727	724	11	-4.104	0.23298	0.23434	0.882295	658	0	-4.104
P2ry4	20	0.05354	0.24384	0.946727	725	12	-4.1624	0.95979	0.94514	0.992009	2721	0	-4.1624
Mc5r	20	0.053605	0.24429	0.946727	726	9	-3.8126	0.81025	0.75995	0.953968	2284	0	-3.8126
Eva1c	20	0.053703	0.24466	0.946727	727	10	-3.8638	0.28073	0.2781	0.882295	782	0	-3.8638
Grin2a	20	0.053798	0.24538	0.946727	728	14	-4.0981	0.69868	0.6257	0.911911	1949	0	-4.0981
Cd300lf	20	0.053798	0.24538	0.946727	729	14	-4.1696	0.7154	0.65321	0.929375	2002	0	-4.1696
Mmp16	20	0.05407	0.24591	0.946727	730	6	-3.3431	0.77762	0.72273	0.940601	2185	0	-3.3431
Erbb3	19	0.054148	0.24047	0.946727	731	11	-4.1193	0.73437	0.67176	0.929375	2050	0	-4.1193
Cd63	20	0.054182	0.2465	0.946727	732	11	-3.9331	0.38614	0.34804	0.882295	1107	0	-3.9331
Gabrr2	20	0.054201	0.24671	0.946727	733	10	-3.8296	0.69868	0.6257	0.911911	1966	0	-3.8296
Cd5	20	0.054241	0.2468	0.946727	734	8	-3.468	0.85603	0.81196	0.963694	2413	0	-3.468
Kir3dl2	20	0.054266	0.2471	0.946727	735	11	-4.0931	0.27291	0.27495	0.882295	760	0	-4.0931
Pcdhgc3	18	0.054742	0.23896	0.946727	736	10	-4.1057	0.97605	0.96508	0.993624	2776	0	-4.1057
Olfr982	20	0.054924	0.24919	0.946727	737	14	-3.9215	0.95635	0.94055	0.992009	2709	0	-3.9215
Fzd9	20	0.054924	0.24919	0.946727	738	14	-4.1151	0.016329	0.015841	0.854381	52	0	-4.1151
Olfr224	20	0.054924	0.24919	0.946727	739	14	-4.02	0.79967	0.74509	0.946427	2251	0	-4.02
Clrn1	20	0.054927	0.24964	0.946727	740	10	-3.9282	0.59308	0.53007	0.90617	1648	0	-3.9282
Cd14	16	0.054928	0.22794	0.943197	741	7	-3.6119	0.62565	0.55982	0.90617	1740	0	-3.6119
Olfr1209	20	0.0551	0.24994	0.946727	742	12	-4.2538	0.31911	0.30329	0.882295	893	0	-4.2538
Gpr6	20	0.055184	0.25024	0.946727	743	12	-4.2492	0.81573	0.77038	0.959277	2297	0	-4.2492
Olfr1268-ps1	20	0.055269	0.25045	0.946727	744	13	-4.3008	0.46193	0.40528	0.888268	1304	0	-4.3008
1810055G02Rik	20	0.055269	0.25045	0.946727	745	10	-4.0853	0.90342	0.87248	0.975309	2553	0	-4.0853
Slc4a7	20	0.055344	0.2507	0.946727	746	10	-3.6811	0.60065	0.53203	0.90617	1676	0	-3.6811
Flt4	20	0.055422	0.25092	0.946727	747	10	-3.9335	0.8929	0.86008	0.973581	2526	0	-3.9335
Cdh16	20	0.0556	0.25098	0.946727	748	12	-4.1544	0.75933	0.69314	0.930045	2130	0	-4.1544
Olfr168	20	0.05577	0.25204	0.946727	749	12	-4.2595	0.7154	0.65321	0.929375	1994	0	-4.2595
Gpr119	20	0.055772	0.25204	0.946727	750	9	-3.8099	0.36791	0.33565	0.882295	1046	0	-3.8099
Insrr	20	0.055986	0.25234	0.946727	751	12	-4.0942	0.64665	0.57499	0.90617	1801	0	-4.0942
Ifnlr1	20	0.056131	0.25326	0.946727	752	10	-3.8237	0.87693	0.84092	0.971189	2463	0	-3.8237
Olfr1415	20	0.056243	0.25327	0.946727	753	6	-3.5922	0.016329	0.015841	0.854381	43	0	-3.5922
Lrp4	20	0.056243	0.25327	0.946727	754	9	-3.6227	0.62106	0.55482	0.90617	1730	0	-3.6227
Tmeff1	19	0.05627	0.24703	0.946727	755	10	-3.9288	0.52189	0.47219	0.90617	1454	0	-3.9288
Slc13a2	20	0.056288	0.25435	0.946727	756	8	-3.4949	0.22414	0.22158	0.882295	628	0	-3.4949
Tmprss5	19	0.056378	0.24768	0.946727	757	11	-4.1838	0.21423	0.21272	0.882295	591	0	-4.1838
Qrfpr	20	0.056433	0.25604	0.946727	758	11	-4.2607	0.8929	0.86008	0.973581	2522	0	-4.2607
Cadm4	20	0.056692	0.25699	0.946727	759	8	-3.4416	0.62106	0.55482	0.90617	1738	0	-3.4416
Ackr2	20	0.05676	0.25737	0.946727	760	13	-4.0729	0.84722	0.8038	0.962166	2387	0	-4.0729
Cd83	18	0.056911	0.24466	0.946727	761	10	-3.9467	0.81086	0.76542	0.956944	2286	0	-3.9467
Tspan5	20	0.057085	0.25782	0.946727	762	14	-4.1896	0.95819	0.94309	0.992009	2716	0	-4.1896
Lrrtm3	20	0.057097	0.25808	0.946727	763	10	-3.8588	0.96267	0.94878	0.992009	2731	0	-3.8588
Slc26a5	20	0.057174	0.25869	0.946727	764	11	-4.1343	0.83494	0.79411	0.961935	2346	0	-4.1343
Gpr39	20	0.057174	0.25869	0.946727	765	9	-3.1676	0.041069	0.042959	0.873617	117	0	-3.1676
H2-T3	19	0.057231	0.24954	0.946727	766	11	-4.2652	0.26878	0.26734	0.882295	754	0	-4.2652
Olfr1499	20	0.057389	0.25921	0.946727	767	8	-3.7139	0.49523	0.43411	0.893868	1384	0	-3.7139
Olfr688	16	0.057517	0.23382	0.946727	768	10	-4.2038	0.25568	0.24672	0.882295	726	0	-4.2038
Fzd2	20	0.057929	0.26065	0.946727	769	13	-4.1645	0.9723	0.96144	0.993417	2762	0	-4.1645
Slc4a10	20	0.058174	0.26166	0.946727	770	10	-3.8812	0.48453	0.42352	0.891333	1353	0	-3.8812
Insr	20	0.058301	0.26192	0.946727	771	12	-4.1765	0.35914	0.32587	0.882295	1018	0	-4.1765
Taar8b	16	0.058502	0.23881	0.946727	772	9	-4.1734	0.91374	0.88989	0.97874	2589	0	-4.1734
Antxr1	20	0.058746	0.26251	0.946727	773	11	-4.001	0.55758	0.50558	0.90617	1553	0	-4.001
Panx2	20	0.058829	0.26289	0.946727	774	11	-4.1265	0.18919	0.19239	0.882295	534	0	-4.1265
Lrit2	20	0.058894	0.26309	0.946727	775	9	-3.771	0.60714	0.53684	0.90617	1683	0	-3.771
Grik3	20	0.058936	0.26323	0.946727	776	12	-4.2351	0.40682	0.35987	0.882295	1148	0	-4.2351
Emp3	20	0.058962	0.26354	0.946727	777	13	-4.2217	0.90342	0.87248	0.975309	2549	0	-4.2217
Slc22a17	20	0.059273	0.26426	0.946727	778	9	-3.7218	0.2525	0.2543	0.882295	721	0	-3.7218
Ano9	18	0.059471	0.25305	0.946727	779	12	-4.2501	0.54679	0.49072	0.90617	1530	0	-4.2501
Gjb2	20	0.059573	0.26504	0.946727	780	12	-3.9874	0.64665	0.57499	0.90617	1804	0	-3.9874
Scn3b	18	0.05975	0.25368	0.946727	781	11	-4.2399	0.6496	0.57831	0.90617	1813	0	-4.2399
Tmem108	20	0.0599	0.26742	0.946727	782	8	-3.6639	0.86489	0.82523	0.968591	2433	0	-3.6639
Olfr1463	20	0.060124	0.26862	0.946727	783	9	-3.8015	0.29851	0.29006	0.882295	826	0	-3.8015
Olfr648	20	0.060365	0.26879	0.946727	784	11	-3.9383	0.37709	0.34388	0.882295	1072	0	-3.9383
Nrn1l	20	0.060404	0.26887	0.946727	785	9	-3.7061	0.45422	0.40282	0.888268	1286	0	-3.7061
Slc1a5	18	0.06043	0.25581	0.946727	786	12	-4.1051	0.48703	0.43601	0.894091	1359	0	-4.1051
Cdhr5	20	0.060684	0.26931	0.946727	787	10	-3.7378	0.021879	0.023608	0.873617	64	0	-3.7378
Slc52a2	20	0.060727	0.26949	0.946727	788	10	-3.8166	0.77762	0.72273	0.940601	2195	0	-3.8166
Slc26a6	20	0.060727	0.26949	0.946727	789	8	-3.7736	0.8929	0.86008	0.973581	2521	0	-3.7736
Atp13a2	20	0.060751	0.2699	0.946727	790	11	-4.1793	0.012066	0.013878	0.854381	37	0	-4.1793
Slc22a15	19	0.060778	0.25973	0.946727	791	6	-3.7894	0.42775	0.38186	0.882295	1220	0	-3.7894
Gpr25	20	0.061012	0.27032	0.946727	792	11	-3.9831	0.058802	0.054332	0.879609	169	0	-3.9831
Slc24a4	20	0.061014	0.27044	0.946727	793	10	-4.0105	0.95635	0.94055	0.992009	2708	0	-4.0105
Opalin	18	0.061148	0.25813	0.946727	794	6	-3.6869	0.23043	0.23283	0.882295	638	0	-3.6869
Gpr45	20	0.061222	0.27066	0.946727	795	10	-3.8081	0.9668	0.95339	0.992386	2746	0	-3.8081
Slc6a13	19	0.061713	0.26224	0.946727	796	13	-4.2425	0.80548	0.76242	0.955285	2270	0	-4.2425
Duox1	20	0.061767	0.27215	0.946727	797	9	-3.8527	0.98982	0.98367	0.995868	2823	0	-3.8527
H2-T22	20	0.061967	0.27236	0.946727	798	7	-3.5712	0.68814	0.61532	0.910668	1913	0	-3.5712
Olfr94	20	0.062093	0.27339	0.946727	799	11	-3.9767	0.79967	0.74509	0.946427	2254	0	-3.9767
Ifngr2	20	0.062118	0.2735	0.946727	800	13	-4.01	0.021879	0.023608	0.873617	63	0	-4.01
Mamdc4	20	0.062118	0.2735	0.946727	801	13	-4.1322	0.86881	0.83095	0.970125	2444	0	-4.1322
Nrn1	20	0.062726	0.27517	0.946727	802	13	-4.2356	0.49523	0.43411	0.893868	1382	0	-4.2356
Piezo1	20	0.062726	0.27517	0.946727	803	13	-4.2064	0.43424	0.38797	0.882295	1237	0	-4.2064
Grm2	20	0.062726	0.27517	0.946727	804	11	-4.1408	0.74592	0.68421	0.930045	2092	0	-4.1408
Slc2a5	20	0.062726	0.27517	0.946727	805	12	-4.1644	0.62937	0.56602	0.90617	1748	0	-4.1644
Olfr160	18	0.062979	0.26261	0.946727	806	9	-3.9003	0.068031	0.066866	0.879609	193	0	-3.9003
Grin2d	20	0.063031	0.27581	0.946727	807	10	-3.8655	0.55758	0.50558	0.90617	1568	0	-3.8655
Pcdhga5	18	0.063081	0.26272	0.946727	808	9	-4.0233	0.33823	0.30771	0.882295	962	0	-4.0233
Impg2	20	0.063178	0.27589	0.946727	809	8	-3.7345	0.5401	0.48865	0.90617	1509	0	-3.7345
Tspan11	19	0.063469	0.2672	0.946727	810	13	-4.025	0.92892	0.90844	0.98346	2631	0	-4.025
Ptpru	20	0.063534	0.27667	0.946727	811	11	-4.0239	0.59308	0.53007	0.90617	1662	0	-4.0239
Mrgpra1	19	0.063632	0.26725	0.946727	812	8	-3.7172	0.066211	0.063068	0.879609	191	0	-3.7172
Slc5a11	20	0.063656	0.27677	0.946727	813	13	-4.2108	0.86055	0.81891	0.965955	2425	0	-4.2108
Dpp6	20	0.063656	0.27677	0.946727	814	12	-4.1548	0.94423	0.92469	0.986842	2677	0	-4.1548
Cldn6	19	0.063697	0.26786	0.946727	815	10	-3.8837	0.71636	0.65408	0.929375	2009	0	-3.8837
Pcdh15	20	0.06386	0.27722	0.946727	816	12	-4.1862	0.73993	0.67671	0.929375	2073	0	-4.1862
Olfr494	20	0.063968	0.2773	0.946727	817	10	-3.6819	0.60065	0.53203	0.90617	1674	0	-3.6819
Olfr1036	20	0.064084	0.27755	0.946727	818	11	-4.2785	0.36791	0.33565	0.882295	1048	0	-4.2785
Ptchd4	20	0.064091	0.27772	0.946727	819	11	-3.9693	0.40682	0.35987	0.882295	1161	0	-3.9693
Npy2r	18	0.064139	0.26645	0.946727	820	9	-3.938	0.6773	0.61593	0.910668	1890	0	-3.938
Tnfrsf4	20	0.06422	0.27824	0.946727	821	11	-4.1616	0.35914	0.32587	0.882295	1030	0	-4.1616
Flvcr1	20	0.064428	0.27854	0.946727	822	9	-3.8152	0.73993	0.67671	0.929375	2077	0	-3.8152
Pcdh8	20	0.064428	0.27854	0.946727	823	11	-4.0083	0.70718	0.63959	0.922816	1978	0	-4.0083
Flrt3	20	0.064554	0.27893	0.946727	824	12	-4.2578	0.73456	0.67065	0.929375	2055	0	-4.2578
Slc7a4	20	0.064582	0.2791	0.946727	825	10	-3.8506	0.064748	0.059995	0.879609	180	0	-3.8506
Tmem106a	19	0.064674	0.27084	0.946727	826	13	-4.0509	0.25181	0.25589	0.882295	697	0	-4.0509
Adam25	18	0.064726	0.26777	0.946727	827	11	-4.279	0.9057	0.87728	0.975309	2561	0	-4.279
Trem2	18	0.064936	0.26873	0.946727	828	10	-4.156	0.64157	0.5735	0.90617	1783	0	-4.156
Olfr1467	20	0.065032	0.27996	0.946727	829	11	-3.9517	0.84722	0.8038	0.962166	2390	0	-3.9517
Slc16a6	20	0.065198	0.28027	0.946727	830	10	-3.9387	0.57811	0.52108	0.90617	1615	0	-3.9387
Nradd	20	0.065335	0.28039	0.946727	831	11	-4.2334	0.086499	0.082334	0.879609	250	0	-4.2334
Ntsr2	20	0.065335	0.28039	0.946727	832	11	-4.2494	0.11416	0.10603	0.882295	335	0	-4.2494
F2rl3	20	0.065434	0.28095	0.946727	833	13	-4.2059	0.02934	0.035296	0.873617	84	0	-4.2059
Nfam1	18	0.065483	0.27149	0.946727	834	12	-4.0538	0.6496	0.57831	0.90617	1814	0	-4.0538
Olfr285	18	0.065483	0.27149	0.946727	835	12	-4.0401	0.42015	0.37105	0.882295	1195	0	-4.0401
Fgfr2	20	0.065528	0.28144	0.946727	836	10	-3.9368	0.35914	0.32587	0.882295	1024	0	-3.9368
Cdh2	20	0.065761	0.28203	0.946727	837	9	-3.7931	0.99246	0.98782	0.995964	2833	0	-3.7931
Drd2	20	0.065886	0.28231	0.946727	838	12	-4.1079	0.99109	0.98564	0.995964	2825	0	-4.1079
Syp	20	0.065921	0.28231	0.946727	839	10	-3.9077	0.44431	0.39669	0.884347	1263	0	-3.9077
Itga7	20	0.065921	0.28231	0.946727	840	10	-3.9017	0.26315	0.26602	0.882295	747	0	-3.9017
Slc39a5	20	0.066285	0.28342	0.946727	841	11	-4.0873	0.15728	0.16058	0.882295	448	0	-4.0873
Gm12169	18	0.06649	0.27433	0.946727	842	11	-4.0194	0.97605	0.96508	0.993624	2775	0	-4.0194
Rpn1	20	0.066617	0.28361	0.946727	843	13	-4.1558	0.02934	0.035296	0.873617	81	0	-4.1558
Scn11a	20	0.066794	0.28392	0.946727	844	12	-4.0997	0.49523	0.43411	0.893868	1374	0	-4.0997
Dscaml1	20	0.066829	0.28414	0.946727	845	11	-4.18	0.7154	0.65321	0.929375	2001	0	-4.18
Slc46a1	20	0.066829	0.28414	0.946727	846	11	-4.2236	0.093188	0.08798	0.879609	260	0	-4.2236
Neto1	20	0.067084	0.28467	0.946727	847	11	-4.1108	0.72899	0.66643	0.929375	2043	0	-4.1108
Fam189b	20	0.067085	0.28471	0.946727	848	9	-3.7873	0.49523	0.43411	0.893868	1370	0	-3.7873
Olfr1267-ps1	20	0.067124	0.28483	0.946727	849	11	-4.0047	0.77762	0.72273	0.940601	2187	0	-4.0047
C5ar2	20	0.067211	0.28503	0.946727	850	11	-3.971	0.47677	0.41754	0.891333	1329	0	-3.971
Rtn4r	20	0.067396	0.28511	0.946727	851	11	-3.9674	0.60714	0.53684	0.90617	1688	0	-3.9674
H2-M1	20	0.067505	0.28529	0.946727	852	11	-4.063	0.87693	0.84092	0.971189	2462	0	-4.063
Tspan1	18	0.067934	0.2777	0.946727	853	11	-4.1577	0.53094	0.47587	0.90617	1483	0	-4.1577
Fzd6	20	0.068018	0.2868	0.946727	854	4	-3.16	0.23298	0.23434	0.882295	655	0	-3.16
Olfr750	20	0.068168	0.28726	0.946727	855	10	-3.9811	0.83494	0.79411	0.961935	2345	0	-3.9811
Lypd1	20	0.068168	0.28726	0.946727	856	11	-4.1335	0.058802	0.054332	0.879609	175	0	-4.1335
Cldnd1	20	0.06864	0.28802	0.946727	857	9	-3.6245	0.17199	0.16919	0.882295	484	0	-3.6245
Slc9a3	20	0.068737	0.28812	0.946727	858	12	-4.1546	0.94256	0.92289	0.986842	2671	0	-4.1546
Gabra5	20	0.068895	0.28845	0.946727	859	10	-3.8568	0.36791	0.33565	0.882295	1053	0	-3.8568
Pik3ip1	20	0.068942	0.28852	0.946727	860	13	-4.0958	0.9918	0.9868	0.995964	2829	0	-4.0958
Grm4	19	0.069188	0.28634	0.946727	861	7	-3.7936	0.37098	0.33393	0.882295	1060	0	-3.7936
Pcdha7	16	0.069198	0.27202	0.946727	862	10	-4.0187	0.83257	0.79245	0.961935	2343	0	-4.0187
Unc93a	15	0.06958	0.276	0.946727	863	8	-3.9392	0.89041	0.86222	0.974386	2513	0	-3.9392
Sorl1	18	0.069846	0.28203	0.946727	864	11	-4.1678	0.29877	0.28036	0.882295	850	0	-4.1678
Ceacam3	18	0.069929	0.28215	0.946727	865	9	-3.9172	0.59867	0.53227	0.90617	1665	0	-3.9172
Plxna4	20	0.070036	0.29235	0.952525	866	12	-4.2012	0.72899	0.66643	0.929375	2045	0	-4.2012
Olfr552	20	0.070551	0.29327	0.952525	867	10	-3.9244	0.35914	0.32587	0.882295	1033	0	-3.9244
Olfr1269	16	0.070623	0.27622	0.946727	868	10	-4.294	0.0070252	0.0093588	0.854381	20	0	-4.294
Olfr641	20	0.070772	0.29417	0.952525	869	12	-4.2051	0.80505	0.75102	0.949324	2261	0	-4.2051
Adra2b	20	0.070772	0.29417	0.952525	870	13	-4.1645	0.33146	0.31022	0.882295	941	0	-4.1645
H2-M10.6	20	0.070772	0.29417	0.952525	871	13	-4.162	0.15728	0.16058	0.882295	443	0	-4.162
Cdh17	20	0.071235	0.29603	0.952525	872	13	-4.1965	0.55758	0.50558	0.90617	1570	0	-4.1965
Kel	19	0.071318	0.29226	0.952525	873	7	-3.6	0.76703	0.71184	0.940132	2152	0	-3.6
Kir3dl1	20	0.071421	0.29657	0.952525	874	11	-3.8838	0.50452	0.4411	0.894091	1403	0	-3.8838
Epor	20	0.07145	0.29684	0.952525	875	9	-3.8611	0.064748	0.059995	0.879609	186	0	-3.8611
Olfr453	20	0.071529	0.29721	0.952525	876	12	-3.9735	0.82154	0.77817	0.960285	2303	0	-3.9735
Pcdhac2	17	0.071551	0.28717	0.946727	877	11	-4.2124	0.22861	0.23264	0.882295	635	0	-4.2124
Olfr308	20	0.071557	0.29752	0.952525	878	7	-3.4767	0.35914	0.32587	0.882295	1032	0	-3.4767
H2-DMb2	20	0.07163	0.29796	0.952525	879	8	-3.7808	0.5237	0.47011	0.90617	1468	0	-3.7808
Olfr452	20	0.071856	0.29812	0.952525	880	10	-3.746	0.62106	0.55482	0.90617	1732	0	-3.746
Fpr-rs3	20	0.071871	0.29813	0.952525	881	11	-3.9422	0.0048099	1.7322e-06	0.00033	15	0	-3.9422
Slc6a6	20	0.072053	0.29819	0.952525	882	10	-3.9365	0.79396	0.73839	0.946427	2230	0	-3.9365
Epha7	20	0.072127	0.29819	0.952525	883	11	-4.0148	0.94756	0.92915	0.989391	2685	0	-4.0148
Atp2b2	20	0.072152	0.29819	0.952525	884	11	-3.9215	0.91918	0.89188	0.97874	2604	0	-3.9215
Ano5	20	0.072405	0.30095	0.952525	885	12	-4.1813	0.9167	0.88823	0.977873	2591	0	-4.1813
Olfr449	20	0.072474	0.30153	0.952525	886	11	-3.9674	0.50452	0.4411	0.894091	1405	0	-3.9674
Slc18a2	18	0.072643	0.28851	0.946727	887	11	-4.2565	0.60792	0.53752	0.90617	1693	0	-4.2565
Lrrc4c	20	0.07281	0.30231	0.952525	888	9	-3.6779	0.90876	0.87873	0.975309	2574	0	-3.6779
Itgb2l	20	0.073051	0.30249	0.952525	889	10	-3.8797	0.46193	0.40528	0.888268	1294	0	-3.8797
Gpr141	20	0.073051	0.30249	0.952525	890	9	-3.7948	0.19706	0.1972	0.882295	557	0	-3.7948
Gjb5	19	0.07343	0.29816	0.952525	891	12	-4.1625	0.7829	0.72867	0.941902	2206	0	-4.1625
Apcdd1	20	0.073498	0.3047	0.952525	892	10	-3.9687	0.49523	0.43411	0.893868	1373	0	-3.9687
Gipr	20	0.073498	0.3047	0.952525	893	12	-4.051	0.90577	0.8756	0.975309	2566	0	-4.051
Olfr151	20	0.073589	0.30494	0.952525	894	11	-4.2395	0.35914	0.32587	0.882295	1020	0	-4.2395
Ntrk2	20	0.073589	0.30494	0.952525	895	12	-4.1442	0.56878	0.51189	0.90617	1602	0	-4.1442
Esyt3	20	0.074008	0.30518	0.952525	896	11	-4.0189	0.51382	0.45342	0.89833	1438	0	-4.0189
Olfr78	20	0.074302	0.30573	0.952525	897	13	-4.0178	0.37709	0.34388	0.882295	1073	0	-4.0178
Olfr195	20	0.074322	0.30599	0.952525	898	9	-3.6809	0.080685	0.078752	0.879609	229	0	-3.6809
Fcgr4	16	0.074644	0.28724	0.946727	899	11	-4.0517	0.97234	0.95822	0.992386	2766	0	-4.0517
Slc39a4	20	0.074695	0.3069	0.952525	900	11	-4.2057	0.55758	0.50558	0.90617	1559	0	-4.2057
Mertk	20	0.074836	0.30701	0.952525	901	7	-3.725	0.43424	0.38797	0.882295	1223	0	-3.725
Pcdhga7	18	0.074866	0.29514	0.952525	902	11	-4.0945	0.062838	0.059896	0.879609	176	0	-4.0945
Tspan2	18	0.075192	0.29578	0.952525	903	10	-3.9432	0.16333	0.16532	0.882295	456	0	-3.9432
Slc7a5	19	0.075197	0.30289	0.952525	904	10	-3.878	0.89145	0.86084	0.973581	2515	0	-3.878
Slc46a2	20	0.075453	0.3081	0.952525	905	9	-3.757	0.15728	0.16058	0.882295	437	0	-3.757
Gucy2c	20	0.075644	0.30852	0.952525	906	12	-3.9681	0.92214	0.89518	0.97874	2609	0	-3.9681
Cdh23	20	0.07569	0.30881	0.952525	907	13	-3.9996	0.59308	0.53007	0.90617	1647	0	-3.9996
Ntng2	19	0.075698	0.30391	0.952525	908	10	-3.985	0.69695	0.63674	0.922816	1943	0	-3.985
Gpr18	20	0.075746	0.30937	0.952525	909	12	-4.2217	0.68019	0.61042	0.910668	1902	0	-4.2217
Cdhr2	20	0.075762	0.30945	0.952525	910	11	-4.1137	0.80505	0.75102	0.949324	2265	0	-4.1137
Olfr1234	20	0.075804	0.30953	0.952525	911	8	-3.5335	0.37709	0.34388	0.882295	1087	0	-3.5335
Gpa33	20	0.075973	0.30968	0.952525	912	13	-4.1629	0.53169	0.48004	0.90617	1492	0	-4.1629
Olfr1047	20	0.076164	0.31003	0.952525	913	9	-3.6096	0.70718	0.63959	0.922816	1977	0	-3.6096
Tacr2	20	0.076173	0.31053	0.952525	914	10	-3.8674	0.53169	0.48004	0.90617	1500	0	-3.8674
Slc52a3	20	0.076547	0.31088	0.952525	915	13	-4.2069	0.91172	0.88166	0.975909	2586	0	-4.2069
Dcbld1	18	0.076657	0.303	0.952525	916	6	-3.4935	0.37502	0.3303	0.882295	1065	0	-3.4935
Slc22a29	20	0.076694	0.31136	0.952525	917	13	-4.1689	0.88913	0.85574	0.973581	2507	0	-4.1689
Islr2	20	0.076756	0.3117	0.952525	918	10	-3.7951	0.33146	0.31022	0.882295	958	0	-3.7951
Ptprt	20	0.076921	0.31197	0.952525	919	12	-4.0478	0.67514	0.60642	0.910668	1885	0	-4.0478
Efna3	20	0.077094	0.31229	0.952525	920	12	-4.211	0.14848	0.15732	0.882295	418	0	-4.211
Chrnb1	20	0.077303	0.31309	0.952525	921	12	-4.1671	0.45422	0.40282	0.888268	1290	0	-4.1671
Shisa8	18	0.077349	0.30414	0.952525	922	8	-3.7413	0.27319	0.26571	0.882295	776	0	-3.7413
Ffar2	18	0.077504	0.30441	0.952525	923	10	-4.172	0.30399	0.28423	0.882295	852	0	-4.172
Slc29a2	20	0.077737	0.31345	0.952525	924	11	-4.1528	0.68814	0.61532	0.910668	1924	0	-4.1528
Umod	20	0.077848	0.31392	0.952525	925	10	-3.8338	0.29851	0.29006	0.882295	842	0	-3.8338
Fndc9	17	0.077953	0.3057	0.952525	926	9	-4.1425	0.75653	0.70414	0.938201	2118	0	-4.1425
Npc1l1	20	0.077985	0.31434	0.952525	927	12	-4.0293	0.94423	0.92469	0.986842	2675	0	-4.0293
Tnfrsf18	20	0.078098	0.3145	0.952525	928	11	-4.1823	0.3961	0.35467	0.882295	1140	0	-4.1823
Tmx4	18	0.078197	0.30659	0.952525	929	10	-3.977	0.2403	0.24405	0.882295	667	0	-3.977
Cdh6	20	0.078226	0.31488	0.952525	930	9	-3.844	0.84281	0.79903	0.961935	2369	0	-3.844
Ly6k	20	0.078226	0.31488	0.952525	931	9	-3.697	0.63738	0.56966	0.90617	1768	0	-3.697
P2rx1	20	0.078264	0.31512	0.952525	932	13	-4.206	0.87306	0.83698	0.971189	2450	0	-4.206
Ly75	20	0.078456	0.31572	0.952525	933	13	-4.1546	0.31911	0.30329	0.882295	910	0	-4.1546
Tmem63c	20	0.080071	0.3193	0.952525	934	12	-4.0184	0.87693	0.84092	0.971189	2469	0	-4.0184
Pcdh12	20	0.080262	0.31944	0.952525	935	11	-4.0152	0.27291	0.27495	0.882295	761	0	-4.0152
Gm42957	18	0.080454	0.31207	0.952525	936	10	-4.0984	0.37502	0.3303	0.882295	1066	0	-4.0984
Folr2	20	0.080537	0.31959	0.952525	937	11	-3.9189	0.7154	0.65321	0.929375	2004	0	-3.9189
Slc2a6	20	0.080552	0.31972	0.952525	938	8	-3.6211	0.88331	0.84682	0.971189	2493	0	-3.6211
Oprd1	20	0.080556	0.32001	0.952525	939	9	-3.7182	0.3961	0.35467	0.882295	1130	0	-3.7182
Gpr153	20	0.080685	0.32042	0.952525	940	9	-3.7811	0.88651	0.8512	0.971537	2504	0	-3.7811
Otoa	19	0.080697	0.32249	0.952525	941	8	-3.7069	0.22274	0.22495	0.882295	617	0	-3.7069
Psca	20	0.080813	0.32084	0.952525	942	11	-4.0961	0.48453	0.42352	0.891333	1350	0	-4.0961
Gpr1	19	0.08089	0.32309	0.952525	943	12	-4.149	0.22274	0.22495	0.882295	618	0	-4.149
Fcgr3	20	0.081337	0.32366	0.952525	944	11	-4.2212	0.051241	0.046768	0.873617	152	0	-4.2212
Ackr1	20	0.081429	0.32386	0.952525	945	12	-4.1898	0.92214	0.89518	0.97874	2608	0	-4.1898
Pilrb1	20	0.081605	0.32501	0.952525	946	8	-3.7121	0.19706	0.1972	0.882295	550	0	-3.7121
Aqp5	20	0.081912	0.32543	0.952525	947	11	-3.9719	0.26315	0.26602	0.882295	736	0	-3.9719
Ccr1l1	19	0.081943	0.32561	0.952525	948	10	-3.9322	0.048742	0.044745	0.873617	137	0	-3.9322
Siglecf	20	0.081983	0.32546	0.952525	949	12	-4.1984	0.67514	0.60642	0.910668	1878	0	-4.1984
Ednra	20	0.082199	0.32598	0.952525	950	10	-3.9604	0.075299	0.073308	0.879609	222	0	-3.9604
Itgb2	20	0.082322	0.32621	0.952525	951	10	-3.9167	0.48453	0.42352	0.891333	1342	0	-3.9167
Spint2	18	0.082528	0.31674	0.952525	952	11	-4.2581	0.81086	0.76542	0.956944	2287	0	-4.2581
Rnf130	19	0.082787	0.32886	0.952525	953	13	-4.0984	0.56628	0.5101	0.90617	1577	0	-4.0984
Gpr137	18	0.082863	0.3179	0.952525	954	8	-3.5604	0.7587	0.70157	0.935214	2121	0	-3.5604
Csmd2	20	0.082969	0.32764	0.952525	955	12	-4.1631	0.72306	0.66211	0.929375	2019	0	-4.1631
Sgcd	18	0.083095	0.31918	0.952525	956	10	-4.1784	0.29898	0.28036	0.882295	851	0	-4.1784
Pecam1	20	0.083102	0.32811	0.952525	957	11	-4.1735	0.3961	0.35467	0.882295	1132	0	-4.1735
Olfr446	20	0.083385	0.32873	0.952525	958	10	-3.9241	0.59308	0.53007	0.90617	1649	0	-3.9241
Cldn15	18	0.083899	0.32084	0.952525	959	9	-3.8552	0.57471	0.50572	0.90617	1608	0	-3.8552
Gjd2	20	0.084063	0.33319	0.952525	960	10	-3.952	0.036104	0.039129	0.873617	105	0	-3.952
Olfr17	20	0.084244	0.33397	0.952525	961	12	-4.1207	0.93166	0.90913	0.98346	2638	0	-4.1207
Cd209f	20	0.084321	0.33436	0.952525	962	11	-4.1251	0.5401	0.48865	0.90617	1518	0	-4.1251
Neto2	20	0.084321	0.33436	0.952525	963	11	-4.1569	0.20551	0.20524	0.882295	570	0	-4.1569
Olfr520	20	0.084377	0.33455	0.952525	964	9	-3.7995	0.5237	0.47011	0.90617	1467	0	-3.7995
Itga4	20	0.084377	0.33455	0.952525	965	9	-3.6958	0.30865	0.29751	0.882295	867	0	-3.6958
Notch3	19	0.084512	0.33388	0.952525	966	9	-3.8287	0.35324	0.32198	0.882295	1011	0	-3.8287
Flt1	20	0.084517	0.33486	0.952525	967	11	-4.0063	0.79967	0.74509	0.946427	2253	0	-4.0063
Olfr681	18	0.084573	0.3221	0.952525	968	6	-3.4414	0.2403	0.24405	0.882295	668	0	-3.4414
Mrgpra2b	8	0.0846	0.26267	0.946727	969	6	-4.2196	0.95853	0.94751	0.992009	2717	0	-4.2196
Nkain1	20	0.084667	0.33487	0.952525	970	13	-4.0575	0.85603	0.81196	0.963694	2414	0	-4.0575
Lrig3	19	0.084764	0.33454	0.952525	971	9	-3.8417	0.83217	0.78885	0.961935	2341	0	-3.8417
Atp1a4	18	0.084784	0.32321	0.952525	972	12	-3.9791	0.74155	0.68539	0.930045	2083	0	-3.9791
Lrp6	18	0.084849	0.32325	0.952525	973	9	-3.7661	0.9057	0.87728	0.975309	2558	0	-3.7661
Tlr9	18	0.08489	0.32341	0.952525	974	9	-3.6735	0.18702	0.18778	0.882295	521	0	-3.6735
Olfr3	20	0.085036	0.33531	0.952525	975	10	-4.0354	0.49523	0.43411	0.893868	1376	0	-4.0354
Bdkrb2	20	0.085049	0.33561	0.952525	976	12	-4.1836	0.95325	0.93739	0.992009	2697	0	-4.1836
Clec2d	18	0.085241	0.32369	0.952525	977	8	-3.4778	0.75109	0.69209	0.930045	2101	0	-3.4778
Csf3r	20	0.085252	0.33623	0.952525	978	10	-3.8539	0.15728	0.16058	0.882295	444	0	-3.8539
Slc10a1	20	0.085371	0.33653	0.952525	979	11	-3.9256	0.14848	0.15732	0.882295	413	0	-3.9256
Tmem132a	20	0.085534	0.3368	0.952525	980	12	-4.1139	0.54861	0.49816	0.90617	1541	0	-4.1139
Fzd7	20	0.085534	0.3368	0.952525	981	12	-4.1471	0.24248	0.24525	0.882295	682	0	-4.1471
Abcg5	20	0.085687	0.33709	0.952525	982	13	-4.0657	0.74592	0.68421	0.930045	2088	0	-4.0657
Olfr464	20	0.085687	0.33709	0.952525	983	13	-4.0993	0.96553	0.95175	0.992009	2742	0	-4.0993
Slc22a28	17	0.08583	0.32506	0.952525	984	9	-4.0304	0.44948	0.39045	0.884347	1280	0	-4.0304
Kirrel3	18	0.085985	0.32583	0.952525	985	10	-4.1872	0.80236	0.76037	0.953968	2259	0	-4.1872
Kcnmb2	18	0.086059	0.3262	0.952525	986	8	-3.7016	0.12167	0.13123	0.882295	344	0	-3.7016
Unc93b1	20	0.08657	0.34096	0.952525	987	10	-3.9509	0.72306	0.66211	0.929375	2023	0	-3.9509
Rxfp1	20	0.086607	0.34115	0.952525	988	12	-4.0835	0.69868	0.6257	0.911911	1956	0	-4.0835
Clstn2	20	0.086648	0.34126	0.952525	989	13	-3.9472	0.84722	0.8038	0.962166	2382	0	-3.9472
Gabrd	19	0.087167	0.33881	0.952525	990	11	-4.2486	0.68864	0.62341	0.911911	1937	0	-4.2486
Olfr171	15	0.087366	0.3234	0.952525	991	10	-4.1747	0.022086	0.026611	0.873617	70	0	-4.1747
Nmur2	20	0.087395	0.3428	0.952525	992	13	-4.0476	0.98872	0.98181	0.995399	2818	0	-4.0476
Lamp5	20	0.087395	0.3428	0.952525	993	13	-4.014	0.57811	0.52108	0.90617	1624	0	-4.014
Abca1	19	0.087767	0.34053	0.952525	994	12	-4.0724	0.91154	0.88496	0.977873	2582	0	-4.0724
Aplp1	18	0.087769	0.32991	0.952525	995	10	-4.038	0.10336	0.097396	0.882295	305	0	-4.038
Slc4a8	20	0.088073	0.34459	0.952525	996	13	-3.9935	0.7154	0.65321	0.929375	1999	0	-3.9935
Gpr182	20	0.088176	0.34495	0.952525	997	9	-3.5484	0.080685	0.078752	0.879609	230	0	-3.5484
Adam30	20	0.088241	0.34507	0.952525	998	12	-4.1499	0.093188	0.08798	0.879609	265	0	-4.1499
Gprc5a	20	0.088241	0.34507	0.952525	999	12	-4.1019	0.46981	0.41146	0.891333	1309	0	-4.1019
Cuzd1	20	0.088241	0.34507	0.952525	1000	13	-4.1676	0.97775	0.96903	0.993624	2784	0	-4.1676
Cd300c2	20	0.088419	0.34553	0.952525	1001	12	-4.2156	0.10193	0.093562	0.879609	295	0	-4.2156
Slc6a3	18	0.088592	0.33186	0.952525	1002	10	-4.1953	0.32998	0.29874	0.882295	937	0	-4.1953
Pkd1l1	20	0.088762	0.34578	0.952525	1003	10	-3.8707	0.59308	0.53007	0.90617	1651	0	-3.8707
Slc12a9	20	0.088785	0.34598	0.952525	1004	12	-3.9878	0.041069	0.042959	0.873617	115	0	-3.9878
Ccr7	20	0.088785	0.34598	0.952525	1005	8	-3.4202	0.40682	0.35987	0.882295	1152	0	-3.4202
Sdc1	20	0.088934	0.34612	0.952525	1006	13	-4.0632	0.96553	0.95175	0.992009	2740	0	-4.0632
Itga2	20	0.088976	0.3465	0.952525	1007	13	-4.1937	0.77066	0.71122	0.940132	2161	0	-4.1937
Olfr508	20	0.089157	0.34677	0.952525	1008	8	-3.6682	0.62106	0.55482	0.90617	1720	0	-3.6682
Acvr1	18	0.089218	0.33394	0.952525	1009	10	-3.9404	0.56226	0.49541	0.90617	1575	0	-3.9404
Cd34	20	0.089251	0.34703	0.952525	1010	11	-4.091	0.26315	0.26602	0.882295	745	0	-4.091
Slc43a3	20	0.089251	0.34703	0.952525	1011	10	-3.8791	0.036104	0.039129	0.873617	101	0	-3.8791
Il17rd	20	0.089317	0.34752	0.952525	1012	11	-3.9256	0.0024906	1.7322e-06	0.00033	8	0	-3.9256
Kiss1r	20	0.089463	0.34762	0.952525	1013	11	-3.9676	0.8929	0.86008	0.973581	2523	0	-3.9676
Vmn1r234	20	0.089545	0.34768	0.952525	1014	9	-3.7004	0.036104	0.039129	0.873617	100	0	-3.7004
Slc8a3	20	0.089811	0.34778	0.952525	1015	13	-4.1895	0.69868	0.6257	0.911911	1948	0	-4.1895
Itm2c	19	0.089849	0.34584	0.952525	1016	7	-3.8287	0.90568	0.87729	0.975309	2556	0	-3.8287
Nrg4	19	0.089992	0.34585	0.952525	1017	10	-4.0941	0.47768	0.4178	0.891333	1340	0	-4.0941
Oprk1	20	0.090153	0.34895	0.952525	1018	6	-3.31	0.22414	0.22158	0.882295	627	0	-3.31
Mip	18	0.090261	0.33655	0.952525	1019	11	-4.1478	0.92958	0.90738	0.98346	2635	0	-4.1478
Slc15a5	20	0.090266	0.34923	0.952525	1020	11	-3.9593	0.12345	0.12397	0.882295	351	0	-3.9593
Ptprf	20	0.090314	0.34941	0.952525	1021	11	-4.018	0.23298	0.23434	0.882295	659	0	-4.018
Adam11	20	0.090314	0.34941	0.952525	1022	11	-3.9054	0.21547	0.21177	0.882295	592	0	-3.9054
Grin3a	20	0.090457	0.34979	0.952525	1023	6	-3.5085	0.92519	0.89867	0.979934	2621	0	-3.5085
Slc29a4	20	0.090776	0.35001	0.952525	1024	11	-4.1768	0.96553	0.95175	0.992009	2739	0	-4.1768
Cd69	20	0.090776	0.35001	0.952525	1025	9	-3.6893	0.62106	0.55482	0.90617	1724	0	-3.6893
Olfr237-ps1	20	0.091097	0.35076	0.952525	1026	11	-4.2022	0.43424	0.38797	0.882295	1241	0	-4.2022
Vmn1r227	20	0.091251	0.35115	0.952525	1027	9	-3.8083	0.97945	0.97144	0.993624	2789	0	-3.8083
Il17rc	20	0.091368	0.35116	0.952525	1028	12	-3.9995	0.96998	0.95784	0.992386	2754	0	-3.9995
Olfr566	20	0.091391	0.35119	0.952525	1029	11	-3.984	0.23298	0.23434	0.882295	648	0	-3.984
Efnb1	20	0.091527	0.35176	0.952525	1030	7	-3.6422	0.5401	0.48865	0.90617	1524	0	-3.6422
Cd22	20	0.091729	0.35204	0.952525	1031	11	-4.1186	0.53169	0.48004	0.90617	1496	0	-4.1186
Grm5	20	0.091759	0.35228	0.952525	1032	10	-3.9015	0.34126	0.31717	0.882295	986	0	-3.9015
Gramd1b	20	0.091775	0.35274	0.952525	1033	13	-4.0653	0.17199	0.16919	0.882295	482	0	-4.0653
Crlf2	18	0.091845	0.34078	0.952525	1034	10	-4.0209	0.72897	0.66343	0.929375	2033	0	-4.0209
Gpr149	20	0.091952	0.3533	0.952525	1035	12	-4.0686	0.93625	0.91572	0.984994	2656	0	-4.0686
Havcr1	20	0.092063	0.3533	0.952525	1036	12	-4.0386	0.55758	0.50558	0.90617	1567	0	-4.0386
Nt5e	20	0.092288	0.3539	0.952525	1037	10	-3.9878	0.99558	0.99256	0.99751	2842	0	-3.9878
Pkd2l1	20	0.09243	0.3539	0.952525	1038	9	-3.5249	0.85603	0.81196	0.963694	2410	0	-3.5249
Epha10	20	0.092698	0.35405	0.952525	1039	9	-3.7736	0.92519	0.89867	0.979934	2620	0	-3.7736
Pcdha3	15	0.092865	0.33437	0.952525	1040	7	-3.7735	0.35639	0.31588	0.882295	1017	0	-3.7735
Pkhd1	20	0.092944	0.3549	0.952525	1041	12	-4.126	0.86489	0.82523	0.968591	2429	0	-4.126
Igsf6	18	0.092967	0.34502	0.952525	1042	7	-3.532	0.33823	0.30771	0.882295	965	0	-3.532
Lman2	18	0.093152	0.34589	0.952525	1043	10	-3.956	0.22115	0.22405	0.882295	614	0	-3.956
Emcn	20	0.093497	0.35563	0.952525	1044	10	-3.8936	0.66892	0.59649	0.910668	1852	0	-3.8936
Negr1	20	0.093713	0.35622	0.952525	1045	10	-3.7458	0.89696	0.86513	0.97459	2534	0	-3.7458
Slc38a2	20	0.093759	0.35656	0.952525	1046	13	-4.1041	0.49523	0.43411	0.893868	1389	0	-4.1041
Itgal	20	0.093759	0.35656	0.952525	1047	13	-4.1297	0.94256	0.92289	0.986842	2668	0	-4.1297
Pdgfra	20	0.093794	0.35678	0.952525	1048	9	-3.6426	0.28073	0.2781	0.882295	785	0	-3.6426
Pilra	20	0.09381	0.35683	0.952525	1049	7	-3.6957	0.02934	0.035296	0.873617	83	0	-3.6957
Olfr986	20	0.09381	0.35683	0.952525	1050	11	-4.1644	0.23298	0.23434	0.882295	646	0	-4.1644
Scnn1g	20	0.094034	0.35705	0.952525	1051	12	-4.005	0.02934	0.035296	0.873617	80	0	-4.005
Cntn5	20	0.094191	0.35725	0.952525	1052	13	-4.0563	0.68814	0.61532	0.910668	1920	0	-4.0563
Pcdha4	3	0.09427	0.20845	0.936669	1053	2	-4.2702	0.13077	0.11015	0.882295	368	0	-4.2702
Cd59b	20	0.094285	0.35768	0.952525	1054	9	-3.7922	0.55758	0.50558	0.90617	1562	0	-3.7922
Csf1r	18	0.094545	0.35111	0.952525	1055	9	-3.9749	0.70244	0.63964	0.922816	1971	0	-3.9749
Abca3	20	0.094702	0.35835	0.952525	1056	11	-3.9417	0.88913	0.85574	0.973581	2510	0	-3.9417
Cd38	20	0.095137	0.35856	0.952525	1057	13	-4.0849	0.75227	0.68838	0.930045	2106	0	-4.0849
H2-M2	20	0.095137	0.35856	0.952525	1058	13	-4.0553	0.0041477	1.7322e-06	0.00033	14	0	-4.0553
Cacng7	20	0.095155	0.35871	0.952525	1059	8	-3.4601	0.016329	0.015841	0.854381	49	0	-3.4601
Pcdhb15	19	0.095157	0.357	0.952525	1060	7	-3.4369	0.43744	0.38805	0.882295	1254	0	-3.4369
Tpcn1	20	0.095335	0.35989	0.952525	1061	13	-4.2029	0.012066	0.013878	0.854381	31	0	-4.2029
Olfr1451	20	0.095335	0.35989	0.952525	1062	10	-3.7384	0.21547	0.21177	0.882295	605	0	-3.7384
Pcdhb8	17	0.095436	0.35249	0.952525	1063	6	-3.5565	0.18639	0.18507	0.882295	520	0	-3.5565
Jam2	17	0.095653	0.35268	0.952525	1064	11	-3.985	0.76251	0.71489	0.940601	2138	0	-3.985
Ptprn	18	0.095826	0.35582	0.952525	1065	6	-3.6579	0.21236	0.21398	0.882295	586	0	-3.6579
Pdcd1lg2	20	0.095907	0.36053	0.952525	1066	13	-4.0944	0.86055	0.81891	0.965955	2421	0	-4.0944
Plxna1	20	0.095907	0.36053	0.952525	1067	12	-4.1117	0.26315	0.26602	0.882295	737	0	-4.1117
Itfg1	20	0.095996	0.36127	0.952525	1068	11	-4.2008	0.093188	0.08798	0.879609	268	0	-4.2008
Slc5a8	20	0.095996	0.36127	0.952525	1069	12	-4.1875	0.15728	0.16058	0.882295	436	0	-4.1875
Megf8	20	0.095996	0.36127	0.952525	1070	11	-4.2016	0.036104	0.039129	0.873617	107	0	-4.2016
Cdhr1	20	0.096376	0.36198	0.952525	1071	9	-3.7288	0.47677	0.41754	0.891333	1328	0	-3.7288
Pld5	18	0.096546	0.35753	0.952525	1072	12	-4.0563	0.2635	0.25913	0.882295	750	0	-4.0563
Nrp2	20	0.096659	0.36211	0.952525	1073	8	-3.4815	0.82702	0.78453	0.961898	2327	0	-3.4815
Olfr631	20	0.096774	0.36286	0.952525	1074	13	-4.0933	0.77762	0.72273	0.940601	2194	0	-4.0933
Slc7a3	19	0.096805	0.36011	0.952525	1075	11	-4.1396	0.76026	0.70597	0.939762	2137	0	-4.1396
Olfr409-ps1	18	0.096994	0.35958	0.952525	1076	8	-3.8301	0.42752	0.37343	0.882295	1213	0	-3.8301
Vasn	20	0.096994	0.36355	0.952525	1077	10	-3.9096	0.40682	0.35987	0.882295	1154	0	-3.9096
Rnf43	20	0.097334	0.36412	0.952525	1078	12	-4.1144	0.94256	0.92289	0.986842	2670	0	-4.1144
Olfr47	20	0.097334	0.36412	0.952525	1079	12	-4.1018	0.66246	0.58641	0.908864	1843	0	-4.1018
Olfr733	19	0.097356	0.36296	0.952525	1080	12	-4.0853	0.28596	0.2785	0.882295	804	0	-4.0853
Gja3	20	0.098022	0.36482	0.952525	1081	12	-4.1861	0.5237	0.47011	0.90617	1474	0	-4.1861
Mtnr1b	20	0.098022	0.36482	0.952525	1082	11	-4.172	0.62106	0.55482	0.90617	1728	0	-4.172
Slc5a4a	20	0.098159	0.36507	0.952525	1083	11	-4.1054	0.28073	0.2781	0.882295	790	0	-4.1054
Pkd2	20	0.098172	0.36529	0.952525	1084	11	-4.0393	0.093188	0.08798	0.879609	272	0	-4.0393
Vnn3	20	0.098379	0.36588	0.952525	1085	13	-3.9813	0.036104	0.039129	0.873617	99	0	-3.9813
Slc40a1	20	0.098379	0.36588	0.952525	1086	13	-4.1018	0.021879	0.023608	0.873617	61	0	-4.1018
Slc6a19	20	0.098379	0.36588	0.952525	1087	13	-4.0721	0.46981	0.41146	0.891333	1318	0	-4.0721
Olfr295	19	0.098472	0.36486	0.952525	1088	12	-4.047	0.61052	0.54903	0.90617	1697	0	-4.047
Grin2b	20	0.098493	0.36624	0.952525	1089	10	-3.9981	0.40682	0.35987	0.882295	1149	0	-3.9981
Slc22a27	20	0.098626	0.36661	0.952525	1090	10	-3.8753	0.85603	0.81196	0.963694	2411	0	-3.8753
Amn	18	0.098746	0.36379	0.952525	1091	11	-3.9525	0.99475	0.99141	0.997344	2841	0	-3.9525
Slc2a1	20	0.098804	0.36661	0.952525	1092	7	-3.5994	0.88331	0.84682	0.971189	2496	0	-3.5994
Slc51a	20	0.098836	0.36661	0.952525	1093	12	-3.9054	0.80505	0.75102	0.949324	2268	0	-3.9054
Slamf8	18	0.099153	0.36443	0.952525	1094	8	-3.8334	0.14274	0.14687	0.882295	406	0	-3.8334
Gpr88	18	0.099572	0.36566	0.952525	1095	10	-3.9952	0.3853	0.33763	0.882295	1099	0	-3.9952
Cd48	20	0.099641	0.36839	0.955499	1096	7	-3.5855	0.33146	0.31022	0.882295	953	0	-3.5855
Lair1	20	0.09968	0.36843	0.955499	1097	6	-3.4912	0.75227	0.68838	0.930045	2111	0	-3.4912
Susd4	20	0.099871	0.36876	0.955499	1098	12	-4.1372	0.35004	0.32151	0.882295	997	0	-4.1372
Slc23a1	20	0.099872	0.36922	0.955813	1099	13	-3.9974	0.15728	0.16058	0.882295	447	0	-3.9974
Ednrb	17	0.099997	0.36556	0.952525	1100	10	-4.1	0.83149	0.79101	0.961935	2340	0	-4.1
Tmem219	18	0.10011	0.36645	0.952525	1101	9	-3.8032	0.48703	0.43601	0.894091	1360	0	-3.8032
Olfr728	19	0.10024	0.37097	0.955844	1102	7	-3.7364	0.83217	0.78885	0.961935	2342	0	-3.7364
Tspan4	20	0.10045	0.3701	0.955844	1103	10	-3.9017	0.56878	0.51189	0.90617	1599	0	-3.9017
Serinc4	20	0.10062	0.37106	0.955844	1104	8	-3.5627	0.64665	0.57499	0.90617	1789	0	-3.5627
Ptprr	20	0.10062	0.37106	0.955844	1105	8	-3.5397	0.17974	0.18093	0.882295	511	0	-3.5397
Pigt	20	0.10082	0.37131	0.955844	1106	12	-3.9701	0.51382	0.45342	0.89833	1447	0	-3.9701
Entpd1	20	0.10114	0.37188	0.955844	1107	10	-3.8955	0.33146	0.31022	0.882295	939	0	-3.8955
Ager	20	0.1013	0.37222	0.955844	1108	12	-4.0486	0.48453	0.42352	0.891333	1358	0	-4.0486
Cldn1	19	0.10133	0.37391	0.955844	1109	8	-3.8016	0.79381	0.74399	0.946427	2226	0	-3.8016
Olfr1245	20	0.10163	0.37294	0.955844	1110	7	-3.6324	0.045532	0.042963	0.873617	130	0	-3.6324
Ptprk	20	0.1017	0.37306	0.955844	1111	8	-3.5355	0.0081142	0.011912	0.854381	23	0	-3.5355
Slc5a3	20	0.10171	0.3733	0.955844	1112	11	-3.9847	0.37709	0.34388	0.882295	1076	0	-3.9847
Tacr1	20	0.10171	0.3733	0.955844	1113	11	-4.0715	0.90577	0.8756	0.975309	2565	0	-4.0715
Slc17a8	20	0.10186	0.37389	0.955844	1114	13	-4.0647	0.98745	0.98055	0.995178	2813	0	-4.0647
Lrp1	20	0.10223	0.37603	0.956633	1115	7	-3.7945	0.17974	0.18093	0.882295	499	0	-3.7945
Olfr330	19	0.10228	0.37592	0.956633	1116	10	-3.9322	0.055946	0.052145	0.879609	159	0	-3.9322
Tmc7	20	0.10241	0.37644	0.956633	1117	12	-4.0006	0.093188	0.08798	0.879609	263	0	-4.0006
Fndc4	20	0.10241	0.37644	0.956633	1118	11	-4.0729	0.30865	0.29751	0.882295	871	0	-4.0729
Slc15a4	20	0.10255	0.3766	0.956633	1119	12	-4.0926	0.98418	0.97626	0.994737	2802	0	-4.0926
Slc41a2	20	0.10261	0.37714	0.956633	1120	12	-4.1586	0.29851	0.29006	0.882295	839	0	-4.1586
Eng	20	0.10269	0.37758	0.956633	1121	12	-4.0089	0.7154	0.65321	0.929375	2006	0	-4.0089
Rnf149	20	0.10283	0.37774	0.956633	1122	9	-3.5519	0.041069	0.042959	0.873617	116	0	-3.5519
Rgr	18	0.10294	0.37676	0.956633	1123	7	-3.6557	0.6496	0.57831	0.90617	1812	0	-3.6557
Heph	20	0.10298	0.37774	0.956633	1124	12	-4.008	0.86881	0.83095	0.970125	2448	0	-4.008
Tectb	20	0.10312	0.37793	0.956633	1125	10	-3.9403	0.14103	0.15041	0.882295	388	0	-3.9403
Mpz	20	0.10312	0.37823	0.956633	1126	13	-4.1608	0.90042	0.86916	0.975309	2543	0	-4.1608
Jag1	20	0.10365	0.3806	0.961432	1127	11	-4.024	0.10193	0.093562	0.879609	302	0	-4.024
Psg25	20	0.10413	0.38297	0.963258	1128	8	-3.659	0.67514	0.60642	0.910668	1881	0	-3.659
Podxl2	18	0.10415	0.38081	0.961432	1129	11	-4.1607	0.32142	0.29465	0.882295	921	0	-4.1607
Slc4a1	20	0.10416	0.38314	0.963258	1130	12	-4.1581	0.5401	0.48865	0.90617	1526	0	-4.1581
Fcgr1	20	0.10424	0.38355	0.963258	1131	13	-4.1424	0.35914	0.32587	0.882295	1025	0	-4.1424
Tnfsf11	20	0.10424	0.38355	0.963258	1132	13	-3.9896	0.72306	0.66211	0.929375	2022	0	-3.9896
Abca6	20	0.1044	0.38408	0.963734	1133	9	-3.7269	0.66892	0.59649	0.910668	1856	0	-3.7269
Clec9a	18	0.10466	0.38178	0.963048	1134	12	-4.0547	0.31318	0.29072	0.882295	878	0	-4.0547
Olfr1205	20	0.10484	0.3854	0.964871	1135	12	-4.0216	0.37709	0.34388	0.882295	1086	0	-4.0216
Adcy7	20	0.10512	0.38597	0.964871	1136	12	-4.102	0.49523	0.43411	0.893868	1377	0	-4.102
S1pr2	20	0.1054	0.38622	0.964871	1137	12	-4.1588	0.74592	0.68421	0.930045	2087	0	-4.1588
Itgav	20	0.1054	0.38622	0.964871	1138	12	-4.1608	0.73456	0.67065	0.929375	2056	0	-4.1608
Slco1a1	20	0.1054	0.38622	0.964871	1139	13	-4.1125	0.80505	0.75102	0.949324	2266	0	-4.1125
Lypd6b	20	0.10576	0.38831	0.966381	1140	11	-4.1739	0.84722	0.8038	0.962166	2392	0	-4.1739
Olfr1225	20	0.10582	0.38847	0.966381	1141	11	-4.1269	0.81025	0.75995	0.953968	2274	0	-4.1269
Il10rb	8	0.10586	0.31068	0.952525	1142	5	-4.2776	0.58512	0.53913	0.90617	1642	0	-4.2776
Upk3a	20	0.10616	0.38904	0.966845	1143	12	-4.0703	0.62106	0.55482	0.90617	1736	0	-4.0703
Ginm1	19	0.10632	0.3866	0.964979	1144	8	-3.6775	0.24155	0.24443	0.882295	670	0	-3.6775
Ece1	20	0.10638	0.39011	0.967817	1145	13	-4.1623	0.88913	0.85574	0.973581	2509	0	-4.1623
Slco5a1	20	0.10643	0.3909	0.968038	1146	12	-3.946	0.7154	0.65321	0.929375	1996	0	-3.946
Ank	17	0.10698	0.38327	0.963258	1147	9	-4.1681	0.52642	0.47114	0.90617	1479	0	-4.1681
Muc3	20	0.10717	0.39172	0.968038	1148	11	-3.912	0.6554	0.58118	0.90617	1833	0	-3.912
Slc22a5	20	0.10718	0.39191	0.968038	1149	11	-4.166	0.81025	0.75995	0.953968	2275	0	-4.166
Pcdh20	20	0.10741	0.39242	0.968038	1150	12	-4.0769	0.31911	0.30329	0.882295	899	0	-4.0769
Olfr362	18	0.10742	0.38794	0.966381	1151	11	-4.1229	0.68512	0.62481	0.911911	1907	0	-4.1229
Lynx1	20	0.10753	0.39275	0.968038	1152	11	-4.0081	0.82154	0.77817	0.960285	2299	0	-4.0081
Pcdhga8	15	0.10757	0.37023	0.955844	1153	10	-4.2407	0.98118	0.97172	0.993624	2797	0	-4.2407
Cd101	20	0.10791	0.3934	0.968038	1154	12	-4.1035	0.92214	0.89518	0.97874	2607	0	-4.1035
Tspan14	18	0.10792	0.38851	0.966381	1155	7	-3.4695	0.17201	0.1761	0.882295	490	0	-3.4695
Gm14226	19	0.10807	0.39164	0.968038	1156	10	-3.907	0.45272	0.39616	0.884347	1282	0	-3.907
Olfr790	20	0.10852	0.39467	0.968038	1157	11	-4.0245	0.086499	0.082334	0.879609	240	0	-4.0245
Il2rg	10	0.1086	0.33799	0.952525	1158	7	-4.0306	0.66703	0.61961	0.911911	1851	0	-4.0306
Slc6a2	20	0.1089	0.39601	0.968038	1159	11	-4.1363	0.63738	0.56966	0.90617	1774	0	-4.1363
Itga2b	20	0.1089	0.39601	0.968038	1160	12	-4.1875	0.54861	0.49816	0.90617	1536	0	-4.1875
Tmem213	20	0.10907	0.39647	0.968038	1161	12	-4.1488	0.56878	0.51189	0.90617	1600	0	-4.1488
Olfr1448	20	0.10954	0.39687	0.968038	1162	7	-3.3949	0.17974	0.18093	0.882295	514	0	-3.3949
Olfr1220	20	0.10956	0.39713	0.968038	1163	10	-4.0218	0.54861	0.49816	0.90617	1542	0	-4.0218
Adam2	19	0.10963	0.39694	0.968038	1164	8	-3.8194	0.94338	0.9261	0.987783	2674	0	-3.8194
Olfr1033	17	0.10966	0.38943	0.966977	1165	9	-4.0028	0.069011	0.0681	0.879609	195	0	-4.0028
Otop1	20	0.10969	0.39755	0.968038	1166	13	-4.064	0.31911	0.30329	0.882295	901	0	-4.064
Prlhr	20	0.10969	0.39755	0.968038	1167	13	-3.9623	0.98169	0.97369	0.994574	2798	0	-3.9623
Tmco3	20	0.10971	0.39777	0.968038	1168	10	-3.8628	0.78422	0.72858	0.941902	2210	0	-3.8628
Cd226	20	0.10996	0.39796	0.968038	1169	9	-3.695	0.79396	0.73839	0.946427	2232	0	-3.695
Unc5a	20	0.11054	0.39934	0.968038	1170	11	-4.2031	0.81025	0.75995	0.953968	2279	0	-4.2031
Cr2	20	0.11054	0.39934	0.968038	1171	13	-4.1505	0.92939	0.906	0.983421	2632	0	-4.1505
Casr	20	0.11056	0.39947	0.968038	1172	7	-3.41	0.17199	0.16919	0.882295	481	0	-3.41
Ryk	20	0.11079	0.39954	0.968038	1173	10	-3.6977	0.55758	0.50558	0.90617	1555	0	-3.6977
Pkhd1l1	20	0.11083	0.39961	0.968038	1174	6	-3.1965	0.21547	0.21177	0.882295	607	0	-3.1965
Clcnkb	20	0.11083	0.39961	0.968038	1175	8	-3.5906	0.64665	0.57499	0.90617	1790	0	-3.5906
Gpr34	20	0.11083	0.39961	0.968038	1176	6	-3.4312	0.68814	0.61532	0.910668	1909	0	-3.4312
Adra2a	20	0.11098	0.40121	0.968095	1177	10	-3.8883	0.18919	0.19239	0.882295	525	0	-3.8883
Opn1mw	20	0.1112	0.40214	0.969078	1178	9	-3.8246	0.87693	0.84092	0.971189	2466	0	-3.8246
Slc11a2	19	0.11123	0.4	0.968038	1179	11	-4.1254	0.85926	0.823	0.968591	2416	0	-4.1254
Mag	17	0.1114	0.39372	0.968038	1180	9	-3.8677	0.5198	0.46533	0.90617	1451	0	-3.8677
Tmem231	20	0.11149	0.40255	0.96925	1181	10	-3.8685	0.62106	0.55482	0.90617	1721	0	-3.8685
Olfr723	19	0.11188	0.4014	0.968095	1182	7	-3.524	0.5595	0.50409	0.90617	1574	0	-3.524
Vstm5	20	0.11207	0.40361	0.96934	1183	10	-3.9268	0.95325	0.93739	0.992009	2696	0	-3.9268
Tnfrsf1b	20	0.11214	0.40423	0.969471	1184	12	-4.1778	0.40682	0.35987	0.882295	1158	0	-4.1778
Slc4a5	20	0.11235	0.40434	0.969471	1185	7	-3.622	0.0014951	1.7322e-06	0.00033	5	0	-3.622
Itgax	18	0.11249	0.40068	0.968095	1186	9	-3.7943	0.71517	0.65101	0.929375	1991	0	-3.7943
Cd55b	18	0.11255	0.40108	0.968095	1187	12	-3.9204	0.21236	0.21398	0.882295	589	0	-3.9204
Dlk2	20	0.11285	0.4054	0.971159	1188	10	-3.8491	0.32634	0.30619	0.882295	932	0	-3.8491
Mtnr1a	20	0.11303	0.40775	0.971159	1189	13	-4.0068	0.97125	0.95971	0.993067	2760	0	-4.0068
Abcg3	20	0.11303	0.40775	0.971159	1190	13	-4.1434	0.98418	0.97626	0.994737	2803	0	-4.1434
Catsperg2	20	0.11341	0.40904	0.973384	1191	12	-4.0595	0.76556	0.7011	0.935214	2145	0	-4.0595
Dsg1a	19	0.1137	0.40594	0.971159	1192	8	-3.6542	0.19632	0.19723	0.882295	545	0	-3.6542
Lingo1	20	0.11389	0.41185	0.974769	1193	10	-3.9404	0.86881	0.83095	0.970125	2447	0	-3.9404
Ncam2	20	0.11389	0.41224	0.974769	1194	12	-4.0666	0.63738	0.56966	0.90617	1757	0	-4.0666
Qsox2	19	0.11414	0.40634	0.971159	1195	11	-4.035	0.11766	0.1187	0.882295	341	0	-4.035
Nagpa	20	0.11433	0.41264	0.974769	1196	10	-3.8643	0.093188	0.08798	0.879609	273	0	-3.8643
Sdk1	20	0.11459	0.41283	0.974769	1197	12	-4.0461	0.48453	0.42352	0.891333	1357	0	-4.0461
Sidt1	20	0.11459	0.41283	0.974769	1198	13	-4.1198	0.49523	0.43411	0.893868	1386	0	-4.1198
Scn10a	20	0.11474	0.41295	0.974769	1199	8	-3.6382	0.20551	0.20524	0.882295	578	0	-3.6382
Ttyh1	20	0.11517	0.41434	0.974769	1200	11	-4.1667	0.66892	0.59649	0.910668	1861	0	-4.1667
Aqp2	20	0.11517	0.41434	0.974769	1201	12	-4.1718	0.46981	0.41146	0.891333	1313	0	-4.1718
Olfr462	20	0.11535	0.41468	0.974769	1202	12	-4.0181	0.27291	0.27495	0.882295	762	0	-4.0181
Ffar3	20	0.11544	0.41557	0.974769	1203	13	-4.0826	0.95635	0.94055	0.992009	2710	0	-4.0826
Lhfpl4	20	0.11544	0.41557	0.974769	1204	13	-4.09	0.81573	0.77038	0.959277	2294	0	-4.09
Olfr222	18	0.11549	0.4065	0.971159	1205	9	-3.8495	0.57471	0.50572	0.90617	1609	0	-3.8495
Trpv2	19	0.11564	0.4094	0.973423	1206	10	-3.985	0.97308	0.96314	0.993624	2767	0	-3.985
Slc5a4b	20	0.11574	0.41667	0.974769	1207	10	-3.895	0.48453	0.42352	0.891333	1354	0	-3.895
Olfr638	20	0.11574	0.41667	0.974769	1208	8	-3.7203	0.87693	0.84092	0.971189	2472	0	-3.7203
H2-Q6	18	0.11599	0.40776	0.971159	1209	11	-4.1315	0.42015	0.37105	0.882295	1201	0	-4.1315
Hfe	18	0.11599	0.40776	0.971159	1210	11	-4.084	0.84396	0.80495	0.962166	2377	0	-4.084
Mrgprf	20	0.11651	0.41742	0.974769	1211	11	-4.1249	0.47677	0.41754	0.891333	1320	0	-4.1249
Cd1d1	16	0.11653	0.39917	0.968038	1212	7	-3.5438	0.77754	0.72917	0.942027	2183	0	-3.5438
Gabra2	20	0.11696	0.41905	0.974769	1213	10	-3.7928	0.11416	0.10603	0.882295	327	0	-3.7928
Lrp3	20	0.11701	0.41952	0.974769	1214	11	-4.1806	0.38614	0.34804	0.882295	1106	0	-4.1806
Olfr930	20	0.11709	0.41976	0.974769	1215	13	-4.0191	0.68019	0.61042	0.910668	1900	0	-4.0191
Abcb1a	20	0.11727	0.42012	0.974769	1216	9	-3.7393	0.17199	0.16919	0.882295	486	0	-3.7393
Efna2	20	0.11747	0.42036	0.974769	1217	10	-3.8886	0.30865	0.29751	0.882295	873	0	-3.8886
Fcrl6	20	0.11754	0.42075	0.974769	1218	9	-3.7876	0.86489	0.82523	0.968591	2430	0	-3.7876
Tmem114	20	0.11784	0.421	0.974769	1219	10	-3.8752	0.43424	0.38797	0.882295	1240	0	-3.8752
Slc12a8	20	0.11799	0.42116	0.974769	1220	10	-3.7654	0.10193	0.093562	0.879609	285	0	-3.7654
Adam17	20	0.118	0.4214	0.974769	1221	12	-4.0652	0.85603	0.81196	0.963694	2412	0	-4.0652
Cln3	20	0.11802	0.42149	0.974769	1222	11	-3.9811	0.66892	0.59649	0.910668	1855	0	-3.9811
Olfr1251	20	0.11822	0.4216	0.974769	1223	8	-3.3831	0.14103	0.15041	0.882295	399	0	-3.3831
Abcc3	20	0.1183	0.42165	0.974769	1224	8	-3.5508	0.36791	0.33565	0.882295	1052	0	-3.5508
Ceacam5	20	0.11841	0.42195	0.974769	1225	13	-4.088	0.85195	0.80808	0.963096	2401	0	-4.088
Prima1	20	0.11862	0.42246	0.974769	1226	6	-3.2667	0.59308	0.53007	0.90617	1663	0	-3.2667
Cldn11	20	0.11884	0.4231	0.974769	1227	10	-3.8901	0.069572	0.065744	0.879609	200	0	-3.8901
Sstr2	20	0.11904	0.42336	0.974769	1228	12	-4.1011	0.97613	0.96695	0.993624	2778	0	-4.1011
Slc22a1	18	0.11912	0.41635	0.974769	1229	7	-3.7203	0.37502	0.3303	0.882295	1064	0	-3.7203
Erbb2	20	0.11929	0.42346	0.974769	1230	10	-3.8884	0.74592	0.68421	0.930045	2089	0	-3.8884
Clec12a	20	0.11942	0.42375	0.974769	1231	11	-4.0852	0.82154	0.77817	0.960285	2309	0	-4.0852
BC035947	20	0.11948	0.4239	0.974769	1232	9	-3.7067	0.70718	0.63959	0.922816	1983	0	-3.7067
Pcdh19	20	0.12022	0.42566	0.974769	1233	10	-3.9579	0.093188	0.08798	0.879609	271	0	-3.9579
Olfr154	20	0.12026	0.42566	0.974769	1234	11	-3.9738	0.14848	0.15732	0.882295	422	0	-3.9738
Nipal4	20	0.12038	0.42583	0.974769	1235	11	-4.0683	0.92214	0.89518	0.97874	2611	0	-4.0683
Olfr691	20	0.12044	0.42636	0.974769	1236	6	-3.5711	0.31911	0.30329	0.882295	896	0	-3.5711
Glra1	20	0.12061	0.42667	0.974769	1237	13	-3.9357	0.21547	0.21177	0.882295	604	0	-3.9357
Olfr273	20	0.12061	0.42667	0.974769	1238	13	-4.049	0.22414	0.22158	0.882295	624	0	-4.049
Qsox1	20	0.12061	0.42667	0.974769	1239	13	-4.0597	0.86489	0.82523	0.968591	2431	0	-4.0597
Cd244a	20	0.12138	0.42785	0.975121	1240	11	-4.1387	0.82702	0.78453	0.961898	2324	0	-4.1387
Lrrtm2	19	0.12143	0.42287	0.974769	1241	8	-3.4601	0.18064	0.18483	0.882295	517	0	-3.4601
Sorcs1	20	0.12154	0.42843	0.975658	1242	10	-3.872	0.31911	0.30329	0.882295	916	0	-3.872
Ptchd1	18	0.12182	0.42061	0.974769	1243	7	-3.483	0.078197	0.075572	0.879609	225	0	-3.483
Olfr767	18	0.1219	0.42073	0.974769	1244	9	-3.8497	0.32142	0.29465	0.882295	923	0	-3.8497
Ptprm	20	0.12226	0.42959	0.976756	1245	12	-4.1323	0.46193	0.40528	0.888268	1302	0	-4.1323
Tmem225	18	0.12249	0.42207	0.974769	1246	11	-4.1667	0.84396	0.80495	0.962166	2376	0	-4.1667
Klrb1c	15	0.1225	0.40351	0.96934	1247	5	-3.4911	0.19609	0.19788	0.882295	539	0	-3.4911
Cd164l2	20	0.12257	0.43034	0.977427	1248	12	-4.0402	0.93166	0.90913	0.98346	2643	0	-4.0402
Acvr2a	19	0.12269	0.4258	0.974769	1249	10	-4.1965	0.10878	0.10175	0.882295	309	0	-4.1965
Mansc1	20	0.12282	0.43115	0.977427	1250	13	-4.0061	0.67514	0.60642	0.910668	1872	0	-4.0061
Emb	20	0.12283	0.43181	0.977427	1251	12	-4.0904	0.62937	0.56602	0.90617	1743	0	-4.0904
Olfr697	20	0.12283	0.43181	0.977427	1252	12	-4.1532	0.058802	0.054332	0.879609	163	0	-4.1532
Mrgpre	20	0.12283	0.43181	0.977427	1253	13	-4.1161	0.73993	0.67671	0.929375	2066	0	-4.1161
Gpr107	20	0.12344	0.43298	0.978114	1254	10	-3.9096	0.31911	0.30329	0.882295	912	0	-3.9096
Gpr158	20	0.12344	0.43298	0.978114	1255	12	-4.0448	0.058802	0.054332	0.879609	168	0	-4.0448
Olfr587-ps1	20	0.12379	0.43451	0.978244	1256	12	-4.0391	0.62937	0.56602	0.90617	1741	0	-4.0391
Olfr1138	20	0.12404	0.43538	0.978244	1257	8	-3.3973	0.61325	0.54262	0.90617	1700	0	-3.3973
Slc37a1	20	0.12432	0.43669	0.978341	1258	8	-3.6962	0.20083	0.20202	0.882295	563	0	-3.6962
Csf2rb	20	0.12436	0.43681	0.978341	1259	13	-4.0312	0.19706	0.1972	0.882295	555	0	-4.0312
Tmem217	20	0.12436	0.43681	0.978341	1260	13	-4.02	0.94577	0.92661	0.987783	2681	0	-4.02
Furin	20	0.12443	0.43704	0.978341	1261	10	-3.8658	0.13424	0.14352	0.882295	379	0	-3.8658
Olfr292	20	0.12448	0.43714	0.978341	1262	9	-3.4979	0.02934	0.035296	0.873617	91	0	-3.4979
Pcdha12	16	0.12486	0.41523	0.974769	1263	10	-4.1542	0.95925	0.94448	0.992009	2719	0	-4.1542
Gfra4	17	0.12507	0.42444	0.974769	1264	7	-3.7172	0.97133	0.95836	0.992386	2761	0	-3.7172
Olfr298	18	0.12512	0.42767	0.975121	1265	8	-3.5866	0.22115	0.22405	0.882295	613	0	-3.5866
Ntrk1	20	0.12523	0.43851	0.979877	1266	9	-3.6335	0.68019	0.61042	0.910668	1903	0	-3.6335
Epha2	19	0.12531	0.43194	0.977427	1267	12	-4.1245	0.63654	0.56398	0.90617	1756	0	-4.1245
Olfr68	18	0.12553	0.42959	0.976756	1268	8	-3.8295	0.59867	0.53227	0.90617	1667	0	-3.8295
Tmem150a	20	0.12561	0.43924	0.979963	1269	9	-3.6468	0.46981	0.41146	0.891333	1315	0	-3.6468
Ackr4	20	0.12561	0.43924	0.979963	1270	11	-4.1132	0.27291	0.27495	0.882295	774	0	-4.1132
Atp6v0a2	20	0.12648	0.44061	0.979963	1271	13	-4.0296	0.66892	0.59649	0.910668	1857	0	-4.0296
Crb1	20	0.12648	0.44061	0.979963	1272	13	-4.1298	0.84722	0.8038	0.962166	2389	0	-4.1298
Olfr1135	20	0.12648	0.44061	0.979963	1273	13	-3.9463	0.02934	0.035296	0.873617	93	0	-3.9463
Gpc3	18	0.12658	0.43327	0.978114	1274	11	-4.162	0.42015	0.37105	0.882295	1192	0	-4.162
Lpar6	20	0.12664	0.44186	0.981977	1275	9	-3.7358	0.19706	0.1972	0.882295	549	0	-3.7358
Slc7a1	18	0.12671	0.43384	0.978244	1276	8	-3.7212	0.21236	0.21398	0.882295	587	0	-3.7212
Klrk1	20	0.1271	0.4423	0.982191	1277	12	-4.0079	0.82154	0.77817	0.960285	2301	0	-4.0079
Cr1l	18	0.12734	0.43531	0.978244	1278	6	-3.6671	0.32142	0.29465	0.882295	926	0	-3.6671
Olfr685	18	0.12734	0.43531	0.978244	1279	8	-3.7904	0.61666	0.54377	0.90617	1713	0	-3.7904
Cd79a	18	0.12734	0.43531	0.978244	1280	9	-3.9168	0.90796	0.88091	0.975909	2569	0	-3.9168
Slc20a2	20	0.12762	0.44301	0.98226	1281	10	-3.852	0.76556	0.7011	0.935214	2143	0	-3.852
Adam39	20	0.12762	0.44301	0.98226	1282	11	-3.9305	0.35004	0.32151	0.882295	1006	0	-3.9305
Lrrc32	19	0.12784	0.43788	0.979233	1283	10	-4.025	0.6501	0.57954	0.90617	1816	0	-4.025
Slc39a6	20	0.12813	0.44464	0.983663	1284	9	-3.6499	0.58494	0.52713	0.90617	1636	0	-3.6499
Tenm2	20	0.12828	0.44488	0.983663	1285	6	-3.4737	0.63738	0.56966	0.90617	1776	0	-3.4737
Dirc2	20	0.12844	0.44488	0.983663	1286	10	-3.7605	0.11416	0.10603	0.882295	330	0	-3.7605
Lmbrd1	20	0.12873	0.44566	0.984315	1287	13	-3.9785	0.58494	0.52713	0.90617	1637	0	-3.9785
Unc93a2	5	0.1298	0.31078	0.952525	1288	4	-4.1838	0.89989	0.88724	0.977873	2539	0	-4.1838
Oprm1	20	0.13009	0.45023	0.989898	1289	12	-4.1188	0.63738	0.56966	0.90617	1781	0	-4.1188
Mcam	20	0.13009	0.45023	0.989898	1290	11	-4.1697	0.69868	0.6257	0.911911	1955	0	-4.1697
Lrtm1	18	0.13037	0.43984	0.979963	1291	9	-3.8412	0.87799	0.84357	0.971189	2475	0	-3.8412
Rtn4rl1	20	0.13052	0.45126	0.989898	1292	13	-4.0208	0.46193	0.40528	0.888268	1299	0	-4.0208
Slc19a3	20	0.13072	0.45177	0.989898	1293	12	-4.1211	0.80505	0.75102	0.949324	2267	0	-4.1211
Adrb3	20	0.13072	0.45177	0.989898	1294	11	-4.0742	0.73993	0.67671	0.929375	2078	0	-4.0742
Pcdhga6	16	0.13091	0.42715	0.97507	1295	10	-4.0597	0.73543	0.68161	0.930045	2065	0	-4.0597
Cdh20	20	0.13099	0.45279	0.989898	1296	11	-3.8909	0.069572	0.065744	0.879609	206	0	-3.8909
Cxcr1	19	0.1313	0.44502	0.983663	1297	8	-3.6572	0.43744	0.38805	0.882295	1252	0	-3.6572
Drd4	20	0.13186	0.45381	0.989898	1298	11	-3.8818	0.11416	0.10603	0.882295	325	0	-3.8818
Olfr1259	19	0.13204	0.4461	0.984518	1299	10	-3.907	0.055946	0.052145	0.879609	158	0	-3.907
Cacng2	18	0.13276	0.44698	0.985695	1300	11	-4.0555	0.24937	0.25227	0.882295	695	0	-4.0555
Gpr108	20	0.13322	0.45667	0.989898	1301	10	-3.862	0.42723	0.37909	0.882295	1205	0	-3.862
Clca2	19	0.13326	0.45028	0.989898	1302	12	-4.0972	0.43744	0.38805	0.882295	1251	0	-4.0972
Frem2	20	0.13328	0.45672	0.989898	1303	11	-3.8876	0.78928	0.73207	0.942452	2219	0	-3.8876
Slc32a1	20	0.13328	0.45672	0.989898	1304	11	-4.0557	0.34126	0.31717	0.882295	983	0	-4.0557
Muc4	20	0.13332	0.45677	0.989898	1305	12	-3.9989	0.87693	0.84092	0.971189	2459	0	-3.9989
Slc8a2	20	0.13345	0.457	0.989898	1306	10	-3.8865	0.83494	0.79411	0.961935	2348	0	-3.8865
Sidt2	20	0.13358	0.45752	0.989898	1307	12	-4.1101	0.44431	0.39669	0.884347	1274	0	-4.1101
Myadml2	20	0.13366	0.45789	0.989898	1308	9	-3.8069	0.2525	0.2543	0.882295	706	0	-3.8069
Ntrk3	20	0.13367	0.45816	0.989898	1309	12	-4.1409	0.79967	0.74509	0.946427	2255	0	-4.1409
Ptgdr2	20	0.13467	0.45965	0.989898	1310	12	-3.8985	0.12345	0.12397	0.882295	350	0	-3.8985
Olfr635	20	0.13484	0.45992	0.989898	1311	5	-3.0842	0.045532	0.042963	0.873617	129	0	-3.0842
Olfr1247	20	0.13488	0.45997	0.989898	1312	12	-4.0163	0.17974	0.18093	0.882295	502	0	-4.0163
Slc2a13	19	0.13499	0.45297	0.989898	1313	12	-4.0293	0.80548	0.76242	0.955285	2271	0	-4.0293
Pcdhb2	20	0.13518	0.46096	0.990221	1314	12	-4.1681	0.74592	0.68421	0.930045	2091	0	-4.1681
Fzd10	19	0.1352	0.45364	0.989898	1315	10	-4.0052	0.28596	0.2785	0.882295	806	0	-4.0052
Cntnap3	20	0.13583	0.46223	0.990221	1316	7	-3.5108	0.75933	0.69314	0.930045	2129	0	-3.5108
Ush2a	20	0.13583	0.46223	0.990221	1317	7	-3.4973	0.76556	0.7011	0.935214	2148	0	-3.4973
Tnfrsf17	20	0.1359	0.46304	0.990221	1318	12	-4.0725	0.069572	0.065744	0.879609	199	0	-4.0725
Olfr111	20	0.1359	0.46304	0.990221	1319	12	-4.0549	0.57811	0.52108	0.90617	1622	0	-4.0549
Olfr706	20	0.13618	0.46372	0.990221	1320	10	-3.9515	0.63738	0.56966	0.90617	1780	0	-3.9515
Sypl	18	0.13638	0.45344	0.989898	1321	11	-4.0708	0.95333	0.93618	0.992009	2700	0	-4.0708
Igsf1	20	0.13641	0.46389	0.990221	1322	10	-3.7914	0.61325	0.54262	0.90617	1702	0	-3.7914
Tspan6	18	0.13647	0.4536	0.989898	1323	9	-3.9359	0.32142	0.29465	0.882295	925	0	-3.9359
Olfr444	20	0.13663	0.46427	0.990221	1324	8	-3.756	0.84281	0.79903	0.961935	2375	0	-3.756
Lrrc3b	20	0.13663	0.46427	0.990221	1325	8	-3.6125	0.72899	0.66643	0.929375	2041	0	-3.6125
Tmem150b	20	0.13663	0.46427	0.990221	1326	11	-3.94	0.51382	0.45342	0.89833	1445	0	-3.94
Ngfr	20	0.13685	0.46477	0.990546	1327	10	-3.7193	0.53169	0.48004	0.90617	1493	0	-3.7193
Vtcn1	20	0.13753	0.46542	0.991176	1328	9	-3.7646	0.54861	0.49816	0.90617	1535	0	-3.7646
Olfr753-ps1	18	0.13768	0.45507	0.989898	1329	4	-3.2517	0.70244	0.63964	0.922816	1972	0	-3.2517
Boc	19	0.13777	0.45879	0.989898	1330	10	-4.0747	0.5819	0.51501	0.90617	1629	0	-4.0747
Slco1a4	19	0.13779	0.45901	0.989898	1331	10	-3.8794	0.68006	0.60941	0.910668	1893	0	-3.8794
Olfr765	18	0.1382	0.45508	0.989898	1332	7	-3.6033	0.86609	0.82948	0.970125	2437	0	-3.6033
Abcc1	20	0.13829	0.46677	0.992189	1333	10	-3.8572	0.75227	0.68838	0.930045	2105	0	-3.8572
Scn9a	20	0.13873	0.4692	0.992189	1334	10	-3.9786	0.59308	0.53007	0.90617	1654	0	-3.9786
Cd96	20	0.13878	0.4693	0.992189	1335	10	-3.9845	0.63738	0.56966	0.90617	1765	0	-3.9845
Slc28a2	18	0.13906	0.45699	0.989898	1336	10	-4.1058	0.42752	0.37343	0.882295	1214	0	-4.1058
Tpo	20	0.1393	0.47104	0.992189	1337	7	-3.5947	0.17199	0.16919	0.882295	487	0	-3.5947
Olfr145	19	0.13945	0.46413	0.990221	1338	11	-3.9703	0.1882	0.18966	0.882295	524	0	-3.9703
Syna	20	0.13961	0.47188	0.992189	1339	10	-3.8482	0.28073	0.2781	0.882295	791	0	-3.8482
Dll1	20	0.13972	0.47207	0.992189	1340	9	-3.8014	0.33146	0.31022	0.882295	957	0	-3.8014
Abcc4	20	0.13977	0.47229	0.992189	1341	12	-4.0229	0.86881	0.83095	0.970125	2441	0	-4.0229
Olfr1258	20	0.13977	0.47235	0.992189	1342	11	-3.9797	0.77762	0.72273	0.940601	2188	0	-3.9797
Duox2	20	0.13977	0.47235	0.992189	1343	10	-3.7979	0.60065	0.53203	0.90617	1673	0	-3.7979
Prom2	20	0.14015	0.47257	0.992189	1344	12	-4.1078	0.47677	0.41754	0.891333	1322	0	-4.1078
Lrfn2	20	0.14064	0.47442	0.992189	1345	11	-3.9351	0.93166	0.90913	0.98346	2640	0	-3.9351
Gm14548	18	0.14088	0.46178	0.990221	1346	11	-4.137	0.84825	0.80908	0.963446	2394	0	-4.137
Fcamr	20	0.1415	0.47565	0.992189	1347	9	-3.6927	0.11416	0.10603	0.882295	324	0	-3.6927
Alpi	20	0.1415	0.47565	0.992189	1348	12	-4.0771	0.16516	0.16393	0.882295	474	0	-4.0771
Lsmem1	20	0.1416	0.47605	0.992189	1349	10	-3.9622	0.021879	0.023608	0.873617	69	0	-3.9622
Icos	20	0.14239	0.47688	0.992189	1350	12	-3.9576	0.35004	0.32151	0.882295	1008	0	-3.9576
Clca4a	20	0.14246	0.47729	0.992189	1351	10	-4.0422	0.10193	0.093562	0.879609	294	0	-4.0422
Atraid	20	0.14257	0.47765	0.992189	1352	8	-3.7111	0.82154	0.77817	0.960285	2311	0	-3.7111
Vnn1	20	0.14308	0.47809	0.992189	1353	10	-3.8462	0.69868	0.6257	0.911911	1950	0	-3.8462
Olfr1087	20	0.14325	0.4784	0.992189	1354	9	-3.8259	0.76556	0.7011	0.935214	2147	0	-3.8259
Slc1a7	19	0.14337	0.47296	0.992189	1355	12	-4.0665	0.96423	0.95079	0.992009	2736	0	-4.0665
Lypd4	19	0.14352	0.47324	0.992189	1356	8	-3.6983	0.043305	0.040971	0.873617	125	0	-3.6983
Atp1b2	20	0.14418	0.48074	0.992189	1357	11	-4.1254	0.67514	0.60642	0.910668	1875	0	-4.1254
Pira2	9	0.14428	0.40321	0.96934	1358	4	-3.6542	0.80086	0.76842	0.959277	2256	0	-3.6542
Clec14a	18	0.14441	0.46835	0.992189	1359	11	-4.1041	0.53094	0.47587	0.90617	1482	0	-4.1041
Gcgr	20	0.14447	0.48133	0.992189	1360	12	-4.0421	0.11416	0.10603	0.882295	326	0	-4.0421
Sectm1b	20	0.14464	0.48182	0.992189	1361	10	-3.6268	0.57811	0.52108	0.90617	1620	0	-3.6268
Abca9	20	0.14488	0.48202	0.992189	1362	10	-3.934	0.74592	0.68421	0.930045	2096	0	-3.934
Alk	19	0.14506	0.47553	0.992189	1363	10	-4.0665	0.77221	0.7154	0.940601	2171	0	-4.0665
Igsf9b	20	0.14519	0.48275	0.992189	1364	9	-3.844	0.57811	0.52108	0.90617	1613	0	-3.844
Rhbdl2	20	0.14531	0.48344	0.992189	1365	11	-3.9652	0.5401	0.48865	0.90617	1520	0	-3.9652
Milr1	20	0.14538	0.48357	0.992189	1366	10	-3.722	0.68814	0.61532	0.910668	1933	0	-3.722
Itga11	19	0.14562	0.47635	0.992189	1367	11	-4.047	0.99215	0.98689	0.995964	2832	0	-4.047
Tnfsf15	20	0.14624	0.48551	0.992189	1368	10	-3.8623	0.42723	0.37909	0.882295	1206	0	-3.8623
Olfr620	19	0.14633	0.47768	0.992189	1369	12	-3.9519	0.49597	0.43706	0.894091	1392	0	-3.9519
Slc26a4	20	0.14647	0.48603	0.992189	1370	12	-4.1246	0.036104	0.039129	0.873617	98	0	-4.1246
Avpr2	20	0.14647	0.48603	0.992189	1371	12	-4.1111	0.9641	0.95062	0.992009	2735	0	-4.1111
Slc2a7	20	0.14649	0.48627	0.992189	1372	11	-4.1469	0.37709	0.34388	0.882295	1077	0	-4.1469
Raet1d	18	0.14661	0.47268	0.992189	1373	9	-3.9788	0.36486	0.32529	0.882295	1039	0	-3.9788
Hcar2	20	0.14693	0.48656	0.992189	1374	8	-3.5317	0.23298	0.23434	0.882295	654	0	-3.5317
Tacstd2	20	0.14693	0.48656	0.992189	1375	6	-3.2908	0.30865	0.29751	0.882295	870	0	-3.2908
Susd1	20	0.14694	0.48673	0.992189	1376	10	-3.9616	0.51382	0.45342	0.89833	1442	0	-3.9616
Klrb1f	20	0.14696	0.48693	0.992189	1377	7	-3.7218	0.36791	0.33565	0.882295	1045	0	-3.7218
Slc3a2	20	0.14699	0.48719	0.992189	1378	11	-4.0266	0.67514	0.60642	0.910668	1883	0	-4.0266
Frrs1	20	0.14762	0.48868	0.992189	1379	9	-3.8464	0.38614	0.34804	0.882295	1110	0	-3.8464
Gprc6a	18	0.14765	0.47376	0.992189	1380	10	-4.0914	0.8932	0.86117	0.973581	2529	0	-4.0914
Olfr305	20	0.14771	0.48875	0.992189	1381	9	-3.7831	0.40682	0.35987	0.882295	1160	0	-3.7831
Olfr286	20	0.14771	0.48875	0.992189	1382	9	-3.6793	0.5237	0.47011	0.90617	1462	0	-3.6793
Ggt7	20	0.14799	0.48933	0.992189	1383	7	-3.6827	0.02934	0.035296	0.873617	85	0	-3.6827
Stab1	20	0.14813	0.48953	0.992189	1384	11	-4.1239	0.85603	0.81196	0.963694	2409	0	-4.1239
Cd1d2	16	0.14832	0.45935	0.989898	1385	6	-3.7586	0.34151	0.30042	0.882295	991	0	-3.7586
Adora3	20	0.14838	0.48971	0.992189	1386	12	-4.0441	0.86489	0.82523	0.968591	2434	0	-4.0441
Pcdhga1	14	0.14884	0.45601	0.989898	1387	5	-3.6469	0.91144	0.88686	0.977873	2581	0	-3.6469
Adam28	20	0.14885	0.49091	0.992189	1388	9	-3.7467	0.23298	0.23434	0.882295	651	0	-3.7467
Lrrn4	20	0.14885	0.49091	0.992189	1389	9	-3.8172	0.2525	0.2543	0.882295	708	0	-3.8172
Abca2	20	0.14896	0.49118	0.992189	1390	9	-3.7881	0.51382	0.45342	0.89833	1435	0	-3.7881
Olfr1098	20	0.14976	0.49202	0.992189	1391	5	-3.2481	0.44431	0.39669	0.884347	1270	0	-3.2481
Csf2ra	20	0.14994	0.49246	0.992189	1392	11	-4.0334	0.27291	0.27495	0.882295	769	0	-4.0334
Fgfr3	20	0.1502	0.49279	0.992189	1393	10	-3.9445	0.12345	0.12397	0.882295	352	0	-3.9445
Slc17a1	20	0.15026	0.49321	0.992189	1394	11	-4.0954	0.44431	0.39669	0.884347	1261	0	-4.0954
Izumo3	20	0.15026	0.49321	0.992189	1395	11	-4.114	0.90876	0.87873	0.975309	2576	0	-4.114
Slamf9	20	0.1506	0.49414	0.992189	1396	11	-4.0499	0.55758	0.50558	0.90617	1561	0	-4.0499
Dagla	20	0.1506	0.49414	0.992189	1397	12	-4.1455	0.82154	0.77817	0.960285	2312	0	-4.1455
Olfr39	20	0.15087	0.49441	0.992189	1398	12	-3.9916	0.81025	0.75995	0.953968	2273	0	-3.9916
Gpr183	20	0.15087	0.49441	0.992189	1399	11	-3.9862	0.58494	0.52713	0.90617	1635	0	-3.9862
Fam174b	20	0.1509	0.4945	0.992189	1400	10	-3.6127	0.2525	0.2543	0.882295	714	0	-3.6127
Slc22a16	19	0.1514	0.48782	0.992189	1401	10	-3.9849	0.77703	0.72177	0.940601	2181	0	-3.9849
Ros1	20	0.15178	0.49595	0.992189	1402	12	-4.13	0.11416	0.10603	0.882295	323	0	-4.13
Spns3	18	0.15188	0.48206	0.992189	1403	8	-3.7143	0.50296	0.45381	0.89833	1399	0	-3.7143
Tyr	20	0.15237	0.49659	0.992189	1404	11	-4.0809	0.62106	0.55482	0.90617	1737	0	-4.0809
Prss21	20	0.15238	0.49667	0.992189	1405	11	-4.1206	0.46193	0.40528	0.888268	1305	0	-4.1206
Dsg1b	19	0.15266	0.49017	0.992189	1406	9	-3.7255	0.17157	0.17373	0.882295	476	0	-3.7255
Htr3b	20	0.15295	0.49779	0.992189	1407	7	-3.5005	0.31911	0.30329	0.882295	909	0	-3.5005
H2-M10.1	20	0.15295	0.49779	0.992189	1408	8	-3.4715	0.11416	0.10603	0.882295	338	0	-3.4715
Itgb6	19	0.15305	0.4907	0.992189	1409	12	-4.0705	0.956	0.94079	0.992009	2704	0	-4.0705
Cnnm2	19	0.15316	0.49214	0.992189	1410	6	-3.4645	0.5819	0.51501	0.90617	1631	0	-3.4645
Tspan3	19	0.15355	0.49293	0.992189	1411	10	-3.886	0.28596	0.2785	0.882295	802	0	-3.886
Slc7a6	20	0.15409	0.50048	0.992189	1412	10	-3.8298	0.91172	0.88166	0.975909	2587	0	-3.8298
Olfr493	20	0.15409	0.50048	0.992189	1413	9	-3.7078	0.88913	0.85574	0.973581	2511	0	-3.7078
Slc28a3	20	0.1544	0.50119	0.992189	1414	12	-4.0999	0.008444	0.011912	0.854381	24	0	-4.0999
Cpd	20	0.1544	0.50119	0.992189	1415	12	-4.0071	0.22414	0.22158	0.882295	630	0	-4.0071
Abcc5	20	0.1544	0.50119	0.992189	1416	12	-4.1114	0.34126	0.31717	0.882295	990	0	-4.1114
Eda	20	0.15445	0.50158	0.992189	1417	11	-3.9771	0.73456	0.67065	0.929375	2054	0	-3.9771
Nrros	20	0.15447	0.50158	0.992189	1418	8	-3.7295	0.83494	0.79411	0.961935	2351	0	-3.7295
Olfr318	20	0.15447	0.50158	0.992189	1419	10	-3.7909	0.73456	0.67065	0.929375	2063	0	-3.7909
Cntnap4	20	0.15454	0.5017	0.992189	1420	12	-4.0779	0.77066	0.71122	0.940132	2163	0	-4.0779
Olfr2	19	0.15456	0.49433	0.992189	1421	8	-3.6275	0.0089635	0.011205	0.854381	25	0	-3.6275
Rtn4rl2	20	0.15467	0.50199	0.992189	1422	9	-3.6941	0.23298	0.23434	0.882295	657	0	-3.6941
Olfr488	20	0.15529	0.50259	0.992189	1423	9	-3.4486	0.55758	0.50558	0.90617	1551	0	-3.4486
Ptgir	20	0.15537	0.50287	0.992189	1424	11	-4.1071	0.43424	0.38797	0.882295	1236	0	-4.1071
Gabre	20	0.15541	0.50309	0.992189	1425	9	-3.5843	0.92746	0.90256	0.981547	2629	0	-3.5843
Il13ra2	20	0.15552	0.50338	0.992189	1426	8	-3.5446	0.16516	0.16393	0.882295	467	0	-3.5446
Olfr1153	20	0.15585	0.5036	0.992189	1427	8	-3.4263	0.30865	0.29751	0.882295	865	0	-3.4263
Olfr24	20	0.15585	0.5036	0.992189	1428	12	-3.9614	0.75227	0.68838	0.930045	2109	0	-3.9614
Kcns1	18	0.15624	0.49058	0.992189	1429	9	-3.9743	0.74155	0.68539	0.930045	2084	0	-3.9743
Olfr1416	20	0.15663	0.50437	0.992189	1430	10	-3.8089	0.37709	0.34388	0.882295	1085	0	-3.8089
Ghsr	20	0.1567	0.50441	0.992189	1431	11	-4.0609	0.73993	0.67671	0.929375	2072	0	-4.0609
Cd93	20	0.15678	0.50468	0.992189	1432	11	-3.9573	0.37709	0.34388	0.882295	1081	0	-3.9573
Tcirg1	20	0.15678	0.50468	0.992189	1433	12	-3.9633	0.67514	0.60642	0.910668	1887	0	-3.9633
Adra2c	16	0.15684	0.47658	0.992189	1434	8	-3.9115	0.047325	0.044144	0.873617	135	0	-3.9115
Acvr1b	20	0.157	0.50475	0.992189	1435	10	-3.8672	0.5237	0.47011	0.90617	1478	0	-3.8672
Pcsk5	20	0.15705	0.50517	0.992189	1436	12	-3.9877	0.95132	0.93525	0.992009	2692	0	-3.9877
Kremen2	20	0.15705	0.50517	0.992189	1437	12	-4.0225	0.5237	0.47011	0.90617	1461	0	-4.0225
Fcgr2b	20	0.15756	0.50579	0.992189	1438	11	-3.9653	0.57473	0.51603	0.90617	1611	0	-3.9653
Lpl	20	0.15756	0.50579	0.992189	1439	10	-3.9504	0.24248	0.24525	0.882295	677	0	-3.9504
Npffr2	20	0.15785	0.50579	0.992189	1440	7	-3.4895	0.35004	0.32151	0.882295	998	0	-3.4895
Casd1	20	0.15842	0.50704	0.993227	1441	9	-3.8546	0.51382	0.45342	0.89833	1434	0	-3.8546
Olfr1199	20	0.1585	0.50755	0.993444	1442	12	-3.9591	0.94577	0.92661	0.987783	2680	0	-3.9591
Cd300lg	19	0.1587	0.5015	0.992189	1443	12	-4.0519	0.77221	0.7154	0.940601	2169	0	-4.0519
Grm8	20	0.15926	0.50819	0.993444	1444	11	-3.8814	0.26315	0.26602	0.882295	743	0	-3.8814
Vmn1r225	17	0.15967	0.49194	0.992189	1445	9	-3.8958	0.024994	0.030709	0.873617	72	0	-3.8958
Gria2	20	0.15974	0.50946	0.994229	1446	12	-4.0968	0.91396	0.88457	0.977873	2590	0	-4.0968
Slco2b1	20	0.15997	0.50989	0.994229	1447	7	-3.5525	0.11416	0.10603	0.882295	319	0	-3.5525
Slc19a2	20	0.16018	0.51012	0.994229	1448	12	-4.0999	0.12345	0.12397	0.882295	353	0	-4.0999
Vmn1r71	20	0.16035	0.51033	0.994229	1449	8	-3.6613	0.31911	0.30329	0.882295	888	0	-3.6613
Olfr152	20	0.16044	0.51075	0.994372	1450	11	-3.9582	0.41766	0.36762	0.882295	1181	0	-3.9582
Olfr412	20	0.16053	0.51157	0.995275	1451	12	-4.0775	0.61325	0.54262	0.90617	1707	0	-4.0775
Cd70	18	0.16081	0.49807	0.992189	1452	8	-3.7758	0.86609	0.82948	0.970125	2438	0	-3.7758
Ramp3	19	0.16094	0.50534	0.992189	1453	9	-3.8623	0.53917	0.4889	0.90617	1504	0	-3.8623
Gpr155	17	0.16098	0.49423	0.992189	1454	8	-3.6748	0.36846	0.32264	0.882295	1059	0	-3.6748
Slc17a5	20	0.16126	0.5131	0.997355	1455	8	-3.4681	0.5401	0.48865	0.90617	1507	0	-3.4681
Olfr1095	19	0.16149	0.50581	0.992189	1456	10	-3.8677	0.77221	0.7154	0.940601	2170	0	-3.8677
Pcdhb9	19	0.16149	0.50581	0.992189	1457	12	-4.0974	0.76703	0.71184	0.940132	2151	0	-4.0974
Olfr1045	20	0.16196	0.51435	0.997355	1458	11	-3.8945	0.75933	0.69314	0.930045	2133	0	-3.8945
Olfr211	18	0.16234	0.50094	0.992189	1459	9	-3.9001	0.41069	0.36507	0.882295	1165	0	-3.9001
Slco1b2	20	0.16272	0.5154	0.997355	1460	7	-3.3741	0.021879	0.023608	0.873617	60	0	-3.3741
Clec2h	16	0.16288	0.48877	0.992189	1461	8	-3.9268	0.87434	0.83967	0.971189	2458	0	-3.9268
Olfr13	20	0.16299	0.51561	0.997355	1462	11	-3.9673	0.63738	0.56966	0.90617	1761	0	-3.9673
Antxr2	20	0.16344	0.5165	0.997355	1463	6	-3.6306	0.22414	0.22158	0.882295	620	0	-3.6306
Olfr695	18	0.16359	0.50361	0.992189	1464	10	-4.1094	0.63022	0.55915	0.90617	1751	0	-4.1094
Chrm1	20	0.16392	0.51704	0.997355	1465	11	-3.9954	0.92214	0.89518	0.97874	2612	0	-3.9954
Gpr162	18	0.16396	0.5038	0.992189	1466	9	-3.8216	0.37502	0.3303	0.882295	1067	0	-3.8216
Gpr37l1	18	0.16396	0.5038	0.992189	1467	8	-3.8115	0.43507	0.37919	0.882295	1248	0	-3.8115
Plppr5	20	0.16432	0.51725	0.997355	1468	8	-3.4198	0.78422	0.72858	0.941902	2214	0	-3.4198
Il1rl2	20	0.16435	0.51727	0.997355	1469	10	-3.8787	0.63738	0.56966	0.90617	1769	0	-3.8787
Olfr1293-ps	20	0.16448	0.51729	0.997355	1470	9	-3.6827	0.43424	0.38797	0.882295	1226	0	-3.6827
Psg22	20	0.16488	0.51749	0.997355	1471	6	-3.7053	0.5237	0.47011	0.90617	1464	0	-3.7053
S1pr4	20	0.16491	0.51761	0.997355	1472	9	-3.7509	0.38614	0.34804	0.882295	1103	0	-3.7509
Serinc1	18	0.16575	0.50686	0.993227	1473	7	-3.7816	0.42015	0.37105	0.882295	1196	0	-3.7816
Olfr933	20	0.16583	0.51971	0.998937	1474	8	-3.3834	0.28073	0.2781	0.882295	794	0	-3.3834
Sele	19	0.16651	0.51529	0.997355	1475	10	-3.9497	0.57437	0.51304	0.90617	1606	0	-3.9497
Ncmap	18	0.16685	0.50789	0.993444	1476	8	-3.7127	0.74155	0.68539	0.930045	2081	0	-3.7127
Slc22a14	20	0.16786	0.52283	0.998937	1477	11	-3.939	0.23298	0.23434	0.882295	660	0	-3.939
Catsperd	20	0.16786	0.52283	0.998937	1478	9	-3.5499	0.95132	0.93525	0.992009	2690	0	-3.5499
Olfr1255	20	0.16804	0.52319	0.998937	1479	11	-3.9243	0.83904	0.79725	0.961935	2360	0	-3.9243
Mfsd6l	19	0.16821	0.51787	0.997355	1480	9	-3.7732	0.19632	0.19723	0.882295	546	0	-3.7732
Cd82	18	0.16824	0.50932	0.994229	1481	9	-3.907	0.2635	0.25913	0.882295	751	0	-3.907
Slc39a8	20	0.16923	0.52488	0.998937	1482	11	-4.0985	0.68814	0.61532	0.910668	1927	0	-4.0985
Lypd3	20	0.16993	0.52565	0.998937	1483	11	-4.0351	0.99246	0.98782	0.995964	2834	0	-4.0351
Olfr147	20	0.17001	0.52571	0.998937	1484	9	-3.7603	0.14848	0.15732	0.882295	424	0	-3.7603
Ccr2	20	0.17048	0.52673	0.998937	1485	8	-3.7158	0.63738	0.56966	0.90617	1766	0	-3.7158
Fzd5	20	0.17077	0.52684	0.998937	1486	8	-3.7172	0.67514	0.60642	0.910668	1877	0	-3.7172
Osmr	18	0.17092	0.5144	0.997355	1487	8	-3.7851	0.30399	0.28423	0.882295	853	0	-3.7851
Epha5	20	0.17094	0.52763	0.998937	1488	12	-4.0363	0.95819	0.94309	0.992009	2714	0	-4.0363
Olfr169	18	0.17117	0.51506	0.997355	1489	8	-3.5493	0.63022	0.55915	0.90617	1749	0	-3.5493
Slc14a1	20	0.17122	0.5282	0.998937	1490	12	-4.0756	0.5237	0.47011	0.90617	1463	0	-4.0756
Slc43a2	20	0.17147	0.52865	0.998937	1491	10	-4.0207	0.59308	0.53007	0.90617	1658	0	-4.0207
H13	20	0.17176	0.52905	0.998937	1492	10	-3.9482	0.24248	0.24525	0.882295	686	0	-3.9482
Cacna1c	20	0.17199	0.52922	0.998937	1493	9	-3.7913	0.59308	0.53007	0.90617	1653	0	-3.7913
Olfr1079	20	0.17245	0.52922	0.998937	1494	7	-3.7203	0.15728	0.16058	0.882295	451	0	-3.7203
Atp1a3	20	0.17255	0.52922	0.998937	1495	10	-3.9006	0.86055	0.81891	0.965955	2423	0	-3.9006
Nipal1	20	0.17295	0.52994	0.998937	1496	10	-3.6901	0.14103	0.15041	0.882295	390	0	-3.6901
Tacr3	20	0.17322	0.53044	0.998937	1497	10	-4.0077	0.91172	0.88166	0.975909	2585	0	-4.0077
Olfr91	20	0.17376	0.53075	0.998937	1498	11	-4.0363	0.093188	0.08798	0.879609	270	0	-4.0363
Olfr568	20	0.17381	0.53087	0.998937	1499	11	-4.0016	0.21547	0.21177	0.882295	603	0	-4.0016
Gpr152	19	0.17387	0.53076	0.998937	1500	11	-4.1193	0.92684	0.90593	0.983421	2623	0	-4.1193
Il12rb1	20	0.17398	0.53133	0.998937	1501	11	-3.9295	0.3961	0.35467	0.882295	1131	0	-3.9295
Scn3a	20	0.17408	0.53153	0.998937	1502	6	-3.2777	0.17199	0.16919	0.882295	488	0	-3.2777
Olfr1229	19	0.17408	0.5311	0.998937	1503	10	-3.9623	0.25181	0.25589	0.882295	698	0	-3.9623
Psen1	20	0.17414	0.53185	0.998937	1504	12	-4.0688	0.86055	0.81891	0.965955	2420	0	-4.0688
Tenm3	18	0.17423	0.51919	0.998937	1505	7	-3.5101	0.37502	0.3303	0.882295	1063	0	-3.5101
Tas1r2	20	0.17435	0.53217	0.998937	1506	9	-3.7016	0.2525	0.2543	0.882295	699	0	-3.7016
Slc16a5	20	0.17459	0.5323	0.998937	1507	6	-3.4714	0.50452	0.4411	0.894091	1417	0	-3.4714
Opcml	20	0.17463	0.53252	0.998937	1508	10	-3.7343	0.18919	0.19239	0.882295	532	0	-3.7343
F2r	20	0.17463	0.53267	0.998937	1509	9	-3.5877	0.17974	0.18093	0.882295	507	0	-3.5877
Tas2r105	19	0.17487	0.53231	0.998937	1510	8	-3.6592	0.42775	0.38186	0.882295	1216	0	-3.6592
Acvrl1	20	0.17529	0.53355	0.998937	1511	9	-3.774	0.60714	0.53684	0.90617	1685	0	-3.774
Olfr829	20	0.17529	0.53355	0.998937	1512	9	-3.8168	0.0074542	0.011912	0.854381	21	0	-3.8168
Prrt3	19	0.17547	0.53355	0.998937	1513	8	-3.5703	0.69695	0.63674	0.922816	1945	0	-3.5703
Slc4a4	20	0.17549	0.53372	0.998937	1514	9	-3.7874	0.2525	0.2543	0.882295	718	0	-3.7874
Slc2a9	18	0.17613	0.52326	0.998937	1515	10	-3.927	0.13468	0.14375	0.882295	381	0	-3.927
Lepr	19	0.17621	0.53518	0.999096	1516	12	-4.0293	0.41105	0.36466	0.882295	1166	0	-4.0293
Gpc1	19	0.17662	0.5359	0.999096	1517	9	-3.7917	0.14161	0.15062	0.882295	403	0	-3.7917
Olfr96	18	0.17677	0.52393	0.998937	1518	7	-3.7786	0.3853	0.33763	0.882295	1098	0	-3.7786
Olfr1058	20	0.17709	0.53548	0.999096	1519	12	-4.0273	0.14103	0.15041	0.882295	391	0	-4.0273
Clec4g	20	0.17709	0.53548	0.999096	1520	12	-4.0398	0.99436	0.99045	0.996725	2840	0	-4.0398
1700017D01Rik	20	0.17709	0.53548	0.999096	1521	12	-4.0327	0.46981	0.41146	0.891333	1312	0	-4.0327
Psg29	20	0.17727	0.53587	0.999096	1522	9	-3.743	0.036104	0.039129	0.873617	97	0	-3.743
Slc17a7	20	0.17802	0.53774	1.0	1523	11	-4.002	0.79396	0.73839	0.946427	2229	0	-4.002
Sema5a	20	0.17807	0.53846	1.0	1524	9	-3.815	0.069572	0.065744	0.879609	205	0	-3.815
Flt3	20	0.1781	0.53895	1.0	1525	12	-4.116	0.99436	0.99045	0.996725	2838	0	-4.116
Chrna6	19	0.17829	0.53873	1.0	1526	10	-3.886	0.53917	0.4889	0.90617	1503	0	-3.886
Thy1	20	0.1787	0.53974	1.0	1527	9	-3.7207	0.10193	0.093562	0.879609	287	0	-3.7207
Cd200r1	18	0.17893	0.52858	0.998937	1528	8	-3.7556	0.98906	0.98201	0.995399	2819	0	-3.7556
Scarf1	20	0.17923	0.54028	1.0	1529	9	-3.5453	0.60714	0.53684	0.90617	1689	0	-3.5453
Sema6a	20	0.17988	0.54171	1.0	1530	7	-3.593	0.7154	0.65321	0.929375	1998	0	-3.593
Olfr1434	18	0.17998	0.52919	0.998937	1531	7	-3.816	0.21236	0.21398	0.882295	588	0	-3.816
Gper1	20	0.18007	0.54189	1.0	1532	9	-3.6831	0.68019	0.61042	0.910668	1895	0	-3.6831
Ly6e	20	0.18035	0.54256	1.0	1533	10	-3.8785	0.49523	0.43411	0.893868	1387	0	-3.8785
Slc2a8	20	0.18035	0.54256	1.0	1534	11	-3.9706	0.14103	0.15041	0.882295	386	0	-3.9706
Amhr2	20	0.18038	0.54276	1.0	1535	11	-4.0503	0.43424	0.38797	0.882295	1232	0	-4.0503
Olfr689	18	0.18041	0.52974	0.998937	1536	9	-4.0303	0.1962	0.19371	0.882295	540	0	-4.0303
Slc5a2	20	0.18042	0.54354	1.0	1537	10	-3.8438	0.69868	0.6257	0.911911	1952	0	-3.8438
Slc45a2	20	0.18042	0.54354	1.0	1538	9	-3.6967	0.37709	0.34388	0.882295	1075	0	-3.6967
Olfr813	20	0.18042	0.54354	1.0	1539	9	-3.6745	0.14103	0.15041	0.882295	385	0	-3.6745
Btc	17	0.18056	0.53042	0.998937	1540	6	-3.5066	0.67613	0.61256	0.910668	1889	0	-3.5066
Olfr994	18	0.18068	0.53053	0.998937	1541	7	-3.7712	0.80678	0.76363	0.956372	2272	0	-3.7712
Slc36a1	20	0.18107	0.54401	1.0	1542	11	-4.0398	0.0058023	0.0038714	0.650844	17	0	-4.0398
Gm9573	19	0.18107	0.54402	1.0	1543	10	-3.948	0.42775	0.38186	0.882295	1218	0	-3.948
5330417C22Rik	19	0.18213	0.54499	1.0	1544	9	-3.7965	0.92684	0.90593	0.983421	2624	0	-3.7965
Cd180	20	0.18239	0.54595	1.0	1545	9	-3.7249	0.77762	0.72273	0.940601	2190	0	-3.7249
Lrrn2	20	0.18253	0.54618	1.0	1546	12	-3.9075	0.73993	0.67671	0.929375	2074	0	-3.9075
Mrgpra6	20	0.1826	0.54639	1.0	1547	11	-4.0727	0.5401	0.48865	0.90617	1515	0	-4.0727
Olfr876	20	0.18268	0.54678	1.0	1548	7	-3.7832	0.67514	0.60642	0.910668	1884	0	-3.7832
Olfr518	20	0.18277	0.54712	1.0	1549	11	-4.0236	0.59308	0.53007	0.90617	1652	0	-4.0236
Mrgpra2a	8	0.18294	0.45594	0.989898	1550	3	-3.6874	0.21957	0.1873	0.882295	611	0	-3.6874
Cd274	18	0.18298	0.53655	0.999645	1551	9	-3.7065	0.66892	0.60238	0.910668	1864	0	-3.7065
Dct	18	0.18318	0.53691	0.999665	1552	11	-4.0162	0.49478	0.44552	0.89833	1362	0	-4.0162
Slc12a4	20	0.18432	0.54787	1.0	1553	9	-3.6351	0.021879	0.023608	0.873617	56	0	-3.6351
Olfr16	20	0.18441	0.54787	1.0	1554	6	-3.5513	0.24248	0.24525	0.882295	680	0	-3.5513
Olfr726	18	0.1845	0.53887	1.0	1555	9	-3.7965	0.91062	0.88437	0.977873	2580	0	-3.7965
Olfr585	20	0.18455	0.54804	1.0	1556	12	-3.9419	0.080685	0.078752	0.879609	235	0	-3.9419
Olfr316	20	0.18483	0.54902	1.0	1557	10	-3.7486	0.90042	0.86916	0.975309	2544	0	-3.7486
Adam18	20	0.18483	0.54902	1.0	1558	10	-3.8428	0.56878	0.51189	0.90617	1592	0	-3.8428
Adora2b	20	0.18487	0.54916	1.0	1559	11	-3.9672	0.64665	0.57499	0.90617	1794	0	-3.9672
Tmem132b	20	0.18564	0.5504	1.0	1560	11	-3.9956	0.35004	0.32151	0.882295	1003	0	-3.9956
Gm5868	18	0.18576	0.54131	1.0	1561	8	-3.6488	0.35544	0.31898	0.882295	1016	0	-3.6488
Ntng1	20	0.18589	0.5509	1.0	1562	11	-3.9201	0.63738	0.56966	0.90617	1760	0	-3.9201
Sort1	20	0.18589	0.5509	1.0	1563	7	-3.2805	0.0067937	0.00789	0.854381	19	0	-3.2805
Musk	20	0.18592	0.5509	1.0	1564	11	-3.9019	0.26315	0.26602	0.882295	742	0	-3.9019
Il17ra	19	0.18672	0.55351	1.0	1565	9	-3.7467	0.43744	0.38805	0.882295	1250	0	-3.7467
Bace1	20	0.18701	0.55198	1.0	1566	8	-3.7756	0.016329	0.015841	0.854381	46	0	-3.7756
Abca13	20	0.18756	0.55279	1.0	1567	11	-3.9055	0.2525	0.2543	0.882295	712	0	-3.9055
Tlr4	20	0.18763	0.55289	1.0	1568	7	-3.1855	0.086499	0.082334	0.879609	244	0	-3.1855
Cx3cr1	20	0.18765	0.55303	1.0	1569	11	-3.9833	0.12871	0.13655	0.882295	363	0	-3.9833
Cd46	19	0.18768	0.55494	1.0	1570	8	-3.5291	0.45272	0.39616	0.884347	1281	0	-3.5291
Tm4sf5	20	0.18919	0.5547	1.0	1571	9	-3.7022	0.6554	0.58118	0.90617	1824	0	-3.7022
Malrd1	18	0.18924	0.54607	1.0	1572	9	-3.7262	0.41069	0.36507	0.882295	1164	0	-3.7262
Pmel	20	0.18924	0.55509	1.0	1573	12	-4.0277	0.37709	0.34388	0.882295	1074	0	-4.0277
Nphs1	20	0.18924	0.55509	1.0	1574	12	-4.0208	0.49523	0.43411	0.893868	1383	0	-4.0208
Olfr1214	20	0.18926	0.55544	1.0	1575	10	-3.9444	0.30865	0.29751	0.882295	862	0	-3.9444
Celsr2	20	0.18974	0.55704	1.0	1576	9	-3.5905	0.55758	0.50558	0.90617	1572	0	-3.5905
P2rx2	18	0.1901	0.54885	1.0	1577	8	-3.7942	0.64157	0.5735	0.90617	1784	0	-3.7942
Cadm2	20	0.19028	0.55765	1.0	1578	10	-3.8927	0.46193	0.40528	0.888268	1297	0	-3.8927
Rhcg	19	0.19059	0.5594	1.0	1579	10	-3.9703	0.80548	0.76242	0.955285	2269	0	-3.9703
Il7r	20	0.19085	0.5587	1.0	1580	6	-3.4797	0.67514	0.60642	0.910668	1870	0	-3.4797
Cspg4	20	0.19127	0.5591	1.0	1581	12	-4.0342	0.98745	0.98055	0.995178	2811	0	-4.0342
Tas2r118	20	0.19137	0.55985	1.0	1582	8	-3.6432	0.2525	0.2543	0.882295	700	0	-3.6432
Gpr139	20	0.1923	0.56067	1.0	1583	9	-3.2577	0.40682	0.35987	0.882295	1153	0	-3.2577
Gpr31b	7	0.19242	0.45074	0.989898	1584	3	-3.545	0.85406	0.8226	0.968591	2404	0	-3.545
Gabrp	18	0.19243	0.55198	1.0	1585	11	-4.0251	0.77042	0.7148	0.940601	2155	0	-4.0251
Cd80	20	0.19245	0.56085	1.0	1586	8	-3.7053	0.75933	0.69314	0.930045	2135	0	-3.7053
H2-M10.5	20	0.1925	0.56107	1.0	1587	12	-4.0027	0.31911	0.30329	0.882295	911	0	-4.0027
Olfr646	20	0.1925	0.56107	1.0	1588	12	-3.9413	0.17199	0.16919	0.882295	480	0	-3.9413
Slc36a2	20	0.1925	0.56107	1.0	1589	12	-4.0205	0.63738	0.56966	0.90617	1773	0	-4.0205
Agtr2	20	0.19281	0.56131	1.0	1590	10	-3.9129	0.021879	0.023608	0.873617	65	0	-3.9129
Olfr1252	20	0.19281	0.56131	1.0	1591	10	-3.9711	0.10193	0.093562	0.879609	303	0	-3.9711
Cldn18	20	0.19283	0.56138	1.0	1592	11	-4.0887	0.88005	0.84407	0.971189	2479	0	-4.0887
Adcyap1r1	20	0.19283	0.56138	1.0	1593	11	-4.0791	0.75227	0.68838	0.930045	2104	0	-4.0791
Gpr143	20	0.19295	0.5616	1.0	1594	10	-3.9231	0.9723	0.96144	0.993417	2763	0	-3.9231
Asic1	20	0.19316	0.56212	1.0	1595	10	-3.9706	0.35914	0.32587	0.882295	1027	0	-3.9706
Slitrk1	20	0.19316	0.56212	1.0	1596	12	-4.0131	0.78422	0.72858	0.941902	2212	0	-4.0131
Slc1a3	20	0.19316	0.56212	1.0	1597	11	-3.9877	0.21547	0.21177	0.882295	608	0	-3.9877
Olfr1054	20	0.19401	0.56418	1.0	1598	8	-3.4002	0.045532	0.042963	0.873617	133	0	-3.4002
Olfr1077-ps1	20	0.19449	0.56418	1.0	1599	10	-3.6837	0.61325	0.54262	0.90617	1705	0	-3.6837
Art3	18	0.19467	0.55493	1.0	1600	11	-4.0055	0.29243	0.27775	0.882295	822	0	-4.0055
Tpbgl	19	0.19512	0.56705	1.0	1601	8	-3.7855	0.26123	0.26453	0.882295	731	0	-3.7855
Tnfrsf23	20	0.19514	0.56568	1.0	1602	11	-4.0953	0.61325	0.54262	0.90617	1708	0	-4.0953
H2-M11	20	0.1953	0.56626	1.0	1603	7	-3.7562	0.17974	0.18093	0.882295	500	0	-3.7562
Olfr1508	20	0.19538	0.56665	1.0	1604	11	-3.9896	0.68814	0.61532	0.910668	1936	0	-3.9896
Cysltr1	20	0.19564	0.56708	1.0	1605	10	-3.9956	0.62937	0.56602	0.90617	1745	0	-3.9956
Olfr576	20	0.19612	0.56771	1.0	1606	11	-4.0903	0.31911	0.30329	0.882295	892	0	-4.0903
Lag3	20	0.19652	0.56869	1.0	1607	11	-3.9702	0.43424	0.38797	0.882295	1225	0	-3.9702
Il5ra	20	0.19666	0.56915	1.0	1608	8	-3.4487	0.11416	0.10603	0.882295	339	0	-3.4487
Psg26	20	0.19742	0.5704	1.0	1609	12	-4.0173	0.31911	0.30329	0.882295	898	0	-4.0173
Scn2a	20	0.19742	0.5704	1.0	1610	12	-3.9523	0.38614	0.34804	0.882295	1100	0	-3.9523
Scn1a	19	0.19757	0.57023	1.0	1611	11	-3.9906	0.15004	0.1542	0.882295	430	0	-3.9906
Gm21973	13	0.19852	0.53042	0.998937	1612	7	-4.1548	0.71629	0.66247	0.929375	2008	0	-4.1548
Olfr186	20	0.1989	0.57253	1.0	1613	11	-4.0198	0.0097624	0.011915	0.854381	28	0	-4.0198
Pcdh7	20	0.199	0.57294	1.0	1614	11	-3.9838	0.75227	0.68838	0.930045	2113	0	-3.9838
Olfr95	20	0.199	0.57294	1.0	1615	12	-3.9486	0.83081	0.78909	0.961935	2333	0	-3.9486
Olfr701	20	0.19931	0.5735	1.0	1616	9	-3.6263	0.20551	0.20524	0.882295	575	0	-3.6263
Olfr503	20	0.19969	0.57434	1.0	1617	8	-3.703	0.13424	0.14352	0.882295	377	0	-3.703
Rnft1	20	0.20002	0.57452	1.0	1618	11	-3.9968	0.13424	0.14352	0.882295	370	0	-3.9968
Icosl	19	0.20004	0.57461	1.0	1619	7	-3.7011	0.12798	0.13705	0.882295	359	0	-3.7011
Mfsd11	20	0.20017	0.57506	1.0	1620	9	-3.6047	0.14103	0.15041	0.882295	389	0	-3.6047
Pcdhb18	20	0.20017	0.57506	1.0	1621	8	-3.8192	0.69868	0.6257	0.911911	1957	0	-3.8192
Olfr1262	18	0.20028	0.56263	1.0	1622	9	-3.6844	0.51124	0.46281	0.90617	1424	0	-3.6844
Asgr1	18	0.20037	0.56301	1.0	1623	10	-4.0109	0.42752	0.37343	0.882295	1212	0	-4.0109
Olfr1426	20	0.20071	0.57608	1.0	1624	12	-3.935	0.30865	0.29751	0.882295	863	0	-3.935
Kcnmb1	20	0.20071	0.57608	1.0	1625	9	-3.6559	0.041069	0.042959	0.873617	120	0	-3.6559
Cdh26	20	0.2009	0.57619	1.0	1626	10	-3.892	0.5401	0.48865	0.90617	1513	0	-3.892
Fpr-rs7	20	0.20206	0.57902	1.0	1627	8	-3.6449	0.49523	0.43411	0.893868	1378	0	-3.6449
Tbxa2r	18	0.20239	0.56708	1.0	1628	9	-3.8935	0.53094	0.47587	0.90617	1485	0	-3.8935
Nkain3	20	0.20244	0.57992	1.0	1629	12	-4.0638	0.92519	0.89867	0.979934	2615	0	-4.0638
Dner	20	0.20244	0.57992	1.0	1630	12	-4.0345	0.90042	0.86916	0.975309	2545	0	-4.0345
H2-Bl	20	0.20257	0.58034	1.0	1631	11	-3.9879	0.2525	0.2543	0.882295	704	0	-3.9879
Olfr1122	18	0.20287	0.56724	1.0	1632	10	-3.9481	0.42752	0.37343	0.882295	1215	0	-3.9481
Olfr1161	20	0.20324	0.58061	1.0	1633	5	-3.5079	0.6554	0.58118	0.90617	1829	0	-3.5079
Ttyh2	20	0.20335	0.58061	1.0	1634	8	-3.8358	0.31911	0.30329	0.882295	889	0	-3.8358
Olfr90	17	0.20353	0.56458	1.0	1635	10	-3.9703	0.77494	0.72976	0.942027	2173	0	-3.9703
Chrnb2	20	0.20363	0.58095	1.0	1636	11	-4.0597	0.17974	0.18093	0.882295	504	0	-4.0597
Clec1a	20	0.20378	0.58135	1.0	1637	7	-3.6579	0.0077842	0.011912	0.854381	22	0	-3.6579
Slc15a2	20	0.20397	0.58187	1.0	1638	10	-3.883	0.66892	0.59649	0.910668	1863	0	-3.883
Folr1	20	0.20404	0.58208	1.0	1639	8	-3.7702	0.54485	0.4929	0.90617	1529	0	-3.7702
Klrb1a	16	0.20431	0.56253	1.0	1640	6	-3.5087	0.30717	0.27922	0.882295	859	0	-3.5087
Pcdh11x	20	0.20458	0.58293	1.0	1641	10	-3.9236	0.60714	0.53684	0.90617	1691	0	-3.9236
Pttg1ip	18	0.20586	0.57282	1.0	1642	9	-3.8858	0.79792	0.75518	0.95332	2235	0	-3.8858
Olfr414	16	0.20635	0.56546	1.0	1643	10	-3.9501	0.25568	0.24672	0.882295	725	0	-3.9501
Evi2b	4	0.20643	0.40002	0.968038	1644	1	-3.2457	0.16459	0.13952	0.882295	460	0	-3.2457
Met	19	0.2067	0.58315	1.0	1645	10	-4.0972	0.26878	0.26734	0.882295	757	0	-4.0972
Fat4	20	0.20672	0.58569	1.0	1646	8	-3.4793	0.34126	0.31717	0.882295	979	0	-3.4793
Heg1	20	0.20694	0.58626	1.0	1647	11	-4.0051	0.48453	0.42352	0.891333	1345	0	-4.0051
Lingo2	18	0.20702	0.57519	1.0	1648	9	-3.8469	0.42015	0.37105	0.882295	1197	0	-3.8469
Hyal2	20	0.20718	0.58644	1.0	1649	8	-3.6821	0.70718	0.63959	0.922816	1980	0	-3.6821
Tmem30a	20	0.20792	0.5869	1.0	1650	8	-3.6272	0.069572	0.065744	0.879609	197	0	-3.6272
Pcdhb11	20	0.20801	0.58736	1.0	1651	9	-3.3336	0.3961	0.35467	0.882295	1135	0	-3.3336
Ephb4	20	0.20869	0.58837	1.0	1652	12	-3.9858	0.82154	0.77817	0.960285	2316	0	-3.9858
Tlr6	20	0.20885	0.58855	1.0	1653	7	-3.6877	0.72306	0.66211	0.929375	2017	0	-3.6877
Ptprd	19	0.20945	0.58615	1.0	1654	8	-3.7925	0.38068	0.34052	0.882295	1091	0	-3.7925
Itgb4	20	0.20945	0.58971	1.0	1655	12	-3.9504	0.3961	0.35467	0.882295	1128	0	-3.9504
Gm37388	19	0.20995	0.58734	1.0	1656	11	-4.0691	0.89145	0.86084	0.973581	2514	0	-4.0691
Slc47a1	20	0.21014	0.59039	1.0	1657	9	-3.7442	0.77762	0.72273	0.940601	2196	0	-3.7442
Vipr2	19	0.2102	0.58769	1.0	1658	6	-3.4601	0.097093	0.089729	0.879609	277	0	-3.4601
Slc6a8	17	0.2103	0.57293	1.0	1659	10	-4.0171	0.29869	0.27816	0.882295	849	0	-4.0171
Cadm3	20	0.21033	0.59083	1.0	1660	11	-4.0406	0.2525	0.2543	0.882295	710	0	-4.0406
Gpr160	20	0.21083	0.59176	1.0	1661	11	-3.8728	0.064748	0.059995	0.879609	184	0	-3.8728
Brs3	18	0.21097	0.58065	1.0	1662	7	-3.7455	0.68512	0.62481	0.911911	1906	0	-3.7455
Slc34a2	20	0.21124	0.592	1.0	1663	11	-3.9891	0.0021589	1.7322e-06	0.00033	7	0	-3.9891
Ffar1	20	0.21129	0.592	1.0	1664	8	-3.4225	0.33146	0.31022	0.882295	940	0	-3.4225
Slc9a2	20	0.21285	0.59396	1.0	1665	12	-3.9946	0.94423	0.92469	0.986842	2676	0	-3.9946
Cdh7	20	0.21285	0.59396	1.0	1666	12	-3.9945	0.92214	0.89518	0.97874	2613	0	-3.9945
Nkain2	20	0.21285	0.59396	1.0	1667	12	-3.9953	0.77762	0.72273	0.940601	2184	0	-3.9953
Vsig8	20	0.2129	0.5944	1.0	1668	8	-3.4999	0.50452	0.4411	0.894091	1415	0	-3.4999
Olfr296-ps1	20	0.21295	0.59462	1.0	1669	8	-3.7387	0.82154	0.77817	0.960285	2300	0	-3.7387
Glrb	19	0.21305	0.59159	1.0	1670	7	-3.5804	0.46716	0.40756	0.891333	1307	0	-3.5804
Clec7a	16	0.21312	0.57905	1.0	1671	10	-3.9591	0.70677	0.6489	0.929375	1973	0	-3.9591
Enpp5	20	0.21336	0.59472	1.0	1672	11	-3.9653	0.33146	0.31022	0.882295	943	0	-3.9653
Lrp1b	20	0.21361	0.59512	1.0	1673	10	-3.9928	0.16516	0.16393	0.882295	468	0	-3.9928
Olfr510	20	0.21429	0.59659	1.0	1674	11	-4.0319	0.92746	0.90256	0.981547	2626	0	-4.0319
Olfr43	12	0.21467	0.55269	1.0	1675	7	-4.0497	0.43447	0.3747	0.882295	1243	0	-4.0497
Ereg	20	0.21484	0.59703	1.0	1676	5	-3.4359	0.56878	0.51189	0.90617	1590	0	-3.4359
Ptch1	20	0.21508	0.59763	1.0	1677	8	-3.5711	0.17199	0.16919	0.882295	489	0	-3.5711
Lrrc24	20	0.21508	0.59763	1.0	1678	12	-4.0108	0.086499	0.082334	0.879609	247	0	-4.0108
Slc2a4	20	0.21586	0.59832	1.0	1679	9	-3.5717	0.40682	0.35987	0.882295	1155	0	-3.5717
Olfr220	18	0.21595	0.58819	1.0	1680	8	-3.7554	0.17924	0.18055	0.882295	495	0	-3.7554
Olfr248	20	0.21595	0.59875	1.0	1681	9	-3.7964	0.61325	0.54262	0.90617	1701	0	-3.7964
Olfr1453	18	0.2163	0.58858	1.0	1682	9	-3.9352	0.93415	0.91419	0.984994	2651	0	-3.9352
Gabra1	20	0.21642	0.60037	1.0	1683	11	-4.0175	0.8929	0.86008	0.973581	2528	0	-4.0175
Cd84	18	0.21707	0.58892	1.0	1684	7	-3.585	0.28265	0.27238	0.882295	798	0	-3.585
Gdpd2	18	0.21746	0.58913	1.0	1685	11	-4.0067	0.72249	0.65567	0.929375	2014	0	-4.0067
Olfr1191-ps1	18	0.21752	0.59029	1.0	1686	6	-3.4215	0.35544	0.31898	0.882295	1013	0	-3.4215
Cntn3	20	0.21768	0.60096	1.0	1687	8	-3.6703	0.88651	0.8512	0.971537	2502	0	-3.6703
Nrcam	20	0.21803	0.60202	1.0	1688	9	-3.7358	0.73993	0.67671	0.929375	2068	0	-3.7358
Egf	20	0.21808	0.60229	1.0	1689	12	-3.9935	0.68019	0.61042	0.910668	1896	0	-3.9935
Pla2r1	20	0.21848	0.60284	1.0	1690	10	-3.9545	0.31911	0.30329	0.882295	897	0	-3.9545
Tfpi	20	0.21864	0.60309	1.0	1691	9	-3.5065	0.058802	0.054332	0.879609	165	0	-3.5065
Ulbp1	20	0.22021	0.60452	1.0	1692	9	-3.8232	0.051241	0.046768	0.873617	142	0	-3.8232
Mpl	20	0.22034	0.60524	1.0	1693	8	-3.3486	0.18919	0.19239	0.882295	526	0	-3.3486
Olfr1219	19	0.2207	0.60168	1.0	1694	9	-3.7551	0.18064	0.18483	0.882295	518	0	-3.7551
Olfr1212	20	0.22077	0.6068	1.0	1695	9	-3.7503	0.55758	0.50558	0.90617	1563	0	-3.7503
P2ry13	20	0.22077	0.6068	1.0	1696	11	-4.0123	0.3961	0.35467	0.882295	1129	0	-4.0123
Olfr1080	15	0.22086	0.57859	1.0	1697	7	-3.843	0.9625	0.94699	0.992009	2727	0	-3.843
Hepacam2	18	0.22091	0.59621	1.0	1698	10	-3.9519	0.74155	0.68539	0.930045	2082	0	-3.9519
Daglb	19	0.22095	0.60212	1.0	1699	10	-3.8677	0.71071	0.64975	0.929375	1987	0	-3.8677
Fas	20	0.2212	0.60732	1.0	1700	10	-3.838	0.49523	0.43411	0.893868	1369	0	-3.838
Zan	20	0.2212	0.60732	1.0	1701	11	-4.0296	0.9918	0.9868	0.995964	2830	0	-4.0296
Cd2	20	0.22133	0.60796	1.0	1702	8	-3.3645	0.075299	0.073308	0.879609	216	0	-3.3645
Ms4a6c	20	0.22213	0.60814	1.0	1703	8	-3.4059	0.29851	0.29006	0.882295	833	0	-3.4059
Cdhr4	20	0.22239	0.6083	1.0	1704	9	-3.6562	0.62106	0.55482	0.90617	1726	0	-3.6562
Olfr73	20	0.22244	0.6084	1.0	1705	11	-3.9714	0.72306	0.66211	0.929375	2018	0	-3.9714
Olfr835	20	0.22244	0.6084	1.0	1706	8	-3.4759	0.23298	0.23434	0.882295	647	0	-3.4759
Tas1r3	20	0.22306	0.60928	1.0	1707	8	-3.6882	0.88651	0.8512	0.971537	2500	0	-3.6882
Tecta	20	0.22316	0.60938	1.0	1708	10	-3.8557	0.66892	0.59649	0.910668	1860	0	-3.8557
Slc22a4	20	0.22333	0.60974	1.0	1709	12	-3.9953	0.77762	0.72273	0.940601	2203	0	-3.9953
Lrig2	20	0.22333	0.60974	1.0	1710	12	-3.9414	0.41766	0.36762	0.882295	1172	0	-3.9414
Epgn	20	0.22333	0.60974	1.0	1711	12	-3.9149	0.91918	0.89188	0.97874	2603	0	-3.9149
Sppl2a	20	0.22343	0.61041	1.0	1712	7	-3.7832	0.79396	0.73839	0.946427	2231	0	-3.7832
D430019H16Rik	18	0.22374	0.60017	1.0	1713	9	-3.8557	0.1962	0.19371	0.882295	543	0	-3.8557
Psg19	18	0.22404	0.60106	1.0	1714	6	-3.5555	0.51124	0.46281	0.90617	1423	0	-3.5555
Olfr577	20	0.22413	0.61097	1.0	1715	9	-3.7662	0.28811	0.28257	0.882295	817	0	-3.7662
Slco1a5	20	0.22427	0.61097	1.0	1716	11	-3.9153	0.75933	0.69314	0.930045	2126	0	-3.9153
Pcdhgb2	18	0.22432	0.60119	1.0	1717	5	-3.4433	0.76472	0.70855	0.940132	2140	0	-3.4433
Lpar3	20	0.22438	0.6114	1.0	1718	10	-3.8155	0.11416	0.10603	0.882295	334	0	-3.8155
Vldlr	20	0.22443	0.61149	1.0	1719	8	-3.602	0.5237	0.47011	0.90617	1466	0	-3.602
Olfr1013	18	0.2249	0.6026	1.0	1720	11	-4.027	0.77594	0.72415	0.940743	2177	0	-4.027
Ceacam11	18	0.2249	0.6026	1.0	1721	11	-3.9953	0.50296	0.45381	0.89833	1397	0	-3.9953
Il9r	20	0.22539	0.61203	1.0	1722	9	-3.6048	0.64665	0.57499	0.90617	1800	0	-3.6048
Gsg1l2	20	0.22555	0.6122	1.0	1723	11	-4.0272	0.77762	0.72273	0.940601	2193	0	-4.0272
Itga8	18	0.22584	0.60467	1.0	1724	9	-3.9555	0.6496	0.57831	0.90617	1810	0	-3.9555
Olfr262	20	0.22629	0.6138	1.0	1725	10	-3.9469	0.33146	0.31022	0.882295	945	0	-3.9469
Olfr1510	20	0.22684	0.61471	1.0	1726	5	-3.0036	0.26315	0.26602	0.882295	740	0	-3.0036
Adam8	20	0.22707	0.61549	1.0	1727	12	-4.0001	0.89696	0.86513	0.97459	2532	0	-4.0001
Olfr495	20	0.22712	0.61612	1.0	1728	11	-4.0676	0.77066	0.71122	0.940132	2160	0	-4.0676
Slco6d1	20	0.22784	0.6165	1.0	1729	10	-3.8554	0.46981	0.41146	0.891333	1316	0	-3.8554
Gm36028	18	0.22824	0.61076	1.0	1730	11	-3.9808	0.33823	0.30771	0.882295	964	0	-3.9808
Cd300a	18	0.22848	0.61095	1.0	1731	9	-3.8468	0.37502	0.3303	0.882295	1068	0	-3.8468
Olfr1097	18	0.22856	0.61103	1.0	1732	7	-3.6137	0.2042	0.20254	0.882295	567	0	-3.6137
Abca12	20	0.22862	0.61743	1.0	1733	8	-3.7053	0.46193	0.40528	0.888268	1295	0	-3.7053
Olfr437	20	0.22883	0.61805	1.0	1734	10	-3.7942	0.87693	0.84092	0.971189	2470	0	-3.7942
Aplnr	18	0.22894	0.61156	1.0	1735	9	-3.9236	0.14274	0.14687	0.882295	407	0	-3.9236
Igsf3	20	0.22948	0.61852	1.0	1736	9	-3.709	0.56878	0.51189	0.90617	1585	0	-3.709
Csmd1	20	0.22964	0.6188	1.0	1737	12	-3.9767	0.60714	0.53684	0.90617	1687	0	-3.9767
Gpr87	20	0.22964	0.6188	1.0	1738	12	-3.929	0.35004	0.32151	0.882295	1004	0	-3.929
Bmpr2	20	0.23007	0.61933	1.0	1739	7	-3.4206	0.45422	0.40282	0.888268	1283	0	-3.4206
Adora2a	20	0.23052	0.61978	1.0	1740	10	-3.9015	0.11416	0.10603	0.882295	328	0	-3.9015
Opn3	20	0.23098	0.62069	1.0	1741	9	-3.6647	0.88651	0.8512	0.971537	2497	0	-3.6647
Mc4r	18	0.23141	0.61634	1.0	1742	7	-3.8057	0.84825	0.80908	0.963446	2393	0	-3.8057
Olfr668	20	0.23161	0.62113	1.0	1743	10	-3.8314	0.14103	0.15041	0.882295	397	0	-3.8314
Olfr1232	20	0.23168	0.62159	1.0	1744	12	-3.9238	0.3961	0.35467	0.882295	1126	0	-3.9238
Olfr65	20	0.23204	0.62206	1.0	1745	9	-3.7022	0.98109	0.97308	0.994297	2795	0	-3.7022
Pcdhb6	20	0.23298	0.62299	1.0	1746	9	-3.7537	0.28811	0.28257	0.882295	808	0	-3.7537
Tspan31	20	0.23388	0.62457	1.0	1747	10	-3.9386	0.61325	0.54262	0.90617	1710	0	-3.9386
Chl1	20	0.23388	0.62468	1.0	1748	7	-3.6968	0.19706	0.1972	0.882295	556	0	-3.6968
Dpp4	19	0.23402	0.6197	1.0	1749	10	-3.985	0.26878	0.26734	0.882295	755	0	-3.985
Efnb2	18	0.23413	0.62189	1.0	1750	9	-3.6065	0.062838	0.059896	0.879609	177	0	-3.6065
Eqtn	20	0.23452	0.62513	1.0	1751	7	-3.4739	0.59308	0.53007	0.90617	1659	0	-3.4739
Atp4b	20	0.23468	0.62539	1.0	1752	10	-3.8265	0.53169	0.48004	0.90617	1490	0	-3.8265
Lpar1	20	0.23478	0.62554	1.0	1753	7	-3.7358	0.79967	0.74509	0.946427	2240	0	-3.7358
Gpr61	20	0.23493	0.62614	1.0	1754	9	-3.6197	0.0028222	1.7322e-06	0.00033	9	0	-3.6197
Pqlc2	20	0.23506	0.62665	1.0	1755	12	-3.9189	0.91172	0.88166	0.975909	2584	0	-3.9189
Ptgfr	20	0.23506	0.62665	1.0	1756	12	-3.9313	0.11416	0.10603	0.882295	322	0	-3.9313
H2-M5	20	0.23506	0.62665	1.0	1757	12	-4.02	0.86881	0.83095	0.970125	2439	0	-4.02
Scarf2	20	0.23506	0.62665	1.0	1758	12	-4.0156	0.89696	0.86513	0.97459	2537	0	-4.0156
Gpr62	20	0.23598	0.62761	1.0	1759	10	-3.9022	0.34126	0.31717	0.882295	978	0	-3.9022
Olfr1424	20	0.23672	0.62854	1.0	1760	10	-3.8171	0.43424	0.38797	0.882295	1242	0	-3.8171
Vmn1r226	20	0.23684	0.6287	1.0	1761	9	-3.8424	0.93405	0.91244	0.984427	2645	0	-3.8424
Lifr	20	0.23748	0.62969	1.0	1762	9	-3.6579	0.21547	0.21177	0.882295	601	0	-3.6579
Olfr478	20	0.23765	0.63001	1.0	1763	10	-3.8488	0.51382	0.45342	0.89833	1429	0	-3.8488
Mill2	20	0.23842	0.63149	1.0	1764	9	-3.6967	0.84722	0.8038	0.962166	2391	0	-3.6967
Olfr850	20	0.23844	0.63202	1.0	1765	12	-3.916	0.093188	0.08798	0.879609	274	0	-3.916
Tmem161a	18	0.23868	0.62901	1.0	1766	8	-3.541	0.072919	0.07211	0.879609	209	0	-3.541
Amigo2	18	0.23913	0.63014	1.0	1767	10	-3.9541	0.61666	0.54377	0.90617	1714	0	-3.9541
Olfr1028	20	0.23932	0.63262	1.0	1768	6	-3.6275	0.93405	0.91244	0.984427	2648	0	-3.6275
Gabbr1	20	0.23954	0.63272	1.0	1769	10	-3.9351	0.86489	0.82523	0.968591	2435	0	-3.9351
Cd302	20	0.23954	0.63272	1.0	1770	6	-3.4718	0.90577	0.8756	0.975309	2562	0	-3.4718
Olfr1032	18	0.24003	0.63099	1.0	1771	7	-3.5899	0.47747	0.42002	0.891333	1334	0	-3.5899
Cdh11	20	0.24027	0.63439	1.0	1772	11	-3.9797	0.9668	0.95339	0.992386	2747	0	-3.9797
Olfr1291-ps1	20	0.24082	0.63597	1.0	1773	10	-3.7584	0.28811	0.28257	0.882295	813	0	-3.7584
Tmem245	18	0.24157	0.63351	1.0	1774	10	-3.967	0.56866	0.50017	0.90617	1582	0	-3.967
Olfr679	20	0.24159	0.63668	1.0	1775	4	-3.2825	0.10193	0.093562	0.879609	281	0	-3.2825
Olfr671	20	0.24191	0.63695	1.0	1776	11	-3.817	0.086499	0.082334	0.879609	245	0	-3.817
Tas2r123	20	0.24223	0.63716	1.0	1777	10	-3.8697	0.3961	0.35467	0.882295	1122	0	-3.8697
Tmprss15	18	0.24224	0.63394	1.0	1778	8	-3.6263	0.9633	0.95106	0.992009	2733	0	-3.6263
Olfr419	20	0.24228	0.6374	1.0	1779	7	-3.7074	0.8929	0.86008	0.973581	2520	0	-3.7074
Ano2	20	0.24249	0.63761	1.0	1780	11	-3.9714	0.19706	0.1972	0.882295	547	0	-3.9714
Slc6a20a	20	0.24249	0.63761	1.0	1781	10	-3.8014	0.6554	0.58118	0.90617	1819	0	-3.8014
Olfr69	20	0.24309	0.63858	1.0	1782	8	-3.4294	0.21547	0.21177	0.882295	593	0	-3.4294
Olfr178	20	0.24337	0.63882	1.0	1783	4	-3.2645	0.2525	0.2543	0.882295	723	0	-3.2645
Cfc1	20	0.24402	0.63994	1.0	1784	12	-4.0069	0.045532	0.042963	0.873617	132	0	-4.0069
Olfr1084	20	0.24402	0.63994	1.0	1785	12	-3.9192	0.77762	0.72273	0.940601	2186	0	-3.9192
Kcnmb3	20	0.24402	0.63994	1.0	1786	12	-3.9102	0.66246	0.58641	0.908864	1848	0	-3.9102
Siglecg	18	0.2443	0.63608	1.0	1787	10	-4.0109	0.54679	0.49072	0.90617	1533	0	-4.0109
Cldn8	19	0.24452	0.63806	1.0	1788	7	-3.5964	0.10878	0.10175	0.882295	310	0	-3.5964
Ptgfrn	20	0.24462	0.64131	1.0	1789	10	-3.9108	0.68814	0.61532	0.910668	1926	0	-3.9108
Cxadr	20	0.24489	0.64144	1.0	1790	10	-3.8995	0.12871	0.13655	0.882295	360	0	-3.8995
Slc44a5	20	0.2449	0.6418	1.0	1791	10	-3.8354	0.11416	0.10603	0.882295	318	0	-3.8354
Galr3	20	0.24539	0.64285	1.0	1792	11	-4.0521	0.92214	0.89518	0.97874	2614	0	-4.0521
Olfr592	20	0.24539	0.64285	1.0	1793	11	-4.0345	0.62106	0.55482	0.90617	1729	0	-4.0345
Slc6a4	19	0.24543	0.63966	1.0	1794	9	-3.843	0.57437	0.51304	0.90617	1605	0	-3.843
Gm14085	20	0.2463	0.6445	1.0	1795	7	-3.5709	0.30865	0.29751	0.882295	877	0	-3.5709
Klrg1	20	0.2463	0.6445	1.0	1796	11	-3.8996	0.7679	0.70499	0.938894	2153	0	-3.8996
Cd300ld4	3	0.24649	0.41239	0.974769	1797	2	-3.8661	0.8289	0.81893	0.965955	2332	0	-3.8661
Slc33a1	20	0.2468	0.64499	1.0	1798	8	-3.7205	0.44431	0.39669	0.884347	1273	0	-3.7205
Kit	20	0.24688	0.64519	1.0	1799	10	-3.8441	0.68814	0.61532	0.910668	1934	0	-3.8441
Tspan33	20	0.2477	0.64905	1.0	1800	9	-3.612	0.40682	0.35987	0.882295	1159	0	-3.612
Pcdhb13	20	0.2485	0.6505	1.0	1801	10	-3.9443	0.99606	0.99337	0.99751	2845	0	-3.9443
Olfr181	16	0.24875	0.62827	1.0	1802	8	-3.7938	0.42981	0.37262	0.882295	1222	0	-3.7938
Zfyve27	20	0.24884	0.65103	1.0	1803	11	-4.0097	0.13424	0.14352	0.882295	371	0	-4.0097
Abcc12	20	0.2496	0.65204	1.0	1804	10	-3.8074	0.3961	0.35467	0.882295	1120	0	-3.8074
Sstr1	20	0.25012	0.65277	1.0	1805	12	-3.9549	0.41766	0.36762	0.882295	1186	0	-3.9549
H2-Eb2	20	0.25012	0.65277	1.0	1806	12	-3.9336	0.20551	0.20524	0.882295	571	0	-3.9336
Slc26a2	20	0.2506	0.65323	1.0	1807	11	-4.0155	0.22414	0.22158	0.882295	629	0	-4.0155
Hcrtr2	20	0.2506	0.65323	1.0	1808	11	-3.999	0.50452	0.4411	0.894091	1402	0	-3.999
Il1r1	20	0.25072	0.65371	1.0	1809	8	-3.6468	0.81025	0.75995	0.953968	2280	0	-3.6468
Olfr843	20	0.25099	0.65409	1.0	1810	10	-3.8671	0.18919	0.19239	0.882295	538	0	-3.8671
Olfr1452-ps1	20	0.25113	0.65454	1.0	1811	7	-3.6189	0.5237	0.47011	0.90617	1458	0	-3.6189
Il18r1	19	0.25181	0.6481	1.0	1812	9	-3.8194	0.24155	0.24443	0.882295	673	0	-3.8194
Gm13723	20	0.25196	0.65742	1.0	1813	10	-3.8655	0.77762	0.72273	0.940601	2191	0	-3.8655
Olfr1446	20	0.25349	0.6588	1.0	1814	11	-4.0175	0.018618	0.015844	0.854381	54	0	-4.0175
Htr2a	20	0.25349	0.6588	1.0	1815	11	-3.9958	0.24248	0.24525	0.882295	685	0	-3.9958
Ncstn	20	0.25403	0.66029	1.0	1816	9	-3.7366	0.24248	0.24525	0.882295	676	0	-3.7366
Olfr1241	20	0.25403	0.66029	1.0	1817	10	-3.9291	0.3961	0.35467	0.882295	1127	0	-3.9291
Slitrk5	18	0.25411	0.64714	1.0	1818	9	-3.8873	0.61666	0.54377	0.90617	1715	0	-3.8873
Mpzl2	20	0.25426	0.66064	1.0	1819	11	-3.9954	0.95819	0.94309	0.992009	2715	0	-3.9954
Gpr65	20	0.25426	0.66064	1.0	1820	10	-3.6329	0.33146	0.31022	0.882295	956	0	-3.6329
Gpr101	20	0.25439	0.66137	1.0	1821	9	-3.7985	0.24248	0.24525	0.882295	684	0	-3.7985
H2-M10.2	20	0.25439	0.66137	1.0	1822	11	-3.8965	0.66246	0.58641	0.908864	1849	0	-3.8965
Olfr1309	20	0.25466	0.6626	1.0	1823	9	-3.6718	0.20551	0.20524	0.882295	581	0	-3.6718
Kitl	16	0.25529	0.6351	1.0	1824	5	-3.5666	0.15446	0.15791	0.882295	433	0	-3.5666
Adam7	20	0.25548	0.66303	1.0	1825	9	-3.5987	0.051241	0.046768	0.873617	146	0	-3.5987
Olfr847	18	0.25548	0.64878	1.0	1826	8	-3.8169	0.22115	0.22405	0.882295	612	0	-3.8169
Ugt8a	20	0.2559	0.6637	1.0	1827	10	-3.9151	0.86055	0.81891	0.965955	2419	0	-3.9151
Olfr1497	19	0.25612	0.65364	1.0	1828	6	-3.3699	0.56628	0.5101	0.90617	1580	0	-3.3699
Nrxn1	18	0.25645	0.64887	1.0	1829	8	-3.8424	0.17201	0.1761	0.882295	493	0	-3.8424
Ptger2	20	0.25659	0.66424	1.0	1830	9	-3.6978	0.14103	0.15041	0.882295	384	0	-3.6978
Scn7a	20	0.25692	0.66441	1.0	1831	11	-4.0459	0.5401	0.48865	0.90617	1521	0	-4.0459
Adrb2	20	0.25692	0.66441	1.0	1832	11	-3.9917	0.69868	0.6257	0.911911	1959	0	-3.9917
Taar9	19	0.25728	0.65551	1.0	1833	10	-3.886	0.42775	0.38186	0.882295	1217	0	-3.886
Pcdhb4	20	0.25754	0.66488	1.0	1834	9	-3.6974	0.60065	0.53203	0.90617	1675	0	-3.6974
Slc15a3	20	0.25823	0.66637	1.0	1835	9	-3.7983	0.23298	0.23434	0.882295	663	0	-3.7983
Duoxa1	20	0.25828	0.66649	1.0	1836	10	-3.9515	0.54861	0.49816	0.90617	1539	0	-3.9515
Izumo1r	20	0.25853	0.66659	1.0	1837	11	-4.0054	0.78928	0.73207	0.942452	2223	0	-4.0054
Plxnb3	20	0.25944	0.66736	1.0	1838	11	-3.929	0.37709	0.34388	0.882295	1071	0	-3.929
Cd300ld	20	0.25944	0.66736	1.0	1839	10	-3.8744	0.99776	0.99628	0.999427	2849	0	-3.8744
H2-M10.4	20	0.25966	0.66749	1.0	1840	9	-3.655	0.93815	0.91822	0.98619	2661	0	-3.655
Olfr624	20	0.2602	0.66764	1.0	1841	10	-3.9301	0.68019	0.61042	0.910668	1904	0	-3.9301
Olfr1495	20	0.26066	0.66832	1.0	1842	7	-3.3554	0.14848	0.15732	0.882295	423	0	-3.3554
Olfr1223	20	0.26106	0.66914	1.0	1843	11	-4.0377	0.87693	0.84092	0.971189	2473	0	-4.0377
Fgfr4	20	0.26143	0.6694	1.0	1844	10	-3.9011	0.50452	0.4411	0.894091	1412	0	-3.9011
Dlk1	20	0.2618	0.66984	1.0	1845	10	-3.8377	0.75933	0.69314	0.930045	2132	0	-3.8377
Taar1	19	0.26225	0.66166	1.0	1846	9	-3.7152	0.26878	0.26734	0.882295	756	0	-3.7152
F3	20	0.26265	0.67067	1.0	1847	10	-3.8064	0.069572	0.065744	0.879609	201	0	-3.8064
Lmbr1	20	0.26315	0.67077	1.0	1848	8	-3.3699	0.36791	0.33565	0.882295	1044	0	-3.3699
Slc22a30	19	0.26419	0.66366	1.0	1849	8	-3.74	0.31787	0.29795	0.882295	885	0	-3.74
Prtg	20	0.26453	0.67288	1.0	1850	10	-3.8294	0.11416	0.10603	0.882295	321	0	-3.8294
Olfr1015	20	0.26499	0.6738	1.0	1851	10	-3.9268	0.29851	0.29006	0.882295	837	0	-3.9268
Lrfn3	20	0.26567	0.67452	1.0	1852	11	-3.9831	0.70718	0.63959	0.922816	1975	0	-3.9831
Olfr845	20	0.26567	0.67452	1.0	1853	11	-3.9932	0.77762	0.72273	0.940601	2201	0	-3.9932
Robo3	20	0.26567	0.67452	1.0	1854	11	-3.9943	0.093188	0.08798	0.879609	261	0	-3.9943
Olfr569	18	0.26584	0.66061	1.0	1855	8	-3.4414	0.43507	0.37919	0.882295	1244	0	-3.4414
Cd200r3	19	0.26585	0.66532	1.0	1856	11	-3.9288	0.38068	0.34052	0.882295	1092	0	-3.9288
Tnfsf4	19	0.26585	0.66532	1.0	1857	11	-3.9288	0.3059	0.29105	0.882295	857	0	-3.9288
Ptprs	20	0.2661	0.67557	1.0	1858	10	-3.9319	0.96998	0.95784	0.992386	2750	0	-3.9319
Pcdhb5	20	0.26725	0.6765	1.0	1859	8	-3.627	0.021879	0.023608	0.873617	58	0	-3.627
Cd40lg	20	0.26761	0.67687	1.0	1860	9	-3.6985	0.00083086	1.7322e-06	0.00033	3	1	-3.6985
Selplg	20	0.26855	0.67732	1.0	1861	10	-3.7289	0.49523	0.43411	0.893868	1375	0	-3.7289
Cd300ld2	20	0.26855	0.67732	1.0	1862	10	-3.82	0.81573	0.77038	0.959277	2296	0	-3.82
Olfr218	20	0.26871	0.67785	1.0	1863	8	-3.3471	0.058802	0.054332	0.879609	173	0	-3.3471
Otop2	20	0.26871	0.67785	1.0	1864	11	-3.9051	0.23298	0.23434	0.882295	662	0	-3.9051
Olfr720	20	0.2689	0.67827	1.0	1865	10	-3.8424	0.086499	0.082334	0.879609	241	0	-3.8424
Olfr92	20	0.26897	0.67864	1.0	1866	7	-3.4107	0.15303	0.159	0.882295	432	0	-3.4107
Gfy	20	0.26922	0.67905	1.0	1867	10	-3.936	0.98525	0.97699	0.994737	2808	0	-3.936
Pvr	20	0.26922	0.67905	1.0	1868	10	-3.9797	0.64665	0.57499	0.90617	1793	0	-3.9797
Olfr447	20	0.26922	0.67905	1.0	1869	11	-4.014	0.46193	0.40528	0.888268	1303	0	-4.014
Tex101	20	0.26922	0.67905	1.0	1870	10	-3.9051	0.63738	0.56966	0.90617	1775	0	-3.9051
Nmur1	20	0.2693	0.67944	1.0	1871	9	-3.7261	0.66892	0.59649	0.910668	1854	0	-3.7261
Itga10	18	0.26942	0.66432	1.0	1872	8	-3.7119	0.63022	0.55915	0.90617	1750	0	-3.7119
Fasl	20	0.26996	0.67986	1.0	1873	9	-3.7398	0.69868	0.6257	0.911911	1968	0	-3.7398
Mfsd2b	20	0.27113	0.68091	1.0	1874	10	-3.8728	0.20551	0.20524	0.882295	572	0	-3.8728
Olfr1111	20	0.27113	0.68091	1.0	1875	7	-3.657	0.31911	0.30329	0.882295	895	0	-3.657
Pam	20	0.27156	0.68141	1.0	1876	7	-3.52	0.11416	0.10603	0.882295	313	0	-3.52
Spn	20	0.27207	0.68155	1.0	1877	11	-3.9925	0.20551	0.20524	0.882295	574	0	-3.9925
Olfr498	19	0.27225	0.6722	1.0	1878	11	-3.9288	0.0051987	0.0038125	0.650844	16	0	-3.9288
Olfr516	15	0.27252	0.65281	1.0	1879	4	-3.5731	0.15848	0.15887	0.882295	454	0	-3.5731
Dcc	20	0.27254	0.68224	1.0	1880	11	-3.9981	0.34126	0.31717	0.882295	984	0	-3.9981
Mme	20	0.27282	0.68241	1.0	1881	10	-3.8556	0.68814	0.61532	0.910668	1932	0	-3.8556
Tlr1	18	0.27297	0.66876	1.0	1882	5	-3.1873	0.31318	0.29072	0.882295	880	0	-3.1873
Tmem63b	20	0.2734	0.6826	1.0	1883	8	-3.4436	0.62106	0.55482	0.90617	1734	0	-3.4436
Olfr1289	20	0.27363	0.68358	1.0	1884	10	-3.8856	0.34126	0.31717	0.882295	980	0	-3.8856
Cacng6	18	0.27518	0.67255	1.0	1885	10	-3.8935	0.1962	0.19371	0.882295	542	0	-3.8935
Slc38a4	20	0.27524	0.68531	1.0	1886	7	-3.5079	0.34126	0.31717	0.882295	970	0	-3.5079
Slc7a14	20	0.27545	0.68552	1.0	1887	11	-3.9027	0.3961	0.35467	0.882295	1119	0	-3.9027
Olfr506	19	0.27555	0.67725	1.0	1888	6	-3.4837	0.6501	0.57954	0.90617	1817	0	-3.4837
Lrit3	20	0.2757	0.6861	1.0	1889	11	-3.988	0.56878	0.51189	0.90617	1589	0	-3.988
Slc13a3	20	0.27671	0.68638	1.0	1890	6	-3.292	0.90042	0.86916	0.975309	2542	0	-3.292
Vmn1r232	20	0.2772	0.68726	1.0	1891	8	-3.537	0.75933	0.69314	0.930045	2123	0	-3.537
Lrrn1	20	0.27781	0.68747	1.0	1892	6	-3.3017	0.43424	0.38797	0.882295	1224	0	-3.3017
Gabrb2	20	0.27799	0.68772	1.0	1893	11	-3.9927	0.90577	0.8756	0.975309	2567	0	-3.9927
Olfr854	20	0.27801	0.68791	1.0	1894	11	-3.9497	0.0031538	1.7322e-06	0.00033	10	0	-3.9497
Sema6b	20	0.27829	0.68825	1.0	1895	10	-3.8534	0.93405	0.91244	0.984427	2646	0	-3.8534
Tm4sf20	20	0.27954	0.68904	1.0	1896	9	-3.7928	0.86055	0.81891	0.965955	2422	0	-3.7928
Vmn1r68	16	0.28002	0.66488	1.0	1897	8	-3.7571	0.1681	0.16874	0.882295	475	0	-3.7571
Gpr171	18	0.28036	0.67714	1.0	1898	8	-3.7213	0.44921	0.39074	0.884347	1279	0	-3.7213
Htr1b	16	0.28161	0.6664	1.0	1899	8	-3.8893	0.32321	0.28981	0.882295	930	0	-3.8893
Cxcr4	20	0.28185	0.69082	1.0	1900	10	-3.9423	0.36791	0.33565	0.882295	1054	0	-3.9423
Rho	20	0.28185	0.69082	1.0	1901	11	-3.9871	0.90876	0.87873	0.975309	2575	0	-3.9871
Flvcr2	20	0.28198	0.69105	1.0	1902	10	-3.8774	0.79967	0.74509	0.946427	2238	0	-3.8774
Pcdhb17	20	0.28202	0.69105	1.0	1903	9	-3.8501	0.6554	0.58118	0.90617	1832	0	-3.8501
Olfr666	18	0.28274	0.68006	1.0	1904	8	-3.6251	0.16333	0.16532	0.882295	457	0	-3.6251
Slc30a1	20	0.28275	0.69197	1.0	1905	9	-3.843	0.5401	0.48865	0.90617	1508	0	-3.843
Dgcr2	6	0.28284	0.55655	1.0	1906	3	-3.7315	0.71775	0.6751	0.929375	2011	0	-3.7315
Fpr2	20	0.28304	0.69244	1.0	1907	8	-3.7528	0.79967	0.74509	0.946427	2243	0	-3.7528
Olfr1202	18	0.28306	0.6821	1.0	1908	9	-3.7985	0.96034	0.9461	0.992009	2724	0	-3.7985
Ggt1	20	0.28309	0.69282	1.0	1909	7	-3.5169	0.79967	0.74509	0.946427	2244	0	-3.5169
Olfr716	20	0.28334	0.69298	1.0	1910	8	-3.7142	0.46981	0.41146	0.891333	1317	0	-3.7142
H2-DMb1	20	0.28358	0.6931	1.0	1911	10	-3.8769	0.68814	0.61532	0.910668	1912	0	-3.8769
Ncr1	20	0.28377	0.69342	1.0	1912	11	-3.9718	0.48453	0.42352	0.891333	1347	0	-3.9718
Steap4	20	0.28377	0.69342	1.0	1913	11	-4.0204	0.15728	0.16058	0.882295	439	0	-4.0204
Olfr557	20	0.28422	0.69389	1.0	1914	10	-3.8423	0.90876	0.87873	0.975309	2571	0	-3.8423
Abcb1b	20	0.28429	0.69398	1.0	1915	8	-3.5815	0.42723	0.37909	0.882295	1209	0	-3.5815
Tgfa	19	0.28461	0.68832	1.0	1916	7	-3.6023	0.097093	0.089729	0.879609	276	0	-3.6023
Prlr	19	0.285	0.68869	1.0	1917	10	-4.0293	0.64362	0.56915	0.90617	1786	0	-4.0293
Mfsd2a	20	0.28534	0.69546	1.0	1918	11	-4.0103	0.57811	0.52108	0.90617	1621	0	-4.0103
Olfr310	18	0.28625	0.68714	1.0	1919	6	-3.7206	0.51999	0.46983	0.90617	1453	0	-3.7206
Olfr1494	19	0.28635	0.69025	1.0	1920	11	-3.9569	0.59444	0.52543	0.90617	1664	0	-3.9569
Olfr589	20	0.28642	0.69677	1.0	1921	6	-3.4096	0.11416	0.10603	0.882295	316	0	-3.4096
Nipal3	20	0.28645	0.69727	1.0	1922	8	-3.5958	0.56878	0.51189	0.90617	1587	0	-3.5958
Lman2l	20	0.28661	0.69746	1.0	1923	10	-3.8493	0.92214	0.89518	0.97874	2610	0	-3.8493
Atp2b3	20	0.28718	0.69807	1.0	1924	10	-3.8672	0.02934	0.035296	0.873617	86	0	-3.8672
Tgoln1	20	0.28731	0.69849	1.0	1925	8	-3.7058	0.15728	0.16058	0.882295	438	0	-3.7058
Olfr1490	20	0.28755	0.69878	1.0	1926	11	-3.9636	0.66246	0.58641	0.908864	1839	0	-3.9636
Olfr556	20	0.28755	0.69878	1.0	1927	11	-3.9802	0.28073	0.2781	0.882295	788	0	-3.9802
Kcnj4	20	0.28763	0.69888	1.0	1928	6	-3.0025	0.44431	0.39669	0.884347	1267	0	-3.0025
Adam32	20	0.28811	0.69924	1.0	1929	10	-3.8557	0.051241	0.046768	0.873617	149	0	-3.8557
Chrna7	20	0.28828	0.69958	1.0	1930	11	-4.0054	0.64665	0.57499	0.90617	1797	0	-4.0054
Olfr1014	19	0.2891	0.69314	1.0	1931	9	-3.7459	0.90568	0.87729	0.975309	2555	0	-3.7459
Fam171b	20	0.28937	0.70055	1.0	1932	9	-3.7798	0.2525	0.2543	0.882295	713	0	-3.7798
Evi2a	17	0.29041	0.68731	1.0	1933	10	-3.9519	0.96571	0.95333	0.992386	2743	0	-3.9519
Tek	20	0.29056	0.70199	1.0	1934	10	-3.9335	0.75227	0.68838	0.930045	2102	0	-3.9335
Vmn1r229	20	0.29126	0.70225	1.0	1935	9	-3.7795	0.22414	0.22158	0.882295	625	0	-3.7795
Slc16a1	20	0.29135	0.70279	1.0	1936	11	-3.9821	0.55758	0.50558	0.90617	1560	0	-3.9821
Gsg1l	20	0.29189	0.70312	1.0	1937	9	-3.6974	0.69868	0.6257	0.911911	1947	0	-3.6974
Olfr749	20	0.29203	0.7032	1.0	1938	8	-3.6584	0.96267	0.94878	0.992009	2728	0	-3.6584
Olfr1230	18	0.29355	0.69558	1.0	1939	10	-3.9345	0.61666	0.54377	0.90617	1712	0	-3.9345
Reck	20	0.29363	0.70491	1.0	1940	8	-3.8102	0.12871	0.13655	0.882295	365	0	-3.8102
Olfr1509	20	0.29368	0.705	1.0	1941	11	-3.9625	0.14103	0.15041	0.882295	400	0	-3.9625
Mas1	20	0.29378	0.70524	1.0	1942	10	-3.8771	0.075299	0.073308	0.879609	220	0	-3.8771
Efnb3	19	0.29418	0.69817	1.0	1943	9	-3.7173	0.055946	0.052145	0.879609	160	0	-3.7173
Nrg1	20	0.29497	0.70594	1.0	1944	10	-3.8529	0.83494	0.79411	0.961935	2350	0	-3.8529
Csf2rb2	20	0.29603	0.70649	1.0	1945	9	-3.765	0.55758	0.50558	0.90617	1565	0	-3.765
Phex	19	0.29627	0.70124	1.0	1946	9	-3.7936	0.84612	0.80447	0.962166	2379	0	-3.7936
Clec2g	20	0.29639	0.70754	1.0	1947	9	-3.6769	0.93166	0.90913	0.98346	2641	0	-3.6769
Plp1	20	0.29673	0.70801	1.0	1948	7	-3.5535	0.84722	0.8038	0.962166	2383	0	-3.5535
Prn	5	0.29686	0.54276	1.0	1949	3	-4.1537	0.60999	0.57607	0.90617	1696	0	-4.1537
Abcb11	20	0.29756	0.70855	1.0	1950	9	-3.816	0.87306	0.83698	0.971189	2453	0	-3.816
Cdh5	20	0.29763	0.70858	1.0	1951	11	-3.9495	0.075299	0.073308	0.879609	221	0	-3.9495
Cd151	20	0.29873	0.70908	1.0	1952	9	-3.5258	0.29851	0.29006	0.882295	841	0	-3.5258
Vmn1r233	19	0.29932	0.70621	1.0	1953	11	-3.9732	0.043305	0.040971	0.873617	123	0	-3.9732
Olfr981	20	0.29943	0.7092	1.0	1954	10	-3.8783	0.51382	0.45342	0.89833	1446	0	-3.8783
Olfr1274-ps	20	0.29948	0.70922	1.0	1955	9	-3.6799	0.34126	0.31717	0.882295	976	0	-3.6799
Olfr424	20	0.29958	0.70993	1.0	1956	5	-3.4937	0.14103	0.15041	0.882295	396	0	-3.4937
Ccr4	20	0.30025	0.71099	1.0	1957	11	-3.9533	0.56878	0.51189	0.90617	1591	0	-3.9533
Olfr231	19	0.30159	0.70743	1.0	1958	11	-3.9352	0.95761	0.94268	0.992009	2712	0	-3.9352
Tie1	20	0.30179	0.7122	1.0	1959	10	-3.8607	0.79967	0.74509	0.946427	2245	0	-3.8607
Stab2	18	0.3019	0.70306	1.0	1960	8	-3.7123	0.32998	0.29874	0.882295	938	0	-3.7123
Plxna2	20	0.30199	0.71257	1.0	1961	6	-3.4116	0.2525	0.2543	0.882295	719	0	-3.4116
Ptprh	20	0.30219	0.71262	1.0	1962	9	-3.7941	0.6554	0.58118	0.90617	1827	0	-3.7941
Chrm3	20	0.30219	0.71262	1.0	1963	9	-3.7754	0.40682	0.35987	0.882295	1147	0	-3.7754
Olfr1155	20	0.30376	0.71363	1.0	1964	11	-3.9565	0.44431	0.39669	0.884347	1268	0	-3.9565
Olfr1204	20	0.30383	0.71376	1.0	1965	6	-3.5258	0.15728	0.16058	0.882295	452	0	-3.5258
Shisa6	20	0.30419	0.71433	1.0	1966	10	-3.8557	0.40682	0.35987	0.882295	1156	0	-3.8557
Icam5	20	0.3043	0.71463	1.0	1967	11	-3.9316	0.55758	0.50558	0.90617	1566	0	-3.9316
Robo2	20	0.30448	0.71467	1.0	1968	9	-3.7657	0.33146	0.31022	0.882295	949	0	-3.7657
Icam1	20	0.30448	0.71467	1.0	1969	9	-3.5511	0.6554	0.58118	0.90617	1822	0	-3.5511
Txndc15	16	0.30453	0.69244	1.0	1970	8	-3.8881	0.14658	0.14833	0.882295	409	0	-3.8881
Pear1	18	0.30468	0.70653	1.0	1971	10	-4.0086	0.57471	0.50572	0.90617	1610	0	-4.0086
Muc16	19	0.30536	0.71199	1.0	1972	11	-3.9189	0.94127	0.9232	0.986842	2667	0	-3.9189
Cd40	20	0.30632	0.71551	1.0	1973	6	-3.6676	0.89696	0.86513	0.97459	2530	0	-3.6676
Gm21970	7	0.30672	0.5996	1.0	1974	3	-3.4911	0.77768	0.73791	0.946427	2204	0	-3.4911
Taar5	17	0.30685	0.70532	1.0	1975	6	-3.4129	0.31491	0.28554	0.882295	883	0	-3.4129
Sgca	20	0.30759	0.71732	1.0	1976	9	-3.6993	0.77762	0.72273	0.940601	2202	0	-3.6993
Olfr826	11	0.3082	0.6587	1.0	1977	5	-3.7364	0.41358	0.35951	0.882295	1170	0	-3.7364
Olfr434	20	0.30888	0.71957	1.0	1978	7	-3.5568	0.6554	0.58118	0.90617	1831	0	-3.5568
Btla	20	0.31054	0.72095	1.0	1979	10	-3.8204	0.49523	0.43411	0.893868	1367	0	-3.8204
Gas1	20	0.31065	0.72109	1.0	1980	9	-3.8552	0.64665	0.57499	0.90617	1803	0	-3.8552
Pcdhb20	20	0.31081	0.72132	1.0	1981	9	-3.839	0.35004	0.32151	0.882295	1002	0	-3.839
Gpr142	20	0.31087	0.72173	1.0	1982	4	-3.1271	0.55758	0.50558	0.90617	1564	0	-3.1271
Olfr1101	20	0.31143	0.72246	1.0	1983	11	-3.9851	0.44431	0.39669	0.884347	1271	0	-3.9851
Cdh19	20	0.31143	0.72246	1.0	1984	11	-3.9733	0.95979	0.94514	0.992009	2723	0	-3.9733
Cd200	18	0.31153	0.71425	1.0	1985	9	-3.8685	0.93415	0.91419	0.984994	2649	0	-3.8685
Slc6a11	20	0.3118	0.72294	1.0	1986	10	-3.8711	0.62937	0.56602	0.90617	1747	0	-3.8711
Ltb4r2	18	0.31195	0.71471	1.0	1987	8	-3.5261	0.5548	0.49356	0.90617	1547	0	-3.5261
Lgr5	19	0.31198	0.72001	1.0	1988	7	-3.7735	0.78844	0.73492	0.945703	2218	0	-3.7735
Olfr1141	20	0.31247	0.72367	1.0	1989	9	-3.7545	0.29851	0.29006	0.882295	836	0	-3.7545
Igsf9	18	0.3136	0.71625	1.0	1990	9	-3.896	0.22115	0.22405	0.882295	615	0	-3.896
Olfr700	20	0.31394	0.72438	1.0	1991	11	-3.9964	0.55758	0.50558	0.90617	1548	0	-3.9964
Olfr275	19	0.31449	0.72258	1.0	1992	8	-3.5291	0.74156	0.6765	0.929375	2085	0	-3.5291
Tnfsf8	20	0.31483	0.72598	1.0	1993	7	-3.6829	0.89696	0.86513	0.97459	2535	0	-3.6829
Gpr21	20	0.31528	0.72599	1.0	1994	9	-3.7332	0.11416	0.10603	0.882295	337	0	-3.7332
Hrh3	20	0.31547	0.72674	1.0	1995	11	-3.9465	0.9754	0.96626	0.993624	2774	0	-3.9465
Cd36	18	0.31553	0.71807	1.0	1996	8	-3.627	0.14995	0.14996	0.882295	428	0	-3.627
Olfr640	20	0.31593	0.72707	1.0	1997	10	-3.8542	0.15728	0.16058	0.882295	449	0	-3.8542
Slc7a10	20	0.31593	0.72707	1.0	1998	10	-3.9043	0.31911	0.30329	0.882295	917	0	-3.9043
C130060K24Rik	20	0.31628	0.7275	1.0	1999	9	-3.6711	0.35914	0.32587	0.882295	1019	0	-3.6711
Gpr27	20	0.31654	0.72823	1.0	2000	10	-3.8742	0.31911	0.30329	0.882295	913	0	-3.8742
Cd44	20	0.31654	0.72823	1.0	2001	9	-3.761	0.34126	0.31717	0.882295	989	0	-3.761
Slc22a2	19	0.31667	0.72476	1.0	2002	8	-3.6762	0.82364	0.78215	0.961898	2320	0	-3.6762
Mrgprd	20	0.31688	0.72864	1.0	2003	11	-3.9645	0.90342	0.87248	0.975309	2548	0	-3.9645
Ms4a6b	19	0.31735	0.72498	1.0	2004	10	-3.8964	0.53917	0.4889	0.90617	1502	0	-3.8964
Gpr17	20	0.3179	0.72892	1.0	2005	9	-3.5244	0.60065	0.53203	0.90617	1677	0	-3.5244
Psg20	18	0.31793	0.72028	1.0	2006	8	-3.7034	0.84396	0.80495	0.962166	2378	0	-3.7034
Lsamp	20	0.31803	0.72917	1.0	2007	9	-3.7881	0.60065	0.53203	0.90617	1678	0	-3.7881
Il18rap	20	0.31803	0.72917	1.0	2008	8	-3.5857	0.69868	0.6257	0.911911	1958	0	-3.5857
Tas2r117	20	0.31852	0.73002	1.0	2009	6	-3.3274	0.080685	0.078752	0.879609	227	0	-3.3274
Igf1r	20	0.31975	0.73121	1.0	2010	10	-3.9057	0.16516	0.16393	0.882295	464	0	-3.9057
Olfr272	19	0.31992	0.73045	1.0	2011	8	-3.5582	0.039056	0.040967	0.873617	111	0	-3.5582
Tmem67	20	0.32043	0.73176	1.0	2012	8	-3.6972	0.10193	0.093562	0.879609	286	0	-3.6972
Slc22a6	20	0.32082	0.73195	1.0	2013	11	-3.9756	0.51382	0.45342	0.89833	1449	0	-3.9756
Taar8a	18	0.3209	0.72326	1.0	2014	8	-3.8276	0.85892	0.81996	0.966766	2415	0	-3.8276
Lrrc25	20	0.32215	0.733	1.0	2015	11	-3.9337	0.92632	0.90048	0.981525	2622	0	-3.9337
Slc12a1	20	0.32215	0.733	1.0	2016	11	-3.9915	0.28811	0.28257	0.882295	807	0	-3.9915
Slc44a2	20	0.32215	0.733	1.0	2017	11	-3.9409	0.51382	0.45342	0.89833	1441	0	-3.9409
Fcrl1	20	0.32231	0.73332	1.0	2018	10	-3.947	0.85195	0.80808	0.963096	2400	0	-3.947
Cxcl16	20	0.32337	0.73378	1.0	2019	7	-3.5108	0.036104	0.039129	0.873617	104	0	-3.5108
Slc41a3	20	0.32351	0.73386	1.0	2020	11	-3.9302	0.83904	0.79725	0.961935	2361	0	-3.9302
Itga1	20	0.32474	0.73465	1.0	2021	10	-3.8091	0.61325	0.54262	0.90617	1704	0	-3.8091
Sv2b	20	0.32481	0.7347	1.0	2022	10	-3.7147	0.041069	0.042959	0.873617	114	0	-3.7147
Tyrp1	20	0.32487	0.73501	1.0	2023	9	-3.8425	0.43424	0.38797	0.882295	1239	0	-3.8425
Cd3g	20	0.32516	0.73551	1.0	2024	8	-3.6554	0.93166	0.90913	0.98346	2642	0	-3.6554
Sigirr	20	0.32516	0.73551	1.0	2025	9	-3.845	0.56878	0.51189	0.90617	1603	0	-3.845
Sema4b	20	0.32516	0.73551	1.0	2026	6	-3.6151	0.35004	0.32151	0.882295	994	0	-3.6151
Hyal5	19	0.32562	0.73719	1.0	2027	7	-3.5089	0.52189	0.47219	0.90617	1456	0	-3.5089
Tas2r106	20	0.32589	0.73602	1.0	2028	9	-3.7676	0.24248	0.24525	0.882295	689	0	-3.7676
Chodl	17	0.3261	0.72526	1.0	2029	6	-3.7172	0.96664	0.95425	0.992386	2745	0	-3.7172
Gpr137b	18	0.32641	0.72888	1.0	2030	8	-3.7956	0.70862	0.6471	0.929375	1986	0	-3.7956
Slc13a1	18	0.32641	0.72888	1.0	2031	6	-3.604	0.16333	0.16532	0.882295	455	0	-3.604
Olfr1425	20	0.32646	0.73636	1.0	2032	7	-3.7108	0.34126	0.31717	0.882295	981	0	-3.7108
Slc39a12	20	0.32676	0.73669	1.0	2033	9	-3.7744	0.58494	0.52713	0.90617	1641	0	-3.7744
Olfr1195	20	0.32711	0.73695	1.0	2034	10	-3.9277	0.30865	0.29751	0.882295	866	0	-3.9277
Art1	19	0.32729	0.739	1.0	2035	10	-3.9939	0.64362	0.56915	0.90617	1788	0	-3.9939
Scnn1b	20	0.32794	0.73809	1.0	2036	9	-3.6619	0.29851	0.29006	0.882295	847	0	-3.6619
Crtam	20	0.32799	0.73859	1.0	2037	11	-3.8607	0.23298	0.23434	0.882295	650	0	-3.8607
Olfr669	20	0.328	0.73883	1.0	2038	8	-3.6931	0.35004	0.32151	0.882295	1000	0	-3.6931
Olfr721-ps1	18	0.32809	0.73143	1.0	2039	9	-3.937	0.037039	0.039547	0.873617	110	0	-3.937
Gypc	18	0.32809	0.73143	1.0	2040	9	-3.8418	0.068031	0.066866	0.879609	194	0	-3.8418
Olfr469	15	0.32817	0.71428	1.0	2041	6	-3.6856	0.28374	0.25615	0.882295	800	0	-3.6856
Olfr1216	19	0.32904	0.74017	1.0	2042	10	-3.948	0.23606	0.24019	0.882295	664	0	-3.948
Tmeff2	19	0.32904	0.74017	1.0	2043	10	-3.985	0.74156	0.6765	0.929375	2086	0	-3.985
Gpc2	12	0.32992	0.6876	1.0	2044	4	-3.5174	0.070151	0.065423	0.879609	207	0	-3.5174
Gpr82	20	0.32997	0.73998	1.0	2045	11	-3.9332	0.68814	0.61532	0.910668	1914	0	-3.9332
Itln1	20	0.33037	0.74062	1.0	2046	10	-3.9262	0.041069	0.042959	0.873617	121	0	-3.9262
Grm6	20	0.33052	0.74082	1.0	2047	8	-3.6027	0.69868	0.6257	0.911911	1946	0	-3.6027
Lilr4b	20	0.33052	0.74082	1.0	2048	7	-3.3291	0.77066	0.71122	0.940132	2157	0	-3.3291
Adam9	18	0.33065	0.73435	1.0	2049	9	-3.8664	0.81086	0.76542	0.956944	2285	0	-3.8664
Cd53	20	0.33087	0.74116	1.0	2050	9	-3.4788	0.69868	0.6257	0.911911	1963	0	-3.4788
Ptchd3	20	0.33087	0.74116	1.0	2051	10	-3.753	0.7154	0.65321	0.929375	1993	0	-3.753
Olfr1066	20	0.33112	0.74167	1.0	2052	8	-3.5027	0.41766	0.36762	0.882295	1174	0	-3.5027
Tmprss11e	20	0.33195	0.74264	1.0	2053	11	-3.9392	0.20551	0.20524	0.882295	582	0	-3.9392
Olfr19	20	0.33195	0.74264	1.0	2054	11	-3.9298	0.88651	0.8512	0.971537	2498	0	-3.9298
Vmn1r184	20	0.33327	0.74543	1.0	2055	5	-3.6369	0.73993	0.67671	0.929375	2071	0	-3.6369
Slc12a6	5	0.3333	0.58197	1.0	2056	2	-3.0595	0.4115	0.37176	0.882295	1169	0	-3.0595
Vsig2	19	0.33362	0.74469	1.0	2057	10	-3.9864	0.07681	0.075588	0.879609	223	0	-3.9864
Slc23a2	20	0.33501	0.747	1.0	2058	7	-3.5532	0.84281	0.79903	0.961935	2373	0	-3.5532
Pcdhgb7	18	0.33509	0.7388	1.0	2059	7	-3.5917	0.0040319	1.7322e-06	0.00033	13	0	-3.5917
Slc22a13b-ps	18	0.3353	0.73898	1.0	2060	8	-3.7013	0.91831	0.89492	0.97874	2598	0	-3.7013
Rprm	17	0.33557	0.73498	1.0	2061	8	-3.845	0.32288	0.29407	0.882295	929	0	-3.845
Olfr1006	18	0.33561	0.73973	1.0	2062	10	-3.9503	0.9057	0.87728	0.975309	2560	0	-3.9503
Klre1	20	0.33583	0.74743	1.0	2063	10	-3.8446	0.35004	0.32151	0.882295	995	0	-3.8446
Olfr420	20	0.33583	0.74743	1.0	2064	9	-3.5683	0.30865	0.29751	0.882295	875	0	-3.5683
Slitrk4	20	0.33632	0.74816	1.0	2065	11	-3.9379	0.76556	0.7011	0.935214	2149	0	-3.9379
Olfr1256	20	0.33728	0.74853	1.0	2066	10	-3.8232	0.51382	0.45342	0.89833	1426	0	-3.8232
Cacng4	20	0.33733	0.74858	1.0	2067	8	-3.7338	0.89696	0.86513	0.97459	2533	0	-3.7338
Olfr109	20	0.33798	0.74913	1.0	2068	8	-3.5125	0.13728	0.14518	0.882295	383	0	-3.5125
Olfr1512	20	0.3387	0.74938	1.0	2069	8	-3.7119	0.10193	0.093562	0.879609	299	0	-3.7119
Sdk2	19	0.33882	0.75006	1.0	2070	9	-3.6951	0.12269	0.1304	0.882295	346	0	-3.6951
Olfr1156	20	0.33913	0.7496	1.0	2071	8	-3.5245	0.85195	0.80808	0.963096	2398	0	-3.5245
Taar8c	12	0.33914	0.6974	1.0	2072	5	-3.703	0.6607	0.61407	0.910668	1838	0	-3.703
Slc22a23	20	0.33916	0.7497	1.0	2073	10	-3.8682	0.99147	0.98617	0.995964	2827	0	-3.8682
Olfr1038-ps	20	0.33932	0.74995	1.0	2074	11	-3.9402	0.60065	0.53203	0.90617	1679	0	-3.9402
Gfra2	20	0.34025	0.75065	1.0	2075	7	-3.6931	0.35914	0.32587	0.882295	1023	0	-3.6931
Slc16a4	20	0.34044	0.75092	1.0	2076	9	-3.8373	0.75933	0.69314	0.930045	2124	0	-3.8373
Sdc2	20	0.34044	0.75092	1.0	2077	8	-3.7334	0.3961	0.35467	0.882295	1118	0	-3.7334
Vmn1r228	19	0.34122	0.75208	1.0	2078	6	-3.7855	0.77703	0.72177	0.940601	2182	0	-3.7855
Cntn4	20	0.34148	0.75121	1.0	2079	7	-3.7502	0.5237	0.47011	0.90617	1475	0	-3.7502
Ephb2	20	0.34199	0.75182	1.0	2080	9	-3.7022	0.73993	0.67671	0.929375	2076	0	-3.7022
Olfr1264	20	0.34201	0.75217	1.0	2081	10	-3.8601	0.66246	0.58641	0.908864	1844	0	-3.8601
Vmn1r230	20	0.34201	0.75217	1.0	2082	11	-3.9403	0.78422	0.72858	0.941902	2215	0	-3.9403
Gabra3	20	0.34238	0.75236	1.0	2083	7	-3.6769	0.57811	0.52108	0.90617	1619	0	-3.6769
Sgcz	20	0.34249	0.75237	1.0	2084	7	-3.2331	0.79967	0.74509	0.946427	2239	0	-3.2331
Olfr1226	20	0.34249	0.75237	1.0	2085	8	-3.7811	0.64665	0.57499	0.90617	1806	0	-3.7811
Adam21	20	0.34286	0.7529	1.0	2086	11	-3.9488	0.051241	0.046768	0.873617	148	0	-3.9488
Tmem184a	13	0.34377	0.71079	1.0	2087	7	-3.9189	0.93548	0.91234	0.984427	2652	0	-3.9189
Slc7a2	20	0.34389	0.75322	1.0	2088	9	-3.5291	0.058802	0.054332	0.879609	167	0	-3.5291
Vmn1r185	20	0.34411	0.75366	1.0	2089	11	-3.9034	0.12871	0.13655	0.882295	366	0	-3.9034
Mdga2	20	0.34434	0.75377	1.0	2090	9	-3.7271	0.33146	0.31022	0.882295	952	0	-3.7271
Spaca4	17	0.34514	0.74156	1.0	2091	8	-3.6366	0.14225	0.14236	0.882295	405	0	-3.6366
Tyro3	17	0.34538	0.74192	1.0	2092	7	-3.6866	0.50002	0.45085	0.89833	1395	0	-3.6866
Olfr1049	12	0.34539	0.7065	1.0	2093	5	-3.6812	0.35125	0.30501	0.882295	1010	0	-3.6812
Olfr693	20	0.34627	0.75569	1.0	2094	8	-3.7738	0.75227	0.68838	0.930045	2112	0	-3.7738
Scn5a	20	0.3463	0.75601	1.0	2095	11	-3.8896	0.55758	0.50558	0.90617	1558	0	-3.8896
Abca8b	20	0.3463	0.7563	1.0	2096	11	-3.9215	0.44431	0.39669	0.884347	1264	0	-3.9215
Lrrc4	18	0.34736	0.74959	1.0	2097	8	-3.6898	0.13468	0.14375	0.882295	380	0	-3.6898
Olfr1240	20	0.34742	0.75732	1.0	2098	11	-3.954	0.5401	0.48865	0.90617	1522	0	-3.954
Olfr664	20	0.34819	0.75802	1.0	2099	10	-3.9316	0.35914	0.32587	0.882295	1035	0	-3.9316
Cldn19	20	0.34948	0.75902	1.0	2100	11	-3.922	0.89696	0.86513	0.97459	2531	0	-3.922
Pfpl	20	0.34986	0.75952	1.0	2101	10	-3.9052	0.88331	0.84682	0.971189	2485	0	-3.9052
Olfr490	20	0.35018	0.76018	1.0	2102	7	-3.3508	0.24248	0.24525	0.882295	690	0	-3.3508
Tmem26	20	0.35136	0.76104	1.0	2103	8	-3.7477	0.28811	0.28257	0.882295	810	0	-3.7477
Muc1	20	0.35213	0.76159	1.0	2104	9	-3.8178	0.63738	0.56966	0.90617	1758	0	-3.8178
Slc35a5	20	0.35272	0.76229	1.0	2105	9	-3.7864	0.67514	0.60642	0.910668	1880	0	-3.7864
Tlr3	20	0.35367	0.76295	1.0	2106	11	-3.9387	0.14848	0.15732	0.882295	411	0	-3.9387
Lamp2	20	0.35466	0.76413	1.0	2107	11	-3.9043	0.8929	0.86008	0.973581	2519	0	-3.9043
Olfr319	19	0.35481	0.76497	1.0	2108	10	-3.8794	0.47768	0.4178	0.891333	1339	0	-3.8794
Sema6c	20	0.35581	0.76571	1.0	2109	9	-3.839	0.84722	0.8038	0.962166	2385	0	-3.839
Olfr980	18	0.35584	0.75774	1.0	2110	6	-3.2979	0.17924	0.18055	0.882295	497	0	-3.2979
Pcdhgb6	14	0.35609	0.73698	1.0	2111	7	-3.9178	0.81288	0.77064	0.959277	2289	0	-3.9178
Chrm5	18	0.35679	0.75904	1.0	2112	10	-3.932	0.44175	0.38503	0.882295	1258	0	-3.932
Slc26a3	20	0.35811	0.76884	1.0	2113	9	-3.4788	0.058802	0.054332	0.879609	166	0	-3.4788
Siglech	20	0.35823	0.76915	1.0	2114	9	-3.8527	0.49523	0.43411	0.893868	1385	0	-3.8527
Emp1	20	0.35864	0.76962	1.0	2115	11	-3.9441	0.92519	0.89867	0.979934	2619	0	-3.9441
Ncam1	20	0.35864	0.76962	1.0	2116	11	-3.9441	0.9786	0.97013	0.993624	2787	0	-3.9441
Olfr804	17	0.35867	0.75289	1.0	2117	8	-3.7544	0.11052	0.11809	0.882295	311	0	-3.7544
Gpr19	20	0.35892	0.77004	1.0	2118	9	-3.5617	0.79396	0.73839	0.946427	2233	0	-3.5617
Pkd1l3	20	0.35892	0.77004	1.0	2119	5	-3.6114	0.3961	0.35467	0.882295	1121	0	-3.6114
Olfr1002	19	0.3603	0.7691	1.0	2120	7	-3.7069	0.39113	0.34581	0.882295	1116	0	-3.7069
Npy5r	20	0.36066	0.77169	1.0	2121	11	-3.8933	0.012066	0.013878	0.854381	38	0	-3.8933
Olfr63	20	0.36066	0.77169	1.0	2122	9	-3.845	0.73993	0.67671	0.929375	2080	0	-3.845
Lpar5	20	0.36086	0.77192	1.0	2123	6	-3.5057	0.15728	0.16058	0.882295	441	0	-3.5057
Atg9a	20	0.36086	0.77192	1.0	2124	9	-3.7843	0.33146	0.31022	0.882295	950	0	-3.7843
Adam12	20	0.36114	0.77209	1.0	2125	9	-3.7027	0.44431	0.39669	0.884347	1266	0	-3.7027
Slco2a1	18	0.36268	0.7647	1.0	2126	9	-3.8482	0.63648	0.56931	0.90617	1753	0	-3.8482
Tm4sf4	20	0.36304	0.77357	1.0	2127	11	-3.9043	0.02934	0.035296	0.873617	77	0	-3.9043
Synpr	20	0.36304	0.77357	1.0	2128	11	-3.8657	0.82154	0.77817	0.960285	2305	0	-3.8657
Ptafr	20	0.36341	0.77423	1.0	2129	8	-3.5018	0.55758	0.50558	0.90617	1557	0	-3.5018
Slc26a9	20	0.36413	0.77454	1.0	2130	8	-3.3238	0.44431	0.39669	0.884347	1262	0	-3.3238
Izumo1	20	0.36422	0.77454	1.0	2131	8	-3.3897	0.40682	0.35987	0.882295	1151	0	-3.3897
Olfr1261	18	0.36425	0.76654	1.0	2132	8	-3.3798	0.22115	0.22405	0.882295	616	0	-3.3798
M6pr	18	0.36428	0.76666	1.0	2133	8	-3.7638	0.28265	0.27238	0.882295	797	0	-3.7638
Olfr354	19	0.36433	0.77336	1.0	2134	9	-3.8287	0.36217	0.32994	0.882295	1037	0	-3.8287
Slc26a8	20	0.36447	0.77486	1.0	2135	7	-3.4093	0.21547	0.21177	0.882295	609	0	-3.4093
Nrg2	20	0.36477	0.7751	1.0	2136	10	-3.8577	0.90577	0.8756	0.975309	2564	0	-3.8577
Lgr4	20	0.36616	0.77616	1.0	2137	11	-3.9078	0.11416	0.10603	0.882295	332	0	-3.9078
Il10ra	20	0.36618	0.7763	1.0	2138	8	-3.4609	0.70718	0.63959	0.922816	1976	0	-3.4609
Prokr2	20	0.36635	0.77663	1.0	2139	11	-3.9348	0.98745	0.98055	0.995178	2812	0	-3.9348
Olfr172	20	0.36635	0.77663	1.0	2140	11	-3.8948	0.87693	0.84092	0.971189	2471	0	-3.8948
Olfr1057	19	0.36675	0.77524	1.0	2141	10	-3.907	0.82757	0.78394	0.961898	2331	0	-3.907
Olfr1100	20	0.36715	0.77803	1.0	2142	9	-3.6109	0.82702	0.78453	0.961898	2326	0	-3.6109
Gm15922	11	0.36719	0.71276	1.0	2143	6	-3.9361	0.98416	0.97815	0.995178	2800	0	-3.9361
Olfr199	20	0.37165	0.78213	1.0	2144	9	-3.5887	0.20551	0.20524	0.882295	579	0	-3.5887
Lrrn4cl	20	0.37219	0.78222	1.0	2145	7	-3.5104	0.021879	0.023608	0.873617	66	0	-3.5104
Drd1	19	0.3722	0.7789	1.0	2146	9	-3.8553	0.81939	0.779	0.960481	2298	0	-3.8553
Tnfrsf22	20	0.3728	0.78348	1.0	2147	11	-3.9532	0.98787	0.98092	0.995199	2817	0	-3.9532
Ano1	20	0.3728	0.78348	1.0	2148	11	-3.914	0.46193	0.40528	0.888268	1296	0	-3.914
Tmem87b	20	0.37295	0.78381	1.0	2149	10	-3.9185	0.81025	0.75995	0.953968	2278	0	-3.9185
Bambi	19	0.37336	0.7797	1.0	2150	8	-3.6366	0.86334	0.8271	0.970125	2428	0	-3.6366
Olfr574	18	0.37371	0.77364	1.0	2151	10	-3.8995	0.12167	0.13123	0.882295	343	0	-3.8995
Thsd1	19	0.37372	0.7798	1.0	2152	10	-3.8837	0.60222	0.53772	0.90617	1680	0	-3.8837
Itgam	2	0.37547	0.47974	0.992189	2153	1	-3.8873	0.40416	0.37077	0.882295	1145	0	-3.8873
Esam	20	0.37547	0.78567	1.0	2154	8	-3.7289	0.37709	0.34388	0.882295	1082	0	-3.7289
Lrp2	20	0.37574	0.78596	1.0	2155	10	-3.9295	0.26315	0.26602	0.882295	748	0	-3.9295
Olfr1029	17	0.37575	0.76699	1.0	2156	8	-3.5731	0.83895	0.79759	0.961935	2356	0	-3.5731
Dsg4	20	0.37649	0.78656	1.0	2157	11	-3.9302	0.82154	0.77817	0.960285	2315	0	-3.9302
Olfr1447	20	0.37649	0.78656	1.0	2158	11	-3.9366	0.73993	0.67671	0.929375	2079	0	-3.9366
Omg	20	0.37649	0.78656	1.0	2159	11	-3.8997	0.55758	0.50558	0.90617	1550	0	-3.8997
Opn1sw	20	0.3773	0.78741	1.0	2160	11	-3.8818	0.7154	0.65321	0.929375	1992	0	-3.8818
Ccr5	19	0.37827	0.78342	1.0	2161	8	-3.7665	0.38068	0.34052	0.882295	1090	0	-3.7665
Vsig10l	19	0.38123	0.78614	1.0	2162	10	-3.9519	0.17157	0.17373	0.882295	477	0	-3.9519
Olfr492	20	0.38124	0.79106	1.0	2163	11	-3.8938	0.28811	0.28257	0.882295	820	0	-3.8938
Chrnd	19	0.38127	0.78621	1.0	2164	7	-3.6291	0.84612	0.80447	0.962166	2380	0	-3.6291
Gm13762	18	0.38197	0.78034	1.0	2165	8	-3.2999	0.15622	0.15455	0.882295	434	0	-3.2999
Olfr74	20	0.38205	0.79148	1.0	2166	6	-3.6073	0.66246	0.58641	0.908864	1842	0	-3.6073
Btn1a1	20	0.38258	0.79164	1.0	2167	9	-3.7402	0.35004	0.32151	0.882295	1007	0	-3.7402
Gria3	20	0.3828	0.79198	1.0	2168	9	-3.6146	0.81025	0.75995	0.953968	2282	0	-3.6146
Galr1	19	0.38288	0.78731	1.0	2169	8	-3.7069	0.38068	0.34052	0.882295	1093	0	-3.7069
Bace2	20	0.38289	0.79209	1.0	2170	9	-3.771	0.075299	0.073308	0.879609	218	0	-3.771
Gm42416	6	0.38324	0.66537	1.0	2171	2	-3.1542	0.32408	0.28202	0.882295	931	0	-3.1542
Olfr713	20	0.38329	0.79218	1.0	2172	6	-3.4372	0.47677	0.41754	0.891333	1319	0	-3.4372
Olfr1140	18	0.38372	0.78124	1.0	2173	10	-3.9492	0.17924	0.18055	0.882295	496	0	-3.9492
Ceacam14	20	0.3839	0.79233	1.0	2174	8	-3.6581	0.47677	0.41754	0.891333	1327	0	-3.6581
Chrnb4	20	0.38394	0.79243	1.0	2175	7	-3.6518	0.78422	0.72858	0.941902	2207	0	-3.6518
Gria4	20	0.38394	0.79243	1.0	2176	8	-3.5761	0.59308	0.53007	0.90617	1660	0	-3.5761
Antxrl	20	0.3846	0.79277	1.0	2177	9	-3.7676	0.64665	0.57499	0.90617	1796	0	-3.7676
Olfr684	20	0.38554	0.79354	1.0	2178	9	-3.8298	0.90342	0.87248	0.975309	2552	0	-3.8298
Il13ra1	20	0.38554	0.79354	1.0	2179	9	-3.8183	0.51382	0.45342	0.89833	1436	0	-3.8183
Olfr482	20	0.38554	0.79354	1.0	2180	9	-3.8134	0.0038165	1.7322e-06	0.00033	12	0	-3.8134
Tspan8	19	0.38586	0.78925	1.0	2181	9	-3.7255	0.5303	0.48163	0.90617	1481	0	-3.7255
Cd3d	18	0.38623	0.78329	1.0	2182	9	-3.8722	0.47747	0.42002	0.891333	1336	0	-3.8722
Olfr441	18	0.38623	0.78329	1.0	2183	8	-3.3953	0.43507	0.37919	0.882295	1246	0	-3.3953
Tm9sf4	20	0.38705	0.79509	1.0	2184	11	-3.9115	0.34126	0.31717	0.882295	967	0	-3.9115
H2-Ab1	20	0.38781	0.79557	1.0	2185	10	-3.7151	0.67514	0.60642	0.910668	1871	0	-3.7151
Ptger3	20	0.38781	0.79557	1.0	2186	10	-3.7944	0.33146	0.31022	0.882295	947	0	-3.7944
Olfr834	17	0.38814	0.77703	1.0	2187	6	-3.2219	0.064376	0.063369	0.879609	178	0	-3.2219
Sez6l2	20	0.38883	0.79634	1.0	2188	8	-3.8158	0.88331	0.84682	0.971189	2495	0	-3.8158
Olfr735	20	0.38883	0.79634	1.0	2189	10	-3.8073	0.69868	0.6257	0.911911	1953	0	-3.8073
Olfr583	20	0.38941	0.79742	1.0	2190	8	-3.5775	0.56878	0.51189	0.90617	1601	0	-3.5775
Olfr694	20	0.3899	0.79766	1.0	2191	4	-3.2044	0.080685	0.078752	0.879609	233	0	-3.2044
Olfr623	20	0.39073	0.79777	1.0	2192	5	-3.5152	0.41766	0.36762	0.882295	1184	0	-3.5152
Prnd	5	0.39092	0.63822	1.0	2193	3	-4.0147	0.57593	0.53915	0.90617	1612	0	-4.0147
Thsd7a	20	0.39129	0.79868	1.0	2194	11	-3.9061	0.10193	0.093562	0.879609	283	0	-3.9061
Efna4	20	0.39129	0.79868	1.0	2195	11	-3.9061	0.68814	0.61532	0.910668	1910	0	-3.9061
Olfr514	20	0.39129	0.79868	1.0	2196	11	-3.9068	0.81573	0.77038	0.959277	2290	0	-3.9068
Olfr177	20	0.39129	0.79868	1.0	2197	11	-3.9083	0.88331	0.84682	0.971189	2486	0	-3.9083
Plxnc1	20	0.39149	0.7989	1.0	2198	9	-3.5982	0.49523	0.43411	0.893868	1372	0	-3.5982
Tas2r136	20	0.39193	0.79894	1.0	2199	9	-3.7536	0.28811	0.28257	0.882295	812	0	-3.7536
Slco1a6	20	0.39193	0.79894	1.0	2200	9	-3.8385	0.75933	0.69314	0.930045	2125	0	-3.8385
Ajap1	20	0.39351	0.80072	1.0	2201	9	-3.5677	0.62106	0.55482	0.90617	1735	0	-3.5677
Gabrg1	20	0.39391	0.80111	1.0	2202	10	-3.9347	0.012066	0.013878	0.854381	39	0	-3.9347
Gjc3	20	0.39391	0.80111	1.0	2203	10	-3.9163	0.29851	0.29006	0.882295	848	0	-3.9163
Chrm4	19	0.39391	0.79521	1.0	2204	10	-3.9131	0.95279	0.93676	0.992009	2695	0	-3.9131
Cd200r2	17	0.39405	0.78151	1.0	2205	8	-3.8623	0.83895	0.79759	0.961935	2355	0	-3.8623
Tas2r138	18	0.39412	0.78979	1.0	2206	8	-3.7795	0.79385	0.75032	0.949324	2228	0	-3.7795
Olfr228	20	0.39452	0.80143	1.0	2207	8	-3.5432	0.086499	0.082334	0.879609	251	0	-3.5432
Lysmd3	20	0.3946	0.80165	1.0	2208	9	-3.74	0.49523	0.43411	0.893868	1381	0	-3.74
Tm9sf2	20	0.3946	0.80165	1.0	2209	9	-3.5712	0.3961	0.35467	0.882295	1138	0	-3.5712
Ifnar1	20	0.39552	0.80229	1.0	2210	11	-3.9137	0.81025	0.75995	0.953968	2283	0	-3.9137
Atrnl1	20	0.39552	0.80229	1.0	2211	11	-3.8857	0.28811	0.28257	0.882295	809	0	-3.8857
Trp53i13	20	0.39552	0.80229	1.0	2212	11	-3.8963	0.35914	0.32587	0.882295	1029	0	-3.8963
Olfr331	19	0.3965	0.79741	1.0	2213	6	-3.357	0.5595	0.50409	0.90617	1573	0	-3.357
Slitrk6	20	0.3966	0.80337	1.0	2214	7	-3.4646	0.46981	0.41146	0.891333	1314	0	-3.4646
Olfr1265	18	0.3967	0.79223	1.0	2215	6	-3.5172	0.24937	0.25227	0.882295	693	0	-3.5172
Slc6a15	20	0.39793	0.80431	1.0	2216	8	-3.6953	0.78928	0.73207	0.942452	2220	0	-3.6953
Lrrc52	20	0.39826	0.80497	1.0	2217	10	-3.9232	0.9641	0.95062	0.992009	2734	0	-3.9232
Mr1	20	0.39845	0.80522	1.0	2218	11	-3.9315	0.021879	0.023608	0.873617	68	0	-3.9315
Igdcc4	20	0.39845	0.80522	1.0	2219	11	-3.8969	0.60714	0.53684	0.90617	1682	0	-3.8969
Gpr35	20	0.39845	0.80522	1.0	2220	11	-3.8809	0.77066	0.71122	0.940132	2166	0	-3.8809
Slc12a5	20	0.40003	0.80601	1.0	2221	10	-3.8562	0.021879	0.023608	0.873617	59	0	-3.8562
Gpr12	20	0.40043	0.8062	1.0	2222	10	-3.9221	0.46981	0.41146	0.891333	1311	0	-3.9221
Olfr1254	19	0.40057	0.80005	1.0	2223	8	-3.5399	0.96064	0.94593	0.992009	2725	0	-3.5399
Lypd5	18	0.40117	0.7967	1.0	2224	8	-3.7124	0.54679	0.49072	0.90617	1532	0	-3.7124
Olfr502	19	0.40139	0.80088	1.0	2225	10	-3.9011	0.46716	0.40756	0.891333	1306	0	-3.9011
Olfr31	20	0.40145	0.80702	1.0	2226	10	-3.8569	0.92939	0.906	0.983421	2633	0	-3.8569
Il12rb2	20	0.40145	0.80702	1.0	2227	9	-3.6693	0.9167	0.88823	0.977873	2593	0	-3.6693
Pcdhgc5	18	0.40228	0.79794	1.0	2228	10	-3.9143	0.5907	0.52872	0.90617	1643	0	-3.9143
Slc10a2	20	0.40235	0.80841	1.0	2229	9	-3.6467	0.53169	0.48004	0.90617	1494	0	-3.6467
Lhfpl1	20	0.40244	0.80889	1.0	2230	11	-3.8876	0.54861	0.49816	0.90617	1537	0	-3.8876
Cd74	20	0.40244	0.80889	1.0	2231	11	-3.9263	0.55758	0.50558	0.90617	1571	0	-3.9263
Ldlrad4	20	0.40244	0.80889	1.0	2232	11	-3.882	0.92519	0.89867	0.979934	2616	0	-3.882
Egfr	20	0.40356	0.81003	1.0	2233	8	-3.5565	0.19706	0.1972	0.882295	554	0	-3.5565
Ceacam2	20	0.40398	0.81051	1.0	2234	7	-3.3821	0.058802	0.054332	0.879609	170	0	-3.3821
Olfr699	20	0.40481	0.811	1.0	2235	9	-3.8331	0.99017	0.98419	0.995964	2824	0	-3.8331
Taar2	20	0.40539	0.8117	1.0	2236	10	-3.8206	0.14848	0.15732	0.882295	412	0	-3.8206
Gfra3	20	0.40551	0.81171	1.0	2237	6	-3.5489	0.62106	0.55482	0.90617	1723	0	-3.5489
Scarb2	20	0.40664	0.81253	1.0	2238	11	-3.8868	0.86489	0.82523	0.968591	2432	0	-3.8868
Slc51b	20	0.4068	0.81307	1.0	2239	10	-3.8742	0.97775	0.96903	0.993624	2783	0	-3.8742
Olfr1513	19	0.40723	0.80437	1.0	2240	10	-3.8919	0.57437	0.51304	0.90617	1607	0	-3.8919
Il4ra	20	0.40742	0.81356	1.0	2241	10	-3.904	0.41766	0.36762	0.882295	1179	0	-3.904
Rnf128	18	0.4082	0.80266	1.0	2242	8	-3.74	0.032553	0.035956	0.873617	95	0	-3.74
Olfr704	20	0.4093	0.81483	1.0	2243	6	-3.5197	0.02934	0.035296	0.873617	89	0	-3.5197
Mrgpra9	20	0.40994	0.81511	1.0	2244	9	-3.8147	0.33146	0.31022	0.882295	951	0	-3.8147
Igsf11	20	0.40994	0.81545	1.0	2245	11	-3.8223	0.49523	0.43411	0.893868	1388	0	-3.8223
Galr2	20	0.40994	0.81545	1.0	2246	11	-3.918	0.18919	0.19239	0.882295	527	0	-3.918
Olfr1228	20	0.40994	0.81545	1.0	2247	11	-3.8974	0.012066	0.013878	0.854381	35	0	-3.8974
Slc43a1	20	0.4118	0.81654	1.0	2248	6	-3.4609	0.54861	0.49816	0.90617	1540	0	-3.4609
Slc16a8	20	0.41242	0.81713	1.0	2249	10	-3.895	0.50452	0.4411	0.894091	1414	0	-3.895
Oxtr	20	0.41264	0.81726	1.0	2250	8	-3.6593	0.28073	0.2781	0.882295	795	0	-3.6593
Olfr1272	20	0.41307	0.81755	1.0	2251	8	-3.4783	0.75227	0.68838	0.930045	2108	0	-3.4783
Dscam	20	0.41547	0.8198	1.0	2252	10	-3.8087	0.69868	0.6257	0.911911	1967	0	-3.8087
Slc37a2	18	0.41556	0.80829	1.0	2253	9	-3.8934	0.32142	0.29465	0.882295	927	0	-3.8934
Tnfrsf21	20	0.41617	0.82033	1.0	2254	10	-3.874	0.49523	0.43411	0.893868	1379	0	-3.874
Olfr1493-ps1	18	0.41733	0.8098	1.0	2255	9	-3.8919	0.44175	0.38503	0.882295	1257	0	-3.8919
Xcr1	20	0.41735	0.82071	1.0	2256	7	-3.3776	0.045532	0.042963	0.873617	128	0	-3.3776
Cntfr	19	0.41742	0.81098	1.0	2257	8	-3.5964	0.61852	0.55269	0.90617	1718	0	-3.5964
Pcdha2	13	0.41754	0.77399	1.0	2258	6	-3.8641	0.87869	0.85015	0.971537	2476	0	-3.8641
Slco6c1	20	0.41792	0.8212	1.0	2259	10	-3.8883	0.35914	0.32587	0.882295	1031	0	-3.8883
Mpeg1	20	0.41792	0.8212	1.0	2260	10	-3.8757	0.63738	0.56966	0.90617	1759	0	-3.8757
Psg28	17	0.41873	0.80129	1.0	2261	5	-3.1648	0.28984	0.27183	0.882295	821	0	-3.1648
Olfr1491	20	0.41905	0.82204	1.0	2262	9	-3.5506	0.051241	0.046768	0.873617	139	0	-3.5506
Olfr328	20	0.41957	0.82224	1.0	2263	9	-3.7456	0.36791	0.33565	0.882295	1058	0	-3.7456
Olfr1260	20	0.41976	0.82238	1.0	2264	9	-3.7976	0.37709	0.34388	0.882295	1084	0	-3.7976
Plppr1	20	0.41976	0.82238	1.0	2265	7	-3.5593	0.64665	0.57499	0.90617	1792	0	-3.5593
Fras1	20	0.41984	0.82253	1.0	2266	10	-3.7258	0.50452	0.4411	0.894091	1411	0	-3.7258
Gabrb1	20	0.41984	0.82253	1.0	2267	7	-3.5338	0.051241	0.046768	0.873617	153	0	-3.5338
Disp2	19	0.42007	0.81321	1.0	2268	9	-3.7175	0.26123	0.26453	0.882295	732	0	-3.7175
Tas2r114	16	0.42047	0.8019	1.0	2269	8	-3.8666	0.56493	0.49674	0.90617	1576	0	-3.8666
Olfr814	14	0.42139	0.79018	1.0	2270	4	-3.4795	0.56817	0.49728	0.90617	1581	0	-3.4795
Tgfbr2	20	0.42188	0.82366	1.0	2271	7	-3.5482	0.46193	0.40528	0.888268	1301	0	-3.5482
Olfr370	19	0.42229	0.81489	1.0	2272	9	-3.7665	0.63654	0.56398	0.90617	1754	0	-3.7665
Olfr417	20	0.42237	0.82448	1.0	2273	7	-3.6697	0.28073	0.2781	0.882295	789	0	-3.6697
Gpr50	20	0.42239	0.82458	1.0	2274	9	-3.5515	0.5401	0.48865	0.90617	1510	0	-3.5515
Gfral	18	0.42349	0.81296	1.0	2275	8	-3.697	0.43507	0.37919	0.882295	1247	0	-3.697
Vsig1	20	0.42425	0.82496	1.0	2276	8	-3.6818	0.064748	0.059995	0.879609	181	0	-3.6818
Tas2r120	20	0.42429	0.82528	1.0	2277	9	-3.7378	0.069572	0.065744	0.879609	204	0	-3.7378
Megf11	20	0.4249	0.82587	1.0	2278	8	-3.5029	0.13424	0.14352	0.882295	375	0	-3.5029
Slc39a2	20	0.42556	0.82635	1.0	2279	8	-3.6077	0.64665	0.57499	0.90617	1798	0	-3.6077
Gpr75	20	0.43242	0.82994	1.0	2280	10	-3.8478	0.5237	0.47011	0.90617	1472	0	-3.8478
Ptcra	16	0.43251	0.80926	1.0	2281	8	-3.9233	0.33201	0.29571	0.882295	960	0	-3.9233
Olfr1020	19	0.43284	0.82285	1.0	2282	7	-3.6951	0.31787	0.29795	0.882295	886	0	-3.6951
Msr1	20	0.43301	0.83058	1.0	2283	7	-3.5408	0.2525	0.2543	0.882295	705	0	-3.5408
Slc6a5	20	0.43317	0.83067	1.0	2284	7	-3.4884	0.37709	0.34388	0.882295	1088	0	-3.4884
Olfr517	18	0.43371	0.82034	1.0	2285	8	-3.6861	0.53094	0.47587	0.90617	1487	0	-3.6861
Gp2	20	0.43403	0.83088	1.0	2286	9	-3.776	0.28811	0.28257	0.882295	815	0	-3.776
Clstn3	19	0.43416	0.82373	1.0	2287	9	-3.8347	0.71071	0.64975	0.929375	1990	0	-3.8347
Aqp4	20	0.43436	0.83121	1.0	2288	7	-3.5508	0.6554	0.58118	0.90617	1835	0	-3.5508
Chrna1	20	0.43532	0.83152	1.0	2289	9	-3.5408	0.12345	0.12397	0.882295	356	0	-3.5408
Timd4	20	0.4355	0.83158	1.0	2290	10	-3.7965	0.075299	0.073308	0.879609	210	0	-3.7965
Lrrc19	20	0.43555	0.83163	1.0	2291	7	-3.5955	0.6554	0.58118	0.90617	1825	0	-3.5955
C5ar1	20	0.43607	0.8319	1.0	2292	7	-3.7846	0.45422	0.40282	0.888268	1284	0	-3.7846
Olfr1082	11	0.43694	0.77405	1.0	2293	6	-3.9288	0.54969	0.48581	0.90617	1544	0	-3.9288
Olfr410	18	0.43699	0.82207	1.0	2294	6	-3.5111	0.69119	0.62915	0.915998	1939	0	-3.5111
Spam1	20	0.43767	0.8328	1.0	2295	8	-3.8019	0.18919	0.19239	0.882295	533	0	-3.8019
Cd8a	20	0.43932	0.83329	1.0	2296	9	-3.7744	0.38614	0.34804	0.882295	1109	0	-3.7744
Olfr715b	16	0.44092	0.81429	1.0	2297	5	-3.2136	0.19922	0.20199	0.882295	562	0	-3.2136
Olfr1123	18	0.44108	0.8246	1.0	2298	9	-3.8834	0.092226	0.085691	0.879609	257	0	-3.8834
Hrh4	18	0.44109	0.82476	1.0	2299	8	-3.6409	0.60792	0.53752	0.90617	1695	0	-3.6409
Olfr558	20	0.44141	0.83441	1.0	2300	8	-3.4487	0.069572	0.065744	0.879609	203	0	-3.4487
Slc22a26	19	0.44243	0.82962	1.0	2301	8	-3.3809	0.29577	0.28551	0.882295	825	0	-3.3809
Sspn	18	0.44279	0.82593	1.0	2302	7	-3.6166	0.032553	0.035956	0.873617	94	0	-3.6166
Olfr727	20	0.44306	0.83523	1.0	2303	10	-3.871	0.13424	0.14352	0.882295	372	0	-3.871
Vmn1r236	20	0.44306	0.83523	1.0	2304	10	-3.7988	0.18919	0.19239	0.882295	537	0	-3.7988
Lrfn5	20	0.44306	0.83523	1.0	2305	10	-3.7815	0.29851	0.29006	0.882295	834	0	-3.7815
Slc8a1	20	0.44309	0.8355	1.0	2306	9	-3.7717	0.17974	0.18093	0.882295	510	0	-3.7717
Pth1r	19	0.44393	0.83008	1.0	2307	8	-3.7732	0.28596	0.2785	0.882295	803	0	-3.7732
Zp1	20	0.44435	0.83602	1.0	2308	9	-3.7466	0.5237	0.47011	0.90617	1457	0	-3.7466
Slc7a9	20	0.44527	0.83711	1.0	2309	8	-3.4454	0.6554	0.58118	0.90617	1821	0	-3.4454
Gm21985	5	0.44552	0.68985	1.0	2310	2	-3.7551	0.30798	0.26738	0.882295	860	0	-3.7551
Pcdhgb4	16	0.44608	0.81825	1.0	2311	6	-3.7945	0.61698	0.54612	0.90617	1716	0	-3.7945
Hcrtr1	20	0.44634	0.83774	1.0	2312	8	-3.6577	0.87306	0.83698	0.971189	2455	0	-3.6577
Il20ra	17	0.44874	0.82465	1.0	2313	9	-3.907	0.31491	0.28554	0.882295	884	0	-3.907
Vmn1r231	20	0.44889	0.83944	1.0	2314	9	-3.4321	0.51382	0.45342	0.89833	1440	0	-3.4321
Tnfrsf19	20	0.44952	0.83964	1.0	2315	7	-3.4725	0.82702	0.78453	0.961898	2325	0	-3.4725
Olfr1023	20	0.44981	0.83982	1.0	2316	10	-3.902	0.041069	0.042959	0.873617	112	0	-3.902
Havcr2	20	0.44981	0.83982	1.0	2317	10	-3.8097	0.12871	0.13655	0.882295	361	0	-3.8097
Olfr141	20	0.44994	0.83999	1.0	2318	10	-3.8785	0.17974	0.18093	0.882295	501	0	-3.8785
Olfr788	20	0.45014	0.8403	1.0	2319	9	-3.7563	0.051241	0.046768	0.873617	138	0	-3.7563
Olfr1442	19	0.45044	0.83503	1.0	2320	10	-3.9015	0.61852	0.55269	0.90617	1717	0	-3.9015
Sectm1a	18	0.45094	0.8306	1.0	2321	8	-3.6039	0.75377	0.69511	0.931812	2116	0	-3.6039
Tmem123	20	0.45254	0.8417	1.0	2322	10	-3.834	0.91918	0.89188	0.97874	2601	0	-3.834
Olfr504	20	0.45254	0.8417	1.0	2323	9	-3.6453	0.23298	0.23434	0.882295	643	0	-3.6453
Sema5b	20	0.45295	0.84215	1.0	2324	9	-3.853	0.84722	0.8038	0.962166	2386	0	-3.853
Aqp9	19	0.45385	0.83711	1.0	2325	10	-3.9011	0.90274	0.8735	0.975309	2546	0	-3.9011
Olfr1505	20	0.45537	0.84365	1.0	2326	7	-3.6973	0.10193	0.093562	0.879609	300	0	-3.6973
Cldn13	20	0.45619	0.84418	1.0	2327	8	-3.6474	0.27291	0.27495	0.882295	770	0	-3.6474
Olfr71	20	0.45619	0.84418	1.0	2328	9	-3.8018	0.60714	0.53684	0.90617	1692	0	-3.8018
Olfr984	18	0.45694	0.83513	1.0	2329	9	-3.7887	0.44921	0.39074	0.884347	1278	0	-3.7887
Tas2r116	20	0.45835	0.84523	1.0	2330	9	-3.6786	0.58494	0.52713	0.90617	1633	0	-3.6786
Olfr1250	16	0.45868	0.82459	1.0	2331	8	-3.7779	0.94702	0.93121	0.990842	2683	0	-3.7779
Olfr368	19	0.45984	0.84086	1.0	2332	8	-3.8623	0.12798	0.13705	0.882295	358	0	-3.8623
Cd52	20	0.4602	0.84664	1.0	2333	7	-3.4505	0.42723	0.37909	0.882295	1211	0	-3.4505
Olfr448	20	0.4602	0.84664	1.0	2334	9	-3.791	0.10193	0.093562	0.879609	280	0	-3.791
Mc3r	20	0.46045	0.84669	1.0	2335	9	-3.5593	0.051241	0.046768	0.873617	151	0	-3.5593
Trat1	18	0.46127	0.83702	1.0	2336	5	-3.4772	0.72897	0.66343	0.929375	2035	0	-3.4772
Areg	18	0.46147	0.8375	1.0	2337	8	-3.7703	0.74846	0.69155	0.930045	2099	0	-3.7703
Ptprq	20	0.46224	0.84792	1.0	2338	8	-3.4424	0.17974	0.18093	0.882295	508	0	-3.4424
Olfr705	20	0.46224	0.84792	1.0	2339	10	-3.7947	0.42723	0.37909	0.882295	1204	0	-3.7947
Olfr304	19	0.46286	0.84344	1.0	2340	7	-3.8097	0.24155	0.24443	0.882295	675	0	-3.8097
Olfr729	20	0.46293	0.84879	1.0	2341	10	-3.849	0.68019	0.61042	0.910668	1899	0	-3.849
Kcnj12	17	0.46398	0.83612	1.0	2342	7	-3.6856	0.85511	0.81866	0.965955	2407	0	-3.6856
Cpm	19	0.46422	0.84422	1.0	2343	10	-3.8919	0.71636	0.65408	0.929375	2010	0	-3.8919
Nlgn1	20	0.46529	0.84953	1.0	2344	10	-3.7031	0.33146	0.31022	0.882295	944	0	-3.7031
Olfr483	20	0.46539	0.84996	1.0	2345	9	-3.8109	0.67514	0.60642	0.910668	1882	0	-3.8109
Slc22a13	20	0.4664	0.85048	1.0	2346	7	-3.2705	0.19706	0.1972	0.882295	560	0	-3.2705
Il1rap	20	0.46869	0.8514	1.0	2347	8	-3.7354	0.47677	0.41754	0.891333	1331	0	-3.7354
Olfr979	18	0.47012	0.84409	1.0	2348	9	-3.6478	0.17201	0.1761	0.882295	491	0	-3.6478
Nup210l	20	0.47035	0.85208	1.0	2349	9	-3.7545	0.63738	0.56966	0.90617	1763	0	-3.7545
Vmn1r69	20	0.47056	0.85223	1.0	2350	9	-3.7093	0.093188	0.08798	0.879609	262	0	-3.7093
Olfr1243	19	0.47106	0.84957	1.0	2351	8	-3.5512	0.85478	0.81691	0.965955	2406	0	-3.5512
Fcgrt	20	0.47148	0.85249	1.0	2352	8	-3.7276	0.016329	0.015841	0.854381	50	0	-3.7276
Gm26938	13	0.4719	0.81841	1.0	2353	4	-3.3636	0.42117	0.37283	0.882295	1203	0	-3.3636
Scarb1	20	0.47228	0.85254	1.0	2354	6	-3.0731	0.14848	0.15732	0.882295	425	0	-3.0731
Kdr	18	0.47332	0.84573	1.0	2355	7	-3.8147	0.47747	0.42002	0.891333	1335	0	-3.8147
Fat1	20	0.47405	0.85296	1.0	2356	10	-3.8313	0.14848	0.15732	0.882295	419	0	-3.8313
Olfr497	20	0.47405	0.85296	1.0	2357	7	-3.7056	0.15728	0.16058	0.882295	453	0	-3.7056
Adcy3	20	0.47652	0.85488	1.0	2358	10	-3.8357	0.8929	0.86008	0.973581	2525	0	-3.8357
Cacng3	18	0.47722	0.84815	1.0	2359	7	-3.6189	0.9557	0.93993	0.992009	2703	0	-3.6189
Slitrk2	20	0.47741	0.85516	1.0	2360	9	-3.6326	0.2525	0.2543	0.882295	724	0	-3.6326
Relt	20	0.47824	0.85548	1.0	2361	5	-3.4424	0.64665	0.57499	0.90617	1791	0	-3.4424
Il1rl1	18	0.47917	0.84894	1.0	2362	7	-3.7562	0.79792	0.75518	0.95332	2234	0	-3.7562
Olfr746	20	0.48003	0.85675	1.0	2363	9	-3.6145	0.78422	0.72858	0.941902	2213	0	-3.6145
Nox4	20	0.4805	0.85686	1.0	2364	8	-3.6272	0.14848	0.15732	0.882295	415	0	-3.6272
Pcdhb16	20	0.48059	0.85691	1.0	2365	10	-3.7431	0.42723	0.37909	0.882295	1207	0	-3.7431
Cxcr2	20	0.48151	0.85739	1.0	2366	10	-3.8084	0.69868	0.6257	0.911911	1964	0	-3.8084
Kcnk5	20	0.48151	0.85739	1.0	2367	10	-3.7879	0.91918	0.89188	0.97874	2605	0	-3.7879
Ly9	19	0.48217	0.8566	1.0	2368	8	-3.7069	0.55026	0.49501	0.90617	1545	0	-3.7069
Grm1	20	0.48227	0.8579	1.0	2369	9	-3.7985	0.69868	0.6257	0.911911	1951	0	-3.7985
Vmn1r235	20	0.48479	0.85923	1.0	2370	10	-3.8352	0.36791	0.33565	0.882295	1056	0	-3.8352
Olfr1437	20	0.48555	0.85961	1.0	2371	9	-3.7744	0.23298	0.23434	0.882295	649	0	-3.7744
Ccr9	20	0.48568	0.85999	1.0	2372	9	-3.6497	0.5237	0.47011	0.90617	1470	0	-3.6497
Abcb9	20	0.48605	0.86035	1.0	2373	10	-3.889	0.57811	0.52108	0.90617	1617	0	-3.889
Olfr15	16	0.48666	0.84177	1.0	2374	6	-3.7762	0.0096642	0.011046	0.854381	27	0	-3.7762
Ctla4	20	0.48667	0.86154	1.0	2375	10	-3.8704	0.60065	0.53203	0.90617	1672	0	-3.8704
H2-D1	16	0.48748	0.84244	1.0	2376	8	-3.8474	0.75862	0.71286	0.940601	2119	0	-3.8474
Dpep2	19	0.48774	0.86098	1.0	2377	8	-3.7855	0.41105	0.36466	0.882295	1167	0	-3.7855
Olfr271-ps1	20	0.48918	0.86251	1.0	2378	10	-3.8638	0.79967	0.74509	0.946427	2249	0	-3.8638
Gm49378	15	0.48985	0.84435	1.0	2379	5	-3.6762	0.016454	0.018018	0.873617	53	0	-3.6762
Adora1	18	0.49164	0.85688	1.0	2380	9	-3.8786	0.34689	0.31518	0.882295	993	0	-3.8786
Tgfbr1	20	0.49179	0.86382	1.0	2381	10	-3.8382	0.3961	0.35467	0.882295	1125	0	-3.8382
Psen2	20	0.49203	0.86404	1.0	2382	10	-3.7071	0.36791	0.33565	0.882295	1057	0	-3.7071
Gabra6	20	0.49257	0.86427	1.0	2383	9	-3.8553	0.79967	0.74509	0.946427	2242	0	-3.8553
Cd7	20	0.49351	0.86471	1.0	2384	10	-3.8798	0.69868	0.6257	0.911911	1961	0	-3.8798
Gm6614	20	0.49351	0.86471	1.0	2385	10	-3.672	0.28073	0.2781	0.882295	781	0	-3.672
Rell1	20	0.49401	0.86507	1.0	2386	5	-3.5751	0.51382	0.45342	0.89833	1448	0	-3.5751
Olfr1089	20	0.49486	0.8655	1.0	2387	6	-3.6072	0.62106	0.55482	0.90617	1727	0	-3.6072
Pcdhb19	19	0.49573	0.86634	1.0	2388	9	-3.666	0.89145	0.86084	0.973581	2517	0	-3.666
Mcoln1	20	0.49702	0.86628	1.0	2389	10	-3.745	0.83904	0.79725	0.961935	2357	0	-3.745
Plxnd1	20	0.49736	0.86659	1.0	2390	10	-3.6998	0.57811	0.52108	0.90617	1626	0	-3.6998
Klrb1b	5	0.49782	0.73899	1.0	2391	2	-3.4302	0.088147	0.085335	0.879609	256	0	-3.4302
4922502D21Rik	19	0.49804	0.86774	1.0	2392	10	-3.8661	0.79947	0.75442	0.953198	2236	0	-3.8661
Olfr809	20	0.49918	0.86706	1.0	2393	7	-3.4454	0.11416	0.10603	0.882295	314	0	-3.4454
Icam4	20	0.50084	0.86806	1.0	2394	8	-3.5576	0.069572	0.065744	0.879609	202	0	-3.5576
Psg17	19	0.50131	0.8703	1.0	2395	8	-3.4645	0.61852	0.55269	0.90617	1719	0	-3.4645
Il1rapl2	20	0.50184	0.86841	1.0	2396	9	-3.7676	0.92746	0.90256	0.981547	2630	0	-3.7676
Tas2r129	20	0.50228	0.8686	1.0	2397	8	-3.3491	0.075299	0.073308	0.879609	213	0	-3.3491
F2rl1	20	0.50228	0.8686	1.0	2398	8	-3.8005	0.68814	0.61532	0.910668	1911	0	-3.8005
Olfr1117-ps1	20	0.50239	0.8689	1.0	2399	7	-3.6099	0.35004	0.32151	0.882295	999	0	-3.6099
Olfr52	20	0.50384	0.86996	1.0	2400	7	-3.5433	0.35411	0.32293	0.882295	1012	0	-3.5433
Olfr1162	20	0.50433	0.87034	1.0	2401	10	-3.8344	0.21547	0.21177	0.882295	600	0	-3.8344
Car12	20	0.50576	0.87141	1.0	2402	9	-3.7583	0.83081	0.78909	0.961935	2334	0	-3.7583
Plb1	20	0.50631	0.87166	1.0	2403	8	-3.6219	0.24248	0.24525	0.882295	687	0	-3.6219
Olfr1248	20	0.50631	0.87166	1.0	2404	8	-3.6754	0.51382	0.45342	0.89833	1427	0	-3.6754
Gpr68	18	0.50687	0.86538	1.0	2405	6	-3.502	0.86186	0.82483	0.968591	2427	0	-3.502
Olfr353	20	0.50838	0.87269	1.0	2406	7	-3.5671	0.29851	0.29006	0.882295	830	0	-3.5671
Olfr317	20	0.50886	0.87272	1.0	2407	7	-3.4106	0.75227	0.68838	0.930045	2115	0	-3.4106
Adam10	20	0.50886	0.87272	1.0	2408	6	-3.5471	0.36791	0.33565	0.882295	1051	0	-3.5471
Olfr734	18	0.50892	0.86642	1.0	2409	5	-3.4869	0.0058189	0.0074119	0.854381	18	0	-3.4869
Lhcgr	20	0.50911	0.87286	1.0	2410	10	-3.8426	0.33146	0.31022	0.882295	954	0	-3.8426
Mpzl3	20	0.50911	0.87286	1.0	2411	10	-3.7989	0.62937	0.56602	0.90617	1744	0	-3.7989
Olfr1263	20	0.51362	0.87551	1.0	2412	8	-3.4564	0.74592	0.68421	0.930045	2097	0	-3.4564
Mmel1	19	0.51395	0.87596	1.0	2413	7	-3.5291	0.84138	0.79718	0.961935	2368	0	-3.5291
Olfr507	19	0.51527	0.87644	1.0	2414	9	-3.5399	0.61052	0.54903	0.90617	1698	0	-3.5399
Itga3	20	0.51613	0.87677	1.0	2415	8	-3.7603	0.64665	0.57499	0.90617	1807	0	-3.7603
Gpr174	20	0.51623	0.87695	1.0	2416	10	-3.8506	0.3961	0.35467	0.882295	1136	0	-3.8506
Tm7sf3	20	0.51733	0.87776	1.0	2417	6	-3.593	0.23298	0.23434	0.882295	641	0	-3.593
Olfr1051	14	0.51849	0.85459	1.0	2418	5	-3.5912	0.053325	0.051783	0.879609	156	0	-3.5912
Il11ra1	17	0.51927	0.87011	1.0	2419	7	-3.7367	0.702	0.63498	0.922816	1970	0	-3.7367
Zp2	20	0.51934	0.87887	1.0	2420	10	-3.806	0.5401	0.48865	0.90617	1525	0	-3.806
Ildr1	19	0.51993	0.87873	1.0	2421	8	-3.8232	0.26123	0.26453	0.882295	733	0	-3.8232
Tmem255a	20	0.52294	0.8807	1.0	2422	10	-3.6757	0.48453	0.42352	0.891333	1352	0	-3.6757
Fam187b	20	0.52308	0.88082	1.0	2423	9	-3.5834	0.15728	0.16058	0.882295	445	0	-3.5834
Olfr1061	20	0.52338	0.88129	1.0	2424	10	-3.7854	0.14848	0.15732	0.882295	421	0	-3.7854
Olfr480	20	0.52411	0.88184	1.0	2425	6	-3.1754	0.021879	0.023608	0.873617	57	0	-3.1754
Upk3b	20	0.52487	0.88248	1.0	2426	8	-3.6438	0.9167	0.88823	0.977873	2594	0	-3.6438
Rxfp4	20	0.52548	0.88284	1.0	2427	10	-3.857	0.48453	0.42352	0.891333	1356	0	-3.857
Olfr463	20	0.52634	0.88321	1.0	2428	9	-3.7113	0.88331	0.84682	0.971189	2483	0	-3.7113
Gm156	20	0.52675	0.88345	1.0	2429	6	-3.5608	0.093188	0.08798	0.879609	269	0	-3.5608
Pcdh17	20	0.529	0.88482	1.0	2430	8	-3.5833	0.10193	0.093562	0.879609	279	0	-3.5833
Olfr201	20	0.53033	0.88529	1.0	2431	9	-3.7053	0.50452	0.4411	0.894091	1406	0	-3.7053
Grik2	20	0.53047	0.88553	1.0	2432	7	-3.6121	0.02934	0.035296	0.873617	92	0	-3.6121
Htr5a	18	0.53077	0.87957	1.0	2433	6	-3.5389	0.50296	0.45381	0.89833	1396	0	-3.5389
Serinc3	19	0.5332	0.88534	1.0	2434	9	-3.8097	0.68864	0.62341	0.911911	1938	0	-3.8097
Cd79b	20	0.53354	0.88747	1.0	2435	6	-3.5814	0.12871	0.13655	0.882295	362	0	-3.5814
Tmem25	19	0.53436	0.8855	1.0	2436	7	-3.5687	0.4017	0.35343	0.882295	1144	0	-3.5687
Slc22a19	20	0.53452	0.88809	1.0	2437	9	-3.8085	0.33146	0.31022	0.882295	948	0	-3.8085
Olfr1157	20	0.535	0.88827	1.0	2438	10	-3.8177	0.75933	0.69314	0.930045	2134	0	-3.8177
Olfr875	20	0.53531	0.88846	1.0	2439	9	-3.7411	0.02934	0.035296	0.873617	78	0	-3.7411
Mill1	20	0.53555	0.88859	1.0	2440	8	-3.4374	0.44431	0.39669	0.884347	1265	0	-3.4374
Zdhhc5	20	0.53633	0.88887	1.0	2441	8	-3.5416	0.17974	0.18093	0.882295	498	0	-3.5416
Olfr698	20	0.53635	0.88887	1.0	2442	9	-3.7723	0.12345	0.12397	0.882295	355	0	-3.7723
Olfr1192-ps1	13	0.53655	0.85849	1.0	2443	6	-3.7172	0.42117	0.37283	0.882295	1202	0	-3.7172
Glra2	19	0.53677	0.88687	1.0	2444	9	-3.7749	0.055946	0.052145	0.879609	157	0	-3.7749
Rnf167	20	0.53778	0.88917	1.0	2445	9	-3.4079	0.093188	0.08798	0.879609	264	0	-3.4079
Tas2r113	20	0.53879	0.88991	1.0	2446	8	-3.632	0.23298	0.23434	0.882295	642	0	-3.632
Myof	19	0.54047	0.88883	1.0	2447	8	-3.6762	0.88024	0.84751	0.971537	2481	0	-3.6762
Olfr309	20	0.54058	0.89042	1.0	2448	9	-3.7827	0.66246	0.58641	0.908864	1841	0	-3.7827
Mrgpra4	20	0.5407	0.89058	1.0	2449	9	-3.723	0.50452	0.4411	0.894091	1401	0	-3.723
Tpbg	20	0.54134	0.89101	1.0	2450	10	-3.8474	0.96267	0.94878	0.992009	2729	0	-3.8474
Nfasc	19	0.54156	0.88933	1.0	2451	9	-3.7152	0.47768	0.4178	0.891333	1337	0	-3.7152
Olfr1445	20	0.54183	0.89161	1.0	2452	8	-3.4957	0.19706	0.1972	0.882295	548	0	-3.4957
Itgb8	20	0.54337	0.89208	1.0	2453	8	-3.7115	0.18919	0.19239	0.882295	529	0	-3.7115
Olfr175-ps1	18	0.5435	0.88688	1.0	2454	8	-3.8258	0.27319	0.26571	0.882295	775	0	-3.8258
Olfr650-ps1	19	0.54422	0.89031	1.0	2455	7	-3.357	0.097093	0.089729	0.879609	275	0	-3.357
Tmed7	20	0.54495	0.89294	1.0	2456	10	-3.8182	0.016329	0.015841	0.854381	45	0	-3.8182
Ifngr1	20	0.54495	0.89294	1.0	2457	10	-3.8692	0.086499	0.082334	0.879609	249	0	-3.8692
Bmpr1a	20	0.54495	0.89294	1.0	2458	10	-3.8348	0.84281	0.79903	0.961935	2372	0	-3.8348
Olfr703	20	0.54632	0.89373	1.0	2459	8	-3.5159	0.35914	0.32587	0.882295	1034	0	-3.5159
Olfr677	20	0.54641	0.89388	1.0	2460	8	-3.7638	0.5401	0.48865	0.90617	1519	0	-3.7638
Slc29a3	20	0.54856	0.89475	1.0	2461	7	-3.7074	0.86055	0.81891	0.965955	2424	0	-3.7074
Fzd4	20	0.54861	0.89492	1.0	2462	10	-3.8428	0.60714	0.53684	0.90617	1681	0	-3.8428
Fzd3	20	0.54912	0.89509	1.0	2463	8	-3.8147	0.19706	0.1972	0.882295	559	0	-3.8147
Gp5	20	0.5492	0.89525	1.0	2464	9	-3.5838	0.66246	0.58641	0.908864	1847	0	-3.5838
Olfr554	20	0.55017	0.89552	1.0	2465	9	-3.6206	0.058802	0.054332	0.879609	161	0	-3.6206
Olfr1369-ps1	17	0.55134	0.8851	1.0	2466	8	-3.818	0.5417	0.47579	0.90617	1528	0	-3.818
Slco4c1	19	0.55182	0.89383	1.0	2467	8	-3.5291	0.3059	0.29105	0.882295	856	0	-3.5291
Art4	20	0.55224	0.89689	1.0	2468	7	-3.6824	0.24248	0.24525	0.882295	683	0	-3.6824
Atp13a5	20	0.55431	0.8971	1.0	2469	9	-3.7555	0.43424	0.38797	0.882295	1230	0	-3.7555
Olfr1404	20	0.55431	0.8971	1.0	2470	8	-3.5482	0.23298	0.23434	0.882295	653	0	-3.5482
Nptn	20	0.55431	0.8971	1.0	2471	8	-3.3004	0.15728	0.16058	0.882295	442	0	-3.3004
Atp1b1	20	0.55456	0.89739	1.0	2472	10	-3.8751	0.14103	0.15041	0.882295	394	0	-3.8751
Cldn2	20	0.55466	0.89783	1.0	2473	8	-3.5441	0.72899	0.66643	0.929375	2046	0	-3.5441
Slc9a7	19	0.5551	0.89493	1.0	2474	7	-3.4449	0.015519	0.015162	0.854381	41	0	-3.4449
Sema4d	20	0.55605	0.89847	1.0	2475	7	-3.5855	0.50452	0.4411	0.894091	1418	0	-3.5855
Pcdh18	20	0.55765	0.89983	1.0	2476	8	-3.7968	0.53169	0.48004	0.90617	1488	0	-3.7968
Lrp10	20	0.55802	0.90011	1.0	2477	10	-3.7678	0.74592	0.68421	0.930045	2093	0	-3.7678
Kcnj3	20	0.5585	0.90031	1.0	2478	8	-3.6505	0.43424	0.38797	0.882295	1229	0	-3.6505
Gnrhr	19	0.55955	0.89742	1.0	2479	7	-3.5984	0.5819	0.51501	0.90617	1628	0	-3.5984
Tas2r140	17	0.56001	0.88963	1.0	2480	5	-3.2864	0.25088	0.24735	0.882295	696	0	-3.2864
Prss8	20	0.56025	0.90093	1.0	2481	10	-3.8287	0.23298	0.23434	0.882295	656	0	-3.8287
Olfr1019	20	0.56139	0.90125	1.0	2482	7	-3.465	0.016329	0.015841	0.854381	51	0	-3.465
Enpep	20	0.5614	0.9014	1.0	2483	9	-3.5559	0.5237	0.47011	0.90617	1476	0	-3.5559
Gpr85	18	0.56211	0.89696	1.0	2484	5	-3.4592	0.42015	0.37105	0.882295	1199	0	-3.4592
Tmprss13	20	0.56408	0.90248	1.0	2485	9	-3.6444	0.54861	0.49816	0.90617	1534	0	-3.6444
Glp2r	20	0.56507	0.9029	1.0	2486	8	-3.5683	0.036104	0.039129	0.873617	108	0	-3.5683
Olfr1218	20	0.56548	0.90299	1.0	2487	8	-3.6139	0.13424	0.14352	0.882295	374	0	-3.6139
Notch2	20	0.56661	0.90388	1.0	2488	7	-3.5441	0.49523	0.43411	0.893868	1380	0	-3.5441
Trhde	20	0.5669	0.90391	1.0	2489	8	-3.5507	0.49523	0.43411	0.893868	1363	0	-3.5507
Olfr460	20	0.56725	0.90409	1.0	2490	10	-3.8187	0.64665	0.57499	0.90617	1809	0	-3.8187
Olfr1215	20	0.56808	0.90477	1.0	2491	5	-3.5289	0.31911	0.30329	0.882295	891	0	-3.5289
AI593442	20	0.57064	0.90557	1.0	2492	9	-3.7122	0.22414	0.22158	0.882295	621	0	-3.7122
Pcdhgb5	18	0.57098	0.90037	1.0	2493	6	-3.3157	0.32142	0.29465	0.882295	922	0	-3.3157
Clmp	20	0.5712	0.90592	1.0	2494	9	-3.7831	0.56878	0.51189	0.90617	1595	0	-3.7831
Olfr1116	20	0.57147	0.906	1.0	2495	6	-3.5542	0.40682	0.35987	0.882295	1146	0	-3.5542
Xpnpep2	20	0.57156	0.90632	1.0	2496	10	-3.8454	0.97945	0.97144	0.993624	2791	0	-3.8454
Olfr191	15	0.57181	0.88709	1.0	2497	7	-3.4986	0.22499	0.22132	0.882295	634	0	-3.4986
H2-T23	20	0.57325	0.90721	1.0	2498	6	-3.566	0.62106	0.55482	0.90617	1731	0	-3.566
Gpr151	20	0.57332	0.90738	1.0	2499	5	-3.5118	0.051241	0.046768	0.873617	150	0	-3.5118
Gm7030	17	0.57413	0.89635	1.0	2500	7	-3.6951	0.95256	0.93673	0.992009	2694	0	-3.6951
Tnfrsf14	20	0.57455	0.90777	1.0	2501	10	-3.7661	0.12345	0.12397	0.882295	347	0	-3.7661
Siglece	20	0.57802	0.9094	1.0	2502	7	-3.4532	0.43424	0.38797	0.882295	1238	0	-3.4532
Olfr780	20	0.57869	0.90999	1.0	2503	7	-3.384	0.18455	0.18919	0.882295	519	0	-3.384
H2-Q10	16	0.57939	0.89667	1.0	2504	7	-3.5312	0.12066	0.12894	0.882295	342	0	-3.5312
Akp3	18	0.57965	0.90449	1.0	2505	7	-3.5906	0.73428	0.67348	0.929375	2048	0	-3.5906
Cd200r4	18	0.58009	0.9049	1.0	2506	7	-3.7506	0.27319	0.26571	0.882295	777	0	-3.7506
Pcdhb7	20	0.58064	0.91055	1.0	2507	9	-3.7219	0.34126	0.31717	0.882295	982	0	-3.7219
Olfr1273-ps	20	0.58105	0.91085	1.0	2508	8	-3.5894	0.73993	0.67671	0.929375	2069	0	-3.5894
Abcb5	20	0.58131	0.91104	1.0	2509	9	-3.7874	0.28811	0.28257	0.882295	811	0	-3.7874
Olfr1201	18	0.58219	0.90563	1.0	2510	8	-3.724	0.17201	0.1761	0.882295	494	0	-3.724
Tmem87a	20	0.58224	0.91119	1.0	2511	7	-3.5279	0.77762	0.72273	0.940601	2198	0	-3.5279
Timd2	18	0.58372	0.90626	1.0	2512	9	-3.858	0.9057	0.87728	0.975309	2557	0	-3.858
Olfr1420	18	0.58375	0.90661	1.0	2513	7	-3.5446	0.33823	0.30771	0.882295	963	0	-3.5446
Cd8b1	20	0.58465	0.91256	1.0	2514	8	-3.7703	0.34126	0.31717	0.882295	988	0	-3.7703
Cdh1	20	0.58473	0.91292	1.0	2515	8	-3.3841	0.41766	0.36762	0.882295	1178	0	-3.3841
Fam171a2	20	0.585	0.91314	1.0	2516	9	-3.8299	0.093188	0.08798	0.879609	267	0	-3.8299
Panx1	20	0.58566	0.91347	1.0	2517	5	-3.3168	0.0034852	1.7322e-06	0.00033	11	0	-3.3168
Ly6h	16	0.58576	0.90052	1.0	2518	7	-3.79	0.69962	0.64277	0.926862	1969	0	-3.79
Olfr1496	20	0.58613	0.91372	1.0	2519	10	-3.8428	0.29851	0.29006	0.882295	828	0	-3.8428
Olfr808	18	0.5874	0.90779	1.0	2520	8	-3.7471	0.54679	0.49072	0.90617	1531	0	-3.7471
Zpld1	20	0.5877	0.91459	1.0	2521	8	-3.5779	0.34126	0.31717	0.882295	968	0	-3.5779
Gpr15	20	0.58786	0.91472	1.0	2522	8	-3.6455	0.67514	0.60642	0.910668	1879	0	-3.6455
Fcer1a	16	0.58971	0.90241	1.0	2523	8	-3.7924	0.21674	0.22008	0.882295	610	0	-3.7924
Tctn3	20	0.59209	0.9167	1.0	2524	8	-3.6809	0.82154	0.77817	0.960285	2317	0	-3.6809
Grik1	20	0.59209	0.91684	1.0	2525	9	-3.7494	0.75227	0.68838	0.930045	2110	0	-3.7494
Lrrtm4	20	0.59224	0.91694	1.0	2526	7	-3.476	0.48453	0.42352	0.891333	1348	0	-3.476
Btnl9	20	0.59492	0.91804	1.0	2527	9	-3.5324	0.31911	0.30329	0.882295	905	0	-3.5324
Chrna4	20	0.59597	0.91887	1.0	2528	6	-3.4733	0.86881	0.83095	0.970125	2442	0	-3.4733
Slc5a6	20	0.59695	0.9193	1.0	2529	7	-3.3408	0.41766	0.36762	0.882295	1188	0	-3.3408
Olfr325	19	0.59746	0.91431	1.0	2530	8	-3.6856	0.066211	0.063068	0.879609	192	0	-3.6856
Ostm1	19	0.59762	0.91439	1.0	2531	9	-3.7172	0.72791	0.66782	0.929375	2030	0	-3.7172
Grik4	20	0.59929	0.92023	1.0	2532	8	-3.8041	0.62106	0.55482	0.90617	1722	0	-3.8041
Olfr110	20	0.60169	0.92139	1.0	2533	9	-3.7528	0.16516	0.16393	0.882295	466	0	-3.7528
Pcdhga11	18	0.60215	0.91499	1.0	2534	6	-3.6817	0.72897	0.66343	0.929375	2034	0	-3.6817
Olfr683	16	0.60232	0.90813	1.0	2535	7	-3.7554	0.37502	0.33291	0.882295	1069	0	-3.7554
Olfr715	15	0.6028	0.90118	1.0	2536	6	-3.5172	0.28374	0.25615	0.882295	799	0	-3.5172
Chrna9	20	0.60377	0.92197	1.0	2537	8	-3.4055	0.27291	0.27495	0.882295	767	0	-3.4055
Psg18	20	0.60377	0.92197	1.0	2538	9	-3.6682	0.30865	0.29751	0.882295	874	0	-3.6682
Olfr828	20	0.60432	0.92212	1.0	2539	6	-3.7081	0.036104	0.039129	0.873617	96	0	-3.7081
Npr3	19	0.60439	0.91713	1.0	2540	8	-3.0817	0.61052	0.54903	0.90617	1699	0	-3.0817
Itgae	20	0.60527	0.92231	1.0	2541	9	-3.6711	0.29851	0.29006	0.882295	835	0	-3.6711
Slc17a9	20	0.60586	0.92248	1.0	2542	9	-3.7929	0.5401	0.48865	0.90617	1511	0	-3.7929
Npsr1	20	0.6061	0.92263	1.0	2543	5	-3.4531	0.24656	0.24991	0.882295	691	0	-3.4531
Gm13769	4	0.60669	0.76668	1.0	2544	2	-3.788	0.80185	0.77741	0.960285	2257	0	-3.788
Scara5	20	0.60673	0.92272	1.0	2545	8	-3.6291	0.87306	0.83698	0.971189	2454	0	-3.6291
Olfr329-ps	20	0.60919	0.92357	1.0	2546	8	-3.5914	0.045532	0.042963	0.873617	127	0	-3.5914
H2-Oa	20	0.60923	0.92362	1.0	2547	7	-3.3742	0.83904	0.79725	0.961935	2363	0	-3.3742
Tmem62	20	0.61019	0.9239	1.0	2548	8	-3.7074	0.75933	0.69314	0.930045	2127	0	-3.7074
Cd209g	18	0.61209	0.91859	1.0	2549	8	-3.7629	0.91062	0.88437	0.977873	2579	0	-3.7629
App	20	0.61268	0.92476	1.0	2550	9	-3.6761	0.3961	0.35467	0.882295	1134	0	-3.6761
Slitrk3	20	0.61324	0.92503	1.0	2551	8	-3.6756	0.064748	0.059995	0.879609	179	0	-3.6756
Olfr748	20	0.61595	0.92601	1.0	2552	8	-3.6227	0.016329	0.015841	0.854381	42	0	-3.6227
Ache	20	0.61676	0.9264	1.0	2553	6	-3.5642	0.56878	0.51189	0.90617	1593	0	-3.5642
Cdh9	20	0.61803	0.92698	1.0	2554	7	-3.5402	0.62937	0.56602	0.90617	1742	0	-3.5402
Olfr578	20	0.61961	0.92734	1.0	2555	7	-3.3351	0.34126	0.31717	0.882295	977	0	-3.3351
Ceacam10	20	0.61983	0.92766	1.0	2556	9	-3.7477	0.99436	0.99045	0.996725	2839	0	-3.7477
Adcy6	20	0.62072	0.92774	1.0	2557	7	-3.3907	0.70718	0.63959	0.922816	1982	0	-3.3907
Lpar4	20	0.6208	0.92782	1.0	2558	7	-3.6527	0.17199	0.16919	0.882295	485	0	-3.6527
Kremen1	20	0.6208	0.92782	1.0	2559	8	-3.732	0.10193	0.093562	0.879609	301	0	-3.732
Hrh2	20	0.62192	0.92811	1.0	2560	6	-3.4532	0.82702	0.78453	0.961898	2323	0	-3.4532
H2-Q1	18	0.62356	0.92302	1.0	2561	7	-3.2946	0.25664	0.25503	0.882295	728	0	-3.2946
Nlgn2	18	0.6241	0.92323	1.0	2562	8	-3.7419	0.31318	0.29072	0.882295	881	0	-3.7419
Gabrg3	20	0.62583	0.92933	1.0	2563	8	-3.7015	0.56878	0.51189	0.90617	1586	0	-3.7015
Gm8909	20	0.62583	0.92933	1.0	2564	9	-3.5482	0.60065	0.53203	0.90617	1670	0	-3.5482
Ccr1	20	0.62592	0.92945	1.0	2565	9	-3.7696	0.5237	0.47011	0.90617	1471	0	-3.7696
Olfr401	20	0.62592	0.92945	1.0	2566	9	-3.8203	0.7154	0.65321	0.929375	1995	0	-3.8203
Olfr1253	20	0.62635	0.9296	1.0	2567	8	-3.7871	0.29851	0.29006	0.882295	831	0	-3.7871
Olfr167	20	0.62635	0.92968	1.0	2568	9	-3.8203	0.76556	0.7011	0.935214	2141	0	-3.8203
Tlr8	20	0.62705	0.92991	1.0	2569	4	-3.4625	0.53169	0.48004	0.90617	1491	0	-3.4625
Sgcb	18	0.62717	0.92433	1.0	2570	6	-3.666	0.9403	0.92047	0.986842	2663	0	-3.666
Itgb1	20	0.62955	0.93061	1.0	2571	7	-3.5353	0.37709	0.34388	0.882295	1080	0	-3.5353
Olfr657	20	0.63011	0.9308	1.0	2572	9	-3.6283	0.26315	0.26602	0.882295	741	0	-3.6283
Chrnb3	20	0.6303	0.931	1.0	2573	6	-3.6554	0.18919	0.19239	0.882295	528	0	-3.6554
Olfr1016	19	0.63031	0.92752	1.0	2574	9	-3.8298	0.14161	0.15062	0.882295	401	0	-3.8298
Olfr1022	19	0.63148	0.92789	1.0	2575	8	-3.6951	0.56628	0.5101	0.90617	1578	0	-3.6951
Glra3	18	0.63203	0.92566	1.0	2576	5	-3.3279	0.2042	0.20254	0.882295	568	0	-3.3279
Olfr1052	20	0.63273	0.93229	1.0	2577	6	-3.3592	0.34126	0.31717	0.882295	974	0	-3.3592
Atrn	20	0.63434	0.93283	1.0	2578	7	-3.7701	0.59308	0.53007	0.90617	1657	0	-3.7701
Olfr299	19	0.63466	0.92909	1.0	2579	7	-3.6333	0.73437	0.67176	0.929375	2049	0	-3.6333
H2-M10.3	20	0.63484	0.93328	1.0	2580	8	-3.7548	0.51382	0.45342	0.89833	1437	0	-3.7548
Olfr465-ps1	19	0.63503	0.9293	1.0	2581	6	-3.545	0.26123	0.26453	0.882295	734	0	-3.545
Tmem106b	20	0.63567	0.93343	1.0	2582	7	-3.445	0.51382	0.45342	0.89833	1443	0	-3.445
Ghr	20	0.63621	0.93356	1.0	2583	9	-3.6629	0.63738	0.56966	0.90617	1767	0	-3.6629
Cntn2	20	0.63783	0.93382	1.0	2584	7	-3.559	0.14103	0.15041	0.882295	393	0	-3.559
Tm4sf1	20	0.63795	0.93388	1.0	2585	9	-3.5948	0.56878	0.51189	0.90617	1604	0	-3.5948
Mrgprg	20	0.63806	0.93399	1.0	2586	7	-3.6712	0.83904	0.79725	0.961935	2359	0	-3.6712
H2-Q4	20	0.64036	0.93494	1.0	2587	6	-3.4481	0.15728	0.16058	0.882295	440	0	-3.4481
Olfr263	20	0.6416	0.93529	1.0	2588	7	-3.3055	0.17974	0.18093	0.882295	516	0	-3.3055
Dcstamp	20	0.6416	0.93529	1.0	2589	9	-3.6866	0.90876	0.87873	0.975309	2573	0	-3.6866
Slc39a14	19	0.643	0.93195	1.0	2590	7	-3.6121	0.048742	0.044745	0.873617	136	0	-3.6121
Gm884	20	0.64322	0.93594	1.0	2591	7	-3.4332	0.53169	0.48004	0.90617	1499	0	-3.4332
Olfr1189	20	0.64603	0.9368	1.0	2592	7	-3.5843	0.016329	0.015841	0.854381	47	0	-3.5843
Slc18a3	20	0.64761	0.93737	1.0	2593	9	-3.8411	0.26315	0.26602	0.882295	738	0	-3.8411
Olfr1444	20	0.64792	0.93765	1.0	2594	7	-3.6511	0.17199	0.16919	0.882295	478	0	-3.6511
Olfr137	18	0.64915	0.93117	1.0	2595	7	-3.7915	0.59867	0.53227	0.90617	1666	0	-3.7915
Pcdhga10	18	0.6502	0.93182	1.0	2596	5	-3.5976	0.33823	0.30771	0.882295	961	0	-3.5976
Slco1c1	20	0.65028	0.93804	1.0	2597	6	-3.3447	0.058802	0.054332	0.879609	164	0	-3.3447
Olfr1423	19	0.65052	0.93479	1.0	2598	9	-3.6775	0.7829	0.72867	0.941902	2205	0	-3.6775
Htr2c	20	0.65243	0.93875	1.0	2599	6	-3.4199	0.26315	0.26602	0.882295	746	0	-3.4199
Tm9sf3	19	0.65335	0.9358	1.0	2600	9	-3.5172	0.24155	0.24443	0.882295	671	0	-3.5172
Hcar1	20	0.65359	0.9389	1.0	2601	8	-3.7895	0.086499	0.082334	0.879609	246	0	-3.7895
Ptger4	20	0.65388	0.93902	1.0	2602	5	-3.4453	0.44431	0.39669	0.884347	1275	0	-3.4453
Tas2r115	18	0.65526	0.9334	1.0	2603	6	-3.6814	0.10336	0.097396	0.882295	306	0	-3.6814
Olfr924	20	0.65691	0.9403	1.0	2604	7	-3.4295	0.086499	0.082334	0.879609	242	0	-3.4295
Htr1f	18	0.65754	0.93405	1.0	2605	6	-3.5362	0.37502	0.3303	0.882295	1062	0	-3.5362
Synb	4	0.65985	0.80353	1.0	2606	2	-3.5594	0.26413	0.22854	0.882295	752	0	-3.5594
Grin2c	20	0.66007	0.94093	1.0	2607	7	-3.7796	0.5237	0.47011	0.90617	1473	0	-3.7796
Tmem95	20	0.66077	0.94108	1.0	2608	8	-3.7831	0.069572	0.065744	0.879609	196	0	-3.7831
Npy4r	20	0.66435	0.94182	1.0	2609	8	-3.694	0.41766	0.36762	0.882295	1175	0	-3.694
Epcam	20	0.66882	0.94313	1.0	2610	7	-3.7053	0.47677	0.41754	0.891333	1330	0	-3.7053
Slc19a1	18	0.66947	0.93812	1.0	2611	8	-3.7984	0.053081	0.04976	0.879609	155	0	-3.7984
Glra4	20	0.6702	0.94357	1.0	2612	5	-3.0506	0.68814	0.61532	0.910668	1908	0	-3.0506
Olfr512	20	0.672	0.94383	1.0	2613	7	-3.6547	0.14103	0.15041	0.882295	398	0	-3.6547
Prom1	20	0.67204	0.94383	1.0	2614	6	-3.6127	0.62937	0.56602	0.90617	1746	0	-3.6127
Olfr77	20	0.67242	0.944	1.0	2615	9	-3.6422	0.075299	0.073308	0.879609	214	0	-3.6422
Cd59a	18	0.67376	0.93971	1.0	2616	8	-3.7795	0.72249	0.65567	0.929375	2013	0	-3.7795
Olfr166	20	0.67429	0.94451	1.0	2617	8	-3.6246	0.13424	0.14352	0.882295	373	0	-3.6246
Olfr1046	20	0.6752	0.94486	1.0	2618	5	-3.4892	0.36791	0.33565	0.882295	1047	0	-3.4892
Ptprc	20	0.67642	0.9453	1.0	2619	9	-3.5927	0.74592	0.68421	0.930045	2090	0	-3.5927
Olfr430	20	0.67642	0.9453	1.0	2620	9	-3.6474	0.086499	0.082334	0.879609	252	0	-3.6474
Olfr170	20	0.67642	0.9453	1.0	2621	9	-3.7951	0.29851	0.29006	0.882295	829	0	-3.7951
Olfr1454	20	0.67733	0.94548	1.0	2622	6	-3.4409	0.40682	0.35987	0.882295	1162	0	-3.4409
Slamf6	20	0.67804	0.94553	1.0	2623	8	-3.4372	0.47677	0.41754	0.891333	1324	0	-3.4372
Olfr1270	19	0.6785	0.94468	1.0	2624	8	-3.7172	0.55026	0.49501	0.90617	1546	0	-3.7172
Atp1a2	20	0.67855	0.94564	1.0	2625	7	-3.5342	0.49523	0.43411	0.893868	1371	0	-3.5342
Tshr	20	0.67871	0.94565	1.0	2626	9	-3.7216	0.3961	0.35467	0.882295	1137	0	-3.7216
Olfr747	19	0.67916	0.94516	1.0	2627	5	-3.4227	0.64362	0.56915	0.90617	1787	0	-3.4227
Olfr1271	20	0.6792	0.94572	1.0	2628	9	-3.6286	0.83494	0.79411	0.961935	2349	0	-3.6286
Slc5a12	18	0.67961	0.94164	1.0	2629	8	-3.6113	0.24937	0.25227	0.882295	692	0	-3.6113
Atp1b4	20	0.6801	0.94599	1.0	2630	8	-3.3434	0.3961	0.35467	0.882295	1133	0	-3.3434
Cybb	20	0.6801	0.94599	1.0	2631	7	-3.7262	0.75227	0.68838	0.930045	2114	0	-3.7262
Vmn1r67	20	0.68096	0.94636	1.0	2632	8	-3.4211	0.59308	0.53007	0.90617	1656	0	-3.4211
Calcrl	20	0.68288	0.94681	1.0	2633	8	-3.7361	0.50452	0.4411	0.894091	1408	0	-3.7361
Tmem37	20	0.6829	0.94685	1.0	2634	7	-3.5223	0.37709	0.34388	0.882295	1089	0	-3.5223
Tmem158	20	0.68432	0.94734	1.0	2635	8	-3.5488	0.72306	0.66211	0.929375	2024	0	-3.5488
Igsf8	20	0.68432	0.94734	1.0	2636	9	-3.821	0.34126	0.31717	0.882295	985	0	-3.821
Slc24a5	20	0.68574	0.94751	1.0	2637	8	-3.7174	0.84722	0.8038	0.962166	2384	0	-3.7174
Chrm2	20	0.68698	0.94773	1.0	2638	8	-3.5836	0.27291	0.27495	0.882295	768	0	-3.5836
Ermap	20	0.68698	0.94773	1.0	2639	7	-3.6349	0.036104	0.039129	0.873617	102	0	-3.6349
Ccr3	20	0.68704	0.94784	1.0	2640	9	-3.4557	0.45422	0.40282	0.888268	1289	0	-3.4557
Lrrc4b	18	0.6894	0.94489	1.0	2641	8	-3.6775	0.6496	0.57831	0.90617	1811	0	-3.6775
Sprn	20	0.69138	0.94936	1.0	2642	7	-3.1803	0.02934	0.035296	0.873617	76	0	-3.1803
Olfr1093	20	0.69291	0.94967	1.0	2643	8	-3.6665	0.63738	0.56966	0.90617	1762	0	-3.6665
S1pr1	20	0.69335	0.94999	1.0	2644	9	-3.7719	0.87693	0.84092	0.971189	2465	0	-3.7719
Olfr678	19	0.69416	0.94927	1.0	2645	7	-3.4772	0.49597	0.43706	0.894091	1391	0	-3.4772
Tlr7	20	0.69568	0.95084	1.0	2646	8	-3.5719	0.17974	0.18093	0.882295	513	0	-3.5719
Olfr1257	20	0.69671	0.95099	1.0	2647	9	-3.7829	0.9167	0.88823	0.977873	2595	0	-3.7829
Skint7	20	0.69792	0.95182	1.0	2648	8	-3.7221	0.19706	0.1972	0.882295	561	0	-3.7221
Dag1	20	0.69894	0.95191	1.0	2649	5	-3.4028	0.34126	0.31717	0.882295	971	0	-3.4028
Olfr307	19	0.70131	0.95106	1.0	2650	8	-3.7255	0.68006	0.60941	0.910668	1892	0	-3.7255
Ebp	20	0.7048	0.95374	1.0	2651	8	-3.7453	0.93405	0.91244	0.984427	2647	0	-3.7453
Umodl1	19	0.70603	0.95271	1.0	2652	8	-3.7175	0.72791	0.66782	0.929375	2027	0	-3.7175
Trabd2b	20	0.70684	0.95469	1.0	2653	7	-3.6363	0.02934	0.035296	0.873617	79	0	-3.6363
Slc38a11	19	0.70686	0.9531	1.0	2654	8	-3.7255	0.23189	0.23558	0.882295	640	0	-3.7255
Ace2	20	0.70899	0.95521	1.0	2655	9	-3.5526	0.86055	0.81891	0.965955	2417	0	-3.5526
Thbd	20	0.7092	0.95533	1.0	2656	9	-3.7257	0.78928	0.73207	0.942452	2221	0	-3.7257
Slco4a1	20	0.71022	0.95564	1.0	2657	7	-3.6218	0.46193	0.40528	0.888268	1300	0	-3.6218
Dsc1	18	0.71099	0.95251	1.0	2658	5	-3.2604	0.24937	0.25227	0.882295	694	0	-3.2604
Slc38a9	20	0.7121	0.95617	1.0	2659	9	-3.7841	0.27291	0.27495	0.882295	758	0	-3.7841
Htr2b	20	0.71218	0.95626	1.0	2660	5	-3.2227	0.10193	0.093562	0.879609	296	0	-3.2227
Mc1r	20	0.71368	0.95664	1.0	2661	8	-3.5508	0.75933	0.69314	0.930045	2136	0	-3.5508
Olfr1090	20	0.71406	0.95668	1.0	2662	7	-3.5489	0.8929	0.86008	0.973581	2518	0	-3.5489
Gpr22	19	0.71479	0.95519	1.0	2663	8	-3.5687	0.16414	0.16261	0.882295	459	0	-3.5687
Dsg2	20	0.71595	0.95722	1.0	2664	8	-3.7829	0.94941	0.93251	0.991121	2687	0	-3.7829
Olfr1507	20	0.7177	0.95774	1.0	2665	7	-3.475	0.086499	0.082334	0.879609	253	0	-3.475
P2ry14	20	0.7177	0.95774	1.0	2666	5	-3.4806	0.66892	0.59649	0.910668	1859	0	-3.4806
Olfr1459	20	0.71812	0.95804	1.0	2667	5	-3.2965	0.48453	0.42352	0.891333	1349	0	-3.2965
Tas2r125	19	0.7191	0.95653	1.0	2668	8	-3.774	0.69695	0.63674	0.922816	1944	0	-3.774
Olfr484	20	0.71938	0.95843	1.0	2669	7	-3.4208	0.29851	0.29006	0.882295	838	0	-3.4208
P2ry10	18	0.72012	0.9551	1.0	2670	6	-3.3291	0.50296	0.45381	0.89833	1398	0	-3.3291
Olfr926	18	0.72014	0.95518	1.0	2671	6	-3.2001	0.69119	0.62915	0.915998	1940	0	-3.2001
Olfr485	20	0.72423	0.95978	1.0	2672	7	-3.5982	0.87306	0.83698	0.971189	2452	0	-3.5982
Gml2	19	0.72446	0.95781	1.0	2673	8	-3.6251	0.28596	0.2785	0.882295	805	0	-3.6251
Adam23	20	0.72578	0.96023	1.0	2674	8	-3.5927	0.80505	0.75102	0.949324	2263	0	-3.5927
Gm49368	2	0.72607	0.73317	1.0	2675	1	-3.3656	0.23805	0.21652	0.882295	665	0	-3.3656
Olfr1137	19	0.72807	0.95888	1.0	2676	8	-3.7496	0.94722	0.93001	0.989929	2684	0	-3.7496
Olfr547	16	0.72866	0.95248	1.0	2677	4	-3.4243	0.39807	0.34612	0.882295	1142	0	-3.4243
Cd9	20	0.73048	0.96171	1.0	2678	9	-3.6257	0.73456	0.67065	0.929375	2059	0	-3.6257
Slc37a4	20	0.73102	0.96189	1.0	2679	9	-3.6023	0.31911	0.30329	0.882295	920	0	-3.6023
Olfr76	20	0.73281	0.96241	1.0	2680	5	-3.5284	0.5237	0.47011	0.90617	1465	0	-3.5284
Cd47	18	0.73327	0.95996	1.0	2681	7	-3.2565	0.078197	0.075572	0.879609	224	0	-3.2565
Atp1b3	18	0.73327	0.95996	1.0	2682	7	-3.3997	0.31318	0.29072	0.882295	882	0	-3.3997
Cd33	20	0.73456	0.9628	1.0	2683	7	-3.5166	0.41766	0.36762	0.882295	1177	0	-3.5166
Olfr301	19	0.73471	0.96091	1.0	2684	5	-3.666	0.23189	0.23558	0.882295	639	0	-3.666
Vcam1	20	0.7358	0.96341	1.0	2685	6	-3.4845	0.53169	0.48004	0.90617	1498	0	-3.4845
Psg27	18	0.73662	0.96106	1.0	2686	7	-3.5974	0.32142	0.29465	0.882295	924	0	-3.5974
Tmem9	18	0.73822	0.96142	1.0	2687	8	-3.7405	0.32142	0.29465	0.882295	928	0	-3.7405
Olfr1222	20	0.73949	0.96419	1.0	2688	7	-3.6074	0.14848	0.15732	0.882295	426	0	-3.6074
Tlr5	20	0.74045	0.96457	1.0	2689	9	-3.805	0.6554	0.58118	0.90617	1826	0	-3.805
Olfr487	20	0.74124	0.96493	1.0	2690	8	-3.4367	0.17974	0.18093	0.882295	515	0	-3.4367
Muc15	20	0.74124	0.96493	1.0	2691	8	-3.3407	0.051241	0.046768	0.873617	145	0	-3.3407
Slc35f4	20	0.74221	0.96525	1.0	2692	7	-3.6174	0.91918	0.89188	0.97874	2602	0	-3.6174
Olfr38	20	0.74239	0.96529	1.0	2693	8	-3.777	0.012066	0.013878	0.854381	34	0	-3.777
Olfr270	20	0.74276	0.96532	1.0	2694	6	-3.4242	0.23298	0.23434	0.882295	644	0	-3.4242
Tas2r108	20	0.74394	0.96577	1.0	2695	9	-3.7044	0.051241	0.046768	0.873617	143	0	-3.7044
Il1rapl1	20	0.74495	0.96604	1.0	2696	7	-3.6736	0.37709	0.34388	0.882295	1079	0	-3.6736
Fpr-rs6	20	0.74499	0.96611	1.0	2697	7	-3.5259	0.49523	0.43411	0.893868	1368	0	-3.5259
Tmem154	18	0.74515	0.96321	1.0	2698	6	-3.1958	0.23043	0.23283	0.882295	637	0	-3.1958
Tmigd1	18	0.74601	0.96333	1.0	2699	6	-3.4172	0.42015	0.37105	0.882295	1193	0	-3.4172
Olfr1246	20	0.74642	0.96665	1.0	2700	5	-3.3076	0.44431	0.39669	0.884347	1269	0	-3.3076
Olfr878	20	0.74723	0.9671	1.0	2701	8	-3.5921	0.012066	0.013878	0.854381	33	0	-3.5921
Tas2r109	20	0.74854	0.96723	1.0	2702	7	-3.629	0.51382	0.45342	0.89833	1444	0	-3.629
Olfr300-ps1	20	0.75059	0.96744	1.0	2703	7	-3.2826	0.13424	0.14352	0.882295	378	0	-3.2826
Olfr1152	20	0.75104	0.96768	1.0	2704	6	-3.6263	0.30865	0.29751	0.882295	868	0	-3.6263
Slc29a1	20	0.7528	0.96801	1.0	2705	7	-3.156	0.47677	0.41754	0.891333	1323	0	-3.156
Ano3	20	0.75383	0.9681	1.0	2706	4	-3.4844	0.67514	0.60642	0.910668	1876	0	-3.4844
Sgce	20	0.754	0.96827	1.0	2707	5	-3.4907	0.40682	0.35987	0.882295	1163	0	-3.4907
Olfr11	20	0.75424	0.96837	1.0	2708	6	-3.3084	0.26836	0.27336	0.882295	753	0	-3.3084
Slc12a2	20	0.75719	0.96886	1.0	2709	6	-3.6702	0.086499	0.082334	0.879609	243	0	-3.6702
Zdhhc11	18	0.75914	0.96718	1.0	2710	6	-3.6191	0.13468	0.14375	0.882295	382	0	-3.6191
Olfr173	20	0.76414	0.97062	1.0	2711	5	-3.4175	0.086499	0.082334	0.879609	254	0	-3.4175
Olfr320	20	0.7651	0.97073	1.0	2712	8	-3.5355	0.59308	0.53007	0.90617	1646	0	-3.5355
Olfr1502	20	0.76569	0.97109	1.0	2713	8	-3.4674	0.7154	0.65321	0.929375	2005	0	-3.4674
Olfr187	20	0.76598	0.97118	1.0	2714	6	-3.572	0.58494	0.52713	0.90617	1640	0	-3.572
Kcna3	20	0.76686	0.9713	1.0	2715	8	-3.6655	0.11416	0.10603	0.882295	333	0	-3.6655
Olfr519	20	0.76753	0.97152	1.0	2716	7	-3.0178	0.11416	0.10603	0.882295	315	0	-3.0178
Pmepa1	20	0.77062	0.97216	1.0	2717	7	-3.6711	0.59308	0.53007	0.90617	1650	0	-3.6711
Clrn2	18	0.77201	0.96945	1.0	2718	7	-3.8295	0.3853	0.33763	0.882295	1095	0	-3.8295
Cd163	20	0.77208	0.97235	1.0	2719	6	-3.1849	0.6826	0.61197	0.910668	1905	0	-3.1849
Glipr1	20	0.77312	0.97257	1.0	2720	8	-3.6234	0.6554	0.58118	0.90617	1828	0	-3.6234
Olfr1008	18	0.7739	0.96969	1.0	2721	5	-3.7154	0.39441	0.34848	0.882295	1117	0	-3.7154
Cntn6	18	0.7739	0.96969	1.0	2722	7	-3.2278	0.026445	0.032362	0.873617	75	0	-3.2278
Olfr918	20	0.77487	0.97283	1.0	2723	8	-3.7222	0.77762	0.72273	0.940601	2200	0	-3.7222
Fpr-rs4	20	0.77607	0.97304	1.0	2724	8	-3.4019	0.045532	0.042963	0.873617	131	0	-3.4019
Mc2r	20	0.77706	0.97321	1.0	2725	7	-3.7156	0.79967	0.74509	0.946427	2247	0	-3.7156
Cdh10	20	0.77734	0.97328	1.0	2726	7	-3.7782	0.51382	0.45342	0.89833	1433	0	-3.7782
Mpzl1	20	0.77734	0.97328	1.0	2727	8	-3.7071	0.35914	0.32587	0.882295	1021	0	-3.7071
Cldn12	18	0.77789	0.9704	1.0	2728	7	-3.4727	0.35544	0.31898	0.882295	1014	0	-3.4727
Olfr874	20	0.77924	0.97346	1.0	2729	6	-3.3461	0.29851	0.29006	0.882295	846	0	-3.3461
Olfr738	20	0.77925	0.9736	1.0	2730	6	-3.5547	0.080685	0.078752	0.879609	234	0	-3.5547
Cd28	18	0.77956	0.9707	1.0	2731	5	-3.2739	0.31318	0.29072	0.882295	879	0	-3.2739
Grid1	18	0.78163	0.9711	1.0	2732	6	-3.4857	0.35544	0.31898	0.882295	1015	0	-3.4857
Olfr146	20	0.78565	0.9748	1.0	2733	7	-3.7407	0.28073	0.2781	0.882295	792	0	-3.7407
H2-DMa	20	0.78565	0.9748	1.0	2734	7	-3.5032	0.19706	0.1972	0.882295	553	0	-3.5032
Olfr322	20	0.79052	0.97579	1.0	2735	6	-3.2902	0.064748	0.059995	0.879609	187	0	-3.2902
Ceacam13	20	0.79317	0.9764	1.0	2736	7	-3.3977	0.58494	0.52713	0.90617	1632	0	-3.3977
Clec2e	16	0.79545	0.96999	1.0	2737	6	-3.5397	0.72964	0.67232	0.929375	2047	0	-3.5397
Olfr867	20	0.79592	0.97702	1.0	2738	6	-3.4819	0.02934	0.035296	0.873617	90	0	-3.4819
Tmem182	19	0.79938	0.97617	1.0	2739	8	-3.6392	0.043305	0.040971	0.873617	124	0	-3.6392
Atp13a3	18	0.80026	0.97433	1.0	2740	7	-3.7382	0.80236	0.76037	0.953968	2258	0	-3.7382
Olfr786	18	0.80146	0.97448	1.0	2741	7	-3.6719	0.75377	0.69511	0.931812	2117	0	-3.6719
Tas2r139	20	0.80275	0.97837	1.0	2742	8	-3.6366	0.28073	0.2781	0.882295	786	0	-3.6366
Ceacam1	20	0.80487	0.97869	1.0	2743	8	-3.671	0.50452	0.4411	0.894091	1407	0	-3.671
Corin	18	0.80546	0.97536	1.0	2744	6	-3.2193	0.36486	0.32529	0.882295	1042	0	-3.2193
Olfr429	20	0.8058	0.97887	1.0	2745	8	-3.6586	0.22414	0.22158	0.882295	626	0	-3.6586
Olfr1303	19	0.80647	0.9777	1.0	2746	8	-3.774	0.4017	0.35343	0.882295	1143	0	-3.774
Olfr1118	19	0.80647	0.9777	1.0	2747	8	-3.4369	0.5819	0.51501	0.90617	1630	0	-3.4369
Olfr821	20	0.80905	0.97921	1.0	2748	8	-3.7829	0.61325	0.54262	0.90617	1709	0	-3.7829
Skint8	20	0.8097	0.97925	1.0	2749	5	-3.5458	0.5401	0.48865	0.90617	1512	0	-3.5458
Olfr724	14	0.81075	0.96986	1.0	2750	5	-3.3771	0.020629	0.024924	0.873617	55	0	-3.3771
Olfr692	20	0.81192	0.9796	1.0	2751	7	-3.4972	0.41766	0.36762	0.882295	1182	0	-3.4972
Pcdhga12	19	0.81376	0.97886	1.0	2752	3	-3.4542	0.63654	0.56398	0.90617	1755	0	-3.4542
Fpr1	20	0.81935	0.98084	1.0	2753	7	-3.5835	0.75933	0.69314	0.930045	2131	0	-3.5835
Gm5724	20	0.81993	0.98101	1.0	2754	6	-3.4052	0.72899	0.66643	0.929375	2036	0	-3.4052
Ephb6	20	0.82053	0.98121	1.0	2755	7	-3.5242	0.30478	0.29463	0.882295	854	0	-3.5242
Plet1	18	0.82054	0.97799	1.0	2756	5	-3.4762	0.42015	0.37105	0.882295	1194	0	-3.4762
Olfr1099	18	0.8242	0.97859	1.0	2757	6	-3.5974	0.2403	0.24405	0.882295	666	0	-3.5974
Olfr459	20	0.82567	0.98196	1.0	2758	7	-3.3175	0.57811	0.52108	0.90617	1627	0	-3.3175
Olfr1076	19	0.82577	0.9814	1.0	2759	7	-3.3992	0.71071	0.64975	0.929375	1989	0	-3.3992
Olfr183	20	0.82658	0.9822	1.0	2760	5	-3.1584	0.24248	0.24525	0.882295	679	0	-3.1584
Grpr	20	0.82702	0.98229	1.0	2761	7	-3.5508	0.11416	0.10603	0.882295	336	0	-3.5508
Mfsd6	20	0.82828	0.98266	1.0	2762	7	-3.6315	0.56878	0.51189	0.90617	1588	0	-3.6315
Npy1r	20	0.83182	0.98315	1.0	2763	6	-3.2753	0.43839	0.39179	0.884347	1255	0	-3.2753
Tnfsf18	20	0.83323	0.98339	1.0	2764	8	-3.7524	0.88331	0.84682	0.971189	2491	0	-3.7524
Olfr196	17	0.8343	0.98024	1.0	2765	6	-3.2736	0.11532	0.12429	0.882295	340	0	-3.2736
Olfr55	15	0.83513	0.97668	1.0	2766	3	-3.3064	0.49764	0.43365	0.893868	1393	0	-3.3064
Cd86	20	0.8368	0.98409	1.0	2767	6	-3.5585	0.41766	0.36762	0.882295	1176	0	-3.5585
Tas2r107	20	0.84152	0.98484	1.0	2768	8	-3.5637	0.17974	0.18093	0.882295	509	0	-3.5637
Gpr173	18	0.84168	0.98168	1.0	2769	5	-3.5378	0.27319	0.26571	0.882295	778	0	-3.5378
Olfr1310	20	0.84521	0.98522	1.0	2770	6	-3.5	0.24248	0.24525	0.882295	678	0	-3.5
Tmem9b	18	0.84543	0.98239	1.0	2771	4	-3.6307	0.34689	0.31518	0.882295	992	0	-3.6307
Tas2r110	20	0.84559	0.98527	1.0	2772	8	-3.7271	0.23298	0.23434	0.882295	661	0	-3.7271
Gm20489	10	0.84601	0.96555	1.0	2773	2	-3.6581	0.44156	0.38027	0.882295	1256	0	-3.6581
Olfr815	16	0.84918	0.98059	1.0	2774	5	-3.5384	0.10437	0.112	0.882295	307	0	-3.5384
Olfr56	20	0.85029	0.98596	1.0	2775	5	-3.2163	0.051241	0.046768	0.873617	140	0	-3.2163
Olfr1053	18	0.85038	0.98322	1.0	2776	4	-2.8935	0.21236	0.21398	0.882295	590	0	-2.8935
Olfr190	20	0.85078	0.98611	1.0	2777	8	-3.5513	0.18919	0.19239	0.882295	536	0	-3.5513
Lim2	20	0.85358	0.98657	1.0	2778	5	-3.3146	0.47677	0.41754	0.891333	1326	0	-3.3146
Olfr161	20	0.85752	0.98725	1.0	2779	6	-3.4366	0.23298	0.23434	0.882295	645	0	-3.4366
Olfr1065	20	0.8613	0.9878	1.0	2780	6	-3.4417	0.2525	0.2543	0.882295	717	0	-3.4417
Lyve1	20	0.86277	0.988	1.0	2781	7	-3.7555	0.51382	0.45342	0.89833	1428	0	-3.7555
Tmprss11d	20	0.86283	0.98801	1.0	2782	6	-3.4722	0.88651	0.8512	0.971537	2499	0	-3.4722
Dsg1c	20	0.86341	0.98818	1.0	2783	7	-3.6582	0.64665	0.57499	0.90617	1802	0	-3.6582
Cd160	20	0.86392	0.98824	1.0	2784	7	-3.5368	0.28073	0.2781	0.882295	787	0	-3.5368
Gm5155	20	0.86454	0.98832	1.0	2785	4	-3.5438	0.79967	0.74509	0.946427	2241	0	-3.5438
Olfr193	12	0.86475	0.97587	1.0	2786	4	-3.687	0.39631	0.34998	0.882295	1141	0	-3.687
Kcnmb4	19	0.86525	0.98656	1.0	2787	4	-3.3064	0.27986	0.27428	0.882295	780	0	-3.3064
Crb3	18	0.86712	0.98636	1.0	2788	5	-3.3105	0.28265	0.27238	0.882295	796	0	-3.3105
Mrgpra3	19	0.8674	0.98693	1.0	2789	4	-3.5465	0.77703	0.72177	0.940601	2180	0	-3.5465
Gm43720	11	0.86751	0.9741	1.0	2790	4	-3.5731	0.91322	0.8853	0.977873	2588	0	-3.5731
Olfr1564	19	0.87121	0.98746	1.0	2791	6	-3.3992	0.43744	0.38805	0.882295	1253	0	-3.3992
Parm1	20	0.87234	0.98941	1.0	2792	7	-3.5944	0.10193	0.093562	0.879609	278	0	-3.5944
Slc46a3	20	0.87871	0.99	1.0	2793	6	-3.3288	0.14848	0.15732	0.882295	410	0	-3.3288
Olfr1085	13	0.87956	0.98188	1.0	2794	3	-3.4658	0.36647	0.31509	0.882295	1043	0	-3.4658
Olfr832	20	0.88505	0.99084	1.0	2795	7	-3.6558	0.37709	0.34388	0.882295	1070	0	-3.6558
Bves	20	0.88584	0.99089	1.0	2796	6	-3.5235	0.075299	0.073308	0.879609	217	0	-3.5235
Olfr1048	20	0.88837	0.99107	1.0	2797	6	-3.6127	0.22414	0.22158	0.882295	631	0	-3.6127
Olfr1062	18	0.88934	0.9895	1.0	2798	3	-3.4027	0.092226	0.085691	0.879609	258	0	-3.4027
Olfr985	20	0.89048	0.99129	1.0	2799	6	-3.3788	0.77066	0.71122	0.940132	2159	0	-3.3788
Pcdhga9	18	0.8928	0.98996	1.0	2800	6	-3.5967	0.25664	0.25503	0.882295	727	0	-3.5967
Psg23	20	0.89471	0.99178	1.0	2801	7	-3.4141	0.41766	0.36762	0.882295	1189	0	-3.4141
Olfr846	20	0.89567	0.99189	1.0	2802	5	-3.5482	0.31911	0.30329	0.882295	900	0	-3.5482
Epha6	20	0.89771	0.99215	1.0	2803	7	-3.5206	0.42723	0.37909	0.882295	1210	0	-3.5206
Gml	20	0.89894	0.99223	1.0	2804	5	-3.6561	0.49523	0.43411	0.893868	1390	0	-3.6561
Olfr350	19	0.89895	0.99133	1.0	2805	7	-3.5066	0.15004	0.1542	0.882295	431	0	-3.5066
Il21r	20	0.90076	0.99247	1.0	2806	6	-3.5515	0.74592	0.68421	0.930045	2094	0	-3.5515
Olfr1136	18	0.90405	0.99124	1.0	2807	6	-3.5884	0.43507	0.37919	0.882295	1245	0	-3.5884
Olfr402	17	0.90411	0.99053	1.0	2808	5	-3.6592	0.33952	0.30498	0.882295	966	0	-3.6592
Olfr745	20	0.9047	0.99282	1.0	2809	7	-3.7376	0.28811	0.28257	0.882295	818	0	-3.7376
Fpr3	20	0.90606	0.99296	1.0	2810	4	-3.1254	0.086499	0.082334	0.879609	248	0	-3.1254
Olfr1163	20	0.90672	0.99304	1.0	2811	6	-3.3015	0.041069	0.042959	0.873617	113	0	-3.3015
Olfr779	9	0.9071	0.97731	1.0	2812	2	-3.6866	0.64038	0.5933	0.910668	1782	0	-3.6866
Olfr1389	19	0.90727	0.99255	1.0	2813	5	-3.3064	0.41789	0.37322	0.882295	1190	0	-3.3064
Slc3a1	20	0.91118	0.99349	1.0	2814	6	-3.2574	0.90876	0.87873	0.975309	2570	0	-3.2574
Fcrl5	20	0.91247	0.99361	1.0	2815	6	-3.2372	0.60065	0.53203	0.90617	1669	0	-3.2372
Aqp8	20	0.91392	0.99375	1.0	2816	7	-3.4359	0.33146	0.31022	0.882295	942	0	-3.4359
Olfr936	17	0.91466	0.99193	1.0	2817	6	-3.1145	0.14225	0.14236	0.882295	404	0	-3.1145
Olfr995	20	0.91526	0.99392	1.0	2818	6	-3.6576	0.17974	0.18093	0.882295	512	0	-3.6576
Olfr1031	18	0.91547	0.99258	1.0	2819	5	-3.2513	0.36486	0.32529	0.882295	1041	0	-3.2513
Grm3	17	0.91603	0.99208	1.0	2820	6	-3.7735	0.93661	0.91721	0.98619	2658	0	-3.7735
Olfr958	20	0.91623	0.99399	1.0	2821	6	-3.4778	0.20551	0.20524	0.882295	576	0	-3.4778
H2-M9	20	0.91664	0.99402	1.0	2822	5	-3.5627	0.2525	0.2543	0.882295	701	0	-3.5627
Tas2r104	20	0.91856	0.99418	1.0	2823	6	-3.5068	0.27291	0.27495	0.882295	765	0	-3.5068
Chrna5	19	0.92087	0.99413	1.0	2824	5	-3.3075	0.12269	0.1304	0.882295	345	0	-3.3075
Kl	20	0.92462	0.9948	1.0	2825	7	-3.6421	0.16516	0.16393	0.882295	465	0	-3.6421
Cnnm3	20	0.92802	0.99509	1.0	2826	6	-3.5627	0.28073	0.2781	0.882295	783	0	-3.5627
Olfr1462	20	0.93376	0.99567	1.0	2827	7	-3.6034	0.38614	0.34804	0.882295	1104	0	-3.6034
Olfr584	20	0.93461	0.99576	1.0	2828	7	-3.6545	0.058802	0.054332	0.879609	162	0	-3.6545
Plxna3	20	0.9349	0.9958	1.0	2829	5	-3.5319	0.88331	0.84682	0.971189	2494	0	-3.5319
Pcdhb3	20	0.93755	0.99613	1.0	2830	6	-3.5111	0.21547	0.21177	0.882295	597	0	-3.5111
Pilrb2	20	0.93791	0.99615	1.0	2831	4	-3.2941	0.28073	0.2781	0.882295	784	0	-3.2941
Gm44579	4	0.93856	0.94292	1.0	2832	0	-2.5155	0.085144	0.075066	0.879609	239	0	-2.5155
Tas2r103	20	0.93906	0.99623	1.0	2833	5	-3.3635	0.31911	0.30329	0.882295	918	0	-3.3635
Olfr1193	18	0.94229	0.99562	1.0	2834	5	-3.5314	0.85535	0.81526	0.965955	2408	0	-3.5314
Olfr935	19	0.94252	0.99595	1.0	2835	6	-3.3261	0.071672	0.070275	0.879609	208	0	-3.3261
Lhfpl5	18	0.94615	0.99606	1.0	2836	5	-3.1405	0.42015	0.37105	0.882295	1200	0	-3.1405
Tas2r130	20	0.94831	0.99699	1.0	2837	6	-3.3986	0.064748	0.059995	0.879609	182	0	-3.3986
Asic5	20	0.95057	0.99714	1.0	2838	4	-3.4645	0.33146	0.31022	0.882295	955	0	-3.4645
Olfr486	20	0.95433	0.99741	1.0	2839	5	-3.2331	0.16516	0.16393	0.882295	463	0	-3.2331
Olfr1436	19	0.95857	0.99734	1.0	2840	5	-3.5133	0.1882	0.18966	0.882295	523	0	-3.5133
Ubac2	17	0.96126	0.99691	1.0	2841	5	-3.6572	0.83149	0.79101	0.961935	2339	0	-3.6572
Tmx3	20	0.96327	0.998	1.0	2842	5	-3.5168	0.78422	0.72858	0.941902	2209	0	-3.5168
Olfr1354	16	0.96394	0.99699	1.0	2843	4	-3.4687	0.45496	0.40775	0.891333	1291	0	-3.4687
Olfr26	20	0.96448	0.99806	1.0	2844	6	-3.2604	0.51382	0.45342	0.89833	1431	0	-3.2604
Olfr722	19	0.96741	0.99811	1.0	2845	5	-3.4986	0.13144	0.13867	0.882295	369	0	-3.4986
Cdh8	20	0.96796	0.99828	1.0	2846	6	-3.1759	0.31911	0.30329	0.882295	903	0	-3.1759
Pcdh9	20	0.96985	0.99839	1.0	2847	6	-3.4631	0.91918	0.89188	0.97874	2600	0	-3.4631
Olfr288	4	0.9724	0.97597	1.0	2848	0	-2.7494	0.12413	0.10344	0.882295	357	0	-2.7494
Olfr802	20	0.97509	0.99873	1.0	2849	6	-3.5126	0.45422	0.40282	0.888268	1288	0	-3.5126
Il2ra	17	0.97605	0.99832	1.0	2850	2	-2.8504	0.010265	0.011988	0.854381	29	0	-2.8504
Olfr8	15	0.97846	0.99796	1.0	2851	2	-3.1166	0.26066	0.24356	0.882295	730	0	-3.1166
Olfr582	20	0.9849	0.99931	1.0	2852	4	-3.1451	0.64665	0.57499	0.90617	1808	0	-3.1451
P2rx3	20	0.98626	0.99936	1.0	2853	4	-3.3725	0.63738	0.56966	0.90617	1777	0	-3.3725
Lnpep	20	0.98798	0.99944	1.0	2854	5	-3.5858	0.54861	0.49816	0.90617	1543	0	-3.5858
Olfr1039	20	0.99139	0.9996	1.0	2855	5	-3.3403	0.080685	0.078752	0.879609	231	0	-3.3403
Olfr1040	20	0.99304	0.99969	1.0	2856	2	-3.281	0.10193	0.093562	0.879609	304	0	-3.281
Ror2	20	0.99584	0.99982	1.0	2857	4	-3.3292	0.82154	0.77817	0.960285	2307	0	-3.3292
