id	num	neg|score	neg|p-value	neg|fdr	neg|rank	neg|goodsgrna	neg|lfc	pos|score	pos|p-value	pos|fdr	pos|rank	pos|goodsgrna	pos|lfc
Gdpd5	20	7.9806e-06	9.1804e-05	0.136139	1	14	-4.5967	0.8893	0.85421	0.973026	2507	0	-4.5967
Ntm	18	1.0933e-05	9.5268e-05	0.136139	2	9	-3.9192	0.09168	0.094013	0.890629	258	0	-3.9192
Olfr978	18	1.7158e-05	0.00015763	0.150165	3	11	-4.5447	0.16988	0.17585	0.890629	475	0	-4.5447
Scn4b	20	4.7544e-05	0.0004417	0.260396	4	17	-4.494	0.94207	0.92211	0.988044	2666	0	-4.494
Adrb1	20	4.886e-05	0.00045556	0.260396	5	16	-4.4427	0.82507	0.78487	0.963878	2312	0	-4.4427
H2-Ob	20	5.6698e-05	0.00056641	0.269802	6	15	-4.7134	0.58306	0.52725	0.911968	1625	0	-4.7134
Klrb1	19	6.2525e-05	0.00066688	0.272277	7	11	-3.886	0.41581	0.37258	0.890629	1176	0	-3.886
Svopl	20	0.00014752	0.0015364	0.492299	8	16	-4.2674	0.93587	0.91317	0.985216	2644	0	-4.2674
Pth2r	19	0.00015791	0.0015503	0.492299	9	13	-4.2249	0.30119	0.29433	0.890629	837	0	-4.2249
Gprc5b	20	0.00025056	0.0025515	0.618399	10	13	-4.3975	0.69343	0.62508	0.920871	1935	0	-4.3975
Itga9	20	0.00025582	0.0025965	0.618399	11	13	-4.115	0.84627	0.80472	0.963878	2382	0	-4.115
Tnfrsf13b	18	0.00027977	0.002477	0.618399	12	15	-4.5823	0.94005	0.91971	0.987054	2663	0	-4.5823
Rgma	20	0.00033047	0.0032201	0.629703	13	15	-4.4898	0.59794	0.5361	0.911968	1658	0	-4.4898
Asic4	20	0.00034522	0.0033049	0.629703	14	13	-4.4335	0.69343	0.62508	0.920871	1938	0	-4.4335
Cdh3	19	0.00034754	0.0032824	0.629703	15	15	-4.5989	0.95364	0.93745	0.99197	2696	0	-4.5989
Cdhr3	20	0.00038156	0.0035838	0.634488	16	16	-4.5667	0.95769	0.94183	0.99197	2712	0	-4.5667
Pcdhb12	20	0.00042045	0.0039337	0.634488	17	17	-4.2975	0.99874	0.99798	0.99965	2850	0	-4.2975
Lrfn1	20	0.00042361	0.0039961	0.634488	18	15	-4.4645	0.97707	0.96762	0.993293	2781	0	-4.4645
Plxnb1	20	0.00049859	0.0045573	0.685513	19	13	-3.9426	0.95689	0.94088	0.99197	2705	0	-3.9426
Notch1	20	0.00059736	0.0053818	0.68836	20	13	-4.5739	0.79333	0.74013	0.949415	2231	0	-4.5739
Lamp1	20	0.00060662	0.0054684	0.68836	21	15	-4.5574	0.82507	0.78487	0.963878	2323	0	-4.5574
Susd3	20	0.00062594	0.0056156	0.68836	22	13	-4.6423	0.99324	0.9886	0.995919	2837	0	-4.6423
Caly	19	0.00068789	0.0059811	0.68836	23	15	-4.4961	0.45021	0.39795	0.890629	1284	0	-4.4961
Pcdha1	16	0.00071464	0.0054649	0.68836	24	10	-4.0216	0.33664	0.30272	0.890629	967	0	-4.0216
Olfr323	18	0.0007478	0.0062028	0.68836	25	10	-3.9834	0.031102	0.035843	0.863331	88	0	-3.9834
Lrfn4	20	0.00079135	0.0069061	0.68836	26	9	-3.6434	0.25853	0.26354	0.890629	717	0	-3.6434
Ephb3	20	0.00083961	0.0073045	0.68836	27	13	-4.5177	0.92133	0.89347	0.980439	2606	0	-4.5177
Prnp	20	0.00084527	0.0073772	0.68836	28	11	-4.0226	0.21243	0.21518	0.890629	600	0	-4.0226
Calcr	20	0.00085067	0.0074119	0.68836	29	14	-4.5069	0.69343	0.62508	0.920871	1937	0	-4.5069
Tnfrsf11a	20	0.00085829	0.0074708	0.68836	30	12	-4.0171	0.14819	0.16436	0.890629	403	0	-4.0171
Layn	20	0.00087495	0.0076267	0.68836	31	13	-4.1986	0.86784	0.83009	0.971102	2443	0	-4.1986
Fam174a	20	0.00098807	0.0085309	0.68836	32	16	-4.6387	0.52869	0.47244	0.911088	1468	0	-4.6387
Erbb4	20	0.00099376	0.0085343	0.68836	33	9	-3.5871	0.80877	0.75849	0.95623	2270	0	-3.5871
Slc1a4	19	0.00099674	0.0082641	0.68836	34	9	-3.7172	0.67476	0.6087	0.920871	1871	0	-3.7172
Edar	20	0.0010054	0.0085759	0.68836	35	17	-4.3071	0.73376	0.6748	0.936914	2051	0	-4.3071
Rrh	20	0.00108	0.0090782	0.68836	36	15	-4.5879	0.76401	0.70234	0.936914	2136	0	-4.5879
Oxgr1	20	0.0011052	0.0092895	0.68836	37	8	-3.3863	0.42271	0.3756	0.890629	1201	0	-3.3863
Cacna1i	20	0.0011265	0.0094697	0.68836	38	15	-4.5753	0.98532	0.9768	0.994299	2808	0	-4.5753
Plxnb2	20	0.001162	0.009875	0.68836	39	11	-4.335	0.4892	0.42599	0.890629	1365	0	-4.335
Tmem8b	20	0.001163	0.009875	0.68836	40	7	-3.6421	0.91106	0.88055	0.97732	2577	0	-3.6421
Cdh24	19	0.0011798	0.0097295	0.68836	41	13	-4.5971	0.8405	0.7984	0.963878	2363	0	-4.5971
5830411N06Rik	20	0.0012944	0.011143	0.701591	42	14	-4.3155	0.55366	0.50358	0.911968	1546	0	-4.3155
Sv2a	20	0.0012944	0.011143	0.701591	43	13	-4.2457	0.45934	0.4104	0.890629	1295	0	-4.2457
Tspan17	20	0.0013022	0.011164	0.701591	44	11	-4.2042	0.88605	0.84989	0.97237	2498	0	-4.2042
Clstn1	20	0.0013717	0.011593	0.701591	45	11	-4.0388	0.34594	0.32572	0.890629	988	0	-4.0388
Opn5	20	0.0014098	0.011818	0.701591	46	13	-4.5167	0.90809	0.87804	0.97732	2567	0	-4.5167
Tmem132e	19	0.0014225	0.011611	0.701591	47	8	-3.7175	0.31124	0.2998	0.890629	864	0	-3.7175
Il27ra	20	0.0014228	0.011902	0.701591	48	11	-4.1383	0.97555	0.96622	0.993293	2773	0	-4.1383
Sppl2c	20	0.0014951	0.012491	0.701591	49	13	-4.5002	0.85519	0.81323	0.964798	2410	0	-4.5002
Agtr1a	20	0.0015708	0.012937	0.701591	50	15	-4.4375	0.4892	0.42599	0.890629	1355	0	-4.4375
Nlgn3	20	0.0016029	0.013125	0.701591	51	10	-3.891	0.97777	0.96847	0.993293	2783	0	-3.891
H2-Q2	20	0.0016113	0.013142	0.701591	52	15	-4.5495	0.065372	0.058304	0.877019	190	0	-4.5495
P2rx6	20	0.0016851	0.013625	0.701591	53	14	-4.528	0.96665	0.95276	0.99197	2744	0	-4.528
Flrt1	20	0.0017152	0.013894	0.701591	54	15	-4.345	0.071278	0.063944	0.890629	201	0	-4.345
Grid2	20	0.0017848	0.014386	0.701591	55	7	-3.587	0.08329	0.084585	0.890629	240	0	-3.587
Dpp10	20	0.0018051	0.014448	0.701591	56	15	-4.3065	0.11	0.10842	0.890629	305	0	-4.3065
Astn1	20	0.001827	0.014618	0.701591	57	16	-4.5589	0.18687	0.19281	0.890629	519	0	-4.5589
Upk1b	20	0.0018398	0.01469	0.701591	58	12	-3.9717	0.75691	0.69768	0.936914	2125	0	-3.9717
Cntnap1	20	0.0018524	0.014824	0.701591	59	14	-4.4998	0.98984	0.98343	0.995265	2824	0	-4.4998
Tspan18	20	0.0018534	0.014826	0.701591	60	8	-3.6367	0.67991	0.61494	0.920871	1879	0	-3.6367
Ret	20	0.0018702	0.014974	0.701591	61	16	-4.2195	0.66705	0.59359	0.918006	1848	0	-4.2195
Cdcp1	20	0.0019271	0.015311	0.702617	62	14	-4.3498	0.80346	0.75275	0.953615	2257	0	-4.3498
Slc38a8	20	0.0019859	0.015813	0.702617	63	13	-4.5654	0.20725	0.20885	0.890629	583	0	-4.5654
Fgfr1	20	0.0020101	0.015981	0.702617	64	15	-4.4018	0.99895	0.9983	0.99965	2851	0	-4.4018
Tril	20	0.0021182	0.016575	0.702617	65	12	-3.8651	0.91403	0.88342	0.977853	2585	0	-3.8651
Acvr2b	18	0.00212	0.015941	0.702617	66	14	-4.2351	0.97449	0.96276	0.993293	2771	0	-4.2351
D430041D05Rik	20	0.0021895	0.017018	0.702617	67	14	-4.3233	0.94207	0.92211	0.988044	2664	0	-4.3233
Olfr297	20	0.0022128	0.017138	0.702617	68	15	-4.22	0.97949	0.97045	0.993293	2788	0	-4.22
Acvr1c	20	0.0022224	0.017174	0.702617	69	15	-4.4018	0.73924	0.67894	0.936914	2064	0	-4.4018
Cnnm4	20	0.0022275	0.017209	0.702617	70	10	-3.8839	0.32463	0.31199	0.890629	914	0	-3.8839
Clec1b	20	0.0024719	0.018718	0.717558	71	12	-4	0.88605	0.84989	0.97237	2494	0	-4
Mfsd5	20	0.0024757	0.018745	0.717558	72	13	-4.052	0.42271	0.3756	0.890629	1192	0	-4.052
Slc38a1	20	0.0024867	0.018751	0.717558	73	10	-3.7117	0.67377	0.60527	0.920871	1862	0	-3.7117
P2ry12	20	0.0024906	0.01883	0.717558	74	12	-4.2134	0.50962	0.44352	0.892668	1417	0	-4.2134
Slc5a7	18	0.0025223	0.018664	0.717558	75	11	-4.1292	0.94775	0.92884	0.989061	2684	0	-4.1292
Olfr1511	20	0.0025722	0.019343	0.727397	76	16	-4.3032	0.041228	0.043122	0.863331	118	0	-4.3032
Ffar4	20	0.0026773	0.020064	0.727428	77	14	-4.4805	0.7201	0.66193	0.936914	2015	0	-4.4805
Tmem132c	20	0.0027191	0.020315	0.727428	78	15	-4.3304	0.9812	0.97282	0.993677	2795	0	-4.3304
Abcc10	20	0.0027781	0.020701	0.727428	79	13	-4.4348	0.65145	0.5823	0.915432	1806	0	-4.4348
Slc5a5	20	0.0027978	0.020789	0.727428	80	14	-4.5015	0.77522	0.7199	0.945838	2167	0	-4.5015
Hbegf	18	0.0028273	0.020687	0.727428	81	13	-4.4474	0.90528	0.8742	0.97732	2550	0	-4.4474
Il23r	19	0.0028387	0.021368	0.727428	82	15	-4.3423	0.45021	0.39795	0.890629	1283	0	-4.3423
Podxl	20	0.0028481	0.021189	0.727428	83	9	-3.7501	0.15587	0.17117	0.890629	441	0	-3.7501
Dpep3	20	0.002917	0.02138	0.727428	84	13	-4.1943	0.85519	0.81323	0.964798	2407	0	-4.1943
Astn2	20	0.0030239	0.022426	0.731199	85	9	-3.7515	0.52869	0.47244	0.911088	1486	0	-3.7515
Fzd1	20	0.0030738	0.022688	0.731199	86	12	-4.3567	0.53675	0.48458	0.911968	1507	0	-4.3567
Mmp17	20	0.0030915	0.022807	0.731199	87	9	-3.5843	0.4816	0.42006	0.890629	1331	0	-3.5843
Tmem235	19	0.0031171	0.022838	0.731199	88	13	-4.2848	0.51858	0.46844	0.911088	1434	0	-4.2848
Abca4	20	0.0031538	0.023168	0.731199	89	10	-3.8006	0.11	0.10842	0.890629	309	0	-3.8006
Crb2	20	0.0033713	0.024709	0.731199	90	10	-3.9155	0.72793	0.67059	0.936914	2029	0	-3.9155
Shisa7	20	0.0033927	0.024785	0.731199	91	15	-4.4658	0.66002	0.5884	0.915432	1825	0	-4.4658
Kcnv2	20	0.0034183	0.024917	0.731199	92	10	-3.7778	0.98532	0.9768	0.994299	2807	0	-3.7778
Olfr1465	20	0.0034852	0.025374	0.731199	93	7	-3.6555	0.19597	0.20248	0.890629	547	0	-3.6555
Slc45a4	20	0.0035206	0.025473	0.731199	94	15	-4.3013	0.69343	0.62508	0.920871	1917	0	-4.3013
Pigr	20	0.0035511	0.025755	0.731199	95	16	-4.2436	0.20364	0.20725	0.890629	580	0	-4.2436
Slc6a1	19	0.0035533	0.025354	0.731199	96	11	-3.9813	0.57127	0.5164	0.911968	1587	0	-3.9813
Disp1	20	0.0036736	0.026268	0.731199	97	12	-4.2158	0.35081	0.32861	0.890629	1001	0	-4.2158
Cmklr1	20	0.003691	0.026559	0.731199	98	10	-3.6421	0.27927	0.28403	0.890629	794	0	-3.6421
Chrna10	20	0.0038165	0.027231	0.731199	99	12	-4.077	0.97106	0.95867	0.99197	2753	0	-4.077
Cd248	20	0.0038524	0.027538	0.731199	100	15	-4.2387	0.97106	0.95867	0.99197	2756	0	-4.2387
Adcy2	20	0.0038584	0.02756	0.731199	101	11	-3.966	0.69343	0.62508	0.920871	1920	0	-3.966
Ddr1	20	0.0039483	0.02809	0.731199	102	15	-4.2043	0.83035	0.79106	0.963878	2340	0	-4.2043
Tmem255b	20	0.004025	0.028617	0.731199	103	14	-4.4415	0.75059	0.69361	0.936914	2107	0	-4.4415
Gsg1	20	0.004036	0.028835	0.731199	104	10	-3.8419	0.36392	0.33433	0.890629	1042	0	-3.8419
Megf9	20	0.0041157	0.02926	0.731199	105	16	-4.2638	0.52869	0.47244	0.911088	1476	0	-4.2638
Gprc5c	20	0.0041396	0.029383	0.731199	106	14	-4.1488	0.86364	0.82387	0.968184	2432	0	-4.1488
Plxdc1	20	0.0041477	0.029424	0.731199	107	8	-3.5678	0.92937	0.90388	0.98299	2625	0	-3.5678
Lmbrd2	20	0.0041597	0.029507	0.731199	108	14	-4.3765	0.59794	0.5361	0.911968	1660	0	-4.3765
Gm5150	18	0.0041743	0.028904	0.731199	109	12	-4.384	0.39011	0.34471	0.890629	1106	0	-4.384
Serinc2	19	0.0042129	0.029265	0.731199	110	10	-3.9158	0.020177	0.023209	0.863331	53	0	-3.9158
Il2rb	20	0.0042521	0.03002	0.731199	111	14	-4.0965	0.87174	0.83572	0.97237	2447	0	-4.0965
Olfr202	20	0.0042936	0.030127	0.731199	112	12	-4.0623	0.75059	0.69361	0.936914	2103	0	-4.0623
Gabra4	19	0.0043514	0.030432	0.731199	113	8	-3.5512	0.67476	0.6087	0.920871	1872	0	-3.5512
Fap	20	0.0043656	0.030439	0.731199	114	12	-4.0137	0.4816	0.42006	0.890629	1334	0	-4.0137
Gpc5	20	0.0043687	0.030484	0.731199	115	14	-4.5073	0.94424	0.92455	0.988044	2672	0	-4.5073
Cdh4	20	0.0043841	0.030526	0.731199	116	14	-4.2745	0.54501	0.49311	0.911968	1529	0	-4.2745
Upk1a	18	0.0044491	0.030557	0.731199	117	12	-4.3063	0.85482	0.81505	0.966496	2403	0	-4.3063
Olfr1217	20	0.0044584	0.030921	0.731199	118	13	-4.3708	0.0058023	0.0041	0.455255	18	0	-4.3708
Ror1	20	0.0044788	0.031073	0.731199	119	9	-3.821	0.071278	0.063944	0.890629	204	0	-3.821
Mep1b	20	0.0045238	0.031447	0.731199	120	13	-4.2929	0.81943	0.77728	0.963766	2306	0	-4.2929
Abcg4	20	0.0045354	0.031468	0.731199	121	11	-4.4777	0.14819	0.16436	0.890629	407	0	-4.4777
Gjb3	20	0.0045613	0.031515	0.731199	122	12	-4.2034	0.050924	0.046947	0.863331	145	0	-4.2034
Slc41a1	20	0.0045957	0.031788	0.731199	123	14	-4.4248	0.77013	0.71011	0.940883	2158	0	-4.4248
Gja4	17	0.0046184	0.030997	0.731199	124	14	-4.323	0.90594	0.87982	0.97732	2556	0	-4.323
Ecscr	20	0.0047679	0.032717	0.731199	125	12	-4.3557	0.98984	0.98343	0.995265	2822	0	-4.3557
Sv2c	20	0.0048099	0.033037	0.731199	126	7	-3.4296	0.12183	0.12067	0.890629	336	0	-3.4296
Amigo1	20	0.0048105	0.033072	0.731199	127	14	-4.3431	0.69343	0.62508	0.920871	1939	0	-4.3431
Slc6a18	20	0.0048482	0.033346	0.731199	128	11	-4.0323	0.66705	0.59359	0.918006	1847	0	-4.0323
Pkd1	20	0.0048614	0.033365	0.731199	129	13	-4.3041	0.25853	0.26354	0.890629	735	0	-4.3041
Gldn	18	0.0048714	0.033259	0.731199	130	10	-3.9287	0.24594	0.25209	0.890629	685	0	-3.9287
Il17rb	20	0.0049004	0.033515	0.731199	131	13	-4.4353	0.36392	0.33433	0.890629	1043	0	-4.4353
Tmem204	20	0.0050364	0.034733	0.751768	132	13	-4.5193	0.99629	0.99362	0.997746	2844	0	-4.5193
Trpv4	20	0.0050792	0.034984	0.751768	133	16	-4.3772	0.69343	0.62508	0.920871	1915	0	-4.3772
Hrh1	20	0.0051522	0.035452	0.756133	134	13	-4.2638	0.43906	0.39569	0.890629	1250	0	-4.2638
Lypd2	19	0.0053493	0.03636	0.769747	135	10	-4.2516	0.38578	0.34867	0.890629	1102	0	-4.2516
Myadm	20	0.0053521	0.037072	0.772666	136	14	-4.3167	0.80346	0.75275	0.953615	2260	0	-4.3167
Htr4	20	0.0054149	0.037506	0.772666	137	11	-3.8389	0.74465	0.68627	0.936914	2089	0	-3.8389
Cckbr	20	0.0054647	0.037718	0.772666	138	9	-3.8109	0.46725	0.4128	0.890629	1305	0	-3.8109
Mfsd12	20	0.0054716	0.037849	0.772666	139	13	-4.054	0.46725	0.4128	0.890629	1306	0	-4.054
Tnfrsf8	20	0.0055018	0.038161	0.773497	140	12	-4.1006	0.40133	0.36279	0.890629	1132	0	-4.1006
Tspan15	20	0.0055761	0.038431	0.773497	141	11	-3.9416	0.98984	0.98343	0.995265	2823	0	-3.9416
Gabrb3	18	0.0056899	0.037557	0.772666	142	14	-4.1294	0.95713	0.94071	0.99197	2707	0	-4.1294
Chrne	20	0.0058023	0.040105	0.794868	143	11	-4.0861	0.9399	0.91931	0.986997	2662	0	-4.0861
Slc13a4	20	0.0058274	0.04017	0.794868	144	14	-4.4248	0.99932	0.9989	0.99965	2854	0	-4.4248
Slamf7	20	0.0059307	0.040948	0.794868	145	12	-4.4336	0.81943	0.77728	0.963766	2303	0	-4.4336
Slc6a16	20	0.0059669	0.041024	0.794868	146	7	-3.3622	0.41186	0.36792	0.890629	1167	0	-3.3622
S1pr5	20	0.0059756	0.041282	0.794868	147	14	-4.3609	0.73924	0.67894	0.936914	2068	0	-4.3609
Olfr294	20	0.0061328	0.042135	0.794868	148	8	-3.5424	0.31425	0.30629	0.890629	877	0	-3.5424
Pkd1l2	20	0.0061824	0.042554	0.794868	149	9	-3.7423	0.91889	0.88987	0.979679	2593	0	-3.7423
Cdh18	20	0.0062455	0.04272	0.794868	150	10	-3.743	0.23091	0.2313	0.890629	651	0	-3.743
Susd5	20	0.006257	0.042829	0.794868	151	15	-4.3857	0.88605	0.84989	0.97237	2491	0	-4.3857
Ly6g6c	20	0.0063025	0.043001	0.794868	152	15	-4.1961	0.74465	0.68627	0.936914	2078	0	-4.1961
Cd177	20	0.0063312	0.04316	0.794868	153	12	-3.913	0.61768	0.54669	0.912635	1711	0	-3.913
Sppl2b	20	0.0064633	0.043898	0.794868	154	9	-3.8052	0.11	0.10842	0.890629	301	0	-3.8052
Pkdrej	17	0.0065836	0.043001	0.794868	155	11	-4.4839	0.94445	0.92532	0.988044	2673	0	-4.4839
Treml2	20	0.0066084	0.044813	0.805498	156	12	-4.0744	0.42271	0.3756	0.890629	1198	0	-4.0744
Gp1bb	18	0.0067112	0.043638	0.794868	157	9	-3.8709	0.68209	0.62396	0.920871	1894	0	-3.8709
Lrp5	20	0.0067141	0.045353	0.807267	158	12	-4.1681	0.46725	0.4128	0.890629	1307	0	-4.1681
Slc31a1	18	0.0067254	0.043739	0.794868	159	10	-4.2381	0.21045	0.2111	0.890629	589	0	-4.2381
Thsd7b	20	0.0067937	0.045758	0.807267	160	11	-4.0498	0.77522	0.7199	0.945838	2168	0	-4.0498
Spns2	17	0.0068183	0.043943	0.794868	161	8	-3.5524	0.09431	0.093829	0.890629	259	0	-3.5524
Htr7	20	0.0069409	0.046475	0.812784	162	7	-3.6486	0.41186	0.36792	0.890629	1155	0	-3.6486
Olfr1221	20	0.0070979	0.047142	0.812784	163	15	-4.0822	0.77522	0.7199	0.945838	2176	0	-4.0822
Slc2a10	20	0.0071389	0.047307	0.812784	164	11	-3.9697	0.78193	0.73106	0.945838	2210	0	-3.9697
Nalcn	20	0.0071548	0.047373	0.812784	165	11	-3.9771	0.0051408	0.0041	0.455255	15	0	-3.9771
Tnfrsf1a	20	0.0072591	0.047923	0.812784	166	10	-3.9579	0.86364	0.82387	0.968184	2428	0	-3.9579
Npffr1	20	0.0072977	0.048105	0.812784	167	15	-4.4243	0.92937	0.90388	0.98299	2630	0	-4.4243
Gpr55	20	0.0073061	0.048154	0.812784	168	15	-4.2678	0.17947	0.18287	0.890629	513	0	-4.2678
Slc1a1	20	0.0073453	0.048346	0.812784	169	14	-4.1806	0.68499	0.6203	0.920871	1900	0	-4.1806
Asgr2	20	0.0074211	0.048708	0.813494	170	12	-4.4468	0.39156	0.35626	0.890629	1118	0	-4.4468
Olfr571	20	0.0075457	0.049311	0.813494	171	8	-3.6918	0.64192	0.57527	0.915432	1784	0	-3.6918
Entpd3	19	0.0076369	0.049576	0.813494	172	15	-4.0499	0.96047	0.94507	0.99197	2722	0	-4.0499
Trpv6	19	0.0077505	0.050321	0.813494	173	11	-4.1254	0.7017	0.64566	0.932583	1947	0	-4.1254
Gpihbp1	20	0.0077694	0.050511	0.813494	174	14	-4.2661	0.99645	0.99391	0.997746	2847	0	-4.2661
Adra1b	20	0.0077842	0.050594	0.813494	175	11	-4.1298	0.034498	0.039301	0.863331	95	0	-4.1298
Cdh15	20	0.0078264	0.050643	0.813494	176	15	-4.2384	0.98804	0.98099	0.995215	2812	0	-4.2384
Olfr825	14	0.0079994	0.045481	0.807267	177	8	-3.9326	0.6798	0.62315	0.920871	1874	0	-3.9326
Ptger1	20	0.0080542	0.051707	0.813494	178	14	-4.2769	0.71201	0.6487	0.932583	1984	0	-4.2769
Abcc9	20	0.0080662	0.051767	0.813494	179	12	-4.0265	0.23967	0.24389	0.890629	670	0	-4.0265
Icam2	20	0.0081142	0.052205	0.813494	180	12	-4.3052	0.89555	0.86289	0.974532	2531	0	-4.3052
Oprl1	20	0.0081646	0.052309	0.813494	181	11	-3.946	0.33621	0.31882	0.890629	956	0	-3.946
H2-K1	19	0.0081898	0.052851	0.813494	182	13	-4.1142	0.44246	0.39574	0.890629	1257	0	-4.1142
Lrtm2	20	0.0081921	0.052583	0.813494	183	10	-3.8715	0.17947	0.18287	0.890629	506	0	-3.8715
Sucnr1	20	0.0082774	0.052829	0.813494	184	7	-3.6048	0.23091	0.2313	0.890629	648	0	-3.6048
Gabrr3	20	0.0083385	0.053193	0.813494	185	11	-4.2411	0.20364	0.20725	0.890629	567	0	-4.2411
Itgad	20	0.0083647	0.053297	0.813494	186	9	-3.7947	0.24922	0.25461	0.890629	707	0	-3.7947
Cd163l1	20	0.008444	0.053584	0.813494	187	12	-4.1806	0.97106	0.95867	0.99197	2755	0	-4.1806
Trem1	20	0.0084828	0.053849	0.813494	188	13	-4.3707	0.73376	0.6748	0.936914	2048	0	-4.3707
Sit1	20	0.0084918	0.053899	0.813494	189	11	-3.9782	0.77013	0.71011	0.940883	2162	0	-3.9782
Slc9a6	20	0.0086073	0.054684	0.813494	190	11	-3.9397	0.78837	0.73674	0.947614	2217	0	-3.9397
Ldlr	20	0.0086654	0.054906	0.813494	191	12	-4.31	0.25853	0.26354	0.890629	719	0	-4.31
Aoc3	18	0.0086687	0.054144	0.813494	192	14	-4.1253	0.99985	0.99979	1.0	2857	0	-4.1253
Anpep	20	0.0087047	0.055188	0.813494	193	10	-3.7631	0.43906	0.39569	0.890629	1237	0	-3.7631
Npr2	20	0.0087738	0.055874	0.813494	194	9	-3.6472	0.3043	0.29893	0.890629	849	0	-3.6472
Olfr730	20	0.0088235	0.056214	0.813494	195	14	-4.2234	0.82507	0.78487	0.963878	2319	0	-4.2234
Pcdhga3	18	0.0089114	0.05595	0.813494	196	7	-3.5162	0.62129	0.55006	0.915432	1716	0	-3.5162
Plppr4	20	0.0089716	0.056971	0.813494	197	14	-4.4229	0.93123	0.90704	0.984287	2634	0	-4.4229
Gjb1	20	0.0091034	0.057585	0.813494	198	9	-3.6014	0.18687	0.19281	0.890629	530	0	-3.6014
Tmem63a	20	0.0091267	0.057693	0.813494	199	8	-3.7242	0.17241	0.17769	0.890629	478	0	-3.7242
Nipal2	20	0.0091295	0.057721	0.813494	200	8	-3.6975	0.13104	0.13829	0.890629	365	0	-3.6975
Sema4f	18	0.0092001	0.057665	0.813494	201	10	-4.1013	0.54494	0.4902	0.911968	1516	0	-4.1013
Drd3	18	0.0092001	0.057665	0.813494	202	8	-3.6268	0.71343	0.65578	0.936914	1993	0	-3.6268
Treh	20	0.0092527	0.058355	0.813494	203	10	-3.6799	0.3043	0.29893	0.890629	840	0	-3.6799
Ptgdr	18	0.0093838	0.058846	0.813494	204	11	-3.9686	0.9547	0.93702	0.99197	2702	0	-3.9686
Sema6d	20	0.009433	0.059262	0.813494	205	10	-3.8541	0.49964	0.43654	0.892668	1394	0	-3.8541
Igflr1	20	0.0094577	0.059546	0.813494	206	8	-3.3705	0.15587	0.17117	0.890629	444	0	-3.3705
Slc8b1	18	0.0095494	0.059806	0.813494	207	11	-4.4443	0.90185	0.87067	0.97732	2543	0	-4.4443
Chpt1	18	0.0095732	0.059938	0.813494	208	9	-3.9833	0.059032	0.0532	0.877019	169	0	-3.9833
Abca7	20	0.0096018	0.060411	0.813494	209	13	-4.1684	0.98804	0.98099	0.995215	2817	0	-4.1684
Ptprg	20	0.0096356	0.060728	0.813494	210	15	-4.2257	0.81716	0.77328	0.962563	2298	0	-4.2257
Epha3	20	0.009742	0.061223	0.813494	211	11	-3.8034	0.43906	0.39569	0.890629	1247	0	-3.8034
Bsg	20	0.0097624	0.061556	0.813494	212	10	-4.0161	0.22231	0.22161	0.890629	627	0	-4.0161
Eda2r	20	0.0097844	0.061608	0.813494	213	11	-4.3506	0.046803	0.046943	0.863331	132	0	-4.3506
Olfr658	20	0.0098236	0.061912	0.813494	214	11	-4.011	0.73924	0.67894	0.936914	2074	0	-4.011
Olfr732	20	0.0098879	0.062037	0.813494	215	10	-3.8844	0.12183	0.12067	0.890629	332	0	-3.8844
Lrig1	20	0.0098879	0.062037	0.813494	216	8	-3.3744	0.54501	0.49311	0.911968	1532	0	-3.3744
Sema7a	20	0.0099756	0.062633	0.816936	217	15	-4.2678	0.86099	0.81954	0.968184	2421	0	-4.2678
2900092C05Rik	18	0.010013	0.061528	0.813494	218	10	-4.1648	0.8425	0.80317	0.963878	2367	0	-4.1648
Aplp2	20	0.010076	0.06326	0.816936	219	14	-4.0387	0.99895	0.9983	0.99965	2852	0	-4.0387
Tpsg1	18	0.010138	0.062051	0.813494	220	11	-4.0529	0.20251	0.2024	0.890629	560	0	-4.0529
Tspan13	20	0.010298	0.064429	0.816936	221	15	-4.3386	0.32463	0.31199	0.890629	899	0	-4.3386
Ackr3	20	0.010301	0.0645	0.816936	222	11	-4.1987	0.3043	0.29893	0.890629	857	0	-4.1987
Clec2i	18	0.010371	0.063045	0.816936	223	9	-4.0307	0.042223	0.043028	0.863331	121	0	-4.0307
Adam29	20	0.010371	0.064687	0.816936	224	6	-3.331	0.12183	0.12067	0.890629	347	0	-3.331
9430015G10Rik	20	0.010404	0.064826	0.816936	225	8	-3.3824	0.25853	0.26354	0.890629	737	0	-3.3824
Fat2	20	0.010435	0.064978	0.816936	226	12	-4.1602	0.32463	0.31199	0.890629	917	0	-4.1602
Il20rb	19	0.010528	0.066295	0.816936	227	9	-3.6879	0.94501	0.92735	0.988396	2674	0	-3.6879
Htr6	20	0.010715	0.066631	0.816936	228	11	-4.0043	0.046803	0.046943	0.863331	135	0	-4.0043
Slc5a1	19	0.010747	0.067575	0.816936	229	14	-4.3781	0.77638	0.72365	0.945838	2180	0	-4.3781
Cx3cl1	20	0.010763	0.067019	0.816936	230	12	-4.2055	0.6117	0.54094	0.911968	1691	0	-4.2055
Efna1	18	0.010849	0.065214	0.816936	231	11	-4.2346	0.97608	0.96443	0.993293	2775	0	-4.2346
Gabbr2	18	0.010908	0.065668	0.816936	232	12	-4.4241	0.90794	0.87865	0.97732	2558	0	-4.4241
Serinc5	20	0.010943	0.067559	0.816936	233	15	-4.295	0.6117	0.54094	0.911968	1696	0	-4.295
Grin3b	20	0.010955	0.067628	0.816936	234	12	-4.125	0.35488	0.33002	0.890629	1006	0	-4.125
Pcdh1	20	0.010974	0.067694	0.816936	235	9	-3.5874	0.12183	0.12067	0.890629	328	0	-3.5874
Gpr83	20	0.011071	0.06797	0.816936	236	13	-4.3077	0.42271	0.3756	0.890629	1189	0	-4.3077
Slc10a5	20	0.011099	0.06803	0.816936	237	14	-4.2067	0.16432	0.17439	0.890629	466	0	-4.2067
L1cam	20	0.011099	0.06803	0.816936	238	14	-4.1623	0.97106	0.95867	0.99197	2757	0	-4.1623
Kirrel2	19	0.011168	0.069995	0.818264	239	10	-3.8814	0.53529	0.48724	0.911968	1489	0	-3.8814
Slc34a1	20	0.011204	0.069101	0.818264	240	15	-4.1546	0.99645	0.99391	0.997746	2846	0	-4.1546
Olfr796	19	0.011251	0.070303	0.818264	241	11	-3.9288	0.52673	0.47691	0.911968	1464	0	-3.9288
Adam20	20	0.011412	0.069835	0.818264	242	11	-3.8847	0.25853	0.26354	0.890629	727	0	-3.8847
Tmem116	20	0.01151	0.070275	0.818264	243	12	-4.2151	0.35488	0.33002	0.890629	1010	0	-4.2151
Slc44a3	20	0.011592	0.070549	0.818264	244	12	-3.9444	0.38226	0.35217	0.890629	1097	0	-3.9444
Slc12a3	19	0.01172	0.072309	0.818264	245	12	-4.0724	0.36207	0.33699	0.890629	1027	0	-4.0724
Mst1r	20	0.011737	0.071689	0.818264	246	12	-4.2029	0.34594	0.32572	0.890629	981	0	-4.2029
Il17re	20	0.011772	0.071928	0.818264	247	13	-4.0697	0.98586	0.97725	0.994299	2809	0	-4.0697
Avpr1b	20	0.011824	0.072113	0.818264	248	13	-4.3966	0.91889	0.88987	0.979679	2595	0	-4.3966
Gp6	18	0.011902	0.070663	0.818264	249	9	-3.8744	0.71343	0.65578	0.936914	1991	0	-3.8744
Gpm6a	20	0.011929	0.072776	0.818264	250	8	-3.5433	0.16432	0.17439	0.890629	458	0	-3.5433
Cd19	20	0.011981	0.072832	0.818264	251	12	-4.3756	0.94914	0.93037	0.989952	2688	0	-4.3756
Crhr2	18	0.01205	0.071304	0.818264	252	10	-4.0018	0.8425	0.80317	0.963878	2368	0	-4.0018
Gjb4	17	0.012109	0.069925	0.818264	253	13	-4.3411	0.82547	0.78521	0.963878	2327	0	-4.3411
Sez6	20	0.012229	0.07385	0.818264	254	15	-4.3255	0.99932	0.9989	0.99965	2855	0	-4.3255
Ptprb	20	0.012234	0.073998	0.818264	255	14	-4.2675	0.81943	0.77728	0.963766	2302	0	-4.2675
Slc6a12	19	0.012254	0.074294	0.818264	256	10	-4.0288	0.79753	0.75145	0.953615	2234	0	-4.0288
Olfr1356	20	0.012413	0.075016	0.818264	257	15	-4.1768	0.73924	0.67894	0.936914	2072	0	-4.1768
Nrp1	20	0.012413	0.075016	0.818264	258	15	-4.3071	0.43906	0.39569	0.890629	1243	0	-4.3071
Cd164	17	0.012707	0.072375	0.818264	259	12	-4.3464	0.99332	0.98953	0.996503	2838	0	-4.3464
Kcng4	20	0.012708	0.076419	0.818264	260	15	-4.2463	0.8919	0.85866	0.974532	2516	0	-4.2463
Flrt2	20	0.012723	0.076615	0.818264	261	11	-3.8388	0.66705	0.59359	0.918006	1852	0	-3.8388
Dsc3	20	0.012821	0.077199	0.818264	262	12	-3.908	0.29434	0.29156	0.890629	826	0	-3.908
Hepacam	18	0.01284	0.074597	0.818264	263	11	-4.309	0.8425	0.80317	0.963878	2369	0	-4.309
Olfr1242	19	0.012901	0.077259	0.818264	264	10	-3.8958	0.29157	0.28743	0.890629	815	0	-3.8958
Olfr714	19	0.012919	0.077571	0.818264	265	12	-4.4714	0.78111	0.72984	0.945838	2190	0	-4.4714
Slc10a6	20	0.012993	0.077928	0.818264	266	11	-3.9561	0.97555	0.96622	0.993293	2772	0	-3.9561
Itgb7	20	0.013051	0.078056	0.818264	267	9	-3.7928	0.58306	0.52725	0.911968	1628	0	-3.7928
Crhr1	20	0.013066	0.078101	0.818264	268	13	-4.4405	0.89555	0.86289	0.974532	2524	0	-4.4405
Abcc2	20	0.013109	0.078602	0.818264	269	14	-4.1824	0.69343	0.62508	0.920871	1916	0	-4.1824
Gpr179	20	0.01312	0.078624	0.818264	270	12	-4.1119	0.7037	0.63521	0.922944	1970	0	-4.1119
Mfsd8	18	0.013182	0.076213	0.818264	271	13	-4.3037	0.99192	0.98638	0.995919	2829	0	-4.3037
Olfr993	20	0.013359	0.079431	0.818264	272	13	-4.3179	0.56276	0.51197	0.911968	1562	0	-4.3179
Cacna1g	20	0.01339	0.079736	0.818264	273	9	-3.7925	0.08329	0.084585	0.890629	233	0	-3.7925
Olfr198	20	0.013708	0.081572	0.818264	274	7	-3.6426	0.42271	0.3756	0.890629	1185	0	-3.6426
Igdcc3	20	0.013792	0.081843	0.818264	275	15	-4.2157	0.011408	0.0082918	0.697001	33	0	-4.2157
Vmn1r237	20	0.013879	0.082291	0.818264	276	15	-4.3842	0.99734	0.99557	0.999068	2848	0	-4.3842
Cnr2	20	0.013928	0.082629	0.818264	277	15	-4.3206	0.7201	0.66193	0.936914	2000	0	-4.3206
Pcdha8	15	0.01394	0.0768	0.818264	278	10	-4.3415	0.87578	0.84464	0.97237	2458	0	-4.3415
Jam3	20	0.013982	0.082705	0.818264	279	13	-4.2646	0.81385	0.76717	0.959971	2279	0	-4.2646
Dchs1	20	0.014036	0.082837	0.818264	280	13	-4.2314	0.26922	0.27517	0.890629	757	0	-4.2314
P2ry1	18	0.014068	0.080536	0.818264	281	13	-4.2914	0.82864	0.78367	0.963878	2331	0	-4.2914
Gypa	20	0.014074	0.083041	0.818264	282	13	-4.1839	0.79333	0.74013	0.949415	2230	0	-4.1839
Siglec15	17	0.014147	0.078958	0.818264	283	13	-4.361	0.77863	0.73673	0.947614	2182	0	-4.361
Tarm1	19	0.014157	0.083689	0.818264	284	14	-4.2486	0.5443	0.4954	0.911968	1513	0	-4.2486
Sorcs3	20	0.014208	0.083938	0.818264	285	15	-4.4071	0.95949	0.9443	0.99197	2717	0	-4.4071
Ace	20	0.014214	0.084126	0.818264	286	10	-3.7835	0.010092	0.0082884	0.697001	31	0	-3.7835
Spaca1	20	0.014329	0.084491	0.818264	287	15	-4.2776	0.12183	0.12067	0.890629	335	0	-4.2776
Clrn1	20	0.014364	0.084746	0.818264	288	10	-3.9282	0.59794	0.5361	0.911968	1664	0	-3.9282
Car4	20	0.014378	0.084926	0.818264	289	13	-4.0728	0.25853	0.26354	0.890629	736	0	-4.0728
Pirb	20	0.014425	0.084947	0.818264	290	12	-4.0549	0.22231	0.22161	0.890629	619	0	-4.0549
Mdga1	20	0.014481	0.084978	0.818264	291	12	-4.3453	0.45934	0.4104	0.890629	1290	0	-4.3453
F11r	19	0.014514	0.084893	0.818264	292	14	-4.3423	0.37625	0.34217	0.890629	1068	0	-4.3423
Fshr	20	0.014522	0.085549	0.818264	293	13	-4.3574	0.97867	0.96938	0.993293	2787	0	-4.3574
Adam22	18	0.014607	0.083438	0.818264	294	10	-4.116	0.21045	0.2111	0.890629	588	0	-4.116
Gpr176	19	0.014637	0.085575	0.818264	295	12	-4.4255	0.28194	0.28053	0.890629	795	0	-4.4255
Piezo2	20	0.014822	0.086717	0.818264	296	10	-3.842	0.69343	0.62508	0.920871	1922	0	-3.842
Klri2	18	0.014856	0.084257	0.818264	297	9	-3.8292	0.08565	0.089005	0.890629	244	0	-3.8292
Olfr18	20	0.014884	0.086963	0.818264	298	15	-4.2059	0.21243	0.21518	0.890629	592	0	-4.2059
Slc14a2	20	0.014884	0.086963	0.818264	299	15	-3.9802	0.80346	0.75275	0.953615	2244	0	-3.9802
Ephb1	20	0.01494	0.08724	0.818264	300	10	-3.8224	0.81385	0.76717	0.959971	2287	0	-3.8224
Fat3	20	0.015057	0.087585	0.818264	301	11	-3.8997	0.60535	0.53804	0.911968	1677	0	-3.8997
Megf10	19	0.015118	0.087257	0.818264	302	14	-4.2044	0.73265	0.67739	0.936914	2040	0	-4.2044
Pcdhac1	16	0.015143	0.081901	0.818264	303	10	-3.9899	0.79154	0.74355	0.952941	2224	0	-3.9899
Slc15a1	19	0.015202	0.087564	0.818264	304	13	-4.2381	0.67476	0.6087	0.920871	1870	0	-4.2381
Ghrhr	20	0.01525	0.08875	0.818264	305	11	-3.9579	0.27927	0.28403	0.890629	792	0	-3.9579
Tmem178b	20	0.015257	0.088754	0.818264	306	11	-3.9887	0.72793	0.67059	0.936914	2025	0	-3.9887
Slc1a6	20	0.015308	0.088941	0.818264	307	8	-3.784	0.22231	0.22161	0.890629	629	0	-3.784
Rgmb	20	0.015347	0.089041	0.818264	308	9	-3.6725	0.9271	0.89993	0.981305	2619	0	-3.6725
Ramp2	19	0.015512	0.088944	0.818264	309	11	-3.9392	0.30119	0.29433	0.890629	836	0	-3.9392
Lilra5	19	0.015519	0.089034	0.818264	310	8	-3.7917	0.43257	0.38963	0.890629	1225	0	-3.7917
Slc12a7	20	0.015555	0.089996	0.820588	311	15	-4.0965	0.94587	0.92616	0.988044	2679	0	-4.0965
Folh1	18	0.015652	0.090933	0.822424	312	10	-4.0661	0.9315	0.90873	0.984287	2636	0	-4.0661
Slc44a1	20	0.015675	0.090295	0.820588	313	13	-4.016	0.96979	0.95737	0.99197	2752	0	-4.016
Rxfp2	20	0.015685	0.090334	0.820588	314	13	-4.2226	0.021228	0.023888	0.863331	58	0	-4.2226
Cd300c	20	0.015711	0.090443	0.820588	315	14	-4.1047	0.66002	0.5884	0.915432	1834	0	-4.1047
Olfr287	18	0.015914	0.091927	0.827978	316	8	-3.6301	0.75281	0.69905	0.936914	2111	0	-3.6301
Olfr1428	20	0.016002	0.092506	0.828373	317	13	-4.1687	0.98484	0.97646	0.994299	2806	0	-4.1687
Olr1	18	0.016006	0.092126	0.827978	318	8	-3.6178	0.65495	0.58708	0.915432	1820	0	-3.6178
Cdh13	20	0.016072	0.09275	0.828373	319	15	-4.1698	0.17241	0.17769	0.890629	485	0	-4.1698
Lingo4	19	0.016356	0.096271	0.830137	320	13	-4.4481	0.42261	0.38107	0.890629	1182	0	-4.4481
Cntnap2	20	0.016406	0.094565	0.830137	321	14	-4.1754	0.065372	0.058304	0.877019	187	0	-4.1754
Ptpra	18	0.016478	0.094141	0.830137	322	10	-4.0538	0.64128	0.57672	0.915432	1760	0	-4.0538
Olfr239	16	0.016495	0.088057	0.818264	323	9	-3.8959	0.72788	0.67384	0.936914	2024	0	-3.8959
Lrrn3	20	0.01655	0.095114	0.830137	324	10	-3.7657	0.17241	0.17769	0.890629	479	0	-3.7657
Ceacam19	18	0.016556	0.094752	0.830137	325	10	-4.052	0.79742	0.75657	0.95623	2233	0	-4.052
Cldn10	20	0.016607	0.095118	0.830137	326	12	-4.0705	0.96883	0.95605	0.99197	2751	0	-4.0705
9330182L06Rik	19	0.016639	0.097231	0.831204	327	8	-3.535	0.73265	0.67739	0.936914	2037	0	-3.535
Rhag	20	0.016653	0.095507	0.830137	328	14	-4.0905	0.94587	0.92616	0.988044	2681	0	-4.0905
Gja1	20	0.01672	0.096143	0.830137	329	15	-4.2051	0.96108	0.9463	0.99197	2727	0	-4.2051
Stt3b	20	0.016818	0.096542	0.830137	330	11	-3.9227	0.99324	0.9886	0.995919	2836	0	-3.9227
Pdgfrb	20	0.016818	0.096542	0.830137	331	12	-4.0288	0.83851	0.80033	0.963878	2357	0	-4.0288
Slc5a9	20	0.016908	0.096723	0.830137	332	9	-3.6921	0.51899	0.4558	0.900172	1444	0	-3.6921
Adam15	20	0.017185	0.10053	0.831204	333	15	-4.0955	0.84252	0.80338	0.963878	2376	0	-4.0955
Gpnmb	20	0.017201	0.10069	0.831204	334	6	-3.5725	0.68737	0.6218	0.920871	1909	0	-3.5725
Pcdhb22	20	0.017201	0.10069	0.831204	335	12	-3.6737	0.20364	0.20725	0.890629	578	0	-3.6737
Lpar2	20	0.017214	0.10078	0.831204	336	11	-4.3884	0.73376	0.6748	0.936914	2046	0	-4.3884
Olfr1500	20	0.017214	0.10078	0.831204	337	12	-4.3729	0.23091	0.2313	0.890629	654	0	-4.3729
Mrc1	20	0.017218	0.10089	0.831204	338	13	-3.9636	0.052979	0.046947	0.863331	149	0	-3.9636
Evc2	20	0.017311	0.10114	0.831204	339	10	-3.8866	0.77522	0.7199	0.945838	2172	0	-3.8866
Ms4a15	20	0.017401	0.10143	0.831204	340	13	-4.2096	0.77522	0.7199	0.945838	2177	0	-4.2096
Lmbr1l	20	0.017432	0.10178	0.831204	341	10	-3.9875	0.47488	0.41644	0.890629	1319	0	-3.9875
Ptprn2	19	0.017495	0.10024	0.831204	342	14	-4.2391	0.39604	0.35391	0.890629	1122	0	-4.2391
Grin1	19	0.01755	0.10054	0.831204	343	14	-4.3435	0.99942	0.99895	0.99965	2856	0	-4.3435
Adra1d	20	0.017607	0.10273	0.831204	344	12	-4.2311	0.27927	0.28403	0.890629	790	0	-4.2311
Lrrc38	20	0.017615	0.10285	0.831204	345	12	-4.2872	0.34594	0.32572	0.890629	977	0	-4.2872
Pcdha9	16	0.017689	0.093237	0.830126	346	7	-3.8107	0.92035	0.89651	0.980439	2598	0	-3.8107
Gpr25	20	0.017694	0.10334	0.831204	347	11	-3.9831	0.065372	0.058304	0.877019	185	0	-3.9831
Lrp11	20	0.0178	0.10376	0.831204	348	12	-4.0536	0.84252	0.80338	0.963878	2373	0	-4.0536
Unc5d	20	0.017833	0.10407	0.831204	349	12	-4.2141	0.90579	0.87498	0.97732	2555	0	-4.2141
Elfn2	20	0.017881	0.10442	0.831204	350	15	-4.1346	0.66002	0.5884	0.915432	1835	0	-4.1346
Scn8a	20	0.017952	0.10479	0.831204	351	10	-3.7526	0.31425	0.30629	0.890629	883	0	-3.7526
Slc46a2	20	0.017965	0.10479	0.831204	352	9	-3.7233	0.16432	0.17439	0.890629	456	0	-3.7233
Cd300lf	20	0.017975	0.10483	0.831204	353	15	-4.102	0.7201	0.66193	0.936914	2005	0	-4.102
Btn2a2	20	0.018039	0.10519	0.831204	354	12	-3.949	0.3043	0.29893	0.890629	844	0	-3.949
Tmem8	20	0.018197	0.10585	0.831204	355	9	-3.8257	0.7201	0.66193	0.936914	2002	0	-3.8257
Pcdha5	14	0.018344	0.095634	0.830137	356	5	-3.1457	0.51271	0.45068	0.900172	1429	0	-3.1457
Ptprj	20	0.018468	0.10739	0.831204	357	14	-4.374	0.85519	0.81323	0.964798	2406	0	-4.374
Gabrq	20	0.018485	0.10746	0.831204	358	10	-3.6493	0.4892	0.42599	0.890629	1359	0	-3.6493
Ms4a6d	19	0.018603	0.1038	0.831204	359	8	-3.7459	0.48201	0.4207	0.890629	1345	0	-3.7459
Cldnd1	20	0.018618	0.1082	0.831204	360	9	-3.6245	0.17947	0.18287	0.890629	505	0	-3.6245
Grm7	20	0.018649	0.10839	0.831204	361	13	-4.1812	0.25853	0.26354	0.890629	723	0	-4.1812
Ifnar2	18	0.018661	0.10329	0.831204	362	13	-4.2682	0.91012	0.88204	0.977853	2570	0	-4.2682
Clec12b	20	0.018694	0.10844	0.831204	363	11	-4.0077	0.34594	0.32572	0.890629	993	0	-4.0077
Itga6	20	0.018702	0.10844	0.831204	364	10	-3.85	0.57391	0.51819	0.911968	1598	0	-3.85
Mog	20	0.01871	0.10844	0.831204	365	8	-3.7436	0.37262	0.34401	0.890629	1057	0	-3.7436
Ly6d	20	0.01871	0.10844	0.831204	366	13	-4.1353	0.78193	0.73106	0.945838	2200	0	-4.1353
Npc1	20	0.018803	0.1089	0.831204	367	15	-4.036	0.69343	0.62508	0.920871	1927	0	-4.036
Olfr1352	20	0.018818	0.10894	0.831204	368	12	-4.1436	0.56276	0.51197	0.911968	1576	0	-4.1436
Olfr725	19	0.018937	0.10551	0.831204	369	9	-3.6789	0.87642	0.84076	0.97237	2465	0	-3.6789
Lgr6	18	0.019	0.10453	0.831204	370	11	-4.2272	0.4734	0.4101	0.890629	1317	0	-4.2272
Olfr791	20	0.019032	0.11015	0.831204	371	10	-3.995	0.17241	0.17769	0.890629	490	0	-3.995
Slc5a10	16	0.019067	0.098445	0.831204	372	10	-4.2182	0.65881	0.59877	0.920871	1823	0	-4.2182
Gpr146	20	0.019075	0.11027	0.831204	373	11	-4.0003	0.83035	0.79106	0.963878	2333	0	-4.0003
Plvap	20	0.019129	0.11068	0.831204	374	13	-4.0638	0.6254	0.55878	0.915432	1731	0	-4.0638
Muc3a	20	0.019204	0.11084	0.831204	375	14	-4.395	0.32463	0.31199	0.890629	903	0	-4.395
Pi16	20	0.019249	0.11107	0.831204	376	12	-4.0487	0.58306	0.52725	0.911968	1632	0	-4.0487
Tmprss6	20	0.019271	0.1111	0.831204	377	13	-4.0461	0.21243	0.21518	0.890629	598	0	-4.0461
Suco	20	0.019301	0.1111	0.831204	378	11	-3.8615	0.25853	0.26354	0.890629	731	0	-3.8615
Abca5	20	0.019365	0.1115	0.832032	379	12	-4.2517	0.39156	0.35626	0.890629	1117	0	-4.2517
Lingo3	19	0.019395	0.10743	0.831204	380	12	-4.0747	0.3672	0.33827	0.890629	1049	0	-4.0747
Rnf150	20	0.019597	0.11294	0.835155	381	9	-3.5776	0.071278	0.063944	0.890629	206	0	-3.5776
Chrna2	20	0.019799	0.11331	0.835155	382	11	-3.9989	0.007124	0.0041	0.455255	22	0	-3.9989
Plxdc2	19	0.019822	0.10939	0.831204	383	13	-4.0705	0.51062	0.45659	0.900172	1428	0	-4.0705
Itgb3	20	0.019863	0.11348	0.835155	384	13	-4.1013	0.61768	0.54669	0.912635	1712	0	-4.1013
Dll4	20	0.019908	0.11357	0.835155	385	14	-4.2922	0.99599	0.99309	0.997746	2843	0	-4.2922
Cxcr3	20	0.019911	0.11377	0.835155	386	15	-4.0785	0.93802	0.91664	0.985609	2654	0	-4.0785
Upk2	20	0.020225	0.11476	0.835155	387	11	-4.1893	0.89948	0.86781	0.976452	2539	0	-4.1893
Ceacam20	20	0.02025	0.11502	0.835155	388	8	-3.411	0.9528	0.93638	0.99197	2695	0	-3.411
Vsig10	20	0.020301	0.11543	0.835155	389	11	-3.8845	0.57391	0.51819	0.911968	1606	0	-3.8845
Pcdhgb1	18	0.020491	0.11028	0.831204	390	12	-4.2033	0.1934	0.19652	0.890629	540	0	-4.2033
Drd5	20	0.020511	0.1161	0.837934	391	15	-4.0665	0.98484	0.97646	0.994299	2805	0	-4.0665
Lrit1	20	0.020555	0.11641	0.83803	392	10	-3.7	0.42271	0.3756	0.890629	1193	0	-3.7
Olfr1224-ps1	19	0.020662	0.1135	0.835155	393	11	-4.051	0.95892	0.94364	0.99197	2716	0	-4.051
Fzd8	19	0.020796	0.11427	0.835155	394	13	-4.1681	0.3672	0.33827	0.890629	1048	0	-4.1681
Olfr1387	20	0.020883	0.11805	0.844355	395	14	-4.0722	0.64192	0.57527	0.915432	1783	0	-4.0722
Tmem104	20	0.020902	0.1182	0.844355	396	14	-4.0861	0.87174	0.83572	0.97237	2449	0	-4.0861
Olfr293	20	0.021026	0.1187	0.844355	397	12	-4.2794	0.7037	0.63521	0.922944	1969	0	-4.2794
Cldn7	20	0.021179	0.11943	0.846952	398	12	-4.316	0.87174	0.83572	0.97237	2456	0	-4.316
Olfr142	20	0.021498	0.12039	0.848855	399	11	-4.1314	0.065372	0.058304	0.877019	188	0	-4.1314
Olfr1443	20	0.021553	0.12096	0.848855	400	7	-3.8059	0.027075	0.031594	0.863331	81	0	-3.8059
Slc34a3	20	0.021578	0.12098	0.848855	401	10	-4.0549	0.53675	0.48458	0.911968	1499	0	-4.0549
Axl	20	0.02165	0.12118	0.848855	402	8	-3.7211	0.077611	0.077067	0.890629	220	0	-3.7211
Opn4	18	0.02168	0.11479	0.835155	403	11	-4.2189	0.76873	0.71571	0.945838	2150	0	-4.2189
Gria1	19	0.021847	0.11869	0.844355	404	9	-3.7551	0.15678	0.16747	0.890629	448	0	-3.7551
P2rx7	18	0.021857	0.1153	0.835155	405	10	-4.2299	0.96747	0.95484	0.99197	2747	0	-4.2299
Mmp25	19	0.02188	0.11877	0.844355	406	10	-4.0147	0.016142	0.021259	0.863331	42	0	-4.0147
Tpra1	20	0.021929	0.12182	0.848855	407	14	-4.3229	0.83851	0.80033	0.963878	2358	0	-4.3229
Cacng1	20	0.021944	0.12192	0.848855	408	12	-4.2932	0.23091	0.2313	0.890629	640	0	-4.2932
Lrp8	20	0.022081	0.12251	0.848855	409	13	-4.1263	0.91889	0.88987	0.979679	2597	0	-4.1263
Flt1	20	0.022127	0.12292	0.848855	410	11	-3.931	0.80346	0.75275	0.953615	2256	0	-3.931
Chrna3	20	0.022204	0.12292	0.848855	411	12	-4.1163	0.98696	0.97917	0.995215	2811	0	-4.1163
Mmp14	20	0.022269	0.12338	0.848855	412	13	-4.1246	0.9683	0.95535	0.99197	2750	0	-4.1246
Kcnk18	20	0.022283	0.12356	0.848855	413	14	-4.1898	0.82507	0.78487	0.963878	2310	0	-4.1898
Clcnka	20	0.022522	0.12475	0.849917	414	14	-4.1143	0.88605	0.84989	0.97237	2501	0	-4.1143
Olfr782	9	0.022784	0.097962	0.831204	415	7	-4.477	0.93296	0.91301	0.985216	2637	0	-4.477
Gpr180	20	0.022806	0.12667	0.855874	416	12	-4.2671	0.21243	0.21518	0.890629	595	0	-4.2671
Tnfrsf26	20	0.022886	0.127	0.85605	417	14	-4.3334	0.35488	0.33002	0.890629	1011	0	-4.3334
Cd55	17	0.023128	0.12332	0.848855	418	8	-3.7131	0.31104	0.28948	0.890629	863	0	-3.7131
Mrvi1	17	0.023252	0.12439	0.849917	419	11	-4.082	0.26539	0.26179	0.890629	745	0	-4.082
Cspg5	20	0.023354	0.12886	0.858979	420	10	-3.8847	0.12183	0.12067	0.890629	345	0	-3.8847
Abcb4	20	0.023411	0.12931	0.858979	421	10	-3.8811	0.50962	0.44352	0.892668	1411	0	-3.8811
Tmem108	20	0.023505	0.1296	0.858979	422	8	-3.6639	0.86784	0.83009	0.971102	2439	0	-3.6639
Gpc6	19	0.023517	0.1249	0.849917	423	9	-3.7917	0.66114	0.59834	0.920871	1840	0	-3.7917
Il22ra1	20	0.023525	0.1296	0.858979	424	12	-4.1924	0.95096	0.93369	0.991637	2690	0	-4.1924
Tmem145	18	0.023554	0.12437	0.849917	425	12	-4.2619	0.98138	0.97103	0.993293	2796	0	-4.2619
Slc38a5	20	0.023698	0.12975	0.858979	426	12	-4.188	0.64192	0.57527	0.915432	1779	0	-4.188
Itm2b	20	0.023729	0.13018	0.858979	427	13	-4.3292	0.87588	0.84091	0.97237	2462	0	-4.3292
Gpr4	20	0.02383	0.13071	0.858979	428	13	-4.237	0.29434	0.29156	0.890629	833	0	-4.237
Slc22a21	20	0.023833	0.13077	0.858979	429	14	-4.1811	0.071278	0.063944	0.890629	199	0	-4.1811
Cadm1	20	0.023877	0.13092	0.858979	430	14	-4.1005	0.43211	0.38693	0.890629	1218	0	-4.1005
Fcgr4	16	0.023896	0.12137	0.848855	431	12	-4.0517	0.9734	0.959	0.99197	2769	0	-4.0517
Muc13	20	0.023909	0.13098	0.858979	432	13	-4.3391	0.97106	0.95867	0.99197	2760	0	-4.3391
Pgap1	20	0.023999	0.13104	0.858979	433	10	-3.8022	0.84627	0.80472	0.963878	2380	0	-3.8022
Cd320	18	0.024177	0.12655	0.855874	434	10	-4.3358	0.9547	0.93702	0.99197	2701	0	-4.3358
Lrrc37a	20	0.024268	0.13239	0.863699	435	12	-4.3176	0.78837	0.73674	0.947614	2220	0	-4.3176
Htr3a	20	0.024381	0.13297	0.863699	436	14	-4.1249	0.96665	0.95276	0.99197	2742	0	-4.1249
Slco3a1	20	0.024382	0.13308	0.863699	437	13	-4.1096	0.26922	0.27517	0.890629	761	0	-4.1096
Slc16a7	19	0.024383	0.13101	0.858979	438	13	-4.1254	0.89398	0.86337	0.974532	2519	0	-4.1254
Fgfr2	20	0.02448	0.13319	0.863699	439	10	-3.7939	0.36392	0.33433	0.890629	1039	0	-3.7939
Slc39a10	20	0.024597	0.13344	0.863699	440	12	-4.1353	0.27927	0.28403	0.890629	782	0	-4.1353
Ms4a1	20	0.024638	0.13365	0.863699	441	11	-4.0249	0.67991	0.61494	0.920871	1883	0	-4.0249
Ermp1	20	0.024696	0.13388	0.863699	442	12	-4.0133	0.14819	0.16436	0.890629	409	0	-4.0133
Cntn1	20	0.024864	0.13449	0.864525	443	14	-4.1123	0.98804	0.98099	0.995215	2813	0	-4.1123
Olfr351	20	0.024868	0.13473	0.864525	444	12	-4.3172	0.67991	0.61494	0.920871	1886	0	-4.3172
Flt3l	20	0.025061	0.13545	0.864525	445	12	-4.2283	0.53675	0.48458	0.911968	1508	0	-4.2283
Igf2r	20	0.02511	0.13548	0.864525	446	12	-4.0742	0.4892	0.42599	0.890629	1350	0	-4.0742
Il1r2	20	0.025323	0.13625	0.864525	447	14	-4.2336	0.8893	0.85421	0.973026	2503	0	-4.2336
Cckar	20	0.025323	0.13625	0.864525	448	14	-4.0848	0.88284	0.84719	0.97237	2484	0	-4.0848
Olfr1458	20	0.025333	0.13642	0.864525	449	13	-4.1637	0.64192	0.57527	0.915432	1782	0	-4.1637
Selp	20	0.025533	0.13955	0.867111	450	9	-3.687	0.69343	0.62508	0.920871	1923	0	-3.687
Sema4g	19	0.02558	0.13579	0.864525	451	11	-4.019	0.98448	0.97567	0.994299	2801	0	-4.019
Pcdhb10	20	0.025778	0.14015	0.867111	452	9	-3.7406	0.71201	0.6487	0.932583	1985	0	-3.7406
Slc10a3	20	0.025986	0.14096	0.867111	453	11	-4.1318	0.90286	0.87174	0.97732	2546	0	-4.1318
Zp3	20	0.026049	0.14112	0.867111	454	13	-4.1161	0.66002	0.5884	0.915432	1838	0	-4.1161
Unc5b	20	0.026051	0.14119	0.867111	455	13	-4.209	0.99912	0.99852	0.99965	2853	0	-4.209
Scn1b	20	0.026154	0.14156	0.867111	456	9	-3.5931	0.32463	0.31199	0.890629	919	0	-3.5931
Chrng	20	0.026163	0.14158	0.867111	457	13	-4.0326	0.82507	0.78487	0.963878	2313	0	-4.0326
Slc11a1	20	0.026254	0.14164	0.867111	458	10	-3.6852	0.80877	0.75849	0.95623	2271	0	-3.6852
Shisa9	20	0.026257	0.14173	0.867111	459	13	-4.2115	0.071278	0.063944	0.890629	205	0	-4.2115
Cdon	20	0.026405	0.1419	0.867111	460	12	-4.3422	0.37262	0.34401	0.890629	1066	0	-4.3422
Gpr33	20	0.026427	0.142	0.867111	461	10	-3.7804	0.64192	0.57527	0.915432	1769	0	-3.7804
Alppl2	20	0.026511	0.14215	0.867111	462	13	-4.2278	0.97555	0.96622	0.993293	2774	0	-4.2278
Gpr20	20	0.026626	0.14246	0.867111	463	14	-4.1612	0.94207	0.92211	0.988044	2665	0	-4.1612
Tnfsf13b	20	0.026751	0.14268	0.867111	464	9	-3.5946	0.78193	0.73106	0.945838	2206	0	-3.5946
Fam171a1	18	0.026792	0.13812	0.867111	465	12	-4.2588	0.93594	0.91541	0.985609	2649	0	-4.2588
Atp1a1	20	0.026833	0.14297	0.867111	466	13	-4.3066	0.84627	0.80472	0.963878	2384	0	-4.3066
Cd6	20	0.02693	0.1434	0.867111	467	7	-3.543	0.78193	0.73106	0.945838	2213	0	-3.543
Ptk7	18	0.027125	0.13908	0.867111	468	8	-3.563	0.33448	0.30623	0.890629	945	0	-3.563
Olfr470	20	0.027125	0.14387	0.86715	469	10	-3.8937	0.29434	0.29156	0.890629	831	0	-3.8937
Mxra8	20	0.027222	0.1444	0.86715	470	14	-4.2646	0.0077842	0.0041	0.455255	24	0	-4.2646
Gabrg2	20	0.027227	0.14472	0.86715	471	13	-3.9519	0.97332	0.96223	0.993156	2768	0	-3.9519
Tmem132d	20	0.027272	0.14502	0.86715	472	14	-4.1191	0.57391	0.51819	0.911968	1612	0	-4.1191
Epha4	20	0.027399	0.14522	0.86715	473	10	-3.5121	0.4816	0.42006	0.890629	1329	0	-3.5121
Stim1	20	0.027563	0.14574	0.86715	474	13	-4.138	0.50962	0.44352	0.892668	1419	0	-4.138
Tenm1	19	0.027881	0.14573	0.86715	475	11	-4.0778	0.32247	0.30665	0.890629	896	0	-4.0778
Cacng8	18	0.027903	0.14142	0.867111	476	12	-3.993	0.61271	0.54387	0.912635	1700	0	-3.993
H2-Q7	18	0.028032	0.14193	0.867111	477	8	-3.8192	0.87352	0.8375	0.97237	2457	0	-3.8192
Pcdhgc4	18	0.028129	0.14269	0.867111	478	7	-3.3964	0.14918	0.15926	0.890629	425	0	-3.3964
Tas1r1	20	0.028316	0.14784	0.872431	479	14	-4.0223	0.50962	0.44352	0.892668	1418	0	-4.0223
Glp1r	19	0.028336	0.148	0.872431	480	10	-3.886	0.24736	0.25363	0.890629	689	0	-3.886
Gpm6b	20	0.028375	0.14815	0.872431	481	10	-3.871	0.39156	0.35626	0.890629	1119	0	-3.871
Slc36a4	18	0.028415	0.14351	0.867111	482	8	-3.4661	0.50773	0.45765	0.900172	1406	0	-3.4661
Efna5	20	0.028462	0.14832	0.872431	483	12	-4.1107	0.73376	0.6748	0.936914	2053	0	-4.1107
Rhbdf2	20	0.02854	0.14875	0.872431	484	12	-4.0588	0.73924	0.67894	0.936914	2069	0	-4.0588
Slc28a1	20	0.028693	0.14913	0.872431	485	7	-3.6856	0.93345	0.9099	0.984287	2643	0	-3.6856
Pigo	20	0.028754	0.14927	0.872431	486	14	-4.1646	0.034498	0.039301	0.863331	92	0	-4.1646
Cd276	20	0.028754	0.14927	0.872431	487	13	-4.1621	0.81943	0.77728	0.963766	2300	0	-4.1621
Tigit	20	0.028857	0.14996	0.874692	488	7	-3.613	0.80346	0.75275	0.953615	2246	0	-3.613
Slc17a6	18	0.028894	0.14594	0.86715	489	12	-4.3387	0.23602	0.24099	0.890629	656	0	-4.3387
Slc24a3	20	0.029061	0.15098	0.876108	490	11	-3.8678	0.057389	0.050749	0.863331	156	0	-3.8678
Cdh12	20	0.029076	0.15135	0.876108	491	12	-3.9813	0.91106	0.88055	0.97732	2573	0	-3.9813
Ddr2	20	0.02934	0.1516	0.876108	492	13	-3.9372	0.041228	0.043122	0.863331	115	0	-3.9372
Slc22a12	19	0.029438	0.1532	0.876198	493	14	-4.1573	0.33191	0.3134	0.890629	941	0	-4.1573
Gprc5d	20	0.029469	0.152	0.876108	494	11	-4.2535	0.19597	0.20248	0.890629	550	0	-4.2535
Npbwr1	20	0.029532	0.15258	0.876108	495	13	-4.2588	0.96108	0.9463	0.99197	2725	0	-4.2588
Mslnl	20	0.029532	0.15258	0.876108	496	14	-4.1399	0.73924	0.67894	0.936914	2067	0	-4.1399
Insr	20	0.029543	0.15266	0.876108	497	12	-4.1765	0.36392	0.33433	0.890629	1029	0	-4.1765
Slc22a7	20	0.029638	0.15371	0.876198	498	14	-4.2025	0.027075	0.031594	0.863331	75	0	-4.2025
Lilra6	20	0.029764	0.1539	0.876198	499	10	-3.785	0.27927	0.28403	0.890629	781	0	-3.785
Ssr1	20	0.029764	0.1539	0.876198	500	14	-4.2121	0.08329	0.084585	0.890629	231	0	-4.2121
Il31ra	20	0.030007	0.15487	0.878267	501	11	-4.3386	0.77522	0.7199	0.945838	2169	0	-4.3386
Grik5	20	0.030123	0.15512	0.878267	502	13	-4.251	0.95769	0.94183	0.99197	2710	0	-4.251
Bcam	18	0.030181	0.15177	0.876108	503	11	-4.2635	0.26931	0.26697	0.890629	766	0	-4.2635
Ano6	20	0.030406	0.15613	0.88112	504	10	-3.8013	0.6254	0.55878	0.915432	1744	0	-3.8013
Slc2a12	20	0.030495	0.15631	0.88112	505	11	-3.9025	0.87967	0.84444	0.97237	2474	0	-3.9025
Pcdh10	20	0.030839	0.15791	0.882934	506	12	-4.171	0.22231	0.22161	0.890629	621	0	-4.171
Slc16a12	20	0.030929	0.15816	0.882934	507	13	-4.3137	0.074218	0.06951	0.890629	210	0	-4.3137
Slamf1	20	0.030986	0.15863	0.882934	508	9	-3.8266	0.88284	0.84719	0.97237	2487	0	-3.8266
1110032F04Rik	19	0.030986	0.15956	0.882934	509	7	-3.6158	0.21247	0.21313	0.890629	606	0	-3.6158
Serinc4	20	0.03117	0.15947	0.882934	510	8	-3.6296	0.65145	0.5823	0.915432	1801	0	-3.6296
Rnf13	19	0.031192	0.16116	0.884561	511	6	-3.4542	0.82727	0.78852	0.963878	2328	0	-3.4542
Ctns	20	0.031291	0.1598	0.882934	512	10	-3.8906	0.81385	0.76717	0.959971	2284	0	-3.8906
Ltbr	20	0.031329	0.15993	0.882934	513	10	-3.7817	0.73924	0.67894	0.936914	2061	0	-3.7817
Gpr26	20	0.031333	0.16003	0.882934	514	13	-4.2834	0.18687	0.19281	0.890629	525	0	-4.2834
Mfap3l	19	0.031452	0.16166	0.884561	515	10	-3.906	0.43257	0.38963	0.890629	1222	0	-3.906
Ccr10	20	0.031482	0.16034	0.882934	516	13	-4.2578	0.83035	0.79106	0.963878	2338	0	-4.2578
Il6ra	18	0.031622	0.15761	0.882934	517	12	-4.1152	0.59531	0.53352	0.911968	1651	0	-4.1152
Slc6a7	20	0.031922	0.16208	0.884561	518	10	-3.8365	0.34594	0.32572	0.890629	976	0	-3.8365
Slc22a8	20	0.031927	0.16218	0.884561	519	14	-4.1965	0.44924	0.40434	0.890629	1271	0	-4.1965
Plaur	20	0.031927	0.16218	0.884561	520	14	-4.2436	0.057389	0.050749	0.863331	153	0	-4.2436
Htr1a	20	0.032244	0.16376	0.887314	521	7	-3.5357	0.22231	0.22161	0.890629	615	0	-3.5357
Pcdhga4	18	0.032384	0.16016	0.882934	522	11	-4.3192	0.77977	0.73095	0.945838	2185	0	-4.3192
Trhr	20	0.032386	0.16406	0.887314	523	11	-4.0331	0.87967	0.84444	0.97237	2475	0	-4.0331
Scn2b	20	0.032386	0.16406	0.887314	524	12	-4.2155	0.21243	0.21518	0.890629	597	0	-4.2155
Ltk	20	0.032567	0.16447	0.887314	525	14	-4.0775	0.73924	0.67894	0.936914	2062	0	-4.0775
Acp2	20	0.032603	0.16522	0.887314	526	10	-3.6779	0.15587	0.17117	0.890629	437	0	-3.6779
Elfn1	20	0.032603	0.16522	0.887314	527	10	-3.6248	0.73376	0.6748	0.936914	2055	0	-3.6248
Alcam	20	0.032673	0.16524	0.887314	528	9	-3.7133	0.37262	0.34401	0.890629	1061	0	-3.7133
Mfap3	20	0.032756	0.16559	0.887314	529	12	-4.2958	0.17241	0.17769	0.890629	481	0	-4.2958
Slc9a1	20	0.032889	0.16587	0.887314	530	12	-3.9942	0.97332	0.96223	0.993156	2766	0	-3.9942
Olfr93	20	0.033211	0.1668	0.88938	531	9	-3.7498	0.9271	0.89993	0.981305	2621	0	-3.7498
Scnn1a	20	0.033318	0.16712	0.889421	532	11	-3.7199	0.19597	0.20248	0.890629	554	0	-3.7199
Ceacam12	20	0.033435	0.16774	0.891062	533	13	-4.1321	0.96236	0.94764	0.99197	2730	0	-4.1321
Olfr1469	16	0.033507	0.15947	0.882934	534	9	-4.1734	0.67074	0.61357	0.920871	1854	0	-4.1734
Raet1e	18	0.033525	0.16415	0.887314	535	13	-4.0628	0.36982	0.33251	0.890629	1052	0	-4.0628
Tmem171	20	0.033893	0.16929	0.894347	536	12	-4.2001	0.57391	0.51819	0.911968	1611	0	-4.2001
Prph2	18	0.03412	0.1661	0.887314	537	12	-4.1253	0.72735	0.66415	0.936914	2023	0	-4.1253
Susd2	20	0.034176	0.17099	0.895637	538	11	-3.8661	0.32463	0.31199	0.890629	927	0	-3.8661
Il15ra	20	0.034418	0.17182	0.895637	539	12	-4.1052	0.83413	0.79547	0.963878	2343	0	-4.1052
Bst1	18	0.03445	0.16807	0.891153	540	7	-3.5298	0.09168	0.094013	0.890629	257	0	-3.5298
Gabrr1	20	0.034498	0.17203	0.895637	541	11	-4.0464	0.77522	0.7199	0.945838	2173	0	-4.0464
Calhm2	20	0.034704	0.17225	0.895637	542	12	-3.9281	0.021228	0.023888	0.863331	60	0	-3.9281
Fgfrl1	20	0.034704	0.17225	0.895637	543	11	-4.2091	0.98881	0.98163	0.995215	2819	0	-4.2091
Itga5	20	0.034745	0.17243	0.895637	544	10	-3.8175	0.96665	0.95276	0.99197	2743	0	-3.8175
Hephl1	18	0.034871	0.16879	0.893317	545	10	-4.0291	0.59531	0.53352	0.911968	1652	0	-4.0291
Cldn16	20	0.034912	0.17294	0.895637	546	14	-4.1953	0.85519	0.81323	0.964798	2409	0	-4.1953
Slc39a9	20	0.035004	0.17342	0.895637	547	14	-4.1712	0.80877	0.75849	0.95623	2272	0	-4.1712
Ptpro	20	0.035141	0.17371	0.895637	548	12	-4.0166	0.13627	0.1507	0.890629	379	0	-4.0166
Robo1	20	0.035338	0.17463	0.895637	549	9	-3.6471	0.51899	0.4558	0.900172	1435	0	-3.6471
Ccr6	20	0.035362	0.17504	0.895637	550	13	-4.0432	0.72793	0.67059	0.936914	2030	0	-4.0432
Gm9733	20	0.03538	0.17517	0.895637	551	11	-3.9612	0.73376	0.6748	0.936914	2050	0	-3.9612
Gp1ba	20	0.035462	0.17572	0.895637	552	12	-4.2045	0.44924	0.40434	0.890629	1266	0	-4.2045
Gpr137c	20	0.03556	0.17577	0.895637	553	9	-3.6391	0.11	0.10842	0.890629	307	0	-3.6391
Best2	20	0.03556	0.17577	0.895637	554	12	-4.2318	0.92937	0.90388	0.98299	2626	0	-4.2318
Vipr1	20	0.035614	0.17615	0.895637	555	13	-4.29	0.11	0.10842	0.890629	299	0	-4.29
Agtr1b	20	0.035771	0.17645	0.895637	556	14	-4.1605	0.26922	0.27517	0.890629	756	0	-4.1605
Olfr267	20	0.035779	0.17651	0.895637	557	10	-3.7177	0.21243	0.21518	0.890629	601	0	-3.7177
Vmn1r66	19	0.035971	0.17829	0.89712	558	11	-3.9075	0.8405	0.7984	0.963878	2364	0	-3.9075
Catsperg1	20	0.035975	0.17724	0.895637	559	9	-3.4838	0.0041477	0.0040965	0.455255	12	0	-3.4838
Mfrp	18	0.036073	0.17208	0.895637	560	8	-3.5872	0.8425	0.80317	0.963878	2370	0	-3.5872
Olfr1388	20	0.036091	0.17737	0.895637	561	14	-4.1899	0.11	0.10842	0.890629	314	0	-4.1899
Smo	20	0.036209	0.17826	0.89712	562	13	-4.1629	0.4892	0.42599	0.890629	1362	0	-4.1629
Vstm4	18	0.036283	0.17274	0.895637	563	12	-4.1652	0.53597	0.48141	0.911968	1492	0	-4.1652
Psg21	12	0.036442	0.15519	0.878267	564	6	-4.2029	0.88062	0.85084	0.972679	2481	0	-4.2029
Nmbr	18	0.036482	0.17347	0.895637	565	12	-4.1792	0.57317	0.50354	0.911968	1589	0	-4.1792
Adcy9	20	0.037284	0.18238	0.901216	566	13	-4.288	0.71201	0.6487	0.932583	1989	0	-4.288
Cxcr6	18	0.037392	0.17644	0.895637	567	11	-4.2353	0.97835	0.96625	0.993293	2784	0	-4.2353
Vmn1r224	20	0.037404	0.18274	0.901216	568	8	-3.7985	0.088633	0.08998	0.890629	246	0	-3.7985
Enpp1	20	0.037488	0.18308	0.901216	569	14	-4.0317	0.37677	0.35081	0.890629	1070	0	-4.0317
Gpr157	20	0.037488	0.18308	0.901216	570	14	-4.1277	0.88284	0.84719	0.97237	2486	0	-4.1277
Sell	18	0.037537	0.17696	0.895637	571	6	-3.6139	0.099572	0.098986	0.890629	276	0	-3.6139
Gpr37	20	0.037548	0.18359	0.901216	572	9	-3.7428	0.27927	0.28403	0.890629	786	0	-3.7428
Znrf4	20	0.037548	0.18359	0.901216	573	12	-3.9472	0.93802	0.91664	0.985609	2657	0	-3.9472
Slc6a9	20	0.037624	0.18399	0.901216	574	13	-4.2055	0.56276	0.51197	0.911968	1564	0	-4.2055
Cldn3	20	0.037754	0.18425	0.901216	575	12	-4.1876	0.83413	0.79547	0.963878	2345	0	-4.1876
Tlr2	20	0.037774	0.18443	0.901216	576	12	-4.0508	0.40133	0.36279	0.890629	1140	0	-4.0508
Adcy5	20	0.03797	0.18466	0.901216	577	10	-3.7756	0.98031	0.97175	0.993293	2791	0	-3.7756
Ttyh3	20	0.038024	0.18471	0.901216	578	11	-4.0663	0.81709	0.77328	0.962563	2297	0	-4.0663
Atp2b4	20	0.038132	0.1854	0.901216	579	10	-3.9284	0.88605	0.84989	0.97237	2500	0	-3.9284
Emp2	20	0.038134	0.18561	0.901216	580	9	-3.6848	0.68499	0.6203	0.920871	1899	0	-3.6848
Ccrl2	19	0.038229	0.18554	0.901216	581	12	-4.2833	0.14869	0.16396	0.890629	422	0	-4.2833
Epha8	20	0.038349	0.18643	0.901216	582	8	-3.6512	0.83413	0.79547	0.963878	2342	0	-3.6512
BC053393	20	0.03839	0.18655	0.901216	583	13	-4.1143	0.87967	0.84444	0.97237	2471	0	-4.1143
Ldlrad3	20	0.038492	0.18656	0.901216	584	8	-3.4454	0.17241	0.17769	0.890629	484	0	-3.4454
Cacng5	19	0.038599	0.1861	0.901216	585	9	-3.7544	0.20297	0.20706	0.890629	562	0	-3.7544
Olfr1034	20	0.038601	0.18682	0.901216	586	11	-3.9278	0.15587	0.17117	0.890629	435	0	-3.9278
Gpbar1	20	0.038666	0.18699	0.901216	587	12	-4.2866	0.046803	0.046943	0.863331	131	0	-4.2866
Adra1a	20	0.038732	0.18738	0.901582	588	9	-3.7249	0.7037	0.63521	0.922944	1955	0	-3.7249
Slc1a5	18	0.038779	0.18073	0.901216	589	12	-4.0188	0.49186	0.43802	0.892668	1369	0	-4.0188
Lypd8	20	0.038929	0.18783	0.90223	590	14	-4.0712	0.40133	0.36279	0.890629	1145	0	-4.0712
Tdgf1	20	0.038957	0.1883	0.902934	591	11	-3.8828	0.08329	0.084585	0.890629	229	0	-3.8828
Klri1	18	0.039138	0.18199	0.901216	592	11	-4.1971	0.81461	0.77093	0.960886	2293	0	-4.1971
Scn4a	17	0.039309	0.18214	0.901216	593	10	-4.3743	0.51575	0.46241	0.907664	1430	0	-4.3743
C5ar2	20	0.039328	0.18964	0.906346	594	10	-3.7561	0.4816	0.42006	0.890629	1338	0	-3.7561
Gfra1	18	0.039479	0.18305	0.901216	595	10	-4.08	0.98195	0.97148	0.993293	2798	0	-4.08
Bcan	19	0.039862	0.1904	0.906435	596	9	-3.7925	0.090187	0.093483	0.890629	256	0	-3.7925
Olfr180	20	0.039884	0.19201	0.906435	597	14	-4.1934	0.39156	0.35626	0.890629	1109	0	-4.1934
Nrxn3	20	0.04014	0.19265	0.906435	598	11	-4.204	0.32463	0.31199	0.890629	900	0	-4.204
Itgb5	20	0.040345	0.1935	0.906435	599	12	-3.8037	0.58996	0.53319	0.911968	1642	0	-3.8037
C3ar1	20	0.040422	0.19375	0.906435	600	11	-4.2835	0.67377	0.60527	0.920871	1863	0	-4.2835
Aqp1	18	0.040535	0.18931	0.906272	601	12	-4.0972	0.73372	0.67172	0.936914	2041	0	-4.0972
Slc26a1	19	0.040655	0.19303	0.906435	602	13	-4.0747	0.96401	0.95012	0.99197	2735	0	-4.0747
Dll3	20	0.040667	0.19424	0.906435	603	14	-3.9332	0.57391	0.51819	0.911968	1608	0	-3.9332
Ly6g6d	20	0.040908	0.19499	0.906435	604	9	-3.5702	0.87967	0.84444	0.97237	2479	0	-3.5702
Ccr8	20	0.040909	0.19505	0.906435	605	12	-4.1465	0.016984	0.021938	0.863331	48	0	-4.1465
Pcdha6	15	0.040912	0.18241	0.901216	606	11	-4.1346	0.54637	0.48	0.911968	1536	0	-4.1346
S1pr3	20	0.040948	0.19512	0.906435	607	13	-4.1765	0.8505	0.809	0.963878	2391	0	-4.1765
Mansc4	20	0.040982	0.19538	0.906435	608	14	-4.2351	0.10133	0.10288	0.890629	283	0	-4.2351
Sorcs2	17	0.041195	0.19194	0.906435	609	12	-4.0011	0.51575	0.46241	0.907664	1431	0	-4.0011
Cnr1	18	0.041199	0.19105	0.906435	610	11	-4.1427	0.94417	0.92483	0.988044	2668	0	-4.1427
Pcdhga2	18	0.041199	0.19105	0.906435	611	12	-4.1349	0.77977	0.73095	0.945838	2187	0	-4.1349
Gjc2	20	0.041334	0.19687	0.906435	612	9	-3.8174	0.50962	0.44352	0.892668	1423	0	-3.8174
Tmem140	20	0.041352	0.19695	0.906435	613	13	-4.22	0.72793	0.67059	0.936914	2027	0	-4.22
P2ry6	20	0.041458	0.1974	0.906958	614	14	-4.163	0.65145	0.5823	0.915432	1799	0	-4.163
H2-Q5	18	0.041563	0.19249	0.906435	615	9	-3.875	0.42505	0.37795	0.890629	1206	0	-3.875
Lct	19	0.041593	0.19578	0.906435	616	10	-3.8677	0.98056	0.97063	0.993293	2793	0	-3.8677
Rtn4r	20	0.041707	0.19827	0.908122	617	11	-3.9674	0.6117	0.54094	0.911968	1698	0	-3.9674
Enpp4	19	0.041999	0.19664	0.906435	618	11	-4.3423	0.39604	0.35391	0.890629	1124	0	-4.3423
Msln	18	0.042079	0.19426	0.906435	619	8	-3.6807	0.79175	0.74968	0.953615	2225	0	-3.6807
Siglec1	20	0.042234	0.20017	0.912508	620	12	-4.2276	0.17241	0.17769	0.890629	492	0	-4.2276
Unc5c	20	0.042335	0.20059	0.912508	621	13	-4.1911	0.69343	0.62508	0.920871	1921	0	-4.1911
Pcdha11	17	0.042345	0.1977	0.906958	622	12	-3.9849	0.0294	0.034208	0.863331	86	0	-3.9849
Slc18a1	20	0.04249	0.20091	0.912508	623	13	-4.2751	0.13104	0.13829	0.890629	371	0	-4.2751
Adipor2	20	0.042748	0.20152	0.912508	624	10	-3.7073	0.54501	0.49311	0.911968	1534	0	-3.7073
Dsg3	20	0.042764	0.20154	0.912508	625	9	-3.272	0.11	0.10842	0.890629	308	0	-3.272
Cdh22	20	0.042764	0.20154	0.912508	626	13	-4.1598	0.69343	0.62508	0.920871	1940	0	-4.1598
Cldn20	18	0.042905	0.19689	0.906435	627	10	-4.0216	0.66537	0.597	0.920871	1842	0	-4.0216
Tm9sf1	16	0.042925	0.19407	0.906435	628	9	-3.8815	0.93916	0.91893	0.986997	2660	0	-3.8815
Tspan9	16	0.042925	0.19407	0.906435	629	9	-4.1513	0.54412	0.48037	0.911968	1511	0	-4.1513
Bdkrb1	20	0.04323	0.20362	0.912508	630	14	-4.1291	0.32463	0.31199	0.890629	913	0	-4.1291
Naaladl1	20	0.043309	0.20397	0.912508	631	12	-3.9852	0.77013	0.71011	0.940883	2154	0	-3.9852
Nup210	20	0.043462	0.20459	0.912508	632	9	-3.7439	0.74465	0.68627	0.936914	2076	0	-3.7439
Sema4a	20	0.043471	0.20466	0.912508	633	12	-4.1798	0.4816	0.42006	0.890629	1342	0	-4.1798
Dpep1	20	0.043539	0.20489	0.912508	634	13	-4.1019	0.83035	0.79106	0.963878	2339	0	-4.1019
Cxcr5	19	0.04358	0.20276	0.912508	635	9	-3.845	0.67476	0.6087	0.920871	1873	0	-3.845
Dcbld2	20	0.043627	0.20513	0.912508	636	12	-4.2588	0.7201	0.66193	0.936914	2012	0	-4.2588
Olfr1414	20	0.043652	0.20535	0.912508	637	10	-3.8548	0.31425	0.30629	0.890629	885	0	-3.8548
Slc6a20b	20	0.043781	0.20581	0.912508	638	8	-3.6557	0.93802	0.91664	0.985609	2658	0	-3.6557
Olfr125	20	0.044192	0.20709	0.912508	639	12	-4.1836	0.97106	0.95867	0.99197	2758	0	-4.1836
Olfr221	20	0.044207	0.20724	0.912508	640	10	-3.9277	0.14232	0.15759	0.890629	399	0	-3.9277
Slc44a4	20	0.044408	0.20775	0.912508	641	14	-4.1469	0.32463	0.31199	0.890629	926	0	-4.1469
Tmem178	20	0.044424	0.20797	0.912508	642	12	-4.0253	0.58996	0.53319	0.911968	1648	0	-4.0253
Gm15448	20	0.044434	0.20805	0.912508	643	11	-4.0812	0.67377	0.60527	0.920871	1867	0	-4.0812
Tspan7	20	0.044487	0.20805	0.912508	644	10	-3.8744	0.94587	0.92616	0.988044	2678	0	-3.8744
Rxfp1	20	0.044513	0.20805	0.912508	645	12	-4.0055	0.7037	0.63521	0.922944	1963	0	-4.0055
Trpv5	20	0.044577	0.20817	0.912508	646	9	-3.6559	0.97229	0.96053	0.992838	2762	0	-3.6559
Fndc5	19	0.044737	0.20711	0.912508	647	9	-3.7925	0.11611	0.11574	0.890629	324	0	-3.7925
Olfr1506	4	0.044808	0.12576	0.853766	648	4	-4.1472	0.95519	0.95177	0.99197	2704	0	-4.1472
Dsc2	19	0.044878	0.20761	0.912508	649	12	-4.3307	0.73265	0.67739	0.936914	2039	0	-4.3307
Pdcd1	19	0.044878	0.20761	0.912508	650	13	-4.0881	0.7017	0.64566	0.932583	1949	0	-4.0881
Cachd1	20	0.045302	0.21025	0.916015	651	10	-3.8547	0.60535	0.53804	0.911968	1683	0	-3.8547
Sstr5	20	0.045343	0.21025	0.916015	652	12	-3.9724	0.3043	0.29893	0.890629	841	0	-3.9724
Cldn9	20	0.045343	0.21025	0.916015	653	9	-3.7549	0.57391	0.51819	0.911968	1600	0	-3.7549
Slc6a17	20	0.04563	0.21155	0.916794	654	11	-4.2742	0.24922	0.25461	0.890629	700	0	-4.2742
Slc24a2	20	0.045681	0.21219	0.917314	655	10	-4.0123	0.68803	0.6218	0.920871	1912	0	-4.0123
Alpl	18	0.045682	0.21096	0.916794	656	11	-4.2111	0.76289	0.70885	0.940883	2131	0	-4.2111
Sema4c	18	0.045808	0.21153	0.916794	657	6	-3.4573	0.17824	0.18491	0.890629	498	0	-3.4573
Tas2r137	18	0.045943	0.21172	0.916794	658	11	-4.0131	0.33448	0.30623	0.890629	944	0	-4.0131
Celsr3	20	0.046028	0.21378	0.917314	659	14	-4.1396	0.93802	0.91664	0.985609	2655	0	-4.1396
Adam33	20	0.046124	0.21402	0.917314	660	12	-4.0292	0.32463	0.31199	0.890629	912	0	-4.0292
Lrrc15	20	0.046167	0.21433	0.917314	661	9	-3.7061	0.44924	0.40434	0.890629	1273	0	-3.7061
Gpr63	17	0.046178	0.20923	0.915735	662	7	-3.4493	0.20777	0.21313	0.890629	584	0	-3.4493
Clec5a	20	0.046203	0.2144	0.917314	663	7	-3.6071	0.11	0.10842	0.890629	306	0	-3.6071
H2-T10	18	0.046324	0.21321	0.917314	664	7	-3.5488	0.52505	0.47548	0.911968	1462	0	-3.5488
Sctr	20	0.046398	0.21459	0.917314	665	13	-4.1544	0.13104	0.13829	0.890629	364	0	-4.1544
Mrc2	20	0.046425	0.21469	0.917314	666	11	-3.9033	0.27927	0.28403	0.890629	778	0	-3.9033
Cd37	20	0.046544	0.21491	0.917314	667	14	-4.1965	0.7037	0.63521	0.922944	1960	0	-4.1965
Gpr161	20	0.046629	0.21574	0.917314	668	14	-4.0921	0.87174	0.83572	0.97237	2455	0	-4.0921
Rprml	20	0.046629	0.21574	0.917314	669	14	-4.0424	0.56276	0.51197	0.911968	1559	0	-4.0424
Cr2	20	0.04668	0.21622	0.917314	670	13	-4.2607	0.93123	0.90704	0.984287	2632	0	-4.2607
Amigo3	20	0.046761	0.21646	0.917314	671	11	-4.2657	0.96389	0.94971	0.99197	2734	0	-4.2657
Clca4b	20	0.04696	0.21667	0.917314	672	13	-4.2622	0.64192	0.57527	0.915432	1772	0	-4.2622
D130043K22Rik	20	0.046962	0.21678	0.917314	673	10	-3.9771	0.43906	0.39569	0.890629	1233	0	-3.9771
Ano7	20	0.047279	0.21781	0.919512	674	10	-3.7647	0.56276	0.51197	0.911968	1572	0	-3.7647
Scap	18	0.047524	0.21697	0.917314	675	10	-3.9496	0.89012	0.85534	0.973934	2511	0	-3.9496
Olfr1211	20	0.047682	0.21897	0.921689	676	10	-3.8681	0.65145	0.5823	0.915432	1798	0	-3.8681
Tmem211	20	0.047812	0.22177	0.928468	677	13	-4.1036	0.73924	0.67894	0.936914	2070	0	-4.1036
Ntsr1	18	0.047944	0.21864	0.921632	678	11	-4.0487	0.53597	0.48141	0.911968	1493	0	-4.0487
Gpr3	19	0.047953	0.2208	0.927992	679	7	-3.5645	0.39604	0.35391	0.890629	1123	0	-3.5645
Sstr4	19	0.04801	0.22128	0.928468	680	12	-4.1126	0.33191	0.3134	0.890629	940	0	-4.1126
Faim2	20	0.048208	0.22424	0.936676	681	14	-4.1302	0.82507	0.78487	0.963878	2308	0	-4.1302
Celsr1	20	0.048362	0.22477	0.936676	682	13	-4.0446	0.31425	0.30629	0.890629	886	0	-4.0446
Epha1	20	0.048376	0.22483	0.936676	683	11	-3.9877	0.22231	0.22161	0.890629	623	0	-3.9877
Crim1	20	0.048728	0.22571	0.937615	684	13	-4.0409	0.057389	0.050749	0.863331	162	0	-4.0409
Cd4	20	0.048728	0.22571	0.937615	685	13	-4.1906	0.69343	0.62508	0.920871	1942	0	-4.1906
F2rl2	20	0.049055	0.22889	0.941422	686	13	-4.1925	0.83851	0.80033	0.963878	2354	0	-4.1925
Neo1	20	0.049331	0.23025	0.941422	687	14	-3.9979	0.72793	0.67059	0.936914	2033	0	-3.9979
Tenm4	20	0.049331	0.23025	0.941422	688	14	-4.0983	0.8919	0.85866	0.974532	2513	0	-4.0983
Olfr1461	20	0.049331	0.23025	0.941422	689	14	-4.1273	0.6254	0.55878	0.915432	1740	0	-4.1273
Tas2r119	20	0.049531	0.2309	0.941422	690	11	-3.9576	0.75691	0.69768	0.936914	2116	0	-3.9576
P2ry2	20	0.049588	0.23107	0.941422	691	13	-4.1591	0.35488	0.33002	0.890629	1017	0	-4.1591
Kiss1r	20	0.04971	0.23161	0.941422	692	11	-3.9676	0.89555	0.86289	0.974532	2527	0	-3.9676
Cd63	20	0.049772	0.23174	0.941422	693	11	-3.9331	0.39156	0.35626	0.890629	1115	0	-3.9331
P2ry4	20	0.049854	0.23229	0.941422	694	12	-3.8994	0.96108	0.9463	0.99197	2724	0	-3.8994
Csf1	20	0.049918	0.23283	0.941422	695	12	-3.9898	0.22231	0.22161	0.890629	625	0	-3.9898
Olfr1206	20	0.050123	0.23296	0.941422	696	12	-4.1787	0.97106	0.95867	0.99197	2761	0	-4.1787
Slc22a3	20	0.050133	0.23323	0.941422	697	11	-3.9131	0.58306	0.52725	0.911968	1620	0	-3.9131
Eva1c	20	0.050321	0.23382	0.941422	698	10	-3.8638	0.28703	0.28715	0.890629	806	0	-3.8638
Ptprz1	20	0.050429	0.23487	0.941422	699	11	-4.104	0.23967	0.24389	0.890629	675	0	-4.104
Car14	20	0.05045	0.23488	0.941422	700	11	-4.0093	0.15587	0.17117	0.890629	434	0	-4.0093
Avpr1a	20	0.050587	0.23516	0.941422	701	13	-4.3012	0.11	0.10842	0.890629	310	0	-4.3012
Gm11127	18	0.050805	0.2294	0.941422	702	6	-3.4831	0.39011	0.34471	0.890629	1107	0	-3.4831
Mmp16	20	0.050807	0.23566	0.941422	703	6	-3.3431	0.78193	0.73106	0.945838	2199	0	-3.3431
Olfr403	12	0.050845	0.20345	0.912508	704	9	-4.0569	0.95759	0.93949	0.99197	2709	0	-4.0569
Gabra5	20	0.05109	0.23604	0.941422	705	11	-3.9592	0.37262	0.34401	0.890629	1064	0	-3.9592
Grin2a	20	0.051232	0.23673	0.941422	706	14	-4.0981	0.7037	0.63521	0.922944	1974	0	-4.0981
Fkrp	19	0.051299	0.23074	0.941422	707	6	-3.2333	0.68512	0.61893	0.920871	1907	0	-3.2333
Olfr66	19	0.0516	0.23163	0.941422	708	9	-3.8045	0.24736	0.25363	0.890629	692	0	-3.8045
Cd14	16	0.051619	0.22188	0.928468	709	7	-3.6119	0.6306	0.56846	0.915432	1745	0	-3.6119
Flt4	20	0.051839	0.23848	0.941422	710	11	-3.9335	0.89555	0.86289	0.974532	2522	0	-3.9335
Cd27	18	0.052086	0.23316	0.941422	711	10	-3.8912	0.77977	0.73095	0.945838	2184	0	-3.8912
Pcdhgc3	18	0.052347	0.23378	0.941422	712	10	-4.1057	0.97695	0.96521	0.993293	2779	0	-4.1057
Shisa4	20	0.052347	0.24011	0.941422	713	9	-3.6972	0.016984	0.021938	0.863331	45	0	-3.6972
Gpc4	18	0.05237	0.23378	0.941422	714	8	-3.6072	0.34639	0.32124	0.890629	1000	0	-3.6072
Ifnlr1	20	0.052418	0.24011	0.941422	715	10	-3.8237	0.87967	0.84444	0.97237	2478	0	-3.8237
Olfr648	20	0.052511	0.2404	0.941422	716	11	-3.9383	0.38226	0.35217	0.890629	1079	0	-3.9383
Gpr119	20	0.052513	0.2405	0.941422	717	9	-3.8099	0.37262	0.34401	0.890629	1056	0	-3.8099
Fzd9	20	0.052515	0.24087	0.941422	718	14	-4.154	0.021228	0.023888	0.863331	64	0	-4.154
Olfr224	20	0.052515	0.24087	0.941422	719	14	-4.02	0.80346	0.75275	0.953615	2248	0	-4.02
Olfr982	20	0.052515	0.24087	0.941422	720	14	-3.8995	0.95769	0.94183	0.99197	2711	0	-3.8995
Olfr1209	20	0.052594	0.24153	0.941422	721	12	-4.1266	0.32463	0.31199	0.890629	904	0	-4.1266
1810055G02Rik	20	0.052655	0.24167	0.941422	722	10	-3.8519	0.90579	0.87498	0.97732	2551	0	-3.8519
Olfr1268-ps1	20	0.052655	0.24167	0.941422	723	13	-4.3008	0.46725	0.4128	0.890629	1302	0	-4.3008
Mchr1	20	0.052735	0.24204	0.941422	724	9	-3.5368	0.13627	0.1507	0.890629	381	0	-3.5368
Lrp4	20	0.05289	0.24253	0.941422	725	9	-3.6946	0.6254	0.55878	0.915432	1742	0	-3.6946
Olfr1457	20	0.052979	0.24324	0.941422	726	7	-3.5652	0.77013	0.71011	0.940883	2157	0	-3.5652
Tmeff1	19	0.053004	0.23735	0.941422	727	10	-3.9288	0.52673	0.47691	0.911968	1463	0	-3.9288
Gpr6	20	0.05303	0.24324	0.941422	728	12	-4.2492	0.81943	0.77728	0.963766	2299	0	-4.2492
Tmprss5	19	0.053194	0.23762	0.941422	729	11	-4.1035	0.22074	0.22237	0.890629	612	0	-4.1035
Olfr168	20	0.053224	0.24345	0.941422	730	12	-4.2421	0.7201	0.66193	0.936914	2010	0	-4.2421
Slc26a5	20	0.05349	0.2438	0.941422	731	11	-4.1343	0.83851	0.80033	0.963878	2356	0	-4.1343
Gpr39	20	0.05349	0.2438	0.941422	732	9	-3.1676	0.046803	0.046943	0.863331	130	0	-3.1676
Enpp6	20	0.05361	0.24384	0.941422	733	10	-4.0035	0.9528	0.93638	0.99197	2692	0	-4.0035
Lrrtm3	20	0.053625	0.24408	0.941422	734	10	-3.8061	0.011737	0.0082918	0.697001	34	0	-3.8061
Erbb3	19	0.053722	0.23979	0.941422	735	11	-4.1193	0.7391	0.68127	0.936914	2058	0	-4.1193
Qrfpr	20	0.05376	0.24549	0.944945	736	11	-4.2607	0.89555	0.86289	0.974532	2529	0	-4.2607
Slc36a3	20	0.053764	0.24566	0.944945	737	9	-3.7725	0.97637	0.96695	0.993293	2777	0	-3.7725
H2-T3	19	0.054477	0.24128	0.941422	738	11	-4.2652	0.27486	0.2764	0.890629	771	0	-4.2652
Pecam1	20	0.05458	0.25051	0.945837	739	11	-4.2715	0.40133	0.36279	0.890629	1135	0	-4.2715
Tspan5	20	0.054635	0.25081	0.945837	740	14	-4.1896	0.95949	0.9443	0.99197	2718	0	-4.1896
Gjb2	20	0.054816	0.25198	0.945837	741	12	-3.9874	0.65145	0.5823	0.915432	1811	0	-3.9874
Cd5	20	0.054871	0.25214	0.945837	742	8	-3.468	0.85914	0.81702	0.966496	2418	0	-3.468
Opalin	18	0.054927	0.24168	0.941422	743	6	-3.6869	0.23602	0.24099	0.890629	657	0	-3.6869
Olfr688	16	0.055028	0.23074	0.941422	744	10	-4.2038	0.26051	0.25434	0.890629	740	0	-4.2038
Antxr1	20	0.055036	0.25235	0.945837	745	11	-4.001	0.56276	0.51197	0.911968	1573	0	-4.001
Olfr675	19	0.055133	0.24321	0.941422	746	8	-3.4227	0.82727	0.78852	0.963878	2329	0	-3.4227
Slc2a2	20	0.055186	0.25286	0.945837	747	8	-3.7258	0.9925	0.9877	0.995919	2832	0	-3.7258
Fzd2	20	0.05521	0.25293	0.945837	748	13	-4.2194	0.97332	0.96223	0.993156	2767	0	-4.2194
Slc1a2	20	0.055224	0.25304	0.945837	749	12	-3.8844	0.82507	0.78487	0.963878	2320	0	-3.8844
Olfr829	20	0.05526	0.25304	0.945837	750	10	-3.869	0.17241	0.17769	0.890629	491	0	-3.869
Olfr435	20	0.055811	0.25417	0.945837	751	13	-4.1541	0.51899	0.4558	0.900172	1456	0	-4.1541
Cd38	20	0.055824	0.25449	0.945837	752	14	-4.0849	0.75691	0.69768	0.936914	2119	0	-4.0849
Olfr78	20	0.055824	0.25449	0.945837	753	14	-3.9935	0.38226	0.35217	0.890629	1082	0	-3.9935
Mpz	20	0.055824	0.25449	0.945837	754	14	-4.1608	0.90286	0.87174	0.97732	2544	0	-4.1608
Gpr156	20	0.055839	0.25482	0.945837	755	10	-3.8021	0.31425	0.30629	0.890629	875	0	-3.8021
Taar8b	16	0.056	0.23362	0.941422	756	9	-4.1346	0.91586	0.89162	0.980439	2589	0	-4.1346
Grik3	20	0.056129	0.25652	0.945837	757	13	-4.2351	0.41186	0.36792	0.890629	1159	0	-4.2351
Emp3	20	0.056222	0.25665	0.945837	758	13	-4.2217	0.90579	0.87498	0.97732	2553	0	-4.2217
Slc4a7	20	0.056288	0.25669	0.945837	759	10	-3.6811	0.60535	0.53804	0.911968	1686	0	-3.6811
Olfr1463	20	0.056293	0.25671	0.945837	760	9	-3.8015	0.3043	0.29893	0.890629	854	0	-3.8015
Cd83	18	0.056486	0.24668	0.945837	761	10	-3.9467	0.81461	0.77093	0.960886	2291	0	-3.9467
Scn3b	18	0.056611	0.24676	0.945837	762	11	-4.2399	0.65495	0.58708	0.915432	1818	0	-4.2399
Slc13a2	20	0.05676	0.25815	0.945837	763	8	-3.4949	0.23091	0.2313	0.890629	647	0	-3.4949
Cdh16	20	0.056802	0.25815	0.945837	764	12	-3.997	0.76401	0.70234	0.936914	2146	0	-3.997
Olfr1466	20	0.056896	0.25893	0.945837	765	11	-3.7843	0.90286	0.87174	0.97732	2547	0	-3.7843
Ano9	18	0.057004	0.24756	0.945837	766	12	-4.2501	0.55172	0.49602	0.911968	1540	0	-4.2501
Ackr2	20	0.057074	0.25985	0.945837	767	13	-4.0729	0.8505	0.809	0.963878	2397	0	-4.0729
Atp13a1	20	0.057104	0.25985	0.945837	768	10	-3.7477	0.23091	0.2313	0.890629	643	0	-3.7477
Slc52a2	20	0.057104	0.25985	0.945837	769	10	-3.8166	0.78193	0.73106	0.945838	2208	0	-3.8166
Duox1	20	0.057235	0.26047	0.945837	770	10	-3.8527	0.99034	0.9842	0.995698	2825	0	-3.8527
Pcdhb1	20	0.057389	0.26069	0.945837	771	11	-3.9143	0.49964	0.43654	0.892668	1382	0	-3.9143
Tnfrsf25	20	0.057408	0.26069	0.945837	772	13	-4.2384	0.87967	0.84444	0.97237	2473	0	-4.2384
Slc26a6	20	0.057469	0.26076	0.945837	773	8	-3.7736	0.89555	0.86289	0.974532	2528	0	-3.7736
Gpr45	20	0.057639	0.26122	0.945837	774	9	-3.6088	0.96788	0.95426	0.99197	2749	0	-3.6088
Atp13a2	20	0.057806	0.26156	0.945837	775	11	-4.1793	0.016984	0.021938	0.863331	49	0	-4.1793
H2-M3	20	0.058047	0.26228	0.945837	776	13	-4.0563	0.52869	0.47244	0.911088	1477	0	-4.0563
Slc4a10	20	0.058331	0.26314	0.945837	777	10	-3.8812	0.4892	0.42599	0.890629	1361	0	-3.8812
H2-T22	20	0.058535	0.26374	0.945837	778	7	-3.5712	0.69343	0.62508	0.920871	1933	0	-3.5712
Olfr357	20	0.058645	0.26421	0.945837	779	8	-3.4842	0.088633	0.08998	0.890629	249	0	-3.4842
Gpr1	19	0.058646	0.25413	0.945837	780	12	-3.985	0.22918	0.23442	0.890629	638	0	-3.985
Slc6a13	19	0.058686	0.25459	0.945837	781	13	-4.2425	0.80913	0.76941	0.960886	2275	0	-4.2425
Nkain1	20	0.058959	0.26504	0.945837	782	13	-4.0575	0.85914	0.81702	0.966496	2417	0	-4.0575
Prima1	20	0.059145	0.26511	0.945837	783	6	-3.2474	0.59794	0.5361	0.911968	1654	0	-3.2474
Mamdc4	20	0.059199	0.26533	0.945837	784	13	-4.1322	0.87174	0.83572	0.97237	2450	0	-4.1322
Ifngr2	20	0.059199	0.26533	0.945837	785	13	-4.01	0.027075	0.031594	0.863331	77	0	-4.01
Ptpru	20	0.05954	0.26597	0.945837	786	11	-4.0239	0.59794	0.5361	0.911968	1653	0	-4.0239
Impg2	20	0.059737	0.26651	0.945837	787	8	-3.7345	0.54501	0.49311	0.911968	1525	0	-3.7345
Grm2	20	0.0598	0.26678	0.945837	788	11	-4.1408	0.75059	0.69361	0.936914	2109	0	-4.1408
Slc2a5	20	0.0598	0.26678	0.945837	789	12	-4.1955	0.63401	0.57165	0.915432	1748	0	-4.1955
Nrn1	20	0.0598	0.26678	0.945837	790	13	-4.1363	0.49964	0.43654	0.892668	1375	0	-4.1363
Piezo1	20	0.0598	0.26678	0.945837	791	13	-4.2064	0.43906	0.39569	0.890629	1249	0	-4.2064
Pcdh15	20	0.059957	0.26708	0.945837	792	12	-4.1862	0.74465	0.68627	0.936914	2081	0	-4.1862
Nradd	20	0.059957	0.26708	0.945837	793	10	-3.9867	0.094702	0.097307	0.890629	266	0	-3.9867
Mrgpra1	19	0.060042	0.25894	0.945837	794	8	-3.7172	0.073877	0.073999	0.890629	209	0	-3.7172
Ptchd4	20	0.060059	0.26739	0.945837	795	11	-3.9693	0.41186	0.36792	0.890629	1172	0	-3.9693
Npy2r	18	0.060256	0.25974	0.945837	796	9	-3.7583	0.68209	0.62396	0.920871	1895	0	-3.7583
Flvcr1	20	0.060462	0.26822	0.945837	797	9	-3.8152	0.74465	0.68627	0.936914	2086	0	-3.8152
Pcdhga5	18	0.060466	0.2603	0.945837	798	10	-4.0233	0.34268	0.31509	0.890629	972	0	-4.0233
Slc5a11	20	0.060672	0.26886	0.945837	799	13	-4.2108	0.86364	0.82387	0.968184	2424	0	-4.2108
Dpp6	20	0.060672	0.26886	0.945837	800	12	-4.1548	0.94587	0.92616	0.988044	2676	0	-4.1548
Slc7a4	20	0.060712	0.26897	0.945837	801	10	-3.8506	0.071278	0.063944	0.890629	196	0	-3.8506
Cldn6	19	0.060866	0.26273	0.945837	802	10	-3.8837	0.72111	0.66264	0.936914	2017	0	-3.8837
Olfr1036	20	0.061072	0.27005	0.945837	803	11	-4.2785	0.00016622	1.7322e-06	0.00165	1	1	-4.2785
Cdhr5	20	0.06131	0.27094	0.945837	804	10	-3.491	0.027075	0.031594	0.863331	78	0	-3.491
Mc5r	20	0.061345	0.27094	0.945837	805	9	-3.7061	0.81385	0.76717	0.959971	2288	0	-3.7061
Trem2	18	0.061354	0.26294	0.945837	806	10	-4.156	0.64642	0.58242	0.915432	1788	0	-4.156
Olfr1415	20	0.061434	0.27142	0.945837	807	6	-3.5922	0.021228	0.023888	0.863331	56	0	-3.5922
Olfr1467	20	0.061492	0.27166	0.945837	808	11	-3.9663	0.8505	0.809	0.963878	2395	0	-3.9663
Insrr	20	0.061523	0.27189	0.945837	809	12	-4.0601	0.65145	0.5823	0.915432	1814	0	-4.0601
Slc16a6	20	0.061837	0.27294	0.945837	810	10	-3.9387	0.58306	0.52725	0.911968	1621	0	-3.9387
Olfr160	18	0.061853	0.26394	0.945837	811	9	-3.9003	0.075284	0.07705	0.890629	213	0	-3.9003
Cdh2	20	0.062047	0.27344	0.945837	812	9	-3.7931	0.99287	0.98817	0.995919	2835	0	-3.7931
Sorcs1	20	0.062047	0.27344	0.945837	813	10	-3.872	0.32463	0.31199	0.890629	925	0	-3.872
Itga7	20	0.062234	0.27361	0.945837	814	11	-3.9017	0.26922	0.27517	0.890629	751	0	-3.9017
Syp	20	0.062234	0.27361	0.945837	815	11	-3.9077	0.44924	0.40434	0.890629	1272	0	-3.9077
Ntsr2	20	0.06224	0.27372	0.945837	816	11	-4.2494	0.12183	0.12067	0.890629	349	0	-4.2494
F2rl3	20	0.062267	0.27397	0.945837	817	13	-4.2059	0.034498	0.039301	0.863331	102	0	-4.2059
Drd2	20	0.062506	0.27412	0.945837	818	12	-4.1079	0.99154	0.98606	0.995919	2827	0	-4.1079
Grin2d	20	0.062562	0.27422	0.945837	819	10	-3.8655	0.56276	0.51197	0.911968	1579	0	-3.8655
Olfr285	18	0.062644	0.26681	0.945837	820	12	-4.0401	0.42505	0.37795	0.890629	1202	0	-4.0401
Gjb6	20	0.062729	0.27465	0.945837	821	11	-4.0179	0.68499	0.6203	0.920871	1898	0	-4.0179
Neto1	20	0.062747	0.27468	0.945837	822	10	-3.9468	0.73376	0.6748	0.936914	2047	0	-3.9468
Slc22a17	20	0.063031	0.27578	0.947722	823	9	-3.7218	0.25853	0.26354	0.890629	728	0	-3.7218
Gm12169	18	0.063401	0.26933	0.945837	824	11	-4.0194	0.97695	0.96521	0.993293	2778	0	-4.0194
Rpn1	20	0.063566	0.27857	0.948985	825	13	-4.1558	0.034498	0.039301	0.863331	93	0	-4.1558
Rnf149	20	0.063655	0.27863	0.948985	826	9	-3.5519	0.046803	0.046943	0.863331	129	0	-3.5519
Dscaml1	20	0.063798	0.2789	0.948985	827	11	-4.0656	0.7201	0.66193	0.936914	2013	0	-4.0656
Olfr750	20	0.063875	0.2794	0.948985	828	10	-3.8524	0.83851	0.80033	0.963878	2360	0	-3.8524
Olfr494	20	0.063968	0.2798	0.948985	829	10	-3.6819	0.60535	0.53804	0.911968	1681	0	-3.6819
Olfr1267-ps1	20	0.064021	0.27993	0.948985	830	11	-4.081	0.78193	0.73106	0.945838	2195	0	-4.081
Tspan1	18	0.064061	0.27061	0.945837	831	11	-4.1577	0.53597	0.48141	0.911968	1494	0	-4.1577
H2-M1	20	0.064434	0.2808	0.948985	832	11	-4.063	0.87967	0.84444	0.97237	2480	0	-4.063
Ager	20	0.064652	0.28111	0.948985	833	12	-4.0398	0.4892	0.42599	0.890629	1356	0	-4.0398
Gabrr2	20	0.064652	0.28111	0.948985	834	10	-3.8296	0.7037	0.63521	0.922944	1971	0	-3.8296
Folr2	20	0.064804	0.28205	0.948985	835	11	-3.9189	0.7201	0.66193	0.936914	2011	0	-3.9189
Cadm4	20	0.065104	0.28279	0.948985	836	8	-3.4416	0.6254	0.55878	0.915432	1725	0	-3.4416
Grm4	19	0.065107	0.27589	0.947722	837	7	-3.7936	0.37625	0.34217	0.890629	1069	0	-3.7936
Flrt3	20	0.06553	0.28379	0.948985	838	12	-3.9638	0.73924	0.67894	0.936914	2065	0	-3.9638
Plxna4	20	0.065653	0.28417	0.948985	839	12	-4.0635	0.73376	0.6748	0.936914	2049	0	-4.0635
Unc93a	15	0.065695	0.26587	0.945837	840	8	-3.9392	0.89291	0.86398	0.974833	2517	0	-3.9392
Pik3ip1	20	0.065753	0.28469	0.948985	841	13	-4.0506	0.99224	0.98719	0.995919	2830	0	-4.0506
Fam189b	20	0.065839	0.28475	0.948985	842	9	-3.7873	0.49964	0.43654	0.892668	1384	0	-3.7873
Olfr94	20	0.066151	0.28546	0.948985	843	11	-3.9767	0.80346	0.75275	0.953615	2250	0	-3.9767
Sorl1	18	0.066795	0.27643	0.947824	844	11	-4.1678	0.71998	0.6596	0.936914	1999	0	-4.1678
Epor	20	0.066832	0.28736	0.948985	845	10	-3.8611	0.071278	0.063944	0.890629	202	0	-3.8611
Pcdha7	16	0.066833	0.26518	0.945837	846	10	-4.0187	0.8359	0.79528	0.963878	2350	0	-4.0187
Ceacam3	18	0.066835	0.27692	0.947824	847	10	-3.81	0.60319	0.53701	0.911968	1672	0	-3.81
Kel	19	0.066906	0.28106	0.948985	848	7	-3.6	0.77128	0.72017	0.945838	2165	0	-3.6
Scn11a	20	0.066954	0.2877	0.948985	849	12	-4.0997	0.49964	0.43654	0.892668	1378	0	-4.0997
Tgfbr3	20	0.066972	0.2877	0.948985	850	8	-3.7795	0.36392	0.33433	0.890629	1041	0	-3.7795
Olfr552	20	0.067005	0.28779	0.948985	851	10	-3.9244	0.36392	0.33433	0.890629	1033	0	-3.9244
Slc24a4	20	0.067005	0.28779	0.948985	852	10	-3.8326	0.95769	0.94183	0.99197	2714	0	-3.8326
Atp1a4	18	0.067069	0.27725	0.947824	853	12	-3.9272	0.74605	0.69302	0.936914	2092	0	-3.9272
Fzd6	20	0.067085	0.2878	0.948985	854	5	-3.16	0.23967	0.24389	0.890629	673	0	-3.16
Olfr452	20	0.067113	0.2878	0.948985	855	10	-3.746	0.6254	0.55878	0.915432	1733	0	-3.746
Pcdhac2	17	0.067209	0.27677	0.947824	856	11	-4.2654	0.23402	0.24079	0.890629	655	0	-4.2654
Fpr-rs3	20	0.067381	0.28821	0.948985	857	12	-4.0564	0.77013	0.71011	0.940883	2152	0	-4.0564
Gpr149	20	0.067498	0.28849	0.948985	858	12	-4.0126	0.93802	0.91664	0.985609	2656	0	-4.0126
H2-M10.6	20	0.067583	0.28887	0.948985	859	13	-4.162	0.16432	0.17439	0.890629	457	0	-4.162
Olfr641	20	0.067583	0.28887	0.948985	860	12	-4.2051	0.80877	0.75849	0.95623	2269	0	-4.2051
Adra2b	20	0.067583	0.28887	0.948985	861	13	-4.1645	0.33621	0.31882	0.890629	960	0	-4.1645
P2rx4	20	0.067583	0.28887	0.948985	862	12	-3.917	0.88605	0.84989	0.97237	2497	0	-3.917
Olfr453	20	0.067663	0.28923	0.948985	863	12	-3.9735	0.82507	0.78487	0.963878	2325	0	-3.9735
Olfr1269	16	0.067859	0.26893	0.945837	864	10	-4.294	0.49464	0.44217	0.892668	1370	0	-4.294
Pcdh8	20	0.068022	0.29065	0.948985	865	11	-4.0083	0.71201	0.6487	0.932583	1987	0	-4.0083
H2-DMb2	20	0.068315	0.2914	0.948985	866	8	-3.7808	0.52869	0.47244	0.911088	1479	0	-3.7808
Olfr308	20	0.068359	0.29157	0.948985	867	7	-3.4767	0.36392	0.33433	0.890629	1035	0	-3.4767
Itgb2l	20	0.068468	0.29199	0.948985	868	10	-3.8797	0.46725	0.4128	0.890629	1304	0	-3.8797
Gpr141	20	0.068468	0.29199	0.948985	869	9	-3.7214	0.20364	0.20725	0.890629	566	0	-3.7214
Gipr	20	0.068878	0.29274	0.948985	870	12	-4.051	0.90809	0.87804	0.97732	2569	0	-4.051
Apcdd1	20	0.068878	0.29274	0.948985	871	10	-3.7868	0.0044788	0.0040965	0.455255	14	0	-3.7868
Epha7	20	0.068893	0.29286	0.948985	872	11	-4.0148	0.94914	0.93037	0.989952	2687	0	-4.0148
Ano5	20	0.069129	0.29341	0.949677	873	12	-4.2147	0.91889	0.88987	0.979679	2591	0	-4.2147
Slc18a2	18	0.069473	0.28277	0.948985	874	11	-4.2565	0.61271	0.54387	0.912635	1699	0	-4.2565
Gjb5	19	0.070046	0.29157	0.948985	875	12	-4.1625	0.7868	0.73654	0.947614	2214	0	-4.1625
Olfr195	20	0.070223	0.29653	0.953056	876	9	-3.6809	0.088633	0.08998	0.890629	251	0	-3.6809
Ntrk2	20	0.070306	0.29675	0.953056	877	12	-4.1442	0.57391	0.51819	0.911968	1596	0	-4.1442
Olfr151	20	0.070306	0.29675	0.953056	878	11	-4.0555	0.36392	0.33433	0.890629	1034	0	-4.0555
Adam2	19	0.070494	0.29278	0.948985	879	9	-3.8194	0.94501	0.92735	0.988396	2675	0	-3.8194
Esyt3	20	0.070641	0.29703	0.953056	880	11	-3.8392	0.51899	0.4558	0.900172	1458	0	-3.8392
Tspan2	18	0.07073	0.28733	0.948985	881	10	-3.9432	0.16988	0.17585	0.890629	474	0	-3.9432
Slc39a4	20	0.071388	0.2991	0.95371	882	11	-4.0597	0.56276	0.51197	0.911968	1565	0	-4.0597
Tacr2	20	0.07143	0.29932	0.95371	883	10	-3.8674	0.53675	0.48458	0.911968	1504	0	-3.8674
Olfr1234	20	0.071623	0.29967	0.95371	884	8	-3.5335	0.38226	0.35217	0.890629	1090	0	-3.5335
Dcbld1	18	0.071709	0.29169	0.948985	885	6	-3.4935	0.3798	0.33746	0.890629	1077	0	-3.4935
Slc39a5	20	0.071918	0.3002	0.95371	886	11	-4.0873	0.16432	0.17439	0.890629	465	0	-4.0873
Pcdhga7	18	0.072128	0.29195	0.948985	887	11	-4.1391	0.070129	0.07015	0.890629	193	0	-4.1391
Ptprt	20	0.072162	0.30054	0.95371	888	12	-3.9957	0.67991	0.61494	0.920871	1877	0	-3.9957
Cd109	20	0.072162	0.30054	0.95371	889	10	-3.7037	0.80346	0.75275	0.953615	2245	0	-3.7037
Olfr449	20	0.072267	0.30068	0.95371	890	11	-3.9674	0.50962	0.44352	0.892668	1416	0	-3.9674
Gpr18	20	0.072339	0.30118	0.95371	891	12	-4.2217	0.68499	0.6203	0.920871	1903	0	-4.2217
Gucy2c	20	0.072347	0.30137	0.95371	892	11	-3.9651	0.92416	0.89673	0.980439	2611	0	-3.9651
Mertk	20	0.072362	0.30148	0.95371	893	7	-3.6576	0.43906	0.39569	0.890629	1239	0	-3.6576
Cdh23	20	0.072413	0.30166	0.95371	894	13	-3.9996	0.59794	0.5361	0.911968	1661	0	-3.9996
Nrg4	19	0.07255	0.29712	0.953056	895	10	-3.8731	0.48201	0.4207	0.890629	1343	0	-3.8731
Slc52a3	20	0.072929	0.30293	0.954627	896	13	-4.0333	0.91403	0.88342	0.977853	2586	0	-4.0333
Olfr1047	20	0.072965	0.30296	0.954627	897	9	-3.6096	0.71201	0.6487	0.932583	1986	0	-3.6096
Shisa8	18	0.073199	0.29501	0.953056	898	8	-3.7413	0.2786	0.27351	0.890629	776	0	-3.7413
Islr2	20	0.073377	0.30368	0.955854	899	9	-3.6788	0.33621	0.31882	0.890629	950	0	-3.6788
Efna3	20	0.073544	0.30437	0.956461	900	12	-4.211	0.15587	0.17117	0.890629	431	0	-4.211
Tnfrsf18	20	0.073887	0.3049	0.956461	901	11	-4.1823	0.27475	0.28246	0.890629	769	0	-4.1823
Adam25	18	0.07394	0.2963	0.953056	902	10	-4.1543	0.90794	0.87865	0.97732	2559	0	-4.1543
Slc29a2	20	0.074118	0.30586	0.956461	903	12	-4.1528	0.69343	0.62508	0.920871	1924	0	-4.1528
Npr1	18	0.074121	0.2968	0.953056	904	12	-4.1741	0.64642	0.58242	0.915432	1790	0	-4.1741
Nrn1l	20	0.074259	0.30619	0.956461	905	9	-3.6814	0.45934	0.4104	0.890629	1297	0	-3.6814
Npc1l1	20	0.07441	0.3064	0.956461	906	12	-3.9912	0.94587	0.92616	0.988044	2680	0	-3.9912
Jag2	20	0.07441	0.3064	0.956461	907	12	-4.0632	0.13901	0.15595	0.890629	385	0	-4.0632
Fndc9	17	0.074544	0.29757	0.953431	908	9	-4.1425	0.76046	0.71171	0.942576	2129	0	-4.1425
P2rx1	20	0.074898	0.30797	0.956461	909	13	-4.206	0.87588	0.84091	0.97237	2460	0	-4.206
Pcdh12	20	0.074994	0.30841	0.956461	910	11	-3.9271	0.27927	0.28403	0.890629	784	0	-3.9271
Psca	20	0.075499	0.30998	0.956461	911	11	-4.0961	0.4892	0.42599	0.890629	1366	0	-4.0961
Cdh6	20	0.075607	0.31004	0.956461	912	9	-3.844	0.84627	0.80472	0.963878	2385	0	-3.844
Ly6k	20	0.075607	0.31004	0.956461	913	9	-3.697	0.64192	0.57527	0.915432	1774	0	-3.697
Gm42957	18	0.075654	0.30144	0.95371	914	10	-4.0984	0.3798	0.33746	0.890629	1072	0	-4.0984
Slc22a27	20	0.075915	0.31098	0.956461	915	10	-3.8753	0.85914	0.81702	0.966496	2416	0	-3.8753
Otoa	19	0.075947	0.30949	0.956461	916	8	-3.7069	0.22918	0.23442	0.890629	637	0	-3.7069
Mip	18	0.076164	0.30231	0.954627	917	11	-4.2325	0.9315	0.90873	0.984287	2635	0	-4.2325
Oprd1	20	0.07622	0.31206	0.956461	918	9	-3.7182	0.40133	0.36279	0.890629	1146	0	-3.7182
Lrrc4c	20	0.076345	0.3127	0.956461	919	9	-3.6779	0.91106	0.88055	0.97732	2574	0	-3.6779
Kir3dl2	20	0.076362	0.3127	0.956461	920	11	-3.8608	0.27927	0.28403	0.890629	780	0	-3.8608
Olfr1357	20	0.076776	0.31338	0.956461	921	12	-4.1476	0.3043	0.29893	0.890629	853	0	-4.1476
Cdhr2	20	0.076995	0.31351	0.956461	922	11	-4.1137	0.80877	0.75849	0.95623	2268	0	-4.1137
Siglecf	20	0.076995	0.31351	0.956461	923	12	-4.1568	0.67991	0.61494	0.920871	1876	0	-4.1568
Slc2a6	20	0.077057	0.31398	0.956461	924	8	-3.5605	0.88605	0.84989	0.97237	2489	0	-3.5605
Slc2a1	20	0.077224	0.31444	0.956461	925	7	-3.5994	0.88605	0.84989	0.97237	2490	0	-3.5994
Pdgfra	20	0.0773	0.3145	0.956461	926	9	-3.6426	0.28703	0.28715	0.890629	797	0	-3.6426
Bst2	20	0.07732	0.31625	0.957668	927	12	-3.9941	0.58306	0.52725	0.911968	1626	0	-3.9941
Tmem63c	20	0.077611	0.31702	0.957668	928	11	-4.0112	0.27451	0.28246	0.890629	768	0	-4.0112
Ackr1	20	0.077725	0.31713	0.957668	929	12	-4.1898	0.92416	0.89673	0.980439	2609	0	-4.1898
Fcgr3	20	0.077763	0.31729	0.957668	930	11	-4.2212	0.057389	0.050749	0.863331	167	0	-4.2212
Gpr137	18	0.077962	0.30661	0.956461	931	8	-3.5604	0.76289	0.70885	0.940883	2132	0	-3.5604
Olfr3	20	0.078115	0.31828	0.957668	932	10	-3.9453	0.49964	0.43654	0.892668	1374	0	-3.9453
Gpr153	20	0.078226	0.31836	0.957668	933	9	-3.685	0.8893	0.85421	0.973026	2508	0	-3.685
Ednra	20	0.078375	0.31853	0.957668	934	10	-3.9604	0.08329	0.084585	0.890629	239	0	-3.9604
Tmem150a	20	0.078674	0.32097	0.959887	935	10	-3.5773	0.47488	0.41644	0.890629	1324	0	-3.5773
Olfr1104	20	0.078774	0.3213	0.959887	936	13	-4.1072	0.4892	0.42599	0.890629	1353	0	-4.1072
Csmd2	20	0.079112	0.32219	0.959887	937	12	-4.1631	0.72793	0.67059	0.936914	2031	0	-4.1631
Pilrb1	20	0.079149	0.32257	0.959887	938	8	-3.7121	0.20364	0.20725	0.890629	575	0	-3.7121
Cldn15	18	0.079161	0.30979	0.956461	939	9	-3.8552	0.57909	0.50907	0.911968	1615	0	-3.8552
Notch3	19	0.079237	0.31866	0.957668	940	9	-3.8287	0.35782	0.33041	0.890629	1020	0	-3.8287
Tspan11	19	0.079591	0.32217	0.959887	941	13	-3.9774	0.93083	0.90963	0.984287	2631	0	-3.9774
Rnf130	19	0.079591	0.32217	0.959887	942	13	-4.0171	0.57127	0.5164	0.911968	1586	0	-4.0171
Sgcd	18	0.079642	0.31085	0.956461	943	10	-4.1715	0.55172	0.49602	0.911968	1538	0	-4.1715
Aqp5	20	0.079764	0.32417	0.959887	944	11	-3.9719	0.26922	0.27517	0.890629	755	0	-3.9719
Lrp6	18	0.079774	0.31096	0.956461	945	9	-3.7661	0.90794	0.87865	0.97732	2561	0	-3.7661
Csf3r	20	0.079926	0.32457	0.959887	946	10	-3.8539	0.16432	0.17439	0.890629	470	0	-3.8539
Lrig3	19	0.08012	0.32378	0.959887	947	9	-3.8417	0.8356	0.79413	0.963878	2349	0	-3.8417
Kir3dl1	20	0.080231	0.32519	0.959887	948	10	-3.8651	0.50962	0.44352	0.892668	1425	0	-3.8651
Olfr17	20	0.080333	0.32529	0.959887	949	12	-4.0732	0.93345	0.9099	0.984287	2638	0	-4.0732
Itga4	20	0.080361	0.32539	0.959887	950	9	-3.6958	0.31425	0.30629	0.890629	870	0	-3.6958
Il6st	20	0.080598	0.32548	0.959887	951	12	-4.1766	0.51899	0.4558	0.900172	1453	0	-4.1766
Olfr681	18	0.080648	0.31361	0.956461	952	6	-3.4414	0.24594	0.25209	0.890629	687	0	-3.4414
Cd209f	20	0.080664	0.32591	0.959887	953	11	-4.0091	0.54501	0.49311	0.911968	1533	0	-4.0091
Epha2	19	0.081145	0.32676	0.959887	954	13	-4.1245	0.64118	0.5713	0.915432	1758	0	-4.1245
Bdkrb2	20	0.081217	0.32711	0.959887	955	12	-4.1836	0.95468	0.93845	0.99197	2700	0	-4.1836
Olfr1042	18	0.081218	0.31489	0.956461	956	8	-3.5821	0.16307	0.1668	0.890629	451	0	-3.5821
Clec2d	18	0.081218	0.31489	0.956461	957	8	-3.4778	0.89572	0.8627	0.974532	2533	0	-3.4778
Kcnmb2	18	0.081224	0.31492	0.956461	958	8	-3.7016	0.12905	0.14385	0.890629	361	0	-3.7016
Tlr9	18	0.081375	0.3166	0.957668	959	9	-3.6735	0.1934	0.19652	0.890629	539	0	-3.6735
Slc10a1	20	0.081425	0.32731	0.959887	960	11	-3.9256	0.15587	0.17117	0.890629	430	0	-3.9256
Fzd7	20	0.081603	0.32784	0.959887	961	12	-4.187	0.24922	0.25461	0.890629	706	0	-4.187
Tmem132a	20	0.081603	0.32784	0.959887	962	12	-4.1139	0.55366	0.50358	0.911968	1552	0	-4.1139
Clstn2	20	0.08187	0.32858	0.959887	963	13	-3.9472	0.8505	0.809	0.963878	2396	0	-3.9472
Cd96	20	0.081996	0.32918	0.959887	964	10	-3.949	0.64192	0.57527	0.915432	1768	0	-3.949
Abcg5	20	0.082092	0.32933	0.959887	965	13	-4.0657	0.75059	0.69361	0.936914	2097	0	-4.0657
Olfr464	20	0.082092	0.32933	0.959887	966	13	-4.0993	0.96665	0.95276	0.99197	2741	0	-4.0993
Lrp1	20	0.082218	0.32939	0.959887	967	7	-3.7945	0.18687	0.19281	0.890629	534	0	-3.7945
Mrgpra2b	8	0.082274	0.25763	0.945837	968	6	-4.2196	0.95969	0.94897	0.99197	2721	0	-4.2196
Tmx4	18	0.082345	0.31846	0.957668	969	10	-3.977	0.24594	0.25209	0.890629	686	0	-3.977
Chrnb1	20	0.082525	0.32981	0.959887	970	11	-3.6724	0.45934	0.4104	0.890629	1293	0	-3.6724
Kirrel3	18	0.08253	0.31901	0.957708	971	10	-4.1872	0.80621	0.7664	0.959971	2265	0	-4.1872
Aplp1	18	0.082795	0.31951	0.958199	972	10	-4.038	0.11035	0.11051	0.890629	322	0	-4.038
Cd300e	20	0.082851	0.33143	0.960553	973	9	-3.8109	0.6117	0.54094	0.911968	1693	0	-3.8109
Slc7a5	19	0.082999	0.33195	0.960553	974	10	-3.878	0.89398	0.86337	0.974532	2518	0	-3.878
Slc4a8	20	0.083116	0.33205	0.960553	975	13	-3.9935	0.7201	0.66193	0.936914	2003	0	-3.9935
Atp2b2	20	0.083342	0.33414	0.960553	976	11	-3.8398	0.92133	0.89347	0.980439	2605	0	-3.8398
Lamp5	20	0.083644	0.33441	0.960553	977	13	-3.9715	0.58306	0.52725	0.911968	1629	0	-3.9715
Gabrd	19	0.083775	0.3333	0.960553	978	11	-4.2486	0.69352	0.6326	0.922944	1944	0	-4.2486
Pkd1l1	20	0.084034	0.33529	0.960553	979	10	-3.8707	0.59794	0.5361	0.911968	1666	0	-3.8707
Abca1	19	0.084042	0.33395	0.960553	980	12	-4.0724	0.91372	0.88643	0.979588	2582	0	-4.0724
Olfr171	15	0.084054	0.31243	0.956461	981	10	-3.9785	0.025987	0.03011	0.863331	69	0	-3.9785
Itm2c	19	0.084155	0.33419	0.960553	982	7	-3.8287	0.90803	0.87897	0.97732	2564	0	-3.8287
Gprc5a	20	0.08447	0.33671	0.960553	983	12	-4.1019	0.47488	0.41644	0.890629	1318	0	-4.1019
Adam30	20	0.08447	0.33671	0.960553	984	12	-4.0686	0.10133	0.10288	0.890629	282	0	-4.0686
Cuzd1	20	0.08447	0.33671	0.960553	985	13	-4.1676	0.97867	0.96938	0.993293	2786	0	-4.1676
Cd300c2	20	0.084589	0.33687	0.960553	986	12	-4.2156	0.11	0.10842	0.890629	312	0	-4.2156
Gpr182	20	0.08488	0.33735	0.960553	987	9	-3.5484	0.088633	0.08998	0.890629	248	0	-3.5484
Slc6a3	18	0.084967	0.3245	0.959887	988	10	-4.1453	0.33448	0.30623	0.890629	946	0	-4.1453
Slc12a9	20	0.084973	0.33747	0.960553	989	12	-3.8957	0.046803	0.046943	0.863331	128	0	-3.8957
Sdc1	20	0.085076	0.33797	0.960553	990	13	-3.9975	0.96665	0.95276	0.99197	2745	0	-3.9975
Vmn1r234	20	0.085278	0.33812	0.960553	991	9	-3.7004	0.041228	0.043122	0.863331	112	0	-3.7004
Cd34	20	0.085425	0.33833	0.960553	992	11	-3.907	0.26922	0.27517	0.890629	758	0	-3.907
Slc43a3	20	0.085425	0.33833	0.960553	993	10	-3.8791	0.041228	0.043122	0.863331	113	0	-3.8791
Itga2	20	0.085477	0.33856	0.960553	994	13	-4.1937	0.008444	0.0041	0.455255	27	0	-4.1937
Slc8a3	20	0.085754	0.33886	0.960553	995	13	-3.9811	0.7037	0.63521	0.922944	1958	0	-3.9811
Oprk1	20	0.085889	0.33954	0.960553	996	6	-3.31	0.23091	0.2313	0.890629	646	0	-3.31
Spint2	18	0.085995	0.32726	0.959887	997	11	-3.945	0.81461	0.77093	0.960886	2294	0	-3.945
Slc29a4	20	0.086142	0.3399	0.960553	998	11	-4.1768	0.9282	0.90146	0.982594	2622	0	-4.1768
Olfr566	20	0.086342	0.3408	0.960553	999	11	-3.984	0.23967	0.24389	0.890629	667	0	-3.984
Cldn1	19	0.086424	0.34158	0.960553	1000	8	-3.7749	0.79753	0.75145	0.953615	2235	0	-3.7749
Grin3a	20	0.086499	0.3412	0.960553	1001	6	-3.5305	0.9271	0.89993	0.981305	2617	0	-3.5305
Ptprf	20	0.086806	0.34203	0.960553	1002	11	-4.0148	0.23967	0.24389	0.890629	676	0	-4.0148
Olfr237-ps1	20	0.086975	0.34221	0.960553	1003	11	-4.2022	0.43906	0.39569	0.890629	1251	0	-4.2022
Cntnap4	20	0.087734	0.3449	0.960553	1004	12	-4.0779	0.0064633	0.0041	0.455255	20	0	-4.0779
Cd22	20	0.087736	0.34509	0.960553	1005	11	-4.1186	0.53675	0.48458	0.911968	1509	0	-4.1186
Efnb1	20	0.087854	0.34511	0.960553	1006	7	-3.6422	0.54501	0.49311	0.911968	1528	0	-3.6422
Igsf6	18	0.087928	0.33129	0.960553	1007	7	-3.532	0.34268	0.31509	0.890629	969	0	-3.532
Lman2	18	0.087956	0.33163	0.960553	1008	9	-3.8129	0.22739	0.2323	0.890629	636	0	-3.8129
Pcdha3	15	0.088362	0.32153	0.959887	1009	6	-3.666	0.36067	0.32246	0.890629	1026	0	-3.666
Nt5e	20	0.088404	0.34593	0.960553	1010	10	-3.897	0.99582	0.99281	0.997746	2842	0	-3.897
Megf8	20	0.088559	0.34648	0.960553	1011	11	-4.2016	0.041228	0.043122	0.863331	119	0	-4.2016
Cd69	20	0.088798	0.34678	0.960553	1012	9	-3.6893	0.6254	0.55878	0.915432	1738	0	-3.6893
Pkhd1	20	0.08882	0.34691	0.960553	1013	12	-4.126	0.86784	0.83009	0.971102	2438	0	-4.126
Olfr986	20	0.089209	0.34751	0.960553	1014	11	-3.9219	0.23967	0.24389	0.890629	682	0	-3.9219
Pilra	20	0.089209	0.34751	0.960553	1015	7	-3.6957	0.034498	0.039301	0.863331	91	0	-3.6957
Il17rd	20	0.089253	0.34786	0.960553	1016	11	-3.9256	0.66705	0.59359	0.918006	1853	0	-3.9256
Itgal	20	0.089602	0.34878	0.960553	1017	13	-4.1297	0.94424	0.92455	0.988044	2669	0	-4.1297
Gpa33	20	0.089602	0.34878	0.960553	1018	13	-4.0512	0.53675	0.48458	0.911968	1502	0	-4.0512
Slc38a2	20	0.089602	0.34878	0.960553	1019	13	-4.1041	0.49964	0.43654	0.892668	1399	0	-4.1041
Slc9a3	20	0.089628	0.34945	0.960553	1020	12	-4.0966	0.94424	0.92455	0.988044	2671	0	-4.0966
Pcdhb8	17	0.089906	0.33753	0.960553	1021	6	-3.5565	0.19242	0.19367	0.890629	538	0	-3.5565
Pcdhb15	19	0.090184	0.34814	0.960553	1022	7	-3.4369	0.44246	0.39574	0.890629	1261	0	-3.4369
Slc22a29	20	0.090236	0.35151	0.960553	1023	13	-4.0779	0.8919	0.85866	0.974532	2514	0	-4.0779
Icos	20	0.090415	0.3516	0.960553	1024	12	-3.9126	0.35488	0.33002	0.890629	1016	0	-3.9126
Tpcn1	20	0.090493	0.35207	0.960553	1025	13	-4.2029	0.016984	0.021938	0.863331	44	0	-4.2029
Cd59b	20	0.090505	0.35229	0.960553	1026	9	-3.7922	0.0074542	0.0041	0.455255	23	0	-3.7922
Cacng7	20	0.090609	0.35286	0.960553	1027	8	-3.4601	0.021228	0.023888	0.863331	61	0	-3.4601
Csf1r	18	0.090744	0.33973	0.960553	1028	9	-3.9749	0.70731	0.64852	0.932583	1978	0	-3.9749
H2-M2	20	0.090923	0.35316	0.960553	1029	13	-3.9896	0.22231	0.22161	0.890629	616	0	-3.9896
Pcdha4	3	0.090999	0.20333	0.912508	1030	2	-4.2702	0.13229	0.11138	0.890629	374	0	-4.2702
Olfr409-ps1	18	0.091543	0.34243	0.960553	1031	8	-3.8301	0.43263	0.38033	0.890629	1227	0	-3.8301
Slc5a8	20	0.091667	0.35475	0.960553	1032	12	-4.1375	0.16432	0.17439	0.890629	453	0	-4.1375
Itfg1	20	0.091667	0.35475	0.960553	1033	11	-4.2008	0.10133	0.10288	0.890629	285	0	-4.2008
Pdcd1lg2	20	0.091676	0.35511	0.960553	1034	13	-4.0944	0.86364	0.82387	0.968184	2433	0	-4.0944
Nrp2	20	0.091716	0.35532	0.960553	1035	8	-3.4815	0.83035	0.79106	0.963878	2334	0	-3.4815
Jam2	17	0.091866	0.34344	0.960553	1036	11	-3.9781	0.76657	0.72218	0.945838	2149	0	-3.9781
Ccr7	20	0.091975	0.35542	0.960553	1037	8	-3.4202	0.41186	0.36792	0.890629	1161	0	-3.4202
Olfr733	19	0.092154	0.35196	0.960553	1038	11	-3.843	0.29157	0.28743	0.890629	816	0	-3.843
Cdhr1	20	0.092237	0.35599	0.960553	1039	9	-3.7288	0.4816	0.42006	0.890629	1330	0	-3.7288
Trpv2	19	0.092371	0.35226	0.960553	1040	10	-3.8232	0.97415	0.96346	0.993293	2770	0	-3.8232
Slc7a3	19	0.092605	0.35308	0.960553	1041	12	-4.1396	0.76467	0.71446	0.945772	2148	0	-4.1396
Pld5	18	0.092651	0.34605	0.960553	1042	12	-4.0563	0.26931	0.26697	0.890629	767	0	-4.0563
Vasn	20	0.092796	0.3571	0.960553	1043	10	-3.9096	0.41186	0.36792	0.890629	1160	0	-3.9096
Amn	18	0.093059	0.34713	0.960553	1044	11	-3.9525	0.98106	0.97069	0.993293	2794	0	-3.9525
Ccr1l1	19	0.093084	0.35362	0.960553	1045	10	-3.7352	0.054599	0.048855	0.863331	151	0	-3.7352
Gpr88	18	0.093182	0.34807	0.960553	1046	10	-3.9952	0.39011	0.34471	0.890629	1104	0	-3.9952
Rnf43	20	0.093212	0.35727	0.960553	1047	12	-4.1144	0.94424	0.92455	0.988044	2670	0	-4.1144
Olfr47	20	0.093212	0.35727	0.960553	1048	12	-4.1018	0.66705	0.59359	0.918006	1846	0	-4.1018
Olfr520	20	0.093254	0.3573	0.960553	1049	10	-3.7995	0.52869	0.47244	0.911088	1482	0	-3.7995
Gpr152	19	0.093365	0.35412	0.960553	1050	11	-4.1193	0.92878	0.90695	0.984287	2623	0	-4.1193
Pkd2l1	20	0.093491	0.35735	0.960553	1051	9	-3.5249	0.85914	0.81702	0.966496	2415	0	-3.5249
Mtnr1b	20	0.093511	0.3575	0.960553	1052	11	-4.172	0.6254	0.55878	0.915432	1741	0	-4.172
Tmem219	18	0.093591	0.34929	0.960553	1053	9	-3.6849	0.49186	0.43802	0.892668	1368	0	-3.6849
Slc5a4a	20	0.09395	0.35881	0.960553	1054	12	-4.1009	0.28703	0.28715	0.890629	799	0	-4.1009
Slc40a1	20	0.093986	0.35909	0.960553	1055	13	-4.1018	0.027075	0.031594	0.863331	74	0	-4.1018
Grin2b	20	0.09407	0.35939	0.960553	1056	10	-3.9981	0.41186	0.36792	0.890629	1156	0	-3.9981
Pkd2	20	0.09427	0.36004	0.960553	1057	11	-4.0393	0.10133	0.10288	0.890629	289	0	-4.0393
Ank	17	0.09431	0.35079	0.960553	1058	9	-3.7857	0.53129	0.4767	0.911968	1488	0	-3.7857
Olfr295	19	0.094461	0.35702	0.960553	1059	12	-4.1339	0.46699	0.406	0.890629	1300	0	-4.1339
Slc46a1	20	0.094502	0.36031	0.960553	1060	11	-3.8689	0.10133	0.10288	0.890629	277	0	-3.8689
Slamf8	18	0.094555	0.35172	0.960553	1061	9	-3.8334	0.14918	0.15926	0.890629	424	0	-3.8334
Pigt	20	0.094714	0.36063	0.960553	1062	13	-3.9701	0.51899	0.4558	0.900172	1439	0	-3.9701
Ednrb	17	0.094892	0.35228	0.960553	1063	10	-4.1	0.83469	0.79477	0.963878	2348	0	-4.1
Panx2	20	0.095036	0.36116	0.961083	1064	11	-3.7836	0.19597	0.20248	0.890629	553	0	-3.7836
Olfr728	19	0.095084	0.35811	0.960553	1065	7	-3.6033	0.022343	0.023213	0.863331	66	0	-3.6033
Slc23a1	20	0.095379	0.36237	0.963408	1066	13	-3.9974	0.16432	0.17439	0.890629	467	0	-3.9974
Tspan4	20	0.09558	0.36327	0.964905	1067	11	-3.9017	0.57391	0.51819	0.911968	1603	0	-3.9017
Susd4	20	0.095816	0.36451	0.966537	1068	12	-4.0605	0.35488	0.33002	0.890629	1007	0	-4.0605
Eng	20	0.096333	0.36527	0.966537	1069	12	-4.0089	0.7201	0.66193	0.936914	2014	0	-4.0089
Olfr330	19	0.096404	0.36052	0.960553	1070	10	-3.7752	0.062207	0.056207	0.877019	175	0	-3.7752
Slc5a3	20	0.096485	0.36553	0.966537	1071	11	-3.9847	0.38226	0.35217	0.890629	1093	0	-3.9847
Tacr1	20	0.096485	0.36553	0.966537	1072	11	-4.0715	0.90809	0.87804	0.97732	2565	0	-4.0715
Olfr1245	20	0.096817	0.36588	0.966537	1073	7	-3.6324	0.050924	0.046947	0.863331	146	0	-3.6324
Olfr1258	20	0.097118	0.36639	0.966537	1074	10	-3.7683	0.78193	0.73106	0.945838	2198	0	-3.7683
Entpd1	20	0.09712	0.36656	0.966537	1075	10	-3.8955	0.33621	0.31882	0.890629	964	0	-3.8955
Slc17a8	20	0.097303	0.36731	0.966537	1076	13	-4.0647	0.98804	0.98099	0.995215	2815	0	-4.0647
Rgr	18	0.097493	0.3599	0.960553	1077	7	-3.6557	0.65495	0.58708	0.915432	1817	0	-3.6557
Psg25	20	0.097631	0.36839	0.966537	1078	8	-3.659	0.67991	0.61494	0.920871	1887	0	-3.659
Tectb	20	0.097853	0.36925	0.966537	1079	10	-3.8009	0.14819	0.16436	0.890629	404	0	-3.8009
Crlf2	18	0.097871	0.36052	0.960553	1080	10	-3.9994	0.73372	0.67172	0.936914	2043	0	-3.9994
Slc41a2	20	0.097995	0.36957	0.966537	1081	12	-4.1034	0.3043	0.29893	0.890629	846	0	-4.1034
Tnfrsf4	20	0.098015	0.36972	0.966537	1082	11	-4.1616	0.36392	0.33433	0.890629	1036	0	-4.1616
Slc6a6	20	0.098182	0.36987	0.966537	1083	10	-3.9365	0.79793	0.74627	0.953615	2239	0	-3.9365
Fndc4	20	0.098305	0.36996	0.966537	1084	11	-4.0729	0.31425	0.30629	0.890629	873	0	-4.0729
Tmc7	20	0.098305	0.36996	0.966537	1085	12	-4.0006	0.10133	0.10288	0.890629	280	0	-4.0006
Slc15a5	20	0.098316	0.36998	0.966537	1086	12	-3.9661	0.13104	0.13829	0.890629	366	0	-3.9661
Slc4a1	20	0.099443	0.37356	0.97111	1087	12	-4.1581	0.54501	0.49311	0.911968	1521	0	-4.1581
Ly75	20	0.099443	0.37356	0.97111	1088	13	-4.0254	0.32463	0.31199	0.890629	902	0	-4.0254
Tnfsf11	20	0.099504	0.37406	0.97111	1089	13	-3.9896	0.72793	0.67059	0.936914	2035	0	-3.9896
Fcgr1	20	0.099504	0.37406	0.97111	1090	13	-4.1424	0.36392	0.33433	0.890629	1037	0	-4.1424
Olfr1205	20	0.099542	0.37444	0.97111	1091	12	-4.0216	0.38226	0.35217	0.890629	1091	0	-4.0216
Gm20518	6	0.099579	0.28241	0.948985	1092	4	-4.0462	0.50316	0.45964	0.903479	1403	0	-4.0462
Podxl2	18	0.10003	0.3671	0.966537	1093	11	-4.1607	0.32597	0.30223	0.890629	932	0	-4.1607
Upk3a	20	0.10025	0.3748	0.971159	1094	12	-4.0294	0.6254	0.55878	0.915432	1728	0	-4.0294
Clec9a	18	0.10041	0.3686	0.966537	1095	12	-4.0547	0.31757	0.29834	0.890629	889	0	-4.0547
Ginm1	19	0.10048	0.37117	0.968769	1096	8	-3.6775	0.24736	0.25363	0.890629	694	0	-3.6775
Vnn3	20	0.10058	0.37572	0.972665	1097	12	-3.9378	0.041228	0.043122	0.863331	111	0	-3.9378
Negr1	20	0.10088	0.37664	0.973123	1098	10	-3.7311	0.044418	0.046943	0.863331	123	0	-3.7311
Itgav	20	0.10103	0.37697	0.973123	1099	12	-4.0632	0.73924	0.67894	0.936914	2060	0	-4.0632
Muc3	20	0.10118	0.37721	0.973123	1100	11	-3.8451	0.66002	0.5884	0.915432	1826	0	-3.8451
Lypd6b	20	0.10148	0.37754	0.973123	1101	12	-4.1739	0.8505	0.809	0.963878	2400	0	-4.1739
Ece1	20	0.10158	0.37828	0.973123	1102	13	-4.0176	0.83626	0.79728	0.963878	2352	0	-4.0176
Lynx1	20	0.10175	0.37889	0.973123	1103	12	-4.0081	0.82507	0.78487	0.963878	2324	0	-4.0081
Pcdh20	20	0.10188	0.37899	0.973123	1104	12	-4.0769	0.32463	0.31199	0.890629	921	0	-4.0769
Tnfrsf9	20	0.10193	0.37899	0.973123	1105	8	-3.5804	0.49964	0.43654	0.892668	1372	0	-3.5804
Olfr790	20	0.1025	0.37926	0.973123	1106	11	-3.9289	0.094702	0.097307	0.890629	272	0	-3.9289
Tspan14	18	0.10262	0.37296	0.97111	1107	7	-3.4695	0.17824	0.18491	0.890629	499	0	-3.4695
Adam11	20	0.10287	0.38045	0.973123	1108	11	-3.8597	0.22231	0.22161	0.890629	620	0	-3.8597
Slc22a5	20	0.10289	0.38063	0.973123	1109	11	-4.166	0.81385	0.76717	0.959971	2283	0	-4.166
Olfr362	18	0.10316	0.37443	0.97111	1110	11	-4.1381	0.69011	0.63271	0.922944	1914	0	-4.1381
Il10rb	8	0.10324	0.30859	0.956461	1111	5	-4.2776	0.58929	0.54253	0.912635	1639	0	-4.2776
Cd101	20	0.10338	0.38385	0.973123	1112	12	-4.1035	0.92416	0.89673	0.980439	2607	0	-4.1035
Olfr1448	20	0.10361	0.38426	0.973123	1113	7	-3.2731	0.18687	0.19281	0.890629	523	0	-3.2731
Gm14226	19	0.10364	0.37993	0.973123	1114	10	-3.907	0.45769	0.40137	0.890629	1289	0	-3.907
Cd226	20	0.10375	0.38434	0.973123	1115	9	-3.695	0.79793	0.74627	0.953615	2236	0	-3.695
Pcdhga8	15	0.10376	0.35829	0.960553	1116	10	-4.2407	0.98196	0.97227	0.993478	2799	0	-4.2407
Olfr1220	20	0.10409	0.38477	0.973123	1117	11	-3.8411	0.55366	0.50358	0.911968	1544	0	-3.8411
Tmem213	20	0.10432	0.38517	0.973123	1118	12	-4.1488	0.57391	0.51819	0.911968	1602	0	-4.1488
Slc6a2	20	0.1045	0.38579	0.973123	1119	11	-4.1363	0.64192	0.57527	0.915432	1781	0	-4.1363
Ryk	20	0.10454	0.38591	0.973123	1120	11	-3.9498	0.56276	0.51197	0.911968	1563	0	-3.9498
Casr	20	0.10466	0.38598	0.973123	1121	7	-3.41	0.17947	0.18287	0.890629	502	0	-3.41
Adra2a	20	0.10471	0.38598	0.973123	1122	10	-3.8883	0.19597	0.20248	0.890629	549	0	-3.8883
Slco1a1	20	0.10472	0.38598	0.973123	1123	13	-4.0573	0.80877	0.75849	0.95623	2267	0	-4.0573
Prlhr	20	0.10491	0.38619	0.973123	1124	13	-3.9623	0.98246	0.97388	0.994056	2800	0	-3.9623
Cntn5	20	0.10491	0.38619	0.973123	1125	13	-4.0563	0.061467	0.054554	0.877019	172	0	-4.0563
Pkhd1l1	20	0.10503	0.38662	0.973123	1126	6	-3.2685	0.22231	0.22161	0.890629	618	0	-3.2685
Clcnkb	20	0.10503	0.38662	0.973123	1127	8	-3.5906	0.65145	0.5823	0.915432	1807	0	-3.5906
Il2rg	10	0.10529	0.32957	0.959887	1128	7	-3.9836	0.67121	0.62281	0.920871	1855	0	-3.9836
Itgax	18	0.10529	0.3799	0.973123	1129	9	-3.7943	0.71998	0.6596	0.936914	1998	0	-3.7943
Sele	19	0.10551	0.3851	0.973123	1130	9	-3.7175	0.57919	0.51928	0.911968	1618	0	-3.7175
Slc15a4	20	0.10557	0.38888	0.973123	1131	12	-4.0926	0.98484	0.97646	0.994299	2803	0	-4.0926
Slco5a1	20	0.10583	0.38937	0.973123	1132	12	-3.946	0.7201	0.66193	0.936914	2007	0	-3.946
Slc4a5	20	0.10588	0.38937	0.973123	1133	7	-3.622	0.057389	0.050749	0.863331	157	0	-3.622
Olfr723	19	0.10595	0.38561	0.973123	1134	7	-3.4897	0.56442	0.51045	0.911968	1580	0	-3.4897
Dlk2	20	0.10647	0.39098	0.974562	1135	10	-3.8491	0.36392	0.33433	0.890629	1045	0	-3.8491
Cd48	20	0.10674	0.39118	0.974562	1136	7	-3.5855	0.33621	0.31882	0.890629	958	0	-3.5855
Vstm5	20	0.10687	0.39138	0.974562	1137	10	-3.9268	0.95468	0.93845	0.99197	2699	0	-3.9268
Slc11a2	19	0.10688	0.38765	0.973123	1138	11	-4.1254	0.86224	0.82683	0.970858	2423	0	-4.1254
Olfr1438-ps1	20	0.10695	0.39146	0.974562	1139	10	-3.8898	0.58996	0.53319	0.911968	1646	0	-3.8898
Olfr1033	17	0.10743	0.38091	0.973123	1140	9	-4.0028	0.075856	0.078027	0.890629	215	0	-4.0028
Nipal4	20	0.10743	0.39206	0.975144	1141	12	-4.1449	0.92416	0.89673	0.980439	2608	0	-4.1449
Ptprn	18	0.10747	0.38698	0.973123	1142	6	-3.6579	0.21855	0.22236	0.890629	608	0	-3.6579
Dsg1a	19	0.10792	0.3892	0.973123	1143	8	-3.6542	0.20297	0.20706	0.890629	563	0	-3.6542
Qsox2	19	0.10793	0.38924	0.973123	1144	11	-4.035	0.12492	0.13248	0.890629	357	0	-4.035
Ncam2	20	0.10805	0.394	0.975706	1145	12	-4.0666	0.64192	0.57527	0.915432	1763	0	-4.0666
Mtnr1a	20	0.10816	0.39431	0.975706	1146	13	-3.9994	0.97229	0.96053	0.992838	2763	0	-3.9994
Abcg3	20	0.10816	0.39431	0.975706	1147	13	-3.9535	0.98484	0.97646	0.994299	2804	0	-3.9535
Cd55b	18	0.10825	0.38792	0.973123	1148	12	-3.8967	0.21855	0.22236	0.890629	610	0	-3.8967
Catsperg2	20	0.10892	0.39569	0.976683	1149	12	-4.018	0.77013	0.71011	0.940883	2153	0	-4.018
Tmco3	20	0.10911	0.39608	0.976683	1150	10	-3.8628	0.78837	0.73674	0.947614	2221	0	-3.8628
Slc5a4b	20	0.10915	0.39614	0.976683	1151	10	-3.895	0.35892	0.33144	0.890629	1021	0	-3.895
Olfr638	20	0.10915	0.39614	0.976683	1152	8	-3.5836	0.87967	0.84444	0.97237	2469	0	-3.5836
Gabre	20	0.10933	0.39692	0.976683	1153	9	-3.5843	0.92937	0.90388	0.98299	2627	0	-3.5843
Lingo1	20	0.10937	0.39762	0.976683	1154	10	-3.9404	0.87174	0.83572	0.97237	2451	0	-3.9404
Olfr1325	20	0.10971	0.39958	0.976683	1155	9	-3.5643	0.11	0.10842	0.890629	315	0	-3.5643
Sdk1	20	0.11005	0.40021	0.976683	1156	12	-4.0461	0.4892	0.42599	0.890629	1364	0	-4.0461
Aqp2	20	0.11013	0.40038	0.976683	1157	12	-4.1718	0.47488	0.41644	0.890629	1322	0	-4.1718
Ttyh1	20	0.11013	0.40038	0.976683	1158	11	-4.0136	0.67377	0.60527	0.920871	1860	0	-4.0136
Olfr462	20	0.11026	0.40055	0.976683	1159	12	-4.0181	0.27927	0.28403	0.890629	779	0	-4.0181
Olfr1225	20	0.11036	0.40061	0.976683	1160	11	-3.8037	0.81385	0.76717	0.959971	2290	0	-3.8037
Olfr222	18	0.11045	0.39272	0.975144	1161	9	-3.8495	0.57909	0.50907	0.911968	1613	0	-3.8495
Lhfpl4	20	0.11064	0.40192	0.976683	1162	13	-4.09	0.81943	0.77728	0.963766	2305	0	-4.09
Ffar3	20	0.11064	0.40192	0.976683	1163	13	-4.0826	0.95769	0.94183	0.99197	2713	0	-4.0826
Fcrl6	20	0.11098	0.40311	0.976683	1164	9	-3.7876	0.86784	0.83009	0.971102	2441	0	-3.7876
Cd1d1	16	0.11106	0.38468	0.973123	1165	7	-3.5438	0.78137	0.73468	0.947614	2193	0	-3.5438
Olfr1251	20	0.11114	0.40398	0.976683	1166	8	-3.3831	0.14819	0.16436	0.890629	415	0	-3.3831
Sema6a	20	0.11134	0.4043	0.976683	1167	7	-3.593	0.7201	0.66193	0.936914	2001	0	-3.593
Cln3	20	0.11136	0.4043	0.976683	1168	11	-3.9811	0.67377	0.60527	0.920871	1866	0	-3.9811
Havcr1	20	0.11154	0.40447	0.976683	1169	12	-4.0386	0.56276	0.51197	0.911968	1578	0	-4.0386
Gjd2	20	0.11158	0.40447	0.976683	1170	10	-3.8854	0.041228	0.043122	0.863331	117	0	-3.8854
Hfe	18	0.11166	0.39384	0.975706	1171	11	-4.0192	0.84709	0.80852	0.963878	2388	0	-4.0192
Gpr34	20	0.11168	0.40467	0.976683	1172	6	-3.4312	0.69343	0.62508	0.920871	1929	0	-3.4312
Slc22a15	19	0.11177	0.39994	0.976683	1173	7	-3.7665	0.43257	0.38963	0.890629	1221	0	-3.7665
Abca6	20	0.11185	0.40467	0.976683	1174	9	-3.7269	0.67377	0.60527	0.920871	1865	0	-3.7269
Gabra2	20	0.11188	0.40502	0.976683	1175	10	-3.7928	0.12183	0.12067	0.890629	343	0	-3.7928
Lrp3	20	0.11204	0.40599	0.976683	1176	11	-4.0285	0.39156	0.35626	0.890629	1111	0	-4.0285
Abcc3	20	0.11209	0.40617	0.976683	1177	8	-3.5165	0.37262	0.34401	0.890629	1063	0	-3.5165
Olfr930	20	0.11237	0.40647	0.976683	1178	13	-4.0191	0.68499	0.6203	0.920871	1896	0	-4.0191
Sstr2	20	0.11253	0.40657	0.976683	1179	12	-3.9805	0.97707	0.96762	0.993293	2780	0	-3.9805
Cldn11	20	0.11253	0.40664	0.976683	1180	10	-3.8901	0.077611	0.077067	0.890629	222	0	-3.8901
Gcgr	20	0.11266	0.40695	0.976683	1181	12	-4.0421	0.12183	0.12067	0.890629	348	0	-4.0421
Erbb2	20	0.11266	0.40695	0.976683	1182	10	-3.8884	0.75059	0.69361	0.936914	2098	0	-3.8884
Slc51a	20	0.11283	0.40706	0.976683	1183	12	-3.9054	0.80877	0.75849	0.95623	2274	0	-3.9054
Slc22a1	18	0.11314	0.39874	0.976683	1184	7	-3.7203	0.3798	0.33746	0.890629	1076	0	-3.7203
Adam17	20	0.11338	0.40736	0.976683	1185	12	-4.0644	0.85914	0.81702	0.966496	2419	0	-4.0644
Tmem114	20	0.1135	0.40745	0.976683	1186	10	-3.6967	0.43906	0.39569	0.890629	1235	0	-3.6967
Ceacam5	20	0.1137	0.40873	0.977396	1187	13	-4.088	0.85519	0.81323	0.964798	2408	0	-4.088
Pcdh19	20	0.11372	0.40901	0.977396	1188	10	-3.711	0.10133	0.10288	0.890629	288	0	-3.711
Olfr154	20	0.11379	0.40902	0.977396	1189	11	-3.9738	0.15587	0.17117	0.890629	440	0	-3.9738
Il17rc	20	0.11475	0.40979	0.978335	1190	12	-3.9995	0.97106	0.95867	0.99197	2754	0	-3.9995
Clec12a	20	0.11508	0.41067	0.978335	1191	11	-4.0273	0.82507	0.78487	0.963878	2315	0	-4.0273
Sstr3	20	0.11531	0.41098	0.978335	1192	12	-3.9613	0.39156	0.35626	0.890629	1112	0	-3.9613
Ptchd1	18	0.11545	0.40287	0.976683	1193	7	-3.483	0.08565	0.089005	0.890629	243	0	-3.483
Olfr446	20	0.11558	0.412	0.978335	1194	12	-4.0084	0.59794	0.5361	0.911968	1670	0	-4.0084
Olfr767	18	0.11582	0.40508	0.976683	1195	9	-3.8497	0.32597	0.30223	0.890629	934	0	-3.8497
Glra1	20	0.11586	0.41309	0.978335	1196	13	-3.9357	0.22231	0.22161	0.890629	622	0	-3.9357
Qsox1	20	0.11586	0.41309	0.978335	1197	13	-4.0597	0.86784	0.83009	0.971102	2437	0	-4.0597
Ggt7	20	0.11609	0.41356	0.978335	1198	7	-3.6369	0.034498	0.039301	0.863331	98	0	-3.6369
Cd164l2	20	0.11609	0.41356	0.978335	1199	12	-3.9808	0.93345	0.9099	0.984287	2639	0	-3.9808
Unc93b1	20	0.11626	0.41365	0.978335	1200	9	-3.7538	0.72793	0.67059	0.936914	2034	0	-3.7538
Cd244a	20	0.11696	0.41607	0.978335	1201	11	-4.1387	0.83035	0.79106	0.963878	2337	0	-4.1387
Olfr1138	20	0.11742	0.41663	0.978335	1202	8	-3.3973	0.61768	0.54669	0.912635	1714	0	-3.3973
Ptprm	20	0.11749	0.41697	0.978335	1203	13	-3.9957	0.46725	0.4128	0.890629	1313	0	-3.9957
Heph	20	0.11765	0.41744	0.978335	1204	12	-4.008	0.87174	0.83572	0.97237	2448	0	-4.008
Gpr158	20	0.11768	0.41788	0.978335	1205	12	-4.0448	0.065372	0.058304	0.877019	184	0	-4.0448
Gpr107	20	0.11768	0.41788	0.978335	1206	11	-3.9096	0.32463	0.31199	0.890629	918	0	-3.9096
Mansc1	20	0.11792	0.41877	0.978335	1207	13	-3.8976	0.67991	0.61494	0.920871	1884	0	-3.8976
Mrgpre	20	0.11809	0.41961	0.978335	1208	13	-4.1161	0.74465	0.68627	0.936914	2079	0	-4.1161
Olfr697	20	0.11809	0.41961	0.978335	1209	12	-4.1532	0.065372	0.058304	0.877019	179	0	-4.1532
Clec14a	18	0.11824	0.4122	0.978335	1210	12	-4.085	0.53597	0.48141	0.911968	1496	0	-4.085
Acvr1	18	0.11835	0.41316	0.978335	1211	10	-3.9404	0.5669	0.50072	0.911968	1582	0	-3.9404
Acvr2a	19	0.11854	0.41392	0.978335	1212	10	-3.893	0.11611	0.11574	0.890629	325	0	-3.893
Ackr4	20	0.11856	0.41996	0.978335	1213	11	-3.9789	0.27927	0.28403	0.890629	789	0	-3.9789
Ntrk1	20	0.11859	0.41999	0.978335	1214	9	-3.6335	0.68499	0.6203	0.920871	1902	0	-3.6335
Slc37a1	20	0.11869	0.42002	0.978335	1215	8	-3.6962	0.73924	0.67894	0.936914	2071	0	-3.6962
Gfra4	17	0.11891	0.40769	0.976683	1216	7	-3.7172	0.97235	0.95869	0.99197	2764	0	-3.7172
S1pr2	20	0.11896	0.4207	0.978335	1217	11	-4.1588	0.75059	0.69361	0.936914	2100	0	-4.1588
Sidt1	20	0.11914	0.42101	0.978335	1218	13	-4.1198	0.49964	0.43654	0.892668	1397	0	-4.1198
Olfr298	18	0.11915	0.41444	0.978335	1219	8	-3.5866	0.22739	0.2323	0.890629	634	0	-3.5866
Gpc3	18	0.11933	0.41568	0.978335	1220	11	-4.162	0.42505	0.37795	0.890629	1208	0	-4.162
Olfr68	18	0.11943	0.41617	0.978335	1221	8	-3.6819	0.60319	0.53701	0.911968	1674	0	-3.6819
Csf2rb	20	0.1195	0.42182	0.97853	1222	13	-4.0312	0.20364	0.20725	0.890629	574	0	-4.0312
Tmem217	20	0.1195	0.42182	0.97853	1223	13	-4.02	0.94742	0.92787	0.988396	2682	0	-4.02
Lrrc32	19	0.11976	0.41644	0.978335	1224	10	-4.025	0.65497	0.58836	0.915432	1822	0	-4.025
Tenm2	20	0.12007	0.42353	0.981121	1225	7	-3.4737	0.64192	0.57527	0.915432	1780	0	-3.4737
Klrk1	20	0.12024	0.42362	0.981121	1226	12	-4.0079	0.82507	0.78487	0.963878	2311	0	-4.0079
Slc7a1	18	0.12046	0.4189	0.978335	1227	8	-3.7102	0.21855	0.22236	0.890629	609	0	-3.7102
Dirc2	20	0.12075	0.42474	0.982195	1228	10	-3.7605	0.12183	0.12067	0.890629	344	0	-3.7605
Slc39a6	20	0.12118	0.42504	0.982195	1229	9	-3.6499	0.58996	0.53319	0.911968	1640	0	-3.6499
BC035947	20	0.12125	0.42511	0.982195	1230	9	-3.7067	0.71201	0.6487	0.932583	1988	0	-3.7067
Cd79a	18	0.1214	0.42037	0.978335	1231	9	-3.8425	0.91012	0.88204	0.977853	2571	0	-3.8425
Cr1l	18	0.1214	0.42037	0.978335	1232	6	-3.6671	0.32597	0.30223	0.890629	929	0	-3.6671
Crb1	20	0.12189	0.42662	0.983489	1233	13	-3.9777	0.8505	0.809	0.963878	2398	0	-3.9777
Olfr1135	20	0.12194	0.42705	0.983489	1234	13	-3.9463	0.034498	0.039301	0.863331	101	0	-3.9463
Atp6v0a2	20	0.12194	0.42705	0.983489	1235	13	-4.0296	0.67377	0.60527	0.920871	1864	0	-4.0296
Cd300ld4	3	0.1221	0.26212	0.945837	1236	3	-3.8661	0.8779	0.87157	0.97732	2467	0	-3.8661
Slc20a2	20	0.12249	0.42835	0.984094	1237	10	-3.852	0.77013	0.71011	0.940883	2163	0	-3.852
Adam39	20	0.12249	0.42835	0.984094	1238	11	-3.9305	0.35488	0.33002	0.890629	1008	0	-3.9305
Drd4	20	0.12373	0.43199	0.989568	1239	11	-3.8818	0.12183	0.12067	0.890629	341	0	-3.8818
Lpar6	20	0.12373	0.43199	0.989568	1240	8	-3.5528	0.20364	0.20725	0.890629	568	0	-3.5528
Ptprr	20	0.12385	0.43229	0.989568	1241	8	-3.5397	0.18687	0.19281	0.890629	528	0	-3.5397
Olfr292	20	0.12389	0.43233	0.989568	1242	8	-3.2414	0.034498	0.039301	0.863331	99	0	-3.2414
Lmbrd1	20	0.12424	0.43314	0.990325	1243	13	-3.9785	0.58996	0.53319	0.911968	1647	0	-3.9785
Cdh20	20	0.12438	0.43474	0.991123	1244	11	-3.8909	0.077611	0.077067	0.890629	219	0	-3.8909
Lrtm1	18	0.12466	0.42558	0.982473	1245	9	-3.6674	0.88069	0.84591	0.97237	2482	0	-3.6674
Npffr2	20	0.12477	0.43568	0.991123	1246	7	-3.4895	0.35488	0.33002	0.890629	1015	0	-3.4895
Cxcr1	19	0.12478	0.42833	0.984094	1247	8	-3.6572	0.44246	0.39574	0.890629	1258	0	-3.6572
Muc4	20	0.12489	0.43591	0.991123	1248	12	-3.9989	0.87967	0.84444	0.97237	2472	0	-3.9989
Oprm1	20	0.1251	0.43607	0.991123	1249	12	-4.0942	0.64192	0.57527	0.915432	1785	0	-4.0942
Mcam	20	0.1251	0.43607	0.991123	1250	11	-4.1697	0.7037	0.63521	0.922944	1965	0	-4.1697
Rtn4rl1	20	0.12594	0.43796	0.991123	1251	13	-4.0208	0.46725	0.4128	0.890629	1314	0	-4.0208
Slc19a3	20	0.12604	0.43835	0.991123	1252	12	-3.9813	0.80877	0.75849	0.95623	2273	0	-3.9813
Frem2	20	0.12609	0.43875	0.991123	1253	11	-3.8876	0.79333	0.74013	0.949415	2228	0	-3.8876
Slc32a1	20	0.12609	0.43875	0.991123	1254	11	-4.1292	0.34594	0.32572	0.890629	980	0	-4.1292
Abca3	20	0.12623	0.4388	0.991123	1255	11	-3.9066	0.8919	0.85866	0.974532	2515	0	-3.9066
Slc8a2	20	0.12669	0.43987	0.991123	1256	10	-3.8865	0.83851	0.80033	0.963878	2359	0	-3.8865
Olfr1259	19	0.1267	0.43246	0.989568	1257	10	-3.907	0.062207	0.056207	0.877019	174	0	-3.907
Olfr488	20	0.12706	0.44035	0.991123	1258	9	-3.6361	0.56276	0.51197	0.911968	1577	0	-3.6361
Unc93a2	5	0.12717	0.30991	0.956461	1259	4	-3.9983	0.90179	0.8888	0.979679	2542	0	-3.9983
Cntnap3	20	0.12755	0.44127	0.991123	1260	7	-3.5108	0.76401	0.70234	0.936914	2137	0	-3.5108
Efna2	20	0.12773	0.44209	0.991123	1261	10	-3.8409	0.31425	0.30629	0.890629	871	0	-3.8409
Clca2	19	0.12802	0.43514	0.991123	1262	12	-4.0972	0.44246	0.39574	0.890629	1259	0	-4.0972
Olfr587-ps1	20	0.12817	0.44367	0.991123	1263	13	-3.9859	0.63401	0.57165	0.915432	1752	0	-3.9859
Olfr1084	20	0.12817	0.44367	0.991123	1264	13	-3.9192	0.78193	0.73106	0.945838	2202	0	-3.9192
Ntrk3	20	0.12848	0.44523	0.991123	1265	12	-4.1409	0.80346	0.75275	0.953615	2261	0	-4.1409
Sidt2	20	0.12854	0.4457	0.991123	1266	12	-4.1101	0.44924	0.40434	0.890629	1274	0	-4.1101
Cspg4	20	0.12854	0.4457	0.991123	1267	12	-4.0612	0.98804	0.98099	0.995215	2816	0	-4.0612
Fzd10	19	0.12895	0.4365	0.991123	1268	10	-4.0052	0.29157	0.28743	0.890629	817	0	-4.0052
H2-Q6	18	0.12901	0.43902	0.991123	1269	11	-4.1309	0.42505	0.37795	0.890629	1211	0	-4.1309
Olfr691	20	0.12928	0.44665	0.991123	1270	6	-3.5711	0.32463	0.31199	0.890629	905	0	-3.5711
Ush2a	20	0.12945	0.44712	0.991123	1271	7	-3.4973	0.77013	0.71011	0.940883	2159	0	-3.4973
Ngfr	20	0.12959	0.44734	0.991123	1272	10	-3.8633	0.53675	0.48458	0.911968	1500	0	-3.8633
Slc2a13	19	0.12969	0.4388	0.991123	1273	12	-4.0293	0.80913	0.76941	0.960886	2277	0	-4.0293
Klrb1c	15	0.1298	0.42105	0.978335	1274	6	-3.4911	0.20096	0.20557	0.890629	557	0	-3.4911
Pcdhb2	20	0.12992	0.44746	0.991123	1275	12	-3.9918	0.75059	0.69361	0.936914	2102	0	-3.9918
Itga2b	20	0.12992	0.44746	0.991123	1276	12	-4.0224	0.55366	0.50358	0.911968	1548	0	-4.0224
Tmem150b	20	0.12992	0.4477	0.991123	1277	11	-3.7804	0.51899	0.4558	0.900172	1442	0	-3.7804
Olfr444	20	0.12992	0.4477	0.991123	1278	9	-3.7661	0.84627	0.80472	0.963878	2379	0	-3.7661
Lrrc3b	20	0.12992	0.4477	0.991123	1279	8	-3.6125	0.73376	0.6748	0.936914	2045	0	-3.6125
Igsf1	20	0.13043	0.44978	0.992846	1280	10	-3.7914	0.61768	0.54669	0.912635	1710	0	-3.7914
Vtcn1	20	0.13046	0.44978	0.992846	1281	9	-3.6569	0.55366	0.50358	0.911968	1550	0	-3.6569
Tspan6	18	0.13058	0.44117	0.991123	1282	9	-3.9359	0.32597	0.30223	0.890629	935	0	-3.9359
Tnfrsf17	20	0.13079	0.45035	0.992846	1283	12	-4.0725	0.077611	0.077067	0.890629	218	0	-4.0725
Npy5r	20	0.13079	0.45096	0.992846	1284	13	-3.8659	0.016984	0.021938	0.863331	51	0	-3.8659
H2-M5	20	0.13079	0.45096	0.992846	1285	13	-4.02	0.87174	0.83572	0.97237	2452	0	-4.02
Olfr765	18	0.13089	0.44158	0.991123	1286	7	-3.6033	0.86908	0.83196	0.972094	2446	0	-3.6033
Olfr1247	20	0.131	0.45204	0.992846	1287	12	-4.0163	0.18687	0.19281	0.890629	518	0	-4.0163
Olfr706	20	0.13113	0.45209	0.992846	1288	11	-4.1383	0.64192	0.57527	0.915432	1786	0	-4.1383
Sypl	18	0.13131	0.44217	0.991123	1289	11	-4.0057	0.9547	0.93702	0.99197	2703	0	-4.0057
Abcc1	20	0.13134	0.4524	0.992846	1290	10	-3.8572	0.75691	0.69768	0.936914	2121	0	-3.8572
Ffar2	18	0.13154	0.44238	0.991123	1291	10	-3.9923	0.30844	0.2919	0.890629	862	0	-3.9923
Duox2	20	0.13186	0.45272	0.992846	1292	10	-3.7048	0.60535	0.53804	0.911968	1684	0	-3.7048
Slco1a4	19	0.1324	0.44689	0.991123	1293	10	-3.8794	0.68512	0.61893	0.920871	1906	0	-3.8794
Olfr145	19	0.13251	0.44704	0.991123	1294	11	-3.9703	0.19452	0.19955	0.890629	541	0	-3.9703
Boc	19	0.13266	0.44723	0.991123	1295	10	-4.0747	0.58657	0.5212	0.911968	1636	0	-4.0747
Lair1	20	0.13293	0.4564	0.992846	1296	6	-3.4912	0.75691	0.69768	0.936914	2118	0	-3.4912
Lrfn2	20	0.13333	0.45691	0.992846	1297	11	-3.8832	0.93345	0.9099	0.984287	2640	0	-3.8832
Tpo	20	0.13337	0.45698	0.992846	1298	7	-3.5275	0.17947	0.18287	0.890629	509	0	-3.5275
Lrp12	20	0.13401	0.45753	0.992846	1299	9	-3.7808	0.38226	0.35217	0.890629	1092	0	-3.7808
Atraid	20	0.13405	0.4576	0.992846	1300	8	-3.7111	0.82507	0.78487	0.963878	2314	0	-3.7111
Syna	20	0.1342	0.45794	0.992846	1301	10	-3.8482	0.28703	0.28715	0.890629	798	0	-3.8482
Slc12a8	20	0.13421	0.45798	0.992846	1302	10	-3.7654	0.11	0.10842	0.890629	302	0	-3.7654
Fcamr	20	0.13422	0.45814	0.992846	1303	9	-3.6927	0.12183	0.12067	0.890629	342	0	-3.6927
Gja3	20	0.1343	0.45829	0.992846	1304	12	-4.0588	0.52869	0.47244	0.911088	1481	0	-4.0588
Adcy7	20	0.13435	0.45835	0.992846	1305	12	-4.102	0.49964	0.43654	0.892668	1387	0	-4.102
Abcc4	20	0.13435	0.45835	0.992846	1306	12	-4.1218	0.87174	0.83572	0.97237	2453	0	-4.1218
Itgb2	20	0.13439	0.45842	0.992846	1307	10	-3.9167	0.4892	0.42599	0.890629	1352	0	-3.9167
Lsmem1	20	0.13467	0.45857	0.992846	1308	10	-3.811	0.027075	0.031594	0.863331	83	0	-3.811
Opn1mw	20	0.13475	0.45863	0.992846	1309	9	-3.7965	0.87967	0.84444	0.97237	2476	0	-3.7965
Prom2	20	0.13499	0.45981	0.994042	1310	12	-4.1078	0.4816	0.42006	0.890629	1341	0	-4.1078
Furin	20	0.1358	0.4618	0.995001	1311	10	-3.8658	0.14232	0.15759	0.890629	395	0	-3.8658
Lypd1	20	0.13592	0.46206	0.995001	1312	11	-3.8605	0.065372	0.058304	0.877019	191	0	-3.8605
Gm14548	18	0.13612	0.45307	0.992846	1313	11	-4.137	0.8513	0.81219	0.964798	2402	0	-4.137
Olfr1087	20	0.13612	0.46232	0.995001	1314	10	-3.9428	0.77013	0.71011	0.940883	2155	0	-3.9428
Gpr108	20	0.13641	0.46337	0.995001	1315	10	-3.862	0.43211	0.38693	0.890629	1219	0	-3.862
Milr1	20	0.13688	0.46386	0.995001	1316	9	-3.4714	0.69343	0.62508	0.920871	1919	0	-3.4714
Olfr753-ps1	18	0.13729	0.45506	0.992846	1317	4	-3.2517	0.70731	0.64852	0.932583	1977	0	-3.2517
Abca9	20	0.1373	0.46428	0.995001	1318	10	-3.934	0.75059	0.69361	0.936914	2101	0	-3.934
Scn10a	20	0.1373	0.46428	0.995001	1319	8	-3.5002	0.21243	0.21518	0.890629	599	0	-3.5002
Tnfsf15	20	0.13756	0.46493	0.995001	1320	10	-3.8623	0.43211	0.38693	0.890629	1216	0	-3.8623
Vnn1	20	0.13766	0.46502	0.995001	1321	10	-3.8462	0.7037	0.63521	0.922944	1959	0	-3.8462
Slc1a7	19	0.13769	0.4583	0.992846	1322	12	-4.0665	0.96545	0.95158	0.99197	2739	0	-4.0665
Alk	19	0.13773	0.45862	0.992846	1323	9	-3.7367	0.77638	0.72365	0.945838	2181	0	-3.7367
Pira2	9	0.13788	0.38952	0.973123	1324	4	-3.6542	0.80422	0.77036	0.960886	2262	0	-3.6542
Scnn1g	20	0.13846	0.46748	0.995001	1325	12	-3.9322	0.034498	0.039301	0.863331	96	0	-3.9322
Sectm1b	20	0.1386	0.46894	0.995001	1326	10	-3.5224	0.58306	0.52725	0.911968	1622	0	-3.5224
Atp1b2	20	0.13882	0.46901	0.995001	1327	11	-4.1254	0.67991	0.61494	0.920871	1891	0	-4.1254
Tnfrsf1b	20	0.13914	0.46964	0.995001	1328	12	-4.0463	0.41186	0.36792	0.890629	1166	0	-4.0463
Klrb1f	20	0.1396	0.47108	0.995001	1329	7	-3.5379	0.37262	0.34401	0.890629	1058	0	-3.5379
Tacstd2	20	0.13967	0.47123	0.995001	1330	6	-3.2908	0.31425	0.30629	0.890629	880	0	-3.2908
Cd1d2	16	0.13972	0.44436	0.991123	1331	6	-3.7586	0.34599	0.30737	0.890629	999	0	-3.7586
Rhbdl2	20	0.13977	0.47155	0.995001	1332	10	-3.8697	0.54501	0.49311	0.911968	1518	0	-3.8697
Slc3a2	20	0.14002	0.47186	0.995001	1333	10	-3.8288	0.67991	0.61494	0.920871	1878	0	-3.8288
Frrs1	20	0.14016	0.47201	0.995001	1334	9	-3.7827	0.39156	0.35626	0.890629	1120	0	-3.7827
Tmem106a	19	0.14044	0.4652	0.995001	1335	12	-3.9569	0.25767	0.26502	0.890629	716	0	-3.9569
Olfr620	19	0.14044	0.4652	0.995001	1336	12	-3.9519	0.50106	0.43987	0.892668	1402	0	-3.9519
Itga11	19	0.14044	0.46565	0.995001	1337	11	-4.0329	0.99255	0.98727	0.995919	2833	0	-4.0329
Susd1	20	0.14051	0.47243	0.995001	1338	10	-3.9616	0.51899	0.4558	0.900172	1445	0	-3.9616
Olfr305	20	0.14053	0.47285	0.995001	1339	9	-3.7831	0.41186	0.36792	0.890629	1169	0	-3.7831
Olfr286	20	0.14053	0.47285	0.995001	1340	9	-3.6793	0.52869	0.47244	0.911088	1485	0	-3.6793
Abca2	20	0.1408	0.47317	0.995001	1341	9	-3.7881	0.51899	0.4558	0.900172	1448	0	-3.7881
Slc26a4	20	0.14097	0.47398	0.995001	1342	12	-3.9747	0.041228	0.043122	0.863331	110	0	-3.9747
Avpr2	20	0.14097	0.47398	0.995001	1343	12	-4.1111	0.96528	0.95151	0.99197	2737	0	-4.1111
Slc2a7	20	0.14112	0.47423	0.995001	1344	11	-4.1469	0.24529	0.25002	0.890629	684	0	-4.1469
Csf2ra	20	0.14143	0.47442	0.995001	1345	11	-4.0334	0.27927	0.28403	0.890629	791	0	-4.0334
Olfr1229	19	0.14161	0.46701	0.995001	1346	10	-3.9623	0.25767	0.26502	0.890629	715	0	-3.9623
Lrrn4	20	0.14175	0.47476	0.995001	1347	9	-3.8172	0.25853	0.26354	0.890629	724	0	-3.8172
Adam28	20	0.14175	0.47476	0.995001	1348	9	-3.7467	0.23967	0.24389	0.890629	669	0	-3.7467
Umod	20	0.14177	0.47481	0.995001	1349	10	-3.4173	0.3043	0.29893	0.890629	847	0	-3.4173
Slc22a28	17	0.14184	0.4589	0.992846	1350	9	-4.0304	0.4543	0.3926	0.890629	1287	0	-4.0304
Pcdhga1	14	0.14201	0.44139	0.991123	1351	5	-3.6469	0.91367	0.88831	0.979679	2581	0	-3.6469
Scn9a	20	0.14217	0.47572	0.995001	1352	10	-3.7974	0.59794	0.5361	0.911968	1657	0	-3.7974
Stab1	20	0.14257	0.47757	0.995001	1353	11	-4.0525	0.85914	0.81702	0.966496	2420	0	-4.0525
Slc28a2	18	0.14263	0.46422	0.995001	1354	10	-3.9782	0.43263	0.38033	0.890629	1229	0	-3.9782
Lypd4	19	0.1427	0.47005	0.995001	1355	8	-3.6983	0.048441	0.045104	0.863331	138	0	-3.6983
Adora3	20	0.14281	0.4781	0.995001	1356	12	-4.1117	0.86784	0.83009	0.971102	2442	0	-4.1117
Pcdhga6	16	0.14341	0.45035	0.992846	1357	10	-3.9695	0.73946	0.68908	0.936914	2075	0	-3.9695
Fam174b	20	0.14347	0.47911	0.995001	1358	10	-3.6846	0.25853	0.26354	0.890629	739	0	-3.6846
Lrit2	20	0.14352	0.47915	0.995001	1359	9	-3.771	0.6117	0.54094	0.911968	1689	0	-3.771
Gpr183	20	0.14359	0.47962	0.995001	1360	11	-3.9862	0.58996	0.53319	0.911968	1643	0	-3.9862
Jag1	20	0.1444	0.48048	0.995001	1361	11	-3.9214	0.11	0.10842	0.890629	319	0	-3.9214
Tyr	20	0.14441	0.48077	0.995001	1362	11	-3.9003	0.6254	0.55878	0.915432	1736	0	-3.9003
Slc22a16	19	0.14453	0.47308	0.995001	1363	10	-3.9849	0.78111	0.72984	0.945838	2192	0	-3.9849
Raet1d	18	0.14455	0.46778	0.995001	1364	9	-3.8131	0.0096803	0.007107	0.697001	29	0	-3.8131
Slc17a1	20	0.14465	0.48105	0.995001	1365	11	-4.0954	0.44924	0.40434	0.890629	1275	0	-4.0954
Izumo3	20	0.14465	0.48105	0.995001	1366	11	-4.114	0.91106	0.88055	0.97732	2572	0	-4.114
Fgfr3	20	0.14476	0.48161	0.995001	1367	10	-3.9445	0.13104	0.13829	0.890629	370	0	-3.9445
Nfam1	18	0.14479	0.46804	0.995001	1368	11	-4.025	0.65495	0.58708	0.915432	1819	0	-4.025
Slamf9	20	0.14501	0.48185	0.995001	1369	11	-3.9883	0.56276	0.51197	0.911968	1568	0	-3.9883
Dagla	20	0.14501	0.48185	0.995001	1370	12	-4.0334	0.82507	0.78487	0.963878	2317	0	-4.0334
Ffar1	20	0.14516	0.48194	0.995001	1371	8	-3.4225	0.33621	0.31882	0.890629	963	0	-3.4225
Htr3b	20	0.1461	0.48288	0.995001	1372	7	-3.5005	0.32463	0.31199	0.890629	909	0	-3.5005
H2-M10.1	20	0.1461	0.48288	0.995001	1373	8	-3.4715	0.12183	0.12067	0.890629	353	0	-3.4715
Unc5a	20	0.14614	0.48304	0.995001	1374	11	-3.9356	0.81385	0.76717	0.959971	2285	0	-3.9356
Nrros	20	0.14624	0.48411	0.995001	1375	8	-3.7295	0.83851	0.80033	0.963878	2362	0	-3.7295
Olfr318	20	0.14624	0.48411	0.995001	1376	10	-3.7909	0.73924	0.67894	0.936914	2073	0	-3.7909
Prss21	20	0.14665	0.48529	0.995001	1377	11	-4.1206	0.46725	0.4128	0.890629	1312	0	-4.1206
Dsg1b	19	0.14705	0.47888	0.995001	1378	9	-3.7255	0.17842	0.1853	0.890629	501	0	-3.7255
Slc7a6	20	0.14714	0.4861	0.995001	1379	10	-3.8298	0.91403	0.88342	0.977853	2583	0	-3.8298
Olfr493	20	0.14714	0.4861	0.995001	1380	9	-3.7078	0.8919	0.85866	0.974532	2512	0	-3.7078
Itgb6	19	0.14715	0.47959	0.995001	1381	12	-3.9983	0.95737	0.94175	0.99197	2708	0	-3.9983
Olfr2	19	0.14781	0.48067	0.995001	1382	8	-3.6275	0.31124	0.2998	0.890629	865	0	-3.6275
Olfr1416	20	0.14832	0.48697	0.995001	1383	10	-3.8089	0.38226	0.35217	0.890629	1080	0	-3.8089
Olfr1153	20	0.14866	0.48808	0.995001	1384	8	-3.4263	0.31425	0.30629	0.890629	879	0	-3.4263
Cdh17	20	0.14879	0.48863	0.995001	1385	12	-4.1398	0.54042	0.48891	0.911968	1510	0	-4.1398
Abcc5	20	0.14879	0.48863	0.995001	1386	12	-4.0013	0.34594	0.32572	0.890629	994	0	-4.0013
Slc28a3	20	0.14879	0.48863	0.995001	1387	12	-4.0314	0.45934	0.4104	0.890629	1294	0	-4.0314
Mag	17	0.14883	0.47321	0.995001	1388	9	-3.8677	0.5246	0.471	0.911088	1460	0	-3.8677
Il13ra2	20	0.14903	0.48922	0.995001	1389	8	-3.5446	0.17241	0.17769	0.890629	489	0	-3.5446
Ptgir	20	0.14958	0.49083	0.995001	1390	11	-3.955	0.43906	0.39569	0.890629	1248	0	-3.955
Lpl	20	0.14971	0.49113	0.995001	1391	10	-3.9504	0.24922	0.25461	0.890629	709	0	-3.9504
Fcgr2b	20	0.14971	0.49113	0.995001	1392	11	-3.9653	0.64192	0.57527	0.915432	1771	0	-3.9653
Cd40	20	0.14998	0.49137	0.995001	1393	6	-3.5543	0.89948	0.86781	0.976452	2536	0	-3.5543
Olfr635	20	0.15029	0.49195	0.995001	1394	5	-3.0842	0.050924	0.046947	0.863331	139	0	-3.0842
Olfr1426	20	0.15053	0.49213	0.995001	1395	12	-4.0807	0.31425	0.30629	0.890629	884	0	-4.0807
Tcirg1	20	0.15087	0.4929	0.995001	1396	12	-3.9633	0.67991	0.61494	0.920871	1880	0	-3.9633
Cd93	20	0.15087	0.4929	0.995001	1397	11	-3.9573	0.38226	0.35217	0.890629	1088	0	-3.9573
Casd1	20	0.15099	0.49349	0.995001	1398	10	-3.8546	0.51899	0.4558	0.900172	1450	0	-3.8546
Ghsr	20	0.15117	0.49359	0.995001	1399	11	-4.0609	0.74465	0.68627	0.936914	2090	0	-4.0609
Olfr1199	20	0.15149	0.4939	0.995001	1400	11	-3.9591	0.94742	0.92787	0.988396	2683	0	-3.9591
Ntng2	19	0.15158	0.48722	0.995001	1401	9	-3.6023	0.7017	0.64566	0.932583	1948	0	-3.6023
Olfr1098	20	0.15161	0.49402	0.995001	1402	4	-3.0993	0.44924	0.40434	0.890629	1281	0	-3.0993
Adra2c	16	0.15161	0.46883	0.995001	1403	7	-3.8322	0.052649	0.047449	0.863331	148	0	-3.8322
Grm8	20	0.15185	0.49475	0.995771	1404	11	-3.8814	0.26922	0.27517	0.890629	752	0	-3.8814
Eqtn	20	0.15247	0.49631	0.997514	1405	7	-3.4301	0.59794	0.5361	0.911968	1663	0	-3.4301
Olfr412	20	0.15247	0.49631	0.997514	1406	12	-4.0357	0.61768	0.54669	0.912635	1705	0	-4.0357
Cd82	18	0.15277	0.48463	0.995001	1407	9	-3.9609	0.26931	0.26697	0.890629	765	0	-3.9609
Olfr152	20	0.15284	0.49774	0.998947	1408	11	-3.9582	0.42271	0.3756	0.890629	1184	0	-3.9582
Cd300lg	19	0.15301	0.48936	0.995001	1409	12	-4.0519	0.77638	0.72365	0.945838	2178	0	-4.0519
Slc17a5	20	0.1533	0.49808	0.998947	1410	8	-3.4681	0.54501	0.49311	0.911968	1526	0	-3.4681
Cd70	18	0.15371	0.48658	0.995001	1411	8	-3.7758	0.86908	0.83196	0.972094	2445	0	-3.7758
Gria2	20	0.15402	0.49947	1.0	1412	12	-4.0968	0.91623	0.88627	0.979588	2590	0	-4.0968
Ramp3	19	0.1545	0.49167	0.995001	1413	10	-3.8623	0.5443	0.4954	0.911968	1514	0	-3.8623
Vmn1r225	17	0.15462	0.48318	0.995001	1414	9	-3.8958	0.0294	0.034208	0.863331	87	0	-3.8958
Abcb1a	20	0.15502	0.50064	1.0	1415	8	-3.655	0.17947	0.18287	0.890629	503	0	-3.655
Olfr13	20	0.15505	0.50076	1.0	1416	11	-3.9673	0.64192	0.57527	0.915432	1776	0	-3.9673
Plxna1	20	0.1553	0.50114	1.0	1417	11	-4.088	0.00049859	1.7322e-06	0.00165	2	0	-4.088
Gpr162	18	0.15561	0.48995	0.995001	1418	9	-3.8216	0.3798	0.33746	0.890629	1073	0	-3.8216
Gpr155	17	0.15564	0.48482	0.995001	1419	8	-3.6748	0.37312	0.32997	0.890629	1067	0	-3.6748
Pcdhb9	19	0.15585	0.49362	0.995001	1420	12	-4.0341	0.77128	0.72017	0.945838	2164	0	-4.0341
Olfr1095	19	0.15585	0.49362	0.995001	1421	10	-3.8677	0.77638	0.72365	0.945838	2179	0	-3.8677
Olfr695	18	0.1563	0.49095	0.995001	1422	10	-4.1094	0.6351	0.56673	0.915432	1756	0	-4.1094
Olfr211	18	0.15639	0.49125	0.995001	1423	10	-3.8514	0.41539	0.37199	0.890629	1175	0	-3.8514
Slc2a4	20	0.15661	0.50276	1.0	1424	9	-3.5181	0.41186	0.36792	0.890629	1165	0	-3.5181
Eda	20	0.157	0.50341	1.0	1425	11	-3.9771	0.73924	0.67894	0.936914	2066	0	-3.9771
Slc47a1	20	0.15754	0.50435	1.0	1426	9	-3.7442	0.78193	0.73106	0.945838	2205	0	-3.7442
Olfr1293-ps	20	0.15758	0.50446	1.0	1427	9	-3.6827	0.43906	0.39569	0.890629	1242	0	-3.6827
Ros1	20	0.1582	0.50493	1.0	1428	12	-3.8988	0.12183	0.12067	0.890629	338	0	-3.8988
Chrm1	20	0.15832	0.50528	1.0	1429	11	-3.9954	0.92416	0.89673	0.980439	2614	0	-3.9954
Il1rl2	20	0.15844	0.50554	1.0	1430	10	-3.8787	0.64192	0.57527	0.915432	1775	0	-3.8787
Olfr469	15	0.15897	0.48087	0.995001	1431	6	-3.6856	0.28774	0.26332	0.890629	810	0	-3.6856
Olfr933	20	0.15903	0.50648	1.0	1432	8	-3.3834	0.28703	0.28715	0.890629	800	0	-3.3834
Myadml2	20	0.1592	0.50691	1.0	1433	9	-3.8069	0.25853	0.26354	0.890629	721	0	-3.8069
Catsperd	20	0.15971	0.50745	1.0	1434	9	-3.4889	0.9528	0.93638	0.99197	2694	0	-3.4889
Slc22a14	20	0.15971	0.50745	1.0	1435	11	-3.8053	0.23967	0.24389	0.890629	678	0	-3.8053
Serinc1	18	0.15986	0.49675	0.997697	1436	7	-3.6794	0.42505	0.37795	0.890629	1204	0	-3.6794
Mfsd6l	19	0.16036	0.50356	1.0	1437	10	-3.9015	0.20297	0.20706	0.890629	565	0	-3.9015
Mrgprf	20	0.1607	0.50956	1.0	1438	10	-3.697	0.4816	0.42006	0.890629	1335	0	-3.697
Olfr1255	20	0.1611	0.5098	1.0	1439	10	-3.8262	0.84252	0.80338	0.963878	2374	0	-3.8262
Acvr1b	20	0.16123	0.51011	1.0	1440	10	-3.8672	0.52869	0.47244	0.911088	1487	0	-3.8672
Cnnm2	19	0.16138	0.50613	1.0	1441	6	-3.3556	0.58657	0.5212	0.911968	1637	0	-3.3556
Olfr147	20	0.16144	0.51028	1.0	1442	9	-3.7603	0.15587	0.17117	0.890629	439	0	-3.7603
Ccr2	20	0.16196	0.51047	1.0	1443	8	-3.7561	0.64192	0.57527	0.915432	1766	0	-3.7561
Olfr685	18	0.16244	0.50175	1.0	1444	8	-3.7904	0.62129	0.55006	0.915432	1718	0	-3.7904
Rnft1	20	0.16278	0.51156	1.0	1445	11	-3.9968	0.14232	0.15759	0.890629	394	0	-3.9968
Slc39a8	20	0.16299	0.51229	1.0	1446	12	-4.0985	0.69343	0.62508	0.920871	1925	0	-4.0985
Cd80	20	0.16348	0.51302	1.0	1447	8	-3.6931	0.76401	0.70234	0.936914	2145	0	-3.6931
Olfr1079	20	0.16379	0.51349	1.0	1448	7	-3.7203	0.16432	0.17439	0.890629	460	0	-3.7203
Lypd3	20	0.16413	0.51356	1.0	1449	11	-3.923	0.99287	0.98817	0.995919	2834	0	-3.923
Nrxn2	19	0.16428	0.51254	1.0	1450	10	-3.7812	0.71555	0.65841	0.936914	1994	0	-3.7812
Slc14a1	20	0.16495	0.51536	1.0	1451	12	-4.0756	0.52869	0.47244	0.911088	1472	0	-4.0756
Olfr91	20	0.16497	0.51548	1.0	1452	11	-4.0363	0.10133	0.10288	0.890629	287	0	-4.0363
Nipal1	20	0.16498	0.51548	1.0	1453	10	-3.6901	0.14819	0.16436	0.890629	406	0	-3.6901
Epha5	20	0.16505	0.51574	1.0	1454	12	-3.9949	0.95949	0.9443	0.99197	2719	0	-3.9949
Lrrtm2	19	0.16508	0.51423	1.0	1455	8	-3.4601	0.18716	0.19479	0.890629	535	0	-3.4601
Olfr169	18	0.16514	0.5059	1.0	1456	8	-3.5493	0.6351	0.56673	0.915432	1754	0	-3.5493
H13	20	0.16549	0.51714	1.0	1457	10	-3.9482	0.24922	0.25461	0.890629	704	0	-3.9482
Osmr	18	0.16554	0.50618	1.0	1458	8	-3.7851	0.30844	0.2919	0.890629	861	0	-3.7851
Atp1a3	20	0.16558	0.51732	1.0	1459	9	-3.8553	0.86364	0.82387	0.968184	2430	0	-3.8553
S1pr4	20	0.16609	0.51733	1.0	1460	9	-3.7509	0.39156	0.35626	0.890629	1114	0	-3.7509
Il12rb1	20	0.16657	0.5176	1.0	1461	11	-3.9295	0.40133	0.36279	0.890629	1131	0	-3.9295
Slc4a4	20	0.16669	0.51806	1.0	1462	9	-3.7874	0.25853	0.26354	0.890629	729	0	-3.7874
Scn3a	20	0.16684	0.51818	1.0	1463	6	-3.2777	0.17947	0.18287	0.890629	508	0	-3.2777
Olfr96	18	0.16711	0.50826	1.0	1464	7	-3.7786	0.39011	0.34471	0.890629	1105	0	-3.7786
Tacr3	20	0.16714	0.5194	1.0	1465	10	-3.8844	0.91403	0.88342	0.977853	2584	0	-3.8844
Nmur2	20	0.1672	0.51959	1.0	1466	12	-3.9986	0.98926	0.98233	0.995265	2820	0	-3.9986
Emb	20	0.16731	0.51979	1.0	1467	11	-4.0779	0.63401	0.57165	0.915432	1753	0	-4.0779
F2r	20	0.1674	0.51987	1.0	1468	9	-3.5107	0.18687	0.19281	0.890629	531	0	-3.5107
Opcml	20	0.16747	0.52021	1.0	1469	10	-3.7343	0.19597	0.20248	0.890629	556	0	-3.7343
Tenm3	18	0.16753	0.50898	1.0	1470	7	-3.5101	0.3798	0.33746	0.890629	1074	0	-3.5101
Tas2r105	19	0.1676	0.51841	1.0	1471	8	-3.4645	0.43257	0.38963	0.890629	1223	0	-3.4645
Psen1	20	0.16833	0.52129	1.0	1472	12	-4.0688	0.86364	0.82387	0.968184	2426	0	-4.0688
Olfr273	20	0.16833	0.52129	1.0	1473	12	-3.8773	0.23091	0.2313	0.890629	653	0	-3.8773
Acvrl1	20	0.16841	0.52169	1.0	1474	9	-3.774	0.6117	0.54094	0.911968	1692	0	-3.774
Olfr39	20	0.16899	0.52255	1.0	1475	12	-3.9916	0.81385	0.76717	0.959971	2289	0	-3.9916
Olfr568	20	0.16926	0.52308	1.0	1476	10	-3.8629	0.22231	0.22161	0.890629	628	0	-3.8629
Slc2a8	20	0.17075	0.52511	1.0	1477	11	-3.9706	0.14819	0.16436	0.890629	401	0	-3.9706
Cd200r1	18	0.17078	0.51505	1.0	1478	8	-3.7074	0.98958	0.98239	0.995265	2821	0	-3.7074
Lepr	19	0.17079	0.526	1.0	1479	12	-4.0293	0.41581	0.37258	0.890629	1177	0	-4.0293
Gpc1	19	0.17083	0.52678	1.0	1480	9	-3.7917	0.14869	0.16396	0.890629	421	0	-3.7917
Slc2a9	18	0.17113	0.51561	1.0	1481	10	-3.718	0.14144	0.1562	0.890629	388	0	-3.718
Olfr1058	20	0.17115	0.52583	1.0	1482	12	-4.0273	0.14819	0.16436	0.890629	411	0	-4.0273
1700017D01Rik	20	0.17115	0.52583	1.0	1483	12	-4.0327	0.47488	0.41644	0.890629	1321	0	-4.0327
Flt3	20	0.17152	0.52671	1.0	1484	12	-4.116	0.99467	0.99079	0.996715	2839	0	-4.116
Neto2	20	0.17187	0.52743	1.0	1485	11	-3.8567	0.21243	0.21518	0.890629	590	0	-3.8567
Slc17a7	20	0.17187	0.52743	1.0	1486	11	-3.9397	0.79793	0.74627	0.953615	2238	0	-3.9397
Thy1	20	0.17207	0.52782	1.0	1487	9	-3.7207	0.11	0.10842	0.890629	304	0	-3.7207
Chrna6	19	0.17235	0.52939	1.0	1488	10	-3.886	0.5443	0.4954	0.911968	1512	0	-3.886
Olfr994	18	0.17236	0.51726	1.0	1489	7	-3.7712	0.81055	0.76958	0.960886	2278	0	-3.7712
Tas1r2	20	0.17241	0.52855	1.0	1490	9	-3.7016	0.0021589	0.0040965	0.455255	6	0	-3.7016
Kcns1	18	0.1727	0.51786	1.0	1491	9	-3.9743	0.74605	0.69302	0.936914	2094	0	-3.9743
Cacng2	18	0.17272	0.51789	1.0	1492	11	-4.0555	0.25528	0.2602	0.890629	710	0	-4.0555
Slc36a1	20	0.17292	0.52912	1.0	1493	11	-3.9606	0.050924	0.046947	0.863331	142	0	-3.9606
Slc45a2	20	0.17301	0.52932	1.0	1494	9	-3.6967	0.38226	0.35217	0.890629	1096	0	-3.6967
Slc5a2	20	0.17301	0.52932	1.0	1495	10	-3.8438	0.7037	0.63521	0.922944	1962	0	-3.8438
Slc19a2	20	0.17308	0.52947	1.0	1496	12	-3.9681	0.13104	0.13829	0.890629	372	0	-3.9681
Gm9573	19	0.17324	0.53163	1.0	1497	10	-3.948	0.43257	0.38963	0.890629	1226	0	-3.948
Vmn1r232	20	0.17324	0.52954	1.0	1498	8	-3.537	0.76401	0.70234	0.936914	2138	0	-3.537
Pcdhgb2	18	0.17327	0.52014	1.0	1499	5	-3.4173	0.76873	0.71571	0.945838	2151	0	-3.4173
Amhr2	20	0.17379	0.52979	1.0	1500	11	-4.0341	0.43906	0.39569	0.890629	1238	0	-4.0341
Ly6e	20	0.17412	0.5313	1.0	1501	10	-3.8785	0.49964	0.43654	0.892668	1390	0	-3.8785
Olfr689	18	0.17444	0.5218	1.0	1502	10	-4.0303	0.20251	0.2024	0.890629	558	0	-4.0303
5330417C22Rik	19	0.17448	0.53338	1.0	1503	9	-3.7965	0.92878	0.90695	0.984287	2624	0	-3.7965
Olfr876	20	0.17496	0.53171	1.0	1504	7	-3.7066	0.67991	0.61494	0.920871	1888	0	-3.7066
Rtn4rl2	20	0.17515	0.53179	1.0	1505	9	-3.6941	0.23967	0.24389	0.890629	674	0	-3.6941
Lrrn2	20	0.17516	0.53189	1.0	1506	12	-3.9075	0.74465	0.68627	0.936914	2085	0	-3.9075
Antxr2	20	0.17516	0.53189	1.0	1507	9	-3.7698	0.23091	0.2313	0.890629	642	0	-3.7698
Btc	17	0.17534	0.52118	1.0	1508	6	-3.5066	0.68099	0.62117	0.920871	1893	0	-3.5066
Slc12a4	20	0.17549	0.53209	1.0	1509	9	-3.6351	0.027075	0.031594	0.863331	71	0	-3.6351
Gm5868	18	0.17596	0.52374	1.0	1510	8	-3.6488	0.36056	0.32626	0.890629	1022	0	-3.6488
Cd180	20	0.17597	0.53342	1.0	1511	9	-3.7249	0.78193	0.73106	0.945838	2212	0	-3.7249
Cacna1c	20	0.17602	0.53354	1.0	1512	9	-3.7913	0.59794	0.5361	0.911968	1662	0	-3.7913
Olfr518	20	0.17605	0.53363	1.0	1513	11	-4.0236	0.59794	0.5361	0.911968	1668	0	-4.0236
Mrgpra6	20	0.17633	0.53383	1.0	1514	11	-4.0727	0.54501	0.49311	0.911968	1531	0	-4.0727
Sort1	20	0.17687	0.53555	1.0	1515	7	-3.2805	0.00083086	1.7322e-06	0.00165	3	0	-3.2805
Ntng1	20	0.17687	0.53555	1.0	1516	11	-3.9201	0.64192	0.57527	0.915432	1762	0	-3.9201
Adora2b	20	0.17698	0.53613	1.0	1517	11	-3.9672	0.65145	0.5823	0.915432	1805	0	-3.9672
Dct	18	0.17714	0.52563	1.0	1518	11	-3.9584	0.4997	0.44939	0.900172	1400	0	-3.9584
Mrgpra2a	8	0.17728	0.4504	0.992846	1519	3	-3.6874	0.22266	0.19151	0.890629	632	0	-3.6874
Olfr631	20	0.17742	0.53727	1.0	1520	12	-3.8771	0.78193	0.73106	0.945838	2194	0	-3.8771
Hcar2	20	0.17744	0.53728	1.0	1521	8	-3.5317	0.23967	0.24389	0.890629	672	0	-3.5317
Il17ra	19	0.17751	0.54009	1.0	1522	9	-3.7467	0.44246	0.39574	0.890629	1260	0	-3.7467
Tmem132b	20	0.17802	0.5383	1.0	1523	11	-3.9956	0.35488	0.33002	0.890629	1005	0	-3.9956
Olfr585	20	0.17811	0.53847	1.0	1524	12	-3.9419	0.088633	0.08998	0.890629	253	0	-3.9419
Bace1	20	0.17823	0.53865	1.0	1525	8	-3.7756	0.021228	0.023888	0.863331	62	0	-3.7756
Olfr95	20	0.17826	0.53906	1.0	1526	12	-3.9486	0.83413	0.79547	0.963878	2344	0	-3.9486
Gper1	20	0.17826	0.53906	1.0	1527	9	-3.6831	0.68499	0.6203	0.920871	1904	0	-3.6831
Adam18	20	0.17847	0.53941	1.0	1528	10	-3.8428	0.57391	0.51819	0.911968	1604	0	-3.8428
Olfr316	20	0.17847	0.53941	1.0	1529	10	-3.7486	0.90286	0.87174	0.97732	2548	0	-3.7486
Olfr1045	20	0.17849	0.53947	1.0	1530	11	-3.8531	0.76401	0.70234	0.936914	2134	0	-3.8531
Abca13	20	0.1785	0.53947	1.0	1531	10	-3.7272	0.25853	0.26354	0.890629	726	0	-3.7272
Olfr726	18	0.17859	0.5278	1.0	1532	9	-3.7965	0.91274	0.88527	0.979144	2579	0	-3.7965
Olfr1191-ps1	18	0.1787	0.52813	1.0	1533	6	-3.4215	0.36056	0.32626	0.890629	1023	0	-3.4215
Cx3cr1	20	0.17889	0.53983	1.0	1534	11	-3.9833	0.13627	0.1507	0.890629	377	0	-3.9833
Mas1	20	0.17927	0.54066	1.0	1535	11	-3.8771	0.08329	0.084585	0.890629	237	0	-3.8771
Olfr508	20	0.17944	0.54084	1.0	1536	8	-3.6456	0.6254	0.55878	0.915432	1727	0	-3.6456
Tlr4	20	0.18062	0.54221	1.0	1537	7	-2.7048	0.094702	0.097307	0.890629	261	0	-2.7048
Tm4sf5	20	0.18106	0.54293	1.0	1538	9	-3.6841	0.66002	0.5884	0.915432	1837	0	-3.6841
P2rx2	18	0.18122	0.53325	1.0	1539	8	-3.7942	0.64642	0.58242	0.915432	1789	0	-3.7942
Slc6a19	20	0.18146	0.54385	1.0	1540	12	-4.0721	0.47488	0.41644	0.890629	1327	0	-4.0721
Olfr1214	20	0.18242	0.54579	1.0	1541	10	-3.9444	0.31425	0.30629	0.890629	881	0	-3.9444
Pmel	20	0.18248	0.54613	1.0	1542	12	-4.0277	0.38226	0.35217	0.890629	1083	0	-4.0277
Nphs1	20	0.18248	0.54613	1.0	1543	12	-3.9597	0.49964	0.43654	0.892668	1377	0	-3.9597
Celsr2	20	0.18263	0.54666	1.0	1544	8	-3.4325	0.56276	0.51197	0.911968	1569	0	-3.4325
Cadm2	20	0.1837	0.54809	1.0	1545	10	-3.8927	0.46725	0.4128	0.890629	1301	0	-3.8927
Epha10	20	0.18417	0.54852	1.0	1546	9	-3.6727	0.9271	0.89993	0.981305	2620	0	-3.6727
Gpr143	20	0.18417	0.54852	1.0	1547	10	-3.769	0.97332	0.96223	0.993156	2765	0	-3.769
Gpr139	20	0.18444	0.5489	1.0	1548	9	-3.2577	0.41186	0.36792	0.890629	1162	0	-3.2577
Plppr5	20	0.18462	0.54899	1.0	1549	8	-3.4198	0.78837	0.73674	0.947614	2216	0	-3.4198
Rhcg	19	0.18474	0.55239	1.0	1550	10	-3.843	0.80913	0.76941	0.960886	2276	0	-3.843
Emcn	20	0.18493	0.54925	1.0	1551	10	-3.4559	0.67377	0.60527	0.920871	1868	0	-3.4559
Tas2r118	20	0.1851	0.55004	1.0	1552	8	-3.6432	0.25853	0.26354	0.890629	730	0	-3.6432
Slco1b2	20	0.18548	0.55095	1.0	1553	7	-3.2236	0.027075	0.031594	0.863331	73	0	-3.2236
H2-M10.5	20	0.18565	0.55132	1.0	1554	12	-4.0027	0.32463	0.31199	0.890629	916	0	-4.0027
Olfr646	20	0.18565	0.55132	1.0	1555	12	-3.9413	0.17947	0.18287	0.890629	511	0	-3.9413
Slc36a2	20	0.18565	0.55132	1.0	1556	12	-3.979	0.64192	0.57527	0.915432	1778	0	-3.979
Gabrp	18	0.1858	0.54064	1.0	1557	11	-4.0251	0.77437	0.72182	0.945838	2166	0	-4.0251
Cldn18	20	0.18598	0.55156	1.0	1558	11	-4.0887	0.88284	0.84719	0.97237	2485	0	-4.0887
Adcyap1r1	20	0.18598	0.55156	1.0	1559	11	-4.0791	0.75691	0.69768	0.936914	2123	0	-4.0791
Agtr2	20	0.186	0.55163	1.0	1560	10	-3.8203	0.027075	0.031594	0.863331	79	0	-3.8203
Olfr1252	20	0.186	0.55163	1.0	1561	10	-3.9711	0.11	0.10842	0.890629	320	0	-3.9711
Malrd1	18	0.18616	0.54094	1.0	1562	9	-3.7262	0.41539	0.37199	0.890629	1174	0	-3.7262
Olfr16	20	0.18619	0.55232	1.0	1563	6	-3.5513	0.24922	0.25461	0.890629	696	0	-3.5513
Grm5	20	0.18639	0.55267	1.0	1564	10	-3.7549	0.34594	0.32572	0.890629	998	0	-3.7549
Asic1	20	0.18662	0.55328	1.0	1565	10	-3.9706	0.36392	0.33433	0.890629	1044	0	-3.9706
Slitrk1	20	0.18662	0.55328	1.0	1566	11	-3.9179	0.68759	0.6218	0.920871	1910	0	-3.9179
Slc1a3	20	0.18662	0.55328	1.0	1567	11	-3.9877	0.22231	0.22161	0.890629	630	0	-3.9877
Olfr1508	20	0.18697	0.55358	1.0	1568	11	-3.9896	0.69343	0.62508	0.920871	1928	0	-3.9896
Tpbgl	19	0.18726	0.55582	1.0	1569	8	-3.7855	0.26737	0.27361	0.890629	748	0	-3.7855
Psg16	16	0.18761	0.53496	1.0	1570	8	-3.3609	0.027695	0.032036	0.863331	85	0	-3.3609
Musk	20	0.18769	0.55477	1.0	1571	10	-3.7455	0.26922	0.27517	0.890629	753	0	-3.7455
Art3	18	0.18791	0.5446	1.0	1572	11	-3.844	0.29759	0.28548	0.890629	835	0	-3.844
Gpr31b	7	0.18829	0.4467	0.991123	1573	2	-3.3924	0.85692	0.82477	0.968844	2411	0	-3.3924
Cysltr1	20	0.1886	0.55668	1.0	1574	10	-3.9956	0.63401	0.57165	0.915432	1747	0	-3.9956
H2-M11	20	0.18892	0.55747	1.0	1575	7	-3.7396	0.18687	0.19281	0.890629	527	0	-3.7396
Pcdh7	20	0.18897	0.55753	1.0	1576	11	-3.9838	0.0028222	0.0040965	0.455255	8	0	-3.9838
Il5ra	20	0.18931	0.55753	1.0	1577	8	-3.4487	0.12183	0.12067	0.890629	355	0	-3.4487
Olfr576	20	0.18939	0.5577	1.0	1578	11	-4.0903	0.32463	0.31199	0.890629	908	0	-4.0903
Mfsd11	20	0.19012	0.55831	1.0	1579	9	-3.6047	0.14819	0.16436	0.890629	405	0	-3.6047
Psg26	20	0.19037	0.55979	1.0	1580	12	-4.0173	0.0061328	0.0041	0.455255	19	0	-4.0173
Scn2a	20	0.19037	0.55979	1.0	1581	12	-3.9259	0.39156	0.35626	0.890629	1113	0	-3.9259
Olfr24	20	0.19037	0.55979	1.0	1582	12	-3.924	0.75691	0.69768	0.936914	2113	0	-3.924
Scn1a	19	0.19082	0.56058	1.0	1583	11	-3.9906	0.15678	0.16747	0.890629	446	0	-3.9906
Asgr1	18	0.19148	0.5521	1.0	1584	10	-4.0447	0.43263	0.38033	0.890629	1228	0	-4.0447
Olfr503	20	0.19152	0.56201	1.0	1585	9	-3.703	0.14232	0.15759	0.890629	393	0	-3.703
Olfr186	20	0.19161	0.56229	1.0	1586	11	-3.9496	0.71201	0.6487	0.932583	1982	0	-3.9496
Fpr-rs7	20	0.19225	0.56333	1.0	1587	8	-3.6449	0.49964	0.43654	0.892668	1393	0	-3.6449
Igsf9b	20	0.193	0.5647	1.0	1588	9	-3.844	0.58306	0.52725	0.911968	1634	0	-3.844
Fzd5	20	0.19345	0.5647	1.0	1589	8	-3.7172	0.67991	0.61494	0.920871	1890	0	-3.7172
Ttyh2	20	0.19358	0.56495	1.0	1590	8	-3.7864	0.32463	0.31199	0.890629	898	0	-3.7864
Kcnmb1	20	0.1939	0.56519	1.0	1591	9	-3.6559	0.046803	0.046943	0.863331	133	0	-3.6559
H2-Bl	20	0.19423	0.56544	1.0	1592	11	-3.9624	0.25853	0.26354	0.890629	718	0	-3.9624
Olfr1122	18	0.19462	0.55736	1.0	1593	10	-3.9481	0.43263	0.38033	0.890629	1230	0	-3.9481
Olfr1161	20	0.19462	0.56556	1.0	1594	5	-3.5079	0.66002	0.5884	0.915432	1831	0	-3.5079
Clec1a	20	0.19489	0.56581	1.0	1595	8	-3.6579	0.6254	0.55878	0.915432	1734	0	-3.6579
Dner	20	0.19515	0.56689	1.0	1596	12	-4.0345	0.46359	0.4116	0.890629	1299	0	-4.0345
Nkain3	20	0.19515	0.56689	1.0	1597	12	-3.9865	0.9271	0.89993	0.981305	2615	0	-3.9865
Pcdh11x	20	0.19543	0.56759	1.0	1598	10	-3.8356	0.6117	0.54094	0.911968	1697	0	-3.8356
Pear1	18	0.19599	0.56039	1.0	1599	11	-3.8327	0.57909	0.50907	0.911968	1614	0	-3.8327
Klrb1a	16	0.19603	0.55069	1.0	1600	6	-3.5087	0.31131	0.28647	0.890629	868	0	-3.5087
Chrnb2	20	0.1962	0.5688	1.0	1601	11	-4.0409	0.18687	0.19281	0.890629	522	0	-4.0409
Olfr701	20	0.19681	0.56927	1.0	1602	9	-3.6263	0.21243	0.21518	0.890629	604	0	-3.6263
Pcdhb11	20	0.19699	0.56959	1.0	1603	8	-3.3031	0.40133	0.36279	0.890629	1148	0	-3.3031
Olfr90	17	0.19721	0.55626	1.0	1604	10	-3.9703	0.77863	0.73673	0.947614	2183	0	-3.9703
Ptgfr	20	0.19735	0.57012	1.0	1605	12	-3.9898	0.12183	0.12067	0.890629	337	0	-3.9898
Pttg1ip	18	0.1975	0.56368	1.0	1606	10	-3.8858	0.80149	0.76133	0.958887	2240	0	-3.8858
Alpi	20	0.19773	0.57068	1.0	1607	11	-4.0175	0.17241	0.17769	0.890629	486	0	-4.0175
Fat4	20	0.198	0.57069	1.0	1608	9	-3.4793	0.34594	0.32572	0.890629	989	0	-3.4793
Heg1	20	0.19819	0.5709	1.0	1609	12	-4.0051	0.4892	0.42599	0.890629	1351	0	-4.0051
Psg29	20	0.1989	0.57277	1.0	1610	9	-3.743	0.041228	0.043122	0.863331	109	0	-3.743
Ptprd	19	0.19896	0.57402	1.0	1611	8	-3.7925	0.38578	0.34867	0.890629	1099	0	-3.7925
Olfr1054	20	0.19955	0.57338	1.0	1612	8	-3.4002	0.050924	0.046947	0.863331	147	0	-3.4002
Nagpa	20	0.19968	0.57338	1.0	1613	10	-3.7411	0.10133	0.10288	0.890629	290	0	-3.7411
Olfr414	16	0.19999	0.55755	1.0	1614	10	-3.9501	0.26051	0.25434	0.890629	741	0	-3.9501
Hyal2	20	0.20008	0.57411	1.0	1615	8	-3.6821	0.71201	0.6487	0.932583	1983	0	-3.6821
Slc16a5	20	0.2001	0.57411	1.0	1616	6	-3.4714	0.50962	0.44352	0.892668	1415	0	-3.4714
Met	19	0.20011	0.57564	1.0	1617	10	-4.0972	0.27486	0.2764	0.890629	772	0	-4.0972
Procr	20	0.20039	0.57412	1.0	1618	10	-3.5872	0.97707	0.96762	0.993293	2782	0	-3.5872
Vipr2	19	0.20106	0.57754	1.0	1619	6	-3.4601	0.1048	0.1039	0.890629	294	0	-3.4601
Olfr1077-ps1	20	0.20136	0.57598	1.0	1620	10	-3.6837	0.61768	0.54669	0.912635	1715	0	-3.6837
Ephb4	20	0.20163	0.57619	1.0	1621	12	-3.8812	0.82507	0.78487	0.963878	2309	0	-3.8812
Ncmap	18	0.20173	0.56969	1.0	1622	8	-3.7127	0.74605	0.69302	0.936914	2091	0	-3.7127
Evi2b	4	0.20175	0.39255	0.975144	1623	1	-3.2457	0.16659	0.1418	0.890629	471	0	-3.2457
Slc34a2	20	0.2023	0.57828	1.0	1624	11	-3.9891	0.49964	0.43654	0.892668	1395	0	-3.9891
Gpr160	20	0.20248	0.57845	1.0	1625	11	-3.8728	0.071278	0.063944	0.890629	200	0	-3.8728
Brs3	18	0.20276	0.57131	1.0	1626	7	-3.7455	0.69011	0.63271	0.922944	1913	0	-3.7455
Lag3	20	0.20297	0.57883	1.0	1627	11	-3.9702	0.43906	0.39569	0.890629	1241	0	-3.9702
Gm37388	19	0.20318	0.57986	1.0	1628	11	-4.0691	0.89398	0.86337	0.974532	2520	0	-4.0691
Cadm3	20	0.20338	0.57934	1.0	1629	11	-3.8885	0.20698	0.20885	0.890629	582	0	-3.8885
Olfr296-ps1	20	0.20356	0.57968	1.0	1630	9	-3.7387	0.82507	0.78487	0.963878	2326	0	-3.7387
Tbxa2r	18	0.20372	0.57312	1.0	1631	9	-3.8935	0.53597	0.48141	0.911968	1491	0	-3.8935
Slc6a8	17	0.20398	0.56509	1.0	1632	10	-4.0171	0.30293	0.2858	0.890629	839	0	-4.0171
Ereg	20	0.20402	0.58032	1.0	1633	5	-3.4359	0.57391	0.51819	0.911968	1591	0	-3.4359
Enpp5	20	0.20404	0.58054	1.0	1634	11	-3.8441	0.33621	0.31882	0.890629	966	0	-3.8441
Glrb	19	0.20407	0.58186	1.0	1635	7	-3.5804	0.47175	0.41051	0.890629	1315	0	-3.5804
Scarf1	20	0.20441	0.58089	1.0	1636	8	-3.4001	0.6117	0.54094	0.911968	1695	0	-3.4001
Olfr813	20	0.20475	0.58098	1.0	1637	8	-3.5359	0.14819	0.16436	0.890629	414	0	-3.5359
Olfr248	20	0.205	0.58214	1.0	1638	9	-3.7964	0.61768	0.54669	0.912635	1713	0	-3.7964
Cdh7	20	0.20519	0.58268	1.0	1639	12	-3.9945	0.92416	0.89673	0.980439	2610	0	-3.9945
Slc9a2	20	0.20519	0.58268	1.0	1640	12	-3.9946	0.94587	0.92616	0.988044	2677	0	-3.9946
Nkain2	20	0.20519	0.58268	1.0	1641	12	-3.9099	0.78193	0.73106	0.945838	2201	0	-3.9099
Dll1	20	0.20602	0.58408	1.0	1642	9	-3.8014	0.33621	0.31882	0.890629	965	0	-3.8014
Lrrc24	20	0.20618	0.58431	1.0	1643	12	-3.9526	0.094702	0.097307	0.890629	265	0	-3.9526
Ptch1	20	0.20618	0.58431	1.0	1644	8	-3.5711	0.17947	0.18287	0.890629	514	0	-3.5711
Lrp1b	20	0.20634	0.58448	1.0	1645	10	-3.9928	0.17241	0.17769	0.890629	480	0	-3.9928
Vsig8	20	0.20653	0.58477	1.0	1646	8	-3.4999	0.50962	0.44352	0.892668	1421	0	-3.4999
Clec7a	16	0.20691	0.57034	1.0	1647	10	-3.9591	0.71129	0.65707	0.936914	1979	0	-3.9591
Adrb3	20	0.20709	0.5849	1.0	1648	10	-3.8312	0.74465	0.68627	0.936914	2087	0	-3.8312
Tlr6	20	0.20709	0.5849	1.0	1649	7	-3.6707	0.72793	0.67059	0.936914	2028	0	-3.6707
Olfr510	20	0.20713	0.58528	1.0	1650	11	-4.0319	0.92937	0.90388	0.98299	2629	0	-4.0319
Zfyve27	20	0.20738	0.58548	1.0	1651	11	-3.9866	0.14232	0.15759	0.890629	391	0	-3.9866
Olfr1453	18	0.20743	0.57732	1.0	1652	9	-3.9352	0.93594	0.91541	0.985609	2650	0	-3.9352
Il7r	20	0.20788	0.58769	1.0	1653	6	-3.4797	0.67991	0.61494	0.920871	1885	0	-3.4797
Gdpd2	18	0.20823	0.57762	1.0	1654	11	-4.0067	0.72735	0.66415	0.936914	2022	0	-4.0067
F3	20	0.20845	0.58924	1.0	1655	10	-3.8064	0.077611	0.077067	0.890629	221	0	-3.8064
Spns3	18	0.20877	0.57918	1.0	1656	8	-3.7143	0.50773	0.45765	0.900172	1409	0	-3.7143
Nrcam	20	0.20885	0.58929	1.0	1657	9	-3.7358	0.0034852	0.0040965	0.455255	11	0	-3.7358
Gabra1	20	0.20894	0.5894	1.0	1658	11	-4.0175	0.89555	0.86289	0.974532	2532	0	-4.0175
Olfr43	12	0.20896	0.54674	1.0	1659	7	-4.0497	0.43836	0.37769	0.890629	1232	0	-4.0497
Olfr220	18	0.20907	0.57949	1.0	1660	8	-3.7554	0.0081968	0.0071036	0.697001	26	0	-3.7554
Folr1	20	0.20991	0.59204	1.0	1661	8	-3.7702	0.93802	0.91664	0.985609	2653	0	-3.7702
Egf	20	0.21051	0.59295	1.0	1662	12	-3.9391	0.68499	0.6203	0.920871	1901	0	-3.9391
Daglb	19	0.21073	0.59078	1.0	1663	10	-3.8677	0.71555	0.65841	0.936914	1996	0	-3.8677
Pla2r1	20	0.21087	0.59403	1.0	1664	10	-3.9545	0.32463	0.31199	0.890629	922	0	-3.9545
Cntn3	20	0.21092	0.59427	1.0	1665	8	-3.6703	0.8893	0.85421	0.973026	2506	0	-3.6703
Mpl	20	0.21097	0.59457	1.0	1666	8	-3.3486	0.19597	0.20248	0.890629	544	0	-3.3486
Bmpr2	20	0.21199	0.59607	1.0	1667	7	-3.4206	0.17629	0.17943	0.890629	495	0	-3.4206
Plxnb3	20	0.21271	0.5965	1.0	1668	12	-3.9957	0.38226	0.35217	0.890629	1084	0	-3.9957
P2ry13	20	0.21283	0.59723	1.0	1669	11	-4.0123	0.40133	0.36279	0.890629	1147	0	-4.0123
Olfr1212	20	0.21283	0.59723	1.0	1670	9	-3.7503	0.56276	0.51197	0.911968	1575	0	-3.7503
Tmem30a	20	0.21283	0.5973	1.0	1671	8	-3.5892	0.077611	0.077067	0.890629	216	0	-3.5892
Vmn1r227	20	0.21303	0.5973	1.0	1672	9	-3.8083	0.98031	0.97175	0.993293	2790	0	-3.8083
Ptgdr2	20	0.21326	0.59834	1.0	1673	12	-3.8985	0.13104	0.13829	0.890629	369	0	-3.8985
Zan	20	0.21345	0.59892	1.0	1674	11	-4.0296	0.99224	0.98719	0.995919	2831	0	-4.0296
Gramd1b	20	0.21359	0.59925	1.0	1675	12	-3.9085	0.17947	0.18287	0.890629	510	0	-3.9085
Ulbp1	20	0.2137	0.59925	1.0	1676	9	-3.8043	0.057389	0.050749	0.863331	159	0	-3.8043
Olfr1219	19	0.21378	0.59519	1.0	1677	9	-3.7173	0.18716	0.19479	0.890629	536	0	-3.7173
Cdhr4	20	0.21427	0.60007	1.0	1678	9	-3.6562	0.6254	0.55878	0.915432	1737	0	-3.6562
Olfr1080	15	0.21446	0.56823	1.0	1679	7	-3.843	0.96384	0.94759	0.99197	2731	0	-3.843
Olfr835	20	0.21489	0.60056	1.0	1680	8	-3.4759	0.23967	0.24389	0.890629	666	0	-3.4759
Olfr73	20	0.21489	0.60056	1.0	1681	11	-3.9714	0.72793	0.67059	0.936914	2032	0	-3.9714
Slco1a5	20	0.21495	0.60075	1.0	1682	11	-3.8464	0.76401	0.70234	0.936914	2147	0	-3.8464
Psg19	18	0.21506	0.58939	1.0	1683	6	-3.5555	0.51616	0.46757	0.911088	1432	0	-3.5555
Ms4a6c	20	0.21555	0.60096	1.0	1684	8	-3.3364	0.16851	0.17595	0.890629	472	0	-3.3364
D430019H16Rik	18	0.21566	0.58987	1.0	1685	8	-3.7877	0.20251	0.2024	0.890629	559	0	-3.7877
Epgn	20	0.21568	0.60182	1.0	1686	12	-3.9149	0.92133	0.89347	0.980439	2600	0	-3.9149
Slc22a4	20	0.21568	0.60182	1.0	1687	12	-3.9953	0.78193	0.73106	0.945838	2211	0	-3.9953
Lrig2	20	0.21568	0.60182	1.0	1688	12	-3.9414	0.42271	0.3756	0.890629	1190	0	-3.9414
Vldlr	20	0.21609	0.60334	1.0	1689	9	-3.7598	0.52869	0.47244	0.911088	1483	0	-3.7598
Tas1r3	20	0.21638	0.60358	1.0	1690	8	-3.6882	0.8893	0.85421	0.973026	2509	0	-3.6882
Phex	19	0.21643	0.59878	1.0	1691	9	-3.7936	0.84936	0.80941	0.963878	2389	0	-3.7936
Olfr577	20	0.21644	0.60365	1.0	1692	9	-3.7662	0.29434	0.29156	0.890629	822	0	-3.7662
Tecta	20	0.21679	0.60445	1.0	1693	10	-3.8557	0.67377	0.60527	0.920871	1859	0	-3.8557
Olfr437	20	0.21749	0.60456	1.0	1694	11	-4.0095	0.87967	0.84444	0.97237	2468	0	-4.0095
Olfr1013	18	0.21811	0.59444	1.0	1695	11	-4.027	0.77977	0.73095	0.945838	2186	0	-4.027
Ceacam11	18	0.21811	0.59444	1.0	1696	11	-3.9953	0.50773	0.45765	0.900172	1408	0	-3.9953
Olfr262	20	0.2184	0.60609	1.0	1697	10	-3.9469	0.33621	0.31882	0.890629	955	0	-3.9469
Itga8	18	0.21859	0.5963	1.0	1698	9	-3.9555	0.65495	0.58708	0.915432	1815	0	-3.9555
Olfr1262	18	0.21863	0.59647	1.0	1699	9	-3.5205	0.51616	0.46757	0.911088	1433	0	-3.5205
Gsg1l2	20	0.2188	0.60631	1.0	1700	11	-4.0272	0.78193	0.73106	0.945838	2204	0	-4.0272
Gm36028	18	0.21885	0.59692	1.0	1701	10	-3.8955	0.34268	0.31509	0.890629	970	0	-3.8955
Aplnr	18	0.21936	0.59798	1.0	1702	9	-3.9236	0.14918	0.15926	0.890629	423	0	-3.9236
Adam8	20	0.21957	0.60755	1.0	1703	12	-4.0001	0.89948	0.86781	0.976452	2540	0	-4.0001
Cd84	18	0.21963	0.59822	1.0	1704	7	-3.585	0.28788	0.28016	0.890629	814	0	-3.585
Slco6d1	20	0.21967	0.6082	1.0	1705	10	-3.8554	0.47488	0.41644	0.890629	1325	0	-3.8554
Adora2a	20	0.21969	0.60873	1.0	1706	11	-3.9734	0.12183	0.12067	0.890629	346	0	-3.9734
Cd300a	18	0.22007	0.59858	1.0	1707	9	-3.8393	0.3798	0.33746	0.890629	1075	0	-3.8393
Abca12	20	0.2201	0.60917	1.0	1708	8	-3.7053	0.46725	0.4128	0.890629	1309	0	-3.7053
Olfr495	20	0.22011	0.60932	1.0	1709	11	-4.0676	0.77522	0.7199	0.945838	2174	0	-4.0676
Tfpi	20	0.22021	0.6098	1.0	1710	9	-3.5065	0.065372	0.058304	0.877019	181	0	-3.5065
Lingo2	18	0.22064	0.59898	1.0	1711	9	-3.8469	0.42505	0.37795	0.890629	1209	0	-3.8469
Gm21973	13	0.22109	0.56807	1.0	1712	6	-3.5048	0.72029	0.66818	0.936914	2016	0	-3.5048
Cdh26	20	0.22119	0.61052	1.0	1713	10	-3.892	0.54501	0.49311	0.911968	1527	0	-3.892
Pcdhb6	20	0.22205	0.61175	1.0	1714	8	-3.5316	0.29434	0.29156	0.890629	821	0	-3.5316
Csmd1	20	0.22229	0.61194	1.0	1715	12	-3.9767	0.6117	0.54094	0.911968	1694	0	-3.9767
Gpr87	20	0.22229	0.61194	1.0	1716	12	-3.9116	0.35488	0.33002	0.890629	1004	0	-3.9116
Mc4r	18	0.22253	0.60463	1.0	1717	7	-3.8057	0.8513	0.81219	0.964798	2401	0	-3.8057
Tmem225	18	0.22253	0.60463	1.0	1718	10	-3.8497	0.84709	0.80852	0.963878	2386	0	-3.8497
Igsf3	20	0.22283	0.61263	1.0	1719	9	-3.709	0.57391	0.51819	0.911968	1597	0	-3.709
Lpar1	20	0.22297	0.6127	1.0	1720	7	-3.7358	0.80346	0.75275	0.953615	2259	0	-3.7358
Olfr65	20	0.22302	0.61283	1.0	1721	9	-3.7022	0.98188	0.97333	0.993843	2797	0	-3.7022
Olfr1232	20	0.22436	0.61433	1.0	1722	12	-3.9238	0.40133	0.36279	0.890629	1142	0	-3.9238
Olfr668	20	0.22493	0.61503	1.0	1723	10	-3.8314	0.14819	0.16436	0.890629	413	0	-3.8314
Gpr62	20	0.22511	0.61511	1.0	1724	10	-3.9022	0.34594	0.32572	0.890629	997	0	-3.9022
Efnb2	18	0.22546	0.60915	1.0	1725	8	-3.3733	0.070129	0.07015	0.890629	192	0	-3.3733
Lifr	20	0.2266	0.61687	1.0	1726	9	-3.6579	0.22231	0.22161	0.890629	617	0	-3.6579
Tspan31	20	0.2266	0.61709	1.0	1727	10	-3.9386	0.61768	0.54669	0.912635	1707	0	-3.9386
Olfr1451	20	0.2267	0.61764	1.0	1728	10	-3.5107	0.0024906	0.0040965	0.455255	7	0	-3.5107
Dpp4	19	0.22699	0.61348	1.0	1729	10	-3.985	0.27486	0.2764	0.890629	773	0	-3.985
Vmn1r226	20	0.2274	0.61826	1.0	1730	9	-3.8424	0.93587	0.91317	0.985216	2646	0	-3.8424
Mill2	20	0.22759	0.61826	1.0	1731	9	-3.6967	0.8505	0.809	0.963878	2399	0	-3.6967
Scarf2	20	0.22773	0.61881	1.0	1732	12	-4.0156	0.89948	0.86781	0.976452	2538	0	-4.0156
Pqlc2	20	0.22773	0.61881	1.0	1733	12	-3.8866	0.91403	0.88342	0.977853	2587	0	-3.8866
Flvcr2	20	0.22808	0.61924	1.0	1734	10	-3.7538	0.80346	0.75275	0.953615	2258	0	-3.7538
Gpr61	20	0.22821	0.61967	1.0	1735	9	-3.538	0.4892	0.42599	0.890629	1358	0	-3.538
Olfr478	20	0.22833	0.61994	1.0	1736	10	-3.7517	0.51899	0.4558	0.900172	1447	0	-3.7517
Kremen2	20	0.22864	0.62041	1.0	1737	11	-3.8001	0.52869	0.47244	0.911088	1475	0	-3.8001
Gabbr1	20	0.22864	0.62041	1.0	1738	10	-3.9351	0.86784	0.83009	0.971102	2444	0	-3.9351
Pcdhgb7	18	0.22891	0.61366	1.0	1739	7	-3.5917	0.83819	0.79738	0.963878	2353	0	-3.5917
Amigo2	18	0.22942	0.61386	1.0	1740	10	-3.9541	0.62129	0.55006	0.915432	1720	0	-3.9541
Olfr1032	18	0.2303	0.61631	1.0	1741	7	-3.5899	0.48247	0.42204	0.890629	1349	0	-3.5899
Tmem161a	18	0.23066	0.61698	1.0	1742	8	-3.541	0.080135	0.082227	0.890629	228	0	-3.541
Olfr850	20	0.23092	0.62365	1.0	1743	12	-3.916	0.10133	0.10288	0.890629	291	0	-3.916
Olfr419	20	0.23107	0.62479	1.0	1744	7	-3.7074	0.89555	0.86289	0.974532	2526	0	-3.7074
Cd2	20	0.23132	0.62513	1.0	1745	8	-3.3095	0.08329	0.084585	0.890629	234	0	-3.3095
Slc15a2	20	0.23179	0.62514	1.0	1746	10	-3.883	0.67377	0.60527	0.920871	1861	0	-3.883
Olfr1291-ps1	20	0.23181	0.62514	1.0	1747	10	-3.7584	0.29434	0.29156	0.890629	834	0	-3.7584
Olfr310	18	0.2323	0.61879	1.0	1748	6	-3.7206	0.52505	0.47548	0.911968	1461	0	-3.7206
Olfr679	20	0.23246	0.62609	1.0	1749	4	-3.2825	0.11	0.10842	0.890629	298	0	-3.2825
Ano2	20	0.23262	0.62618	1.0	1750	10	-3.8718	0.20364	0.20725	0.890629	572	0	-3.8718
Slc6a20a	20	0.23262	0.62618	1.0	1751	10	-3.8014	0.66002	0.5884	0.915432	1824	0	-3.8014
Tmprss15	18	0.23279	0.62007	1.0	1752	8	-3.6263	0.96456	0.95174	0.99197	2736	0	-3.6263
Cdh11	20	0.23332	0.62795	1.0	1753	11	-3.9797	0.54955	0.49731	0.911968	1537	0	-3.9797
Tas2r123	20	0.23375	0.62835	1.0	1754	10	-3.8697	0.40133	0.36279	0.890629	1139	0	-3.8697
Tmem245	18	0.23418	0.62166	1.0	1755	10	-3.967	0.57317	0.50354	0.911968	1588	0	-3.967
Olfr178	20	0.2344	0.6289	1.0	1756	4	-3.2645	0.25853	0.26354	0.890629	733	0	-3.2645
Ptgfrn	20	0.23443	0.62897	1.0	1757	10	-3.9108	0.69343	0.62508	0.920871	1918	0	-3.9108
Slc44a5	20	0.23543	0.63013	1.0	1758	10	-3.8354	0.12183	0.12067	0.890629	339	0	-3.8354
Olfr671	20	0.23561	0.63071	1.0	1759	11	-3.8798	0.094702	0.097307	0.890629	270	0	-3.8798
Cldn8	19	0.23614	0.62824	1.0	1760	7	-3.5964	0.11611	0.11574	0.890629	326	0	-3.5964
Ptprk	20	0.23631	0.63204	1.0	1761	8	-3.5355	0.26922	0.27517	0.890629	762	0	-3.5355
Gm14085	20	0.23684	0.63318	1.0	1762	7	-3.6032	0.31425	0.30629	0.890629	876	0	-3.6032
Olfr74	20	0.23684	0.63318	1.0	1763	6	-3.6073	0.66705	0.59359	0.918006	1849	0	-3.6073
Klrg1	20	0.23684	0.63318	1.0	1764	11	-3.9804	0.96665	0.95276	0.99197	2740	0	-3.9804
Cfc1	20	0.2371	0.63368	1.0	1765	12	-4.0069	0.050924	0.046947	0.863331	144	0	-4.0069
Slc6a4	19	0.23728	0.6297	1.0	1766	9	-3.843	0.57919	0.51928	0.911968	1617	0	-3.843
Olfr111	20	0.23778	0.63484	1.0	1767	11	-4.0521	0.58306	0.52725	0.911968	1631	0	-4.0521
Cxadr	20	0.23778	0.63484	1.0	1768	10	-3.8995	0.13627	0.1507	0.890629	378	0	-3.8995
Olfr592	20	0.23782	0.63496	1.0	1769	11	-4.0345	0.6254	0.55878	0.915432	1730	0	-4.0345
Galr3	20	0.23782	0.63496	1.0	1770	11	-4.0521	0.92416	0.89673	0.980439	2613	0	-4.0521
Itgb4	20	0.239	0.63829	1.0	1771	12	-3.8447	0.40133	0.36279	0.890629	1144	0	-3.8447
Olfr589	20	0.23967	0.63983	1.0	1772	6	-3.2675	0.12183	0.12067	0.890629	331	0	-3.2675
Kit	20	0.23972	0.64024	1.0	1773	10	-3.8441	0.69343	0.62508	0.920871	1931	0	-3.8441
Fas	20	0.23994	0.64028	1.0	1774	10	-3.6742	0.49964	0.43654	0.892668	1385	0	-3.6742
Il1r1	20	0.23997	0.64049	1.0	1775	7	-3.5367	0.81385	0.76717	0.959971	2282	0	-3.5367
Otop1	20	0.24021	0.64081	1.0	1776	11	-3.7272	0.32463	0.31199	0.890629	928	0	-3.7272
Pcdhb13	20	0.24102	0.64233	1.0	1777	10	-3.7191	0.99629	0.99362	0.997746	2845	0	-3.7191
Tspan33	20	0.24114	0.64282	1.0	1778	9	-3.612	0.41186	0.36792	0.890629	1164	0	-3.612
Abcc12	20	0.2412	0.64298	1.0	1779	9	-3.7065	0.40133	0.36279	0.890629	1129	0	-3.7065
Olfr181	16	0.2413	0.61729	1.0	1780	8	-3.8393	0.43451	0.37456	0.890629	1231	0	-3.8393
Olfr843	20	0.24235	0.6438	1.0	1781	10	-3.8671	0.19597	0.20248	0.890629	552	0	-3.8671
Hcrtr2	20	0.24291	0.64406	1.0	1782	11	-3.8967	0.50962	0.44352	0.892668	1422	0	-3.8967
Slc26a2	20	0.24291	0.64406	1.0	1783	11	-4.0008	0.23091	0.2313	0.890629	649	0	-4.0008
Cd151	20	0.24305	0.64461	1.0	1784	9	-3.5258	0.3043	0.29893	0.890629	858	0	-3.5258
H2-Eb2	20	0.2432	0.64651	1.0	1785	12	-3.9336	0.21243	0.21518	0.890629	594	0	-3.9336
Olfr1434	18	0.24336	0.63638	1.0	1786	7	-3.816	0.21855	0.22236	0.890629	607	0	-3.816
Mpzl2	20	0.24404	0.64805	1.0	1787	11	-3.9279	0.95949	0.9443	0.99197	2720	0	-3.9279
Il18r1	19	0.2443	0.6377	1.0	1788	9	-3.8194	0.24736	0.25363	0.890629	690	0	-3.8194
Olfr1452-ps1	20	0.24446	0.64867	1.0	1789	7	-3.4868	0.52869	0.47244	0.911088	1484	0	-3.4868
Gm13723	20	0.24451	0.64897	1.0	1790	10	-3.8655	0.78193	0.73106	0.945838	2209	0	-3.8655
Slitrk5	18	0.24471	0.63751	1.0	1791	9	-3.8873	0.62129	0.55006	0.915432	1719	0	-3.8873
Adam7	20	0.24478	0.6495	1.0	1792	9	-3.5987	0.057389	0.050749	0.863331	161	0	-3.5987
Gpr101	20	0.24579	0.65068	1.0	1793	9	-3.7985	0.24922	0.25461	0.890629	703	0	-3.7985
H2-M10.2	20	0.24579	0.65068	1.0	1794	11	-3.8965	0.66705	0.59359	0.918006	1850	0	-3.8965
Olfr1446	20	0.24597	0.65163	1.0	1795	11	-4.0175	0.26922	0.27517	0.890629	759	0	-4.0175
Htr2a	20	0.24597	0.65163	1.0	1796	11	-3.9958	0.24922	0.25461	0.890629	705	0	-3.9958
Kitl	16	0.24621	0.62263	1.0	1797	5	-3.5666	0.16012	0.16613	0.890629	449	0	-3.5666
Nrxn1	18	0.24623	0.63922	1.0	1798	7	-3.7684	0.17824	0.18491	0.890629	497	0	-3.7684
Spn	20	0.24657	0.6529	1.0	1799	12	-3.9925	0.20778	0.21199	0.890629	585	0	-3.9925
Lrfn3	20	0.24657	0.6529	1.0	1800	12	-3.9227	0.71201	0.6487	0.932583	1981	0	-3.9227
Ncr1	20	0.24657	0.6529	1.0	1801	12	-3.9718	0.4892	0.42599	0.890629	1354	0	-3.9718
Lrit3	20	0.24657	0.6529	1.0	1802	12	-3.988	0.57391	0.51819	0.911968	1599	0	-3.988
Hrh3	20	0.24657	0.6529	1.0	1803	12	-3.9465	0.97637	0.96695	0.993293	2776	0	-3.9465
Tm4sf4	20	0.24657	0.6529	1.0	1804	12	-3.9043	0.034498	0.039301	0.863331	94	0	-3.9043
Olfr1510	20	0.24659	0.65337	1.0	1805	5	-3.0036	0.26922	0.27517	0.890629	763	0	-3.0036
Ncstn	20	0.2467	0.6535	1.0	1806	9	-3.7366	0.24922	0.25461	0.890629	702	0	-3.7366
Olfr1241	20	0.2467	0.6535	1.0	1807	10	-3.9291	0.40133	0.36279	0.890629	1143	0	-3.9291
Ugt8a	20	0.2477	0.65493	1.0	1808	10	-3.8903	0.86364	0.82387	0.968184	2427	0	-3.8903
Olfr1202	18	0.24811	0.64089	1.0	1809	9	-3.8609	0.96167	0.94683	0.99197	2728	0	-3.8609
Olfr847	18	0.24868	0.64123	1.0	1810	8	-3.8169	0.22739	0.2323	0.890629	633	0	-3.8169
Ptger2	20	0.2491	0.65585	1.0	1811	9	-3.6978	0.14819	0.16436	0.890629	402	0	-3.6978
Cd300ld	20	0.24914	0.65599	1.0	1812	10	-3.8744	0.99788	0.99648	0.999625	2849	0	-3.8744
Adrb2	20	0.24933	0.65624	1.0	1813	11	-3.9917	0.7037	0.63521	0.922944	1953	0	-3.9917
Scn7a	20	0.24933	0.65624	1.0	1814	11	-4.0459	0.54501	0.49311	0.911968	1530	0	-4.0459
Pcdhb4	20	0.24953	0.65651	1.0	1815	9	-3.6974	0.60535	0.53804	0.911968	1685	0	-3.6974
Opn3	20	0.24953	0.65651	1.0	1816	9	-3.6647	0.8893	0.85421	0.973026	2505	0	-3.6647
Olfr1028	20	0.24985	0.65663	1.0	1817	7	-3.6275	0.93587	0.91317	0.985216	2645	0	-3.6275
Duoxa1	20	0.25032	0.65679	1.0	1818	10	-3.9515	0.55366	0.50358	0.911968	1547	0	-3.9515
Slc33a1	20	0.25051	0.65694	1.0	1819	8	-3.7698	0.44924	0.40434	0.890629	1268	0	-3.7698
Atrnl1	20	0.25053	0.65746	1.0	1820	12	-3.8857	0.29434	0.29156	0.890629	829	0	-3.8857
Slco2b1	20	0.25123	0.65846	1.0	1821	8	-3.4325	0.12183	0.12067	0.890629	334	0	-3.4325
H2-M10.4	20	0.25162	0.65851	1.0	1822	10	-3.655	0.9399	0.91931	0.986997	2661	0	-3.655
Taar1	19	0.25252	0.65078	1.0	1823	9	-3.6254	0.27486	0.2764	0.890629	770	0	-3.6254
Olfr624	20	0.25269	0.65946	1.0	1824	9	-3.821	0.68499	0.6203	0.920871	1905	0	-3.821
Olfr1223	20	0.25286	0.65985	1.0	1825	11	-3.8919	0.87967	0.84444	0.97237	2470	0	-3.8919
Atp4b	20	0.25385	0.6606	1.0	1826	10	-3.7908	0.53675	0.48458	0.911968	1506	0	-3.7908
Lmbr1	20	0.25389	0.66061	1.0	1827	8	-3.3699	0.37262	0.34401	0.890629	1055	0	-3.3699
Slc22a30	19	0.25668	0.65457	1.0	1828	8	-3.74	0.32247	0.30665	0.890629	894	0	-3.74
Prtg	20	0.2568	0.66397	1.0	1829	10	-3.8294	0.12183	0.12067	0.890629	329	0	-3.8294
Cd40lg	20	0.25691	0.66433	1.0	1830	10	-3.6985	0.75691	0.69768	0.936914	2120	0	-3.6985
Cd300ld2	20	0.25707	0.6645	1.0	1831	10	-3.82	0.81943	0.77728	0.963766	2301	0	-3.82
Olfr1309	20	0.25723	0.6646	1.0	1832	9	-3.6718	0.21243	0.21518	0.890629	591	0	-3.6718
Olfr845	20	0.25748	0.66523	1.0	1833	11	-3.9932	0.78193	0.73106	0.945838	2197	0	-3.9932
Taar9	19	0.25753	0.65511	1.0	1834	9	-3.7855	0.43257	0.38963	0.890629	1224	0	-3.7855
Cd46	19	0.25755	0.65511	1.0	1835	8	-3.5291	0.45769	0.40137	0.890629	1288	0	-3.5291
Tnfsf4	19	0.25765	0.65563	1.0	1836	11	-3.9288	0.31124	0.2998	0.890629	867	0	-3.9288
Ptprs	20	0.25823	0.66549	1.0	1837	10	-3.9319	0.97106	0.95867	0.99197	2759	0	-3.9319
Otop2	20	0.2583	0.66563	1.0	1838	11	-3.8369	0.23967	0.24389	0.890629	680	0	-3.8369
Olfr218	20	0.2583	0.66563	1.0	1839	7	-3.1814	0.065372	0.058304	0.877019	189	0	-3.1814
Nmur1	20	0.25869	0.66613	1.0	1840	9	-3.6432	0.67377	0.60527	0.920871	1857	0	-3.6432
Olfr569	18	0.25877	0.65267	1.0	1841	8	-3.425	0.43994	0.3838	0.890629	1255	0	-3.425
Fasl	20	0.25916	0.66662	1.0	1842	9	-3.7398	0.7037	0.63521	0.922944	1956	0	-3.7398
Mfsd2b	20	0.26018	0.66858	1.0	1843	11	-3.8728	0.21243	0.21518	0.890629	593	0	-3.8728
Olfr1111	20	0.26018	0.66858	1.0	1844	8	-3.6674	0.32463	0.31199	0.890629	901	0	-3.6674
Vmn1r71	20	0.26018	0.66858	1.0	1845	8	-3.6613	0.32463	0.31199	0.890629	897	0	-3.6613
Pam	20	0.26066	0.66909	1.0	1846	7	-3.52	0.12183	0.12067	0.890629	330	0	-3.52
Olfr720	20	0.26113	0.67006	1.0	1847	10	-3.8146	0.094702	0.097307	0.890629	273	0	-3.8146
Itga10	18	0.2613	0.65491	1.0	1848	8	-3.7119	0.6351	0.56673	0.915432	1755	0	-3.7119
Gfy	20	0.26141	0.67097	1.0	1849	10	-3.936	0.98586	0.97725	0.994299	2810	0	-3.936
Pvr	20	0.26141	0.67097	1.0	1850	11	-3.9797	0.65145	0.5823	0.915432	1794	0	-3.9797
Tlr1	18	0.26238	0.65634	1.0	1851	5	-3.1873	0.31757	0.29834	0.890629	891	0	-3.1873
Cd302	20	0.26275	0.67224	1.0	1852	6	-3.4718	0.90809	0.87804	0.97732	2568	0	-3.4718
Olfr1497	19	0.26325	0.66274	1.0	1853	6	-3.3699	0.57127	0.5164	0.911968	1585	0	-3.3699
Olfr516	15	0.26354	0.64207	1.0	1854	4	-3.5731	0.16398	0.16691	0.890629	452	0	-3.5731
Slc38a4	20	0.26427	0.67411	1.0	1855	7	-3.4888	0.34594	0.32572	0.890629	984	0	-3.4888
Olfr506	19	0.26444	0.66385	1.0	1856	6	-3.4837	0.65497	0.58836	0.915432	1821	0	-3.4837
Dcc	20	0.26456	0.67445	1.0	1857	11	-3.9981	0.34594	0.32572	0.890629	990	0	-3.9981
Slc7a14	20	0.26506	0.67501	1.0	1858	11	-3.9027	0.40133	0.36279	0.890629	1137	0	-3.9027
Slc13a3	20	0.26563	0.67532	1.0	1859	6	-3.292	0.90286	0.87174	0.97732	2545	0	-3.292
Lrrn1	20	0.26687	0.6768	1.0	1860	6	-3.3017	0.43906	0.39569	0.890629	1240	0	-3.3017
Il9r	20	0.26874	0.6788	1.0	1861	9	-3.4947	0.65145	0.5823	0.915432	1810	0	-3.4947
Sema6b	20	0.26875	0.67891	1.0	1862	10	-3.8534	0.93587	0.91317	0.985216	2647	0	-3.8534
Selplg	20	0.26909	0.679	1.0	1863	10	-3.5539	0.49964	0.43654	0.892668	1379	0	-3.5539
Izumo1r	20	0.26959	0.67919	1.0	1864	11	-3.8896	0.0736	0.065834	0.890629	207	0	-3.8896
Gabrb2	20	0.26991	0.67975	1.0	1865	11	-3.9927	0.83602	0.79728	0.963878	2351	0	-3.9927
Gpr171	18	0.27018	0.6663	1.0	1866	8	-3.6377	0.45371	0.39288	0.890629	1285	0	-3.6377
Vmn1r68	16	0.27075	0.65506	1.0	1867	8	-3.7571	0.1739	0.17703	0.890629	494	0	-3.7571
Pcdhb17	20	0.27116	0.6805	1.0	1868	9	-3.8501	0.66002	0.5884	0.915432	1829	0	-3.8501
Cd274	18	0.27148	0.6677	1.0	1869	9	-3.4196	0.67383	0.61063	0.920871	1869	0	-3.4196
Fpr2	20	0.27156	0.68064	1.0	1870	9	-3.7528	0.80346	0.75275	0.953615	2253	0	-3.7528
Ggt1	20	0.27235	0.68192	1.0	1871	8	-3.5764	0.80346	0.75275	0.953615	2255	0	-3.5764
Olfr666	18	0.27304	0.66947	1.0	1872	8	-3.6971	0.16988	0.17585	0.890629	476	0	-3.6971
Olfr716	20	0.27308	0.6828	1.0	1873	8	-3.7142	0.47488	0.41644	0.890629	1326	0	-3.7142
Olfr557	20	0.27342	0.68301	1.0	1874	10	-3.8423	0.91106	0.88055	0.97732	2578	0	-3.8423
Mfsd2a	20	0.27353	0.68301	1.0	1875	11	-4.0103	0.58306	0.52725	0.911968	1630	0	-4.0103
Rho	20	0.27385	0.68336	1.0	1876	11	-3.9871	0.91106	0.88055	0.97732	2575	0	-3.9871
Cxcr4	20	0.27385	0.68336	1.0	1877	10	-3.9198	0.37262	0.34401	0.890629	1065	0	-3.9198
Tgfa	19	0.27408	0.67439	1.0	1878	7	-3.6023	0.1048	0.1039	0.890629	293	0	-3.6023
Htr1b	16	0.27428	0.65928	1.0	1879	8	-3.8893	0.32799	0.29688	0.890629	939	0	-3.8893
Fgfr4	20	0.27442	0.68371	1.0	1880	10	-3.9011	0.50962	0.44352	0.892668	1412	0	-3.9011
Slc12a5	20	0.2749	0.68417	1.0	1881	10	-3.8562	0.027075	0.031594	0.863331	70	0	-3.8562
Slc30a1	20	0.2749	0.68417	1.0	1882	9	-3.843	0.54501	0.49311	0.911968	1523	0	-3.843
Olfr92	20	0.27524	0.68437	1.0	1883	7	-3.5211	0.17241	0.17769	0.890629	493	0	-3.5211
Dlk1	20	0.27561	0.68455	1.0	1884	10	-3.8269	0.76401	0.70234	0.936914	2139	0	-3.8269
Cpd	20	0.27572	0.68482	1.0	1885	11	-3.9718	0.23091	0.2313	0.890629	650	0	-3.9718
Steap4	20	0.27572	0.68482	1.0	1886	11	-4.0204	0.16432	0.17439	0.890629	454	0	-4.0204
H2-DMb1	20	0.27573	0.68512	1.0	1887	10	-3.8921	0.69343	0.62508	0.920871	1934	0	-3.8921
Dgcr2	6	0.27589	0.54753	1.0	1888	3	-3.7315	0.72129	0.67586	0.936914	2019	0	-3.7315
Lman2l	20	0.27612	0.6852	1.0	1889	9	-3.6735	0.92416	0.89673	0.980439	2612	0	-3.6735
Atp2b3	20	0.27643	0.68562	1.0	1890	10	-3.8672	0.034498	0.039301	0.863331	90	0	-3.8672
Tspan3	19	0.27661	0.67743	1.0	1891	10	-3.886	0.29157	0.28743	0.890629	819	0	-3.886
Tgoln1	20	0.27668	0.68594	1.0	1892	8	-3.6408	0.16432	0.17439	0.890629	455	0	-3.6408
Cxcl16	20	0.27683	0.68616	1.0	1893	7	-3.5108	0.041228	0.043122	0.863331	116	0	-3.5108
Sdk2	19	0.27694	0.67819	1.0	1894	8	-3.5135	0.12992	0.14403	0.890629	363	0	-3.5135
Prlr	19	0.277	0.67866	1.0	1895	10	-4.0293	0.64823	0.57642	0.915432	1791	0	-4.0293
Olfr1494	19	0.27779	0.67907	1.0	1896	11	-3.9569	0.59885	0.52973	0.911968	1671	0	-3.9569
Fam171b	20	0.27844	0.68754	1.0	1897	9	-3.7798	0.25853	0.26354	0.890629	725	0	-3.7798
Nipal3	20	0.27846	0.68791	1.0	1898	8	-3.595	0.57391	0.51819	0.911968	1595	0	-3.595
Olfr1014	19	0.27848	0.67998	1.0	1899	9	-3.7459	0.90803	0.87897	0.97732	2563	0	-3.7459
Olfr556	20	0.27935	0.68853	1.0	1900	11	-3.8962	0.28703	0.28715	0.890629	801	0	-3.8962
Olfr1490	20	0.27935	0.68853	1.0	1901	11	-3.9636	0.66705	0.59359	0.918006	1843	0	-3.9636
Pcsk5	20	0.27935	0.68853	1.0	1902	11	-3.9735	0.9528	0.93638	0.99197	2693	0	-3.9735
Tek	20	0.27977	0.68889	1.0	1903	10	-3.9335	0.75691	0.69768	0.936914	2115	0	-3.9335
Vmn1r229	20	0.27996	0.68976	1.0	1904	9	-3.7795	0.23091	0.2313	0.890629	644	0	-3.7795
Adam32	20	0.27999	0.6901	1.0	1905	10	-3.8436	0.057389	0.050749	0.863331	164	0	-3.8436
Chrna7	20	0.28022	0.69047	1.0	1906	11	-4.0054	0.65145	0.5823	0.915432	1809	0	-4.0054
Evi2a	17	0.28128	0.67715	1.0	1907	9	-3.8287	0.96693	0.95373	0.99197	2746	0	-3.8287
Gsg1l	20	0.28134	0.69151	1.0	1908	9	-3.6974	0.7037	0.63521	0.922944	1966	0	-3.6974
Reck	20	0.28146	0.69158	1.0	1909	8	-3.8102	0.13627	0.1507	0.890629	383	0	-3.8102
Slc16a1	20	0.28323	0.69351	1.0	1910	11	-3.9821	0.56276	0.51197	0.911968	1566	0	-3.9821
Nrg1	20	0.28376	0.69397	1.0	1911	10	-3.8529	0.83851	0.80033	0.963878	2355	0	-3.8529
Psg22	20	0.28377	0.69403	1.0	1912	6	-3.7053	0.52869	0.47244	0.911088	1466	0	-3.7053
Csf2rb2	20	0.28435	0.69441	1.0	1913	9	-3.6436	0.56276	0.51197	0.911968	1570	0	-3.6436
Cacng6	18	0.28451	0.68535	1.0	1914	10	-3.8935	0.20251	0.2024	0.890629	561	0	-3.8935
Gpr37l1	18	0.28461	0.68535	1.0	1915	8	-3.8115	0.43994	0.3838	0.890629	1254	0	-3.8115
Plp1	20	0.28473	0.69441	1.0	1916	7	-3.5535	0.8505	0.809	0.963878	2392	0	-3.5535
Efnb3	19	0.28505	0.6866	1.0	1917	9	-3.7173	0.062207	0.056207	0.877019	176	0	-3.7173
Olfr1509	20	0.28561	0.69513	1.0	1918	11	-3.7875	0.14819	0.16436	0.890629	416	0	-3.7875
Clec2g	20	0.28568	0.69545	1.0	1919	9	-3.6769	0.93345	0.9099	0.984287	2642	0	-3.6769
Abcb11	20	0.2857	0.69568	1.0	1920	9	-3.816	0.87588	0.84091	0.97237	2463	0	-3.816
Olfr1230	18	0.286	0.6873	1.0	1921	10	-3.9345	0.62129	0.55006	0.915432	1717	0	-3.9345
Tmem231	20	0.28618	0.69583	1.0	1922	9	-3.8285	0.6254	0.55878	0.915432	1735	0	-3.8285
Cdh5	20	0.28636	0.69586	1.0	1923	11	-3.9495	0.014364	0.019984	0.863331	40	0	-3.9495
Mme	20	0.28761	0.69678	1.0	1924	9	-3.7442	0.69343	0.62508	0.920871	1926	0	-3.7442
Olfr1274-ps	20	0.2878	0.69697	1.0	1925	9	-3.6799	0.34594	0.32572	0.890629	979	0	-3.6799
Olfr1491	20	0.28795	0.69707	1.0	1926	9	-3.5506	0.057389	0.050749	0.863331	160	0	-3.5506
Olfr1097	18	0.28908	0.69036	1.0	1927	7	-3.6137	0.21045	0.2111	0.890629	586	0	-3.6137
Sppl2a	20	0.29027	0.69968	1.0	1928	7	-3.7446	0.011079	0.0082918	0.697001	32	0	-3.7446
Vsig2	19	0.29049	0.6968	1.0	1929	10	-3.9864	0.084394	0.086389	0.890629	241	0	-3.9864
Plxna2	20	0.29082	0.70001	1.0	1930	6	-3.4116	0.25853	0.26354	0.890629	734	0	-3.4116
Olfr981	20	0.29089	0.70003	1.0	1931	10	-3.8783	0.51899	0.4558	0.900172	1438	0	-3.8783
Vmn1r233	19	0.29109	0.69709	1.0	1932	11	-4.0073	0.048441	0.045104	0.863331	137	0	-4.0073
Tie1	20	0.29113	0.70026	1.0	1933	10	-3.8607	0.80346	0.75275	0.953615	2243	0	-3.8607
Prn	5	0.29219	0.53746	1.0	1934	3	-4.1537	0.61387	0.5771	0.915432	1702	0	-4.1537
Clec4g	20	0.29228	0.70155	1.0	1935	11	-4.0042	0.99467	0.99079	0.996715	2840	0	-4.0042
Ccr4	20	0.29239	0.70179	1.0	1936	11	-3.852	0.57391	0.51819	0.911968	1605	0	-3.852
Stab2	18	0.29249	0.69488	1.0	1937	8	-3.7123	0.33448	0.30623	0.890629	943	0	-3.7123
Olfr231	19	0.29341	0.6999	1.0	1938	11	-3.9352	0.95892	0.94364	0.99197	2715	0	-3.9352
Olfr1204	20	0.29363	0.70309	1.0	1939	6	-3.4065	0.16432	0.17439	0.890629	459	0	-3.4065
Icam1	20	0.29383	0.70313	1.0	1940	9	-3.5511	0.66002	0.5884	0.915432	1833	0	-3.5511
Robo2	20	0.29383	0.70313	1.0	1941	9	-3.7657	0.33621	0.31882	0.890629	952	0	-3.7657
Tas2r114	16	0.29424	0.68306	1.0	1942	8	-3.8666	0.56966	0.50308	0.911968	1583	0	-3.8666
Chrm3	20	0.29431	0.70408	1.0	1943	10	-3.7754	0.41186	0.36792	0.890629	1163	0	-3.7754
Olfr1155	20	0.29575	0.70539	1.0	1944	11	-3.9565	0.44924	0.40434	0.890629	1282	0	-3.9565
Muc16	19	0.29718	0.70372	1.0	1945	11	-3.9189	0.94298	0.92455	0.988044	2667	0	-3.9189
Tmprss11e	20	0.29763	0.70666	1.0	1946	11	-3.9392	0.21243	0.21518	0.890629	596	0	-3.9392
Taar5	17	0.29778	0.69567	1.0	1947	6	-3.4129	0.31925	0.29313	0.890629	893	0	-3.4129
Gas1	20	0.29936	0.70919	1.0	1948	10	-3.8552	0.65145	0.5823	0.915432	1812	0	-3.8552
Sgca	20	0.29955	0.7095	1.0	1949	9	-3.6993	0.78193	0.73106	0.945838	2196	0	-3.6993
Slc15a3	20	0.29964	0.70978	1.0	1950	9	-3.7983	0.23967	0.24389	0.890629	679	0	-3.7983
Olfr434	20	0.29993	0.71092	1.0	1951	7	-3.5568	0.66002	0.5884	0.915432	1828	0	-3.5568
Pcdhb20	20	0.3001	0.71204	1.0	1952	9	-3.839	0.35488	0.33002	0.890629	1014	0	-3.839
Gm21970	7	0.30042	0.59212	1.0	1953	2	-3.4459	0.78102	0.73932	0.949415	2188	0	-3.4459
Tex101	20	0.30061	0.7122	1.0	1954	10	-3.7394	0.64192	0.57527	0.915432	1777	0	-3.7394
Olfr826	11	0.30094	0.65281	1.0	1955	5	-3.7364	0.41728	0.3624	0.890629	1180	0	-3.7364
Slc43a2	20	0.30102	0.71242	1.0	1956	9	-3.6821	0.59794	0.5361	0.911968	1656	0	-3.6821
Cd200	18	0.30108	0.7037	1.0	1957	9	-3.8685	0.93594	0.91541	0.985609	2651	0	-3.8685
Siglecg	18	0.30108	0.7037	1.0	1958	9	-3.8523	0.55172	0.49602	0.911968	1539	0	-3.8523
Gpr142	20	0.30183	0.71333	1.0	1959	4	-3.1271	0.56276	0.51197	0.911968	1571	0	-3.1271
Olfr1141	20	0.30194	0.71366	1.0	1960	9	-3.7545	0.3043	0.29893	0.890629	855	0	-3.7545
Btla	20	0.30248	0.71391	1.0	1961	10	-3.8204	0.49964	0.43654	0.892668	1386	0	-3.8204
Lgr5	19	0.30263	0.70917	1.0	1962	7	-3.7735	0.79228	0.74263	0.95219	2226	0	-3.7735
Cdh19	20	0.30339	0.71497	1.0	1963	11	-3.9733	0.96108	0.9463	0.99197	2726	0	-3.9733
Olfr1101	20	0.30339	0.71497	1.0	1964	11	-3.8808	0.44924	0.40434	0.890629	1280	0	-3.8808
Slc6a11	20	0.30341	0.71529	1.0	1965	10	-3.8711	0.63401	0.57165	0.915432	1749	0	-3.8711
Ltb4r2	18	0.30401	0.70587	1.0	1966	8	-3.5261	0.55958	0.49886	0.911968	1557	0	-3.5261
Olfr700	20	0.3049	0.71681	1.0	1967	11	-3.9964	0.56276	0.51197	0.911968	1561	0	-3.9964
Tnfsf8	20	0.30513	0.71695	1.0	1968	7	-3.6383	0.89948	0.86781	0.976452	2537	0	-3.6383
Cd36	18	0.3058	0.70782	1.0	1969	8	-3.4529	0.1566	0.1623	0.890629	445	0	-3.4529
Igsf9	18	0.30595	0.70809	1.0	1970	9	-3.896	0.22739	0.2323	0.890629	635	0	-3.896
C130060K24Rik	20	0.30609	0.71829	1.0	1971	9	-3.6397	0.36392	0.33433	0.890629	1046	0	-3.6397
Cd44	20	0.30618	0.71848	1.0	1972	9	-3.761	0.34594	0.32572	0.890629	991	0	-3.761
Olfr275	19	0.30629	0.71467	1.0	1973	8	-3.5291	0.74634	0.68587	0.936914	2095	0	-3.5291
Lsamp	20	0.30657	0.7187	1.0	1974	9	-3.7881	0.60535	0.53804	0.911968	1680	0	-3.7881
Il18rap	20	0.30657	0.7187	1.0	1975	8	-3.5857	0.7037	0.63521	0.922944	1964	0	-3.5857
Slc22a2	19	0.30692	0.71492	1.0	1976	8	-3.6762	0.82727	0.78852	0.963878	2330	0	-3.6762
Hepacam2	18	0.30746	0.71009	1.0	1977	10	-3.9519	0.74605	0.69302	0.936914	2093	0	-3.9519
Olfr640	20	0.30767	0.71992	1.0	1978	9	-3.7452	0.16432	0.17439	0.890629	469	0	-3.7452
Slc7a10	20	0.30767	0.71992	1.0	1979	10	-3.9043	0.32463	0.31199	0.890629	924	0	-3.9043
Mrgprd	20	0.30786	0.72013	1.0	1980	11	-3.9645	0.90579	0.87498	0.97732	2552	0	-3.9645
Tas2r117	20	0.30788	0.7204	1.0	1981	6	-3.3274	0.088633	0.08998	0.890629	247	0	-3.3274
Tmem67	20	0.30871	0.7211	1.0	1982	8	-3.6972	0.11	0.10842	0.890629	303	0	-3.6972
Ms4a6b	19	0.30904	0.71849	1.0	1983	9	-3.8045	0.5443	0.4954	0.911968	1515	0	-3.8045
Chl1	20	0.30947	0.72162	1.0	1984	7	-3.6714	0.20364	0.20725	0.890629	571	0	-3.6714
Taar8a	18	0.31012	0.71362	1.0	1985	8	-3.8276	0.86204	0.82251	0.968184	2422	0	-3.8276
Olfr272	19	0.31018	0.71999	1.0	1986	8	-3.5582	0.044516	0.0451	0.863331	124	0	-3.5582
Gpr65	20	0.31024	0.72219	1.0	1987	10	-3.2718	0.33621	0.31882	0.890629	962	0	-3.2718
Fcrl1	20	0.31068	0.72248	1.0	1988	10	-3.947	0.85519	0.81323	0.964798	2404	0	-3.947
Igf1r	20	0.31099	0.72259	1.0	1989	10	-3.9057	0.17241	0.17769	0.890629	487	0	-3.9057
Itga3	20	0.3119	0.72335	1.0	1990	8	-3.7603	0.65145	0.5823	0.915432	1797	0	-3.7603
Icosl	19	0.31246	0.72318	1.0	1991	7	-3.7011	0.13571	0.1506	0.890629	375	0	-3.7011
Clec2h	16	0.31275	0.7047	1.0	1992	8	-3.8428	0.87692	0.84113	0.97237	2466	0	-3.8428
Gpr27	20	0.31335	0.72478	1.0	1993	11	-3.8742	0.32463	0.31199	0.890629	915	0	-3.8742
Slc12a1	20	0.31357	0.72523	1.0	1994	11	-3.9915	0.29434	0.29156	0.890629	824	0	-3.9915
Slc44a2	20	0.31357	0.72523	1.0	1995	11	-3.9409	0.51899	0.4558	0.900172	1437	0	-3.9409
Slc22a6	20	0.31357	0.72523	1.0	1996	11	-3.8234	0.51899	0.4558	0.900172	1436	0	-3.8234
Lrrc25	20	0.31357	0.72523	1.0	1997	11	-3.862	0.95096	0.93369	0.991637	2689	0	-3.862
Cd3g	20	0.31375	0.72561	1.0	1998	8	-3.6119	0.93345	0.9099	0.984287	2641	0	-3.6119
Sigirr	20	0.31375	0.72561	1.0	1999	9	-3.845	0.57391	0.51819	0.911968	1609	0	-3.845
Tyrp1	20	0.31424	0.72592	1.0	2000	9	-3.8425	0.43906	0.39569	0.890629	1236	0	-3.8425
Slc41a3	20	0.31459	0.7263	1.0	2001	11	-3.9302	0.84252	0.80338	0.963878	2375	0	-3.9302
Hyal5	19	0.31486	0.7259	1.0	2002	7	-3.4605	0.52673	0.47691	0.911968	1465	0	-3.4605
Sv2b	20	0.31567	0.72667	1.0	2003	10	-3.7147	0.046803	0.046943	0.863331	127	0	-3.7147
Slc13a1	18	0.31646	0.71975	1.0	2004	7	-3.604	0.16988	0.17585	0.890629	473	0	-3.604
Slc39a12	20	0.31666	0.72756	1.0	2005	9	-3.7648	0.58996	0.53319	0.911968	1641	0	-3.7648
Chodl	17	0.31679	0.71755	1.0	2006	7	-3.7172	0.96784	0.95456	0.99197	2748	0	-3.7172
Tas2r106	20	0.31693	0.72877	1.0	2007	9	-3.595	0.24922	0.25461	0.890629	699	0	-3.595
Scnn1b	20	0.31713	0.72894	1.0	2008	9	-3.6619	0.3043	0.29893	0.890629	859	0	-3.6619
Abcb1b	20	0.3172	0.72916	1.0	2009	8	-3.5815	0.43211	0.38693	0.890629	1215	0	-3.5815
Olfr1425	20	0.31749	0.72924	1.0	2010	7	-3.6814	0.34594	0.32572	0.890629	983	0	-3.6814
Olfr1195	20	0.31836	0.73048	1.0	2011	10	-3.8638	0.31425	0.30629	0.890629	878	0	-3.8638
Art1	19	0.31884	0.73116	1.0	2012	10	-3.9939	0.64823	0.57642	0.915432	1793	0	-3.9939
Crtam	20	0.3191	0.73173	1.0	2013	11	-3.8607	0.23967	0.24389	0.890629	671	0	-3.8607
Gpr82	20	0.31929	0.73181	1.0	2014	11	-3.848	0.69343	0.62508	0.920871	1932	0	-3.848
Olfr721-ps1	18	0.31981	0.7233	1.0	2015	9	-3.937	0.042223	0.043028	0.863331	122	0	-3.937
Grm6	20	0.3208	0.73344	1.0	2016	8	-3.6027	0.7037	0.63521	0.922944	1967	0	-3.6027
Tmeff2	19	0.32117	0.73315	1.0	2017	10	-3.985	0.74634	0.68587	0.936914	2096	0	-3.985
Olfr1216	19	0.32117	0.73315	1.0	2018	10	-3.948	0.81461	0.77598	0.963766	2295	0	-3.948
Gpc2	12	0.32128	0.68005	1.0	2019	4	-3.4531	0.074991	0.073934	0.890629	212	0	-3.4531
Itln1	20	0.32145	0.73382	1.0	2020	10	-3.9262	0.046803	0.046943	0.863331	134	0	-3.9262
Icam5	20	0.32153	0.7339	1.0	2021	11	-3.9316	0.44298	0.39948	0.890629	1263	0	-3.9316
Cd53	20	0.32225	0.73459	1.0	2022	9	-3.4788	0.7037	0.63521	0.922944	1961	0	-3.4788
Ptchd3	20	0.32225	0.73459	1.0	2023	10	-3.753	0.7201	0.66193	0.936914	2004	0	-3.753
Adam9	18	0.32242	0.72664	1.0	2024	9	-3.8664	0.81461	0.77093	0.960886	2292	0	-3.8664
Olfr19	20	0.32283	0.7357	1.0	2025	11	-3.9298	0.8893	0.85421	0.973026	2504	0	-3.9298
Olfr1015	20	0.32354	0.73606	1.0	2026	8	-3.7788	0.3043	0.29893	0.890629	850	0	-3.7788
Vmn1r184	20	0.32371	0.73606	1.0	2027	5	-3.6369	0.74465	0.68627	0.936914	2084	0	-3.6369
Klre1	20	0.32448	0.73702	1.0	2028	10	-3.8446	0.35488	0.33002	0.890629	1013	0	-3.8446
Slc23a2	20	0.32516	0.73742	1.0	2029	7	-3.5532	0.84627	0.80472	0.963878	2381	0	-3.5532
Shisa6	20	0.32535	0.7376	1.0	2030	10	-3.8557	0.41186	0.36792	0.890629	1168	0	-3.8557
Olfr1006	18	0.32688	0.73203	1.0	2031	10	-3.9503	0.90794	0.87865	0.97732	2562	0	-3.9503
Slitrk4	20	0.32712	0.73863	1.0	2032	11	-3.9379	0.77013	0.71011	0.940883	2160	0	-3.9379
Olfr1256	20	0.32718	0.73882	1.0	2033	10	-3.8232	0.51899	0.4558	0.900172	1449	0	-3.8232
Prrt3	19	0.32724	0.74074	1.0	2034	8	-3.4857	0.7017	0.64566	0.932583	1950	0	-3.4857
Slc22a13b-ps	18	0.32728	0.73256	1.0	2035	8	-3.7013	0.92039	0.89619	0.980439	2599	0	-3.7013
Psg20	18	0.32728	0.73256	1.0	2036	8	-3.7034	0.84709	0.80852	0.963878	2387	0	-3.7034
Rprm	17	0.32738	0.73071	1.0	2037	8	-3.845	0.32718	0.30159	0.890629	937	0	-3.845
Olfr1512	20	0.32791	0.73951	1.0	2038	8	-3.7119	0.11	0.10842	0.890629	316	0	-3.7119
Robo3	20	0.32859	0.73961	1.0	2039	11	-3.9116	0.10133	0.10288	0.890629	278	0	-3.9116
Cntn4	20	0.32982	0.74053	1.0	2040	7	-3.7502	0.52869	0.47244	0.911088	1473	0	-3.7502
Sdc2	20	0.33	0.74067	1.0	2041	7	-3.6568	0.40133	0.36279	0.890629	1138	0	-3.6568
Slc16a4	20	0.33	0.74067	1.0	2042	9	-3.8373	0.76401	0.70234	0.936914	2143	0	-3.8373
Olfr1038-ps	20	0.33007	0.74095	1.0	2043	11	-3.9402	0.60535	0.53804	0.911968	1675	0	-3.9402
Ptprh	20	0.33043	0.74125	1.0	2044	9	-3.704	0.66002	0.5884	0.915432	1830	0	-3.704
Slc22a23	20	0.33043	0.74125	1.0	2045	10	-3.8964	0.99192	0.98656	0.995919	2828	0	-3.8964
Tnfrsf23	20	0.33059	0.74166	1.0	2046	10	-3.9257	0.61768	0.54669	0.912635	1708	0	-3.9257
Vmn1r228	19	0.33063	0.74458	1.0	2047	7	-3.7855	0.78111	0.72984	0.945838	2191	0	-3.7855
Olfr1156	20	0.33067	0.74182	1.0	2048	8	-3.5245	0.85519	0.81323	0.964798	2405	0	-3.5245
Gfra2	20	0.33158	0.74206	1.0	2049	7	-3.6931	0.36392	0.33433	0.890629	1040	0	-3.6931
Gabra3	20	0.33305	0.74308	1.0	2050	8	-3.6769	0.58306	0.52725	0.911968	1624	0	-3.6769
Olfr1264	20	0.33328	0.7434	1.0	2051	10	-3.8601	0.66705	0.59359	0.918006	1844	0	-3.8601
Vmn1r230	20	0.33328	0.7434	1.0	2052	11	-3.9403	0.78837	0.73674	0.947614	2222	0	-3.9403
Vmn1r185	20	0.33334	0.74384	1.0	2053	11	-3.8099	0.012394	0.012002	0.863331	35	0	-3.8099
Adam21	20	0.33346	0.74419	1.0	2054	11	-3.9488	0.057389	0.050749	0.863331	163	0	-3.9488
Ephb2	20	0.33409	0.74466	1.0	2055	9	-3.6117	0.74465	0.68627	0.936914	2088	0	-3.6117
Tyro3	17	0.33575	0.73686	1.0	2056	7	-3.6866	0.505	0.45664	0.900172	1404	0	-3.6866
Olfr693	20	0.33576	0.746	1.0	2057	8	-3.7738	0.75691	0.69768	0.936914	2117	0	-3.7738
Kcnj4	20	0.33603	0.7463	1.0	2058	6	-3.1119	0.44924	0.40434	0.890629	1267	0	-3.1119
Tmem184a	13	0.33638	0.70596	1.0	2059	7	-3.9189	0.93722	0.91274	0.985216	2652	0	-3.9189
Scn5a	20	0.33665	0.74699	1.0	2060	11	-3.8896	0.56276	0.51197	0.911968	1567	0	-3.8896
Abca8b	20	0.33681	0.74729	1.0	2061	11	-3.8946	0.44924	0.40434	0.890629	1276	0	-3.8946
Spaca4	17	0.3369	0.73711	1.0	2062	8	-3.6366	0.14858	0.15435	0.890629	419	0	-3.6366
Lrrc4	18	0.3373	0.74156	1.0	2063	8	-3.6898	0.14144	0.1562	0.890629	389	0	-3.6898
Olfr1049	12	0.33774	0.69852	1.0	2064	4	-3.4984	0.3554	0.30636	0.890629	1019	0	-3.4984
Olfr490	20	0.33822	0.74959	1.0	2065	7	-3.3508	0.24922	0.25461	0.890629	698	0	-3.3508
Olfr1240	20	0.33826	0.74986	1.0	2066	11	-3.8957	0.013051	0.012006	0.863331	37	0	-3.8957
Gypc	18	0.33868	0.74223	1.0	2067	9	-3.8418	0.075284	0.07705	0.890629	214	0	-3.8418
Olfr664	20	0.33958	0.75064	1.0	2068	10	-3.8604	0.36392	0.33433	0.890629	1032	0	-3.8604
Pfpl	20	0.33959	0.75075	1.0	2069	11	-3.9052	0.88605	0.84989	0.97237	2496	0	-3.9052
Gprc6a	18	0.33974	0.74508	1.0	2070	9	-3.6035	0.89572	0.8627	0.974532	2534	0	-3.6035
Cldn19	20	0.33984	0.75144	1.0	2071	11	-3.922	0.89948	0.86781	0.976452	2535	0	-3.922
Tmem26	20	0.34126	0.75232	1.0	2072	8	-3.7477	0.29434	0.29156	0.890629	825	0	-3.7477
Slc7a2	20	0.34216	0.75276	1.0	2073	9	-3.5291	0.065372	0.058304	0.877019	183	0	-3.5291
Olfr319	19	0.34371	0.7569	1.0	2074	10	-3.8794	0.48201	0.4207	0.890629	1344	0	-3.8794
Olfr109	20	0.34378	0.75447	1.0	2075	8	-3.5322	0.17947	0.18287	0.890629	504	0	-3.5322
Slc35a5	20	0.34378	0.75447	1.0	2076	9	-3.7864	0.67991	0.61494	0.920871	1875	0	-3.7864
Olfr1248	20	0.34423	0.75536	1.0	2077	8	-3.5826	0.51899	0.4558	0.900172	1451	0	-3.5826
Lamp2	20	0.34438	0.75583	1.0	2078	11	-3.9043	0.89555	0.86289	0.974532	2525	0	-3.9043
Sema6c	20	0.34457	0.75623	1.0	2079	9	-3.7781	0.75997	0.69834	0.936914	2128	0	-3.7781
Olfr980	18	0.34582	0.75052	1.0	2080	6	-3.2979	0.1853	0.18932	0.890629	515	0	-3.2979
Sstr1	20	0.34619	0.75824	1.0	2081	11	-3.9201	0.42271	0.3756	0.890629	1195	0	-3.9201
Chrm5	18	0.34736	0.7523	1.0	2082	10	-3.932	0.4464	0.3872	0.890629	1265	0	-3.932
Siglech	20	0.34743	0.75973	1.0	2083	10	-3.8527	0.49964	0.43654	0.892668	1396	0	-3.8527
Olfr1499	20	0.34743	0.75973	1.0	2084	9	-3.6397	0.49964	0.43654	0.892668	1373	0	-3.6397
Txndc15	16	0.34799	0.73925	1.0	2085	8	-3.7042	0.15253	0.15795	0.890629	426	0	-3.7042
Slc26a3	20	0.34808	0.76035	1.0	2086	8	-3.4673	0.065372	0.058304	0.877019	182	0	-3.4673
Gpr19	20	0.34838	0.76042	1.0	2087	9	-3.5617	0.79793	0.74627	0.953615	2237	0	-3.5617
Pkd1l3	20	0.34838	0.76042	1.0	2088	5	-3.6114	0.40133	0.36279	0.890629	1136	0	-3.6114
Ncam1	20	0.3487	0.76075	1.0	2089	11	-3.9441	0.97949	0.97045	0.993293	2789	0	-3.9441
Emp1	20	0.3487	0.76075	1.0	2090	11	-3.9441	0.9271	0.89993	0.981305	2618	0	-3.9441
Olfr1002	19	0.35005	0.76236	1.0	2091	7	-3.6581	0.39604	0.35391	0.890629	1121	0	-3.6581
Gpr17	20	0.35041	0.76274	1.0	2092	8	-3.4874	0.60535	0.53804	0.911968	1679	0	-3.4874
Olfr804	17	0.35048	0.74995	1.0	2093	8	-3.7544	0.11708	0.13042	0.890629	327	0	-3.7544
Olfr875	20	0.35062	0.76298	1.0	2094	10	-3.9129	0.034498	0.039301	0.863331	104	0	-3.9129
Adam12	20	0.35062	0.76317	1.0	2095	9	-3.7027	0.44924	0.40434	0.890629	1269	0	-3.7027
Olfr1066	20	0.35064	0.7632	1.0	2096	8	-3.5027	0.42271	0.3756	0.890629	1183	0	-3.5027
Atg9a	20	0.35064	0.7632	1.0	2097	9	-3.7843	0.33621	0.31882	0.890629	957	0	-3.7843
Lpar5	20	0.35064	0.7632	1.0	2098	6	-3.5057	0.16432	0.17439	0.890629	462	0	-3.5057
Slco2a1	18	0.35092	0.75517	1.0	2099	9	-3.8482	0.64128	0.57672	0.915432	1761	0	-3.8482
Olfr1226	20	0.35174	0.7635	1.0	2100	9	-3.7811	0.65145	0.5823	0.915432	1796	0	-3.7811
Pcdhb5	20	0.35239	0.76384	1.0	2101	8	-3.627	0.027075	0.031594	0.863331	72	0	-3.627
Ptafr	20	0.35239	0.76384	1.0	2102	8	-3.5018	0.56276	0.51197	0.911968	1558	0	-3.5018
Lilr4b	20	0.35248	0.76445	1.0	2103	7	-3.3291	0.77522	0.7199	0.945838	2170	0	-3.3291
Pcdhgb6	14	0.35248	0.73352	1.0	2104	7	-3.9178	0.81619	0.77293	0.962563	2296	0	-3.9178
Synpr	20	0.35308	0.76509	1.0	2105	11	-3.9073	0.82507	0.78487	0.963878	2322	0	-3.9073
Olfr447	20	0.35356	0.76591	1.0	2106	10	-3.8301	0.46725	0.4128	0.890629	1308	0	-3.8301
Slc26a9	20	0.35389	0.76597	1.0	2107	8	-3.3238	0.44924	0.40434	0.890629	1277	0	-3.3238
Muc1	20	0.35399	0.76603	1.0	2108	8	-3.5978	0.64192	0.57527	0.915432	1764	0	-3.5978
Nrg2	20	0.35552	0.76767	1.0	2109	10	-3.8577	0.90809	0.87804	0.97732	2566	0	-3.8577
Lgr4	20	0.35565	0.76794	1.0	2110	11	-3.9078	0.12183	0.12067	0.890629	350	0	-3.9078
Ptger3	20	0.35628	0.76927	1.0	2111	11	-3.9073	0.33621	0.31882	0.890629	954	0	-3.9073
Prokr2	20	0.35628	0.76927	1.0	2112	11	-3.9014	0.98804	0.98099	0.995215	2814	0	-3.9014
Il10ra	20	0.3563	0.76956	1.0	2113	8	-3.4609	0.71201	0.6487	0.932583	1980	0	-3.4609
Olfr1261	18	0.35637	0.76102	1.0	2114	8	-3.3798	0.0043299	0.0036393	0.455255	13	0	-3.3798
Lpar3	20	0.35671	0.76966	1.0	2115	9	-3.7239	0.12183	0.12067	0.890629	351	0	-3.7239
M6pr	18	0.35692	0.76128	1.0	2116	8	-3.6566	0.28788	0.28016	0.890629	812	0	-3.6566
Olfr1057	19	0.35761	0.77026	1.0	2117	10	-3.907	0.83118	0.78981	0.963878	2341	0	-3.907
Olfr1100	20	0.35761	0.77019	1.0	2118	8	-3.4629	0.83035	0.79106	0.963878	2336	0	-3.4629
Gm15922	11	0.35801	0.70449	1.0	2119	6	-3.9361	0.9847	0.97873	0.995215	2802	0	-3.9361
Pcdha12	16	0.35933	0.74903	1.0	2120	9	-3.8581	0.96063	0.94474	0.99197	2723	0	-3.8581
Gpr137b	18	0.36076	0.76504	1.0	2121	9	-3.7956	0.71343	0.65578	0.936914	1992	0	-3.7956
Olfr199	20	0.36189	0.77439	1.0	2122	9	-3.5887	0.21243	0.21518	0.890629	602	0	-3.5887
Olfr420	20	0.36206	0.77494	1.0	2123	9	-3.5683	0.31425	0.30629	0.890629	874	0	-3.5683
Slc37a2	18	0.36215	0.76624	1.0	2124	10	-3.9473	0.32597	0.30223	0.890629	930	0	-3.9473
Lrrn4cl	20	0.36218	0.77499	1.0	2125	7	-3.5104	0.027075	0.031594	0.863331	80	0	-3.5104
Bambi	19	0.36231	0.77385	1.0	2126	8	-3.5687	0.86624	0.83052	0.971202	2436	0	-3.5687
Tnfrsf22	20	0.36287	0.77597	1.0	2127	11	-3.9532	0.98844	0.98136	0.995215	2818	0	-3.9532
Plxnd1	20	0.36287	0.77597	1.0	2128	11	-3.9133	0.58306	0.52725	0.911968	1627	0	-3.9133
Tmem87b	20	0.3638	0.77692	1.0	2129	10	-3.8761	0.81385	0.76717	0.959971	2286	0	-3.8761
Itga1	20	0.36392	0.77717	1.0	2130	10	-3.8091	0.61768	0.54669	0.912635	1709	0	-3.8091
Esam	20	0.36431	0.77725	1.0	2131	9	-3.7289	0.38226	0.35217	0.890629	1087	0	-3.7289
Olfr574	18	0.36443	0.76834	1.0	2132	10	-3.8995	0.12905	0.14385	0.890629	360	0	-3.8995
Opn1sw	20	0.36651	0.77862	1.0	2133	11	-3.8818	0.7201	0.66193	0.936914	2006	0	-3.8818
Omg	20	0.36669	0.7791	1.0	2134	11	-3.8997	0.56276	0.51197	0.911968	1560	0	-3.8997
Olfr1447	20	0.36669	0.7791	1.0	2135	11	-3.9366	0.74465	0.68627	0.936914	2080	0	-3.9366
Dsg4	20	0.36669	0.7791	1.0	2136	11	-3.8203	0.82507	0.78487	0.963878	2316	0	-3.8203
Lrp2	20	0.3668	0.77946	1.0	2137	10	-3.9295	0.26922	0.27517	0.890629	754	0	-3.9295
Gpr21	20	0.36855	0.78109	1.0	2138	9	-3.6361	0.001827	0.0040965	0.455255	5	0	-3.6361
Chrnd	19	0.37083	0.7802	1.0	2139	7	-3.6291	0.84936	0.80941	0.963878	2390	0	-3.6291
Itgam	2	0.37106	0.47778	0.995001	2140	1	-3.8873	0.40757	0.37305	0.890629	1153	0	-3.8873
Olfr713	20	0.37148	0.78333	1.0	2141	6	-3.4372	0.4816	0.42006	0.890629	1340	0	-3.4372
Olfr492	20	0.37169	0.7844	1.0	2142	11	-3.8938	0.29434	0.29156	0.890629	832	0	-3.8938
Bace2	20	0.3722	0.78488	1.0	2143	9	-3.7335	0.08329	0.084585	0.890629	236	0	-3.7335
Cacng4	20	0.37221	0.78488	1.0	2144	9	-3.7338	0.89948	0.86781	0.976452	2541	0	-3.7338
Vsig10l	19	0.37277	0.78124	1.0	2145	10	-3.9519	0.17842	0.1853	0.890629	500	0	-3.9519
Btn1a1	20	0.37294	0.78542	1.0	2146	9	-3.5881	0.35488	0.33002	0.890629	1009	0	-3.5881
Galr1	19	0.37371	0.7828	1.0	2147	9	-3.7069	0.38578	0.34867	0.890629	1098	0	-3.7069
Gria3	20	0.37434	0.78591	1.0	2148	10	-3.899	0.81385	0.76717	0.959971	2280	0	-3.899
Olfr684	20	0.37451	0.78644	1.0	2149	9	-3.8298	0.90579	0.87498	0.97732	2554	0	-3.8298
Il13ra1	20	0.37451	0.78644	1.0	2150	9	-3.8183	0.51899	0.4558	0.900172	1454	0	-3.8183
Olfr482	20	0.37451	0.78644	1.0	2151	9	-3.8134	0.67377	0.60527	0.920871	1856	0	-3.8134
Antxrl	20	0.37491	0.78673	1.0	2152	9	-3.7676	0.65145	0.5823	0.915432	1808	0	-3.7676
Olfr1140	18	0.37496	0.77622	1.0	2153	10	-3.9492	0.1853	0.18932	0.890629	516	0	-3.9492
Ceacam14	20	0.37533	0.78743	1.0	2154	8	-3.5989	0.4816	0.42006	0.890629	1328	0	-3.5989
Sema4b	20	0.37612	0.78773	1.0	2155	6	-3.6151	0.0081142	0.0041	0.455255	25	0	-3.6151
Gm42416	6	0.3765	0.6597	1.0	2156	2	-3.1542	0.32767	0.28786	0.890629	938	0	-3.1542
Olfr834	17	0.37692	0.77052	1.0	2157	6	-3.2219	0.071254	0.073339	0.890629	194	0	-3.2219
Tspan8	19	0.37722	0.78499	1.0	2158	9	-3.7255	0.53529	0.48724	0.911968	1490	0	-3.7255
Cd3d	18	0.37755	0.77833	1.0	2159	9	-3.8722	0.48247	0.42204	0.890629	1347	0	-3.8722
Olfr441	18	0.37755	0.77833	1.0	2160	8	-3.3953	0.43994	0.3838	0.890629	1256	0	-3.3953
Tm9sf4	20	0.3778	0.789	1.0	2161	11	-3.9115	0.34594	0.32572	0.890629	996	0	-3.9115
H2-Ab1	20	0.37857	0.78931	1.0	2162	10	-3.7151	0.67991	0.61494	0.920871	1882	0	-3.7151
Sez6l2	20	0.38046	0.79079	1.0	2163	8	-3.8158	0.88605	0.84989	0.97237	2492	0	-3.8158
Olfr735	20	0.38046	0.79079	1.0	2164	10	-3.8073	0.7037	0.63521	0.922944	1973	0	-3.8073
Taar8c	12	0.38074	0.74297	1.0	2165	5	-3.703	0.66512	0.62093	0.920871	1841	0	-3.703
Olfr583	20	0.38077	0.7912	1.0	2166	8	-3.5775	0.57391	0.51819	0.911968	1593	0	-3.5775
Olfr694	20	0.38121	0.7914	1.0	2167	4	-3.2044	0.088633	0.08998	0.890629	254	0	-3.2044
Tas2r136	20	0.38136	0.79143	1.0	2168	8	-3.6566	0.29434	0.29156	0.890629	823	0	-3.6566
Ajap1	20	0.38189	0.79178	1.0	2169	9	-3.533	0.6254	0.55878	0.915432	1743	0	-3.533
Olfr623	20	0.38195	0.792	1.0	2170	5	-3.5152	0.42271	0.3756	0.890629	1194	0	-3.5152
Olfr177	20	0.38207	0.79224	1.0	2171	11	-3.8615	0.88605	0.84989	0.97237	2493	0	-3.8615
Thsd7a	20	0.38207	0.79224	1.0	2172	11	-3.9061	0.11	0.10842	0.890629	300	0	-3.9061
Efna4	20	0.38207	0.79224	1.0	2173	11	-3.9061	0.69343	0.62508	0.920871	1941	0	-3.9061
Olfr1029	17	0.38297	0.77515	1.0	2174	8	-3.5731	0.84216	0.80084	0.963878	2365	0	-3.5731
Plxnc1	20	0.38311	0.79275	1.0	2175	9	-3.5838	0.49964	0.43654	0.892668	1380	0	-3.5838
Tas2r138	18	0.38439	0.78339	1.0	2176	8	-3.7795	0.79742	0.75657	0.95623	2232	0	-3.7795
Ccr5	19	0.38478	0.79133	1.0	2177	8	-3.7665	0.38578	0.34867	0.890629	1101	0	-3.7665
Gjc3	20	0.38486	0.79431	1.0	2178	10	-3.9163	0.3043	0.29893	0.890629	852	0	-3.9163
Gabrg1	20	0.38486	0.79431	1.0	2179	11	-3.9347	0.016984	0.021938	0.863331	50	0	-3.9347
Chrm4	19	0.38506	0.79142	1.0	2180	10	-3.9131	0.95423	0.93804	0.99197	2698	0	-3.9131
Slitrk6	20	0.38549	0.79501	1.0	2181	7	-3.4646	0.47488	0.41644	0.890629	1323	0	-3.4646
Tm9sf2	20	0.38552	0.79514	1.0	2182	9	-3.5712	0.40133	0.36279	0.890629	1133	0	-3.5712
Ifnar1	20	0.3861	0.79611	1.0	2183	11	-3.9137	0.81385	0.76717	0.959971	2281	0	-3.9137
Trp53i13	20	0.3861	0.79611	1.0	2184	11	-3.8963	0.36392	0.33433	0.890629	1038	0	-3.8963
Olfr331	19	0.38615	0.7925	1.0	2185	6	-3.2057	0.56442	0.51045	0.911968	1581	0	-3.2057
Olfr228	20	0.38618	0.79658	1.0	2186	8	-3.5432	0.094702	0.097307	0.890629	268	0	-3.5432
Prnd	5	0.38619	0.63406	1.0	2187	3	-4.0147	0.57981	0.54118	0.911968	1619	0	-4.0147
Slc6a15	20	0.3867	0.79694	1.0	2188	8	-3.639	0.79333	0.74013	0.949415	2229	0	-3.639
Olfr1265	18	0.38709	0.78582	1.0	2189	6	-3.5172	0.25528	0.2602	0.890629	712	0	-3.5172
Olfr669	20	0.38747	0.79709	1.0	2190	8	-3.6931	0.35488	0.33002	0.890629	1012	0	-3.6931
Lrrc52	20	0.3891	0.79848	1.0	2191	10	-3.912	0.96528	0.95151	0.99197	2738	0	-3.912
Igdcc4	20	0.38916	0.79873	1.0	2192	11	-3.8969	0.41626	0.36924	0.890629	1179	0	-3.8969
Mr1	20	0.38916	0.79873	1.0	2193	11	-3.9315	0.027075	0.031594	0.863331	82	0	-3.9315
Gpr35	20	0.38916	0.79873	1.0	2194	11	-3.8221	0.77522	0.7199	0.945838	2171	0	-3.8221
Olfr502	19	0.3895	0.79463	1.0	2195	10	-3.9011	0.47175	0.41051	0.890629	1316	0	-3.9011
Gm13762	18	0.3902	0.78928	1.0	2196	8	-3.2999	0.16307	0.1668	0.890629	450	0	-3.2999
Slc10a2	20	0.39042	0.79978	1.0	2197	9	-3.6467	0.53675	0.48458	0.911968	1498	0	-3.6467
Gpr12	20	0.39117	0.80014	1.0	2198	10	-3.9221	0.47488	0.41644	0.890629	1320	0	-3.9221
Olfr514	20	0.39141	0.80058	1.0	2199	11	-3.7389	0.81943	0.77728	0.963766	2304	0	-3.7389
Lypd5	18	0.39142	0.79022	1.0	2200	8	-3.7124	0.55172	0.49602	0.911968	1541	0	-3.7124
Olfr1424	20	0.39149	0.80062	1.0	2201	9	-3.4449	0.43906	0.39569	0.890629	1244	0	-3.4449
Il12rb2	20	0.3921	0.80103	1.0	2202	9	-3.6693	0.91889	0.88987	0.979679	2596	0	-3.6693
Olfr31	20	0.3921	0.80103	1.0	2203	10	-3.8569	0.93123	0.90704	0.984287	2633	0	-3.8569
Egfr	20	0.39319	0.80205	1.0	2204	8	-3.465	0.20364	0.20725	0.890629	573	0	-3.465
C5ar1	20	0.39342	0.80212	1.0	2205	7	-3.7846	0.45934	0.4104	0.890629	1291	0	-3.7846
Ldlrad4	20	0.39384	0.80279	1.0	2206	11	-3.882	0.9271	0.89993	0.981305	2616	0	-3.882
Kcnmb3	20	0.39384	0.80279	1.0	2207	11	-3.8873	0.66705	0.59359	0.918006	1845	0	-3.8873
Cd74	20	0.39384	0.80279	1.0	2208	11	-3.7726	0.56276	0.51197	0.911968	1574	0	-3.7726
Lhfpl1	20	0.39384	0.80279	1.0	2209	11	-3.8876	0.55366	0.50358	0.911968	1545	0	-3.8876
Olfr354	19	0.39385	0.79709	1.0	2210	8	-3.6975	0.3672	0.33827	0.890629	1047	0	-3.6975
Olfr699	20	0.39406	0.80342	1.0	2211	9	-3.8331	0.99067	0.98471	0.995859	2826	0	-3.8331
Pcdhgc5	18	0.3943	0.79246	1.0	2212	10	-3.8746	0.59531	0.53352	0.911968	1650	0	-3.8746
Il4ra	20	0.39648	0.80616	1.0	2213	10	-3.904	0.42271	0.3756	0.890629	1187	0	-3.904
Chrnb4	20	0.39699	0.8066	1.0	2214	7	-3.7506	0.78837	0.73674	0.947614	2219	0	-3.7506
Slc51b	20	0.39747	0.80673	1.0	2215	10	-3.72	0.97867	0.96938	0.993293	2785	0	-3.72
Mrgpra9	20	0.39771	0.80692	1.0	2216	9	-3.8147	0.33621	0.31882	0.890629	947	0	-3.8147
Scarb2	20	0.39822	0.8079	1.0	2217	11	-3.7953	0.86784	0.83009	0.971102	2440	0	-3.7953
Rnf128	18	0.39857	0.79616	1.0	2218	8	-3.7022	0.037183	0.039436	0.863331	107	0	-3.7022
Izumo1	20	0.40011	0.80974	1.0	2219	8	-3.3897	0.41186	0.36792	0.890629	1158	0	-3.3897
Olfr704	20	0.40053	0.80979	1.0	2220	7	-3.5197	0.034498	0.039301	0.863331	105	0	-3.5197
Slc43a1	20	0.40114	0.81044	1.0	2221	7	-3.4609	0.55366	0.50358	0.911968	1551	0	-3.4609
Olfr1228	20	0.40142	0.81069	1.0	2222	11	-3.6749	0.016984	0.021938	0.863331	47	0	-3.6749
Igsf11	20	0.40142	0.81069	1.0	2223	11	-3.8721	0.49964	0.43654	0.892668	1389	0	-3.8721
Galr2	20	0.40142	0.81069	1.0	2224	11	-3.918	0.19597	0.20248	0.890629	551	0	-3.918
Sema5a	20	0.40306	0.81128	1.0	2225	9	-3.8117	0.077611	0.077067	0.890629	224	0	-3.8117
Slc16a8	20	0.40306	0.81128	1.0	2226	10	-3.8577	0.50962	0.44352	0.892668	1420	0	-3.8577
Olfr1272	20	0.40319	0.8117	1.0	2227	8	-3.4783	0.75691	0.69768	0.936914	2114	0	-3.4783
Oxtr	20	0.40387	0.81243	1.0	2228	8	-3.6593	0.28703	0.28715	0.890629	803	0	-3.6593
Atp1b1	20	0.40559	0.81397	1.0	2229	11	-3.85	0.14819	0.16436	0.890629	410	0	-3.85
Tnfrsf21	20	0.40559	0.81397	1.0	2230	11	-3.874	0.49964	0.43654	0.892668	1398	0	-3.874
Dscam	20	0.40691	0.8153	1.0	2231	10	-3.8087	0.7037	0.63521	0.922944	1954	0	-3.8087
Xcr1	20	0.4071	0.81537	1.0	2232	7	-3.3776	0.050924	0.046947	0.863331	141	0	-3.3776
Cntfr	19	0.40795	0.80633	1.0	2233	8	-3.5964	0.62305	0.55849	0.915432	1723	0	-3.5964
Plppr1	20	0.40811	0.81584	1.0	2234	7	-3.5593	0.65145	0.5823	0.915432	1804	0	-3.5593
Olfr1493-ps1	18	0.40838	0.8061	1.0	2235	9	-3.8919	0.4464	0.3872	0.890629	1264	0	-3.8919
Slco6c1	20	0.40868	0.81596	1.0	2236	10	-3.8758	0.36392	0.33433	0.890629	1030	0	-3.8758
Mpeg1	20	0.40868	0.81596	1.0	2237	10	-3.8757	0.64192	0.57527	0.915432	1773	0	-3.8757
Olfr328	20	0.40989	0.81729	1.0	2238	9	-3.7456	0.37262	0.34401	0.890629	1059	0	-3.7456
Pcdha2	13	0.41006	0.76892	1.0	2239	7	-3.8641	0.88137	0.85228	0.973026	2483	0	-3.8641
Tm4sf20	20	0.41095	0.81889	1.0	2240	8	-3.6765	0.86364	0.82387	0.968184	2429	0	-3.6765
Fras1	20	0.41176	0.81929	1.0	2241	10	-3.7258	0.50962	0.44352	0.892668	1424	0	-3.7258
Gabrb1	20	0.41176	0.81929	1.0	2242	7	-3.5338	0.057389	0.050749	0.863331	168	0	-3.5338
Gpr50	20	0.41259	0.81981	1.0	2243	9	-3.5515	0.54501	0.49311	0.911968	1522	0	-3.5515
Tgfbr2	20	0.4128	0.82026	1.0	2244	7	-3.5482	0.46725	0.4128	0.890629	1311	0	-3.5482
Olfr370	19	0.41302	0.80972	1.0	2245	9	-3.7665	0.64118	0.5713	0.915432	1757	0	-3.7665
Olfr417	20	0.41382	0.8205	1.0	2246	7	-3.6697	0.28703	0.28715	0.890629	802	0	-3.6697
Tas2r120	20	0.4144	0.82101	1.0	2247	9	-3.7378	0.077611	0.077067	0.890629	225	0	-3.7378
Megf11	20	0.41575	0.82163	1.0	2248	8	-3.5029	0.14232	0.15759	0.890629	398	0	-3.5029
Olfr1254	19	0.41604	0.81144	1.0	2249	9	-3.5399	0.96186	0.94683	0.99197	2729	0	-3.5399
Taar2	20	0.41939	0.82357	1.0	2250	10	-3.6789	0.15587	0.17117	0.890629	428	0	-3.6789
Pcdhb18	20	0.42002	0.8239	1.0	2251	9	-3.8192	0.7037	0.63521	0.922944	1972	0	-3.8192
Olfr512	20	0.42104	0.82397	1.0	2252	8	-3.6547	0.14819	0.16436	0.890629	412	0	-3.6547
Ache	20	0.42173	0.82468	1.0	2253	6	-3.5642	0.57391	0.51819	0.911968	1601	0	-3.5642
Clstn3	19	0.42232	0.81702	1.0	2254	9	-3.756	0.71555	0.65841	0.936914	1997	0	-3.756
Olfr1020	19	0.42232	0.81726	1.0	2255	7	-3.6951	0.32247	0.30665	0.890629	895	0	-3.6951
Gpr75	20	0.42247	0.82499	1.0	2256	10	-3.6784	0.52869	0.47244	0.911088	1480	0	-3.6784
Ano1	20	0.42259	0.82515	1.0	2257	10	-3.8751	0.46725	0.4128	0.890629	1303	0	-3.8751
Slc6a5	20	0.42281	0.8252	1.0	2258	7	-3.4033	0.38226	0.35217	0.890629	1094	0	-3.4033
Cd200r3	19	0.42323	0.81768	1.0	2259	10	-3.8657	0.38578	0.34867	0.890629	1100	0	-3.8657
Ceacam2	20	0.4234	0.82601	1.0	2260	7	-3.3821	0.065372	0.058304	0.877019	186	0	-3.3821
Sgcz	20	0.42354	0.82631	1.0	2261	7	-3.2331	0.80346	0.75275	0.953615	2249	0	-3.2331
Msr1	20	0.42354	0.82631	1.0	2262	7	-3.5408	0.25853	0.26354	0.890629	722	0	-3.5408
Ptcra	16	0.424	0.80479	1.0	2263	8	-3.8385	0.33664	0.30272	0.890629	968	0	-3.8385
Olfr517	18	0.42467	0.81556	1.0	2264	8	-3.6861	0.53597	0.48141	0.911968	1495	0	-3.6861
Gp2	20	0.42471	0.82667	1.0	2265	10	-3.776	0.29434	0.29156	0.890629	830	0	-3.776
Timd4	20	0.42537	0.82689	1.0	2266	10	-3.7911	0.08329	0.084585	0.890629	230	0	-3.7911
Chrna1	20	0.42622	0.82704	1.0	2267	9	-3.5408	0.13104	0.13829	0.890629	367	0	-3.5408
Clca4a	20	0.42696	0.8278	1.0	2268	10	-3.6145	0.11	0.10842	0.890629	311	0	-3.6145
Cd8a	20	0.42724	0.82803	1.0	2269	8	-3.7014	0.39156	0.35626	0.890629	1116	0	-3.7014
Spam1	20	0.4274	0.82814	1.0	2270	9	-3.8019	0.19597	0.20248	0.890629	555	0	-3.8019
Olfr1082	11	0.42949	0.76843	1.0	2271	6	-3.9288	0.55453	0.49431	0.911968	1553	0	-3.9288
Olfr558	20	0.4298	0.82898	1.0	2272	8	-3.4487	0.077611	0.077067	0.890629	226	0	-3.4487
Olfr498	19	0.43073	0.82346	1.0	2273	10	-3.9075	0.21247	0.21313	0.890629	605	0	-3.9075
Disp2	19	0.4309	0.82375	1.0	2274	8	-3.6291	0.26737	0.27361	0.890629	750	0	-3.6291
Olfr1123	18	0.43167	0.82032	1.0	2275	9	-3.8834	0.099572	0.098986	0.890629	274	0	-3.8834
Tmem63b	20	0.43178	0.82956	1.0	2276	8	-3.4436	0.6254	0.55878	0.915432	1732	0	-3.4436
Zp1	20	0.43195	0.82959	1.0	2277	10	-3.7466	0.52869	0.47244	0.911088	1469	0	-3.7466
Pth1r	19	0.43216	0.82401	1.0	2278	8	-3.7732	0.29157	0.28743	0.890629	818	0	-3.7732
Hrh4	18	0.43224	0.82074	1.0	2279	8	-3.6409	0.61271	0.54387	0.912635	1701	0	-3.6409
Olfr715b	16	0.43265	0.81051	1.0	2280	5	-3.2136	0.20492	0.20998	0.890629	581	0	-3.2136
Thsd1	19	0.4328	0.82482	1.0	2281	10	-3.7936	0.60655	0.5419	0.912635	1687	0	-3.7936
Slc22a26	19	0.43336	0.82493	1.0	2282	8	-3.3809	0.30119	0.29433	0.890629	838	0	-3.3809
Vmn1r236	20	0.4334	0.83036	1.0	2283	10	-3.7988	0.19597	0.20248	0.890629	543	0	-3.7988
Olfr727	20	0.4334	0.83036	1.0	2284	10	-3.7815	0.14232	0.15759	0.890629	392	0	-3.7815
Lrfn5	20	0.4334	0.83036	1.0	2285	10	-3.6279	0.3043	0.29893	0.890629	851	0	-3.6279
Olfr854	20	0.4334	0.83036	1.0	2286	10	-3.8172	0.76401	0.70234	0.936914	2135	0	-3.8172
Slc8a1	20	0.43378	0.83049	1.0	2287	9	-3.7717	0.18687	0.19281	0.890629	529	0	-3.7717
Psg28	17	0.43464	0.81532	1.0	2288	5	-3.1648	0.29413	0.27954	0.890629	820	0	-3.1648
Pcdhgb4	16	0.43563	0.81255	1.0	2289	6	-3.7945	0.62209	0.55501	0.915432	1721	0	-3.7945
Slc7a9	20	0.43597	0.83208	1.0	2290	9	-3.5578	0.66002	0.5884	0.915432	1827	0	-3.5578
Hcrtr1	20	0.43697	0.83258	1.0	2291	8	-3.6577	0.87588	0.84091	0.97237	2464	0	-3.6577
Tlr3	20	0.4379	0.8334	1.0	2292	10	-3.653	0.15587	0.17117	0.890629	429	0	-3.653
Aqp4	20	0.43898	0.83362	1.0	2293	7	-3.5508	0.50572	0.44232	0.892668	1405	0	-3.5508
Il20ra	17	0.43898	0.81893	1.0	2294	9	-3.907	0.31925	0.29313	0.890629	892	0	-3.907
Gm21985	5	0.43921	0.68424	1.0	2295	2	-3.7551	0.31144	0.27289	0.890629	869	0	-3.7551
Vmn1r231	20	0.4395	0.83379	1.0	2296	9	-3.4321	0.51899	0.4558	0.900172	1443	0	-3.4321
Olfr141	20	0.43972	0.83385	1.0	2297	10	-3.8785	0.18687	0.19281	0.890629	524	0	-3.8785
Tmem123	20	0.43983	0.83455	1.0	2298	10	-3.834	0.92133	0.89347	0.980439	2601	0	-3.834
Olfr504	20	0.43983	0.83455	1.0	2299	9	-3.6453	0.23967	0.24389	0.890629	665	0	-3.6453
Havcr2	20	0.43983	0.83455	1.0	2300	10	-3.8097	0.13627	0.1507	0.890629	382	0	-3.8097
Olfr1442	19	0.44016	0.82938	1.0	2301	10	-3.9015	0.62305	0.55849	0.915432	1722	0	-3.9015
Olfr1023	20	0.44037	0.83519	1.0	2302	10	-3.902	0.046803	0.046943	0.863331	125	0	-3.902
Sectm1a	18	0.44049	0.82554	1.0	2303	8	-3.6039	0.75804	0.70252	0.936914	2126	0	-3.6039
Olfr788	20	0.44064	0.83552	1.0	2304	9	-3.7563	0.057389	0.050749	0.863331	154	0	-3.7563
Slc12a6	5	0.44068	0.68609	1.0	2305	2	-3.0595	0.41494	0.37441	0.890629	1173	0	-3.0595
Sema5b	20	0.44336	0.83732	1.0	2306	9	-3.7982	0.8505	0.809	0.963878	2393	0	-3.7982
Aqp9	19	0.44347	0.8315	1.0	2307	10	-3.9011	0.90517	0.87524	0.97732	2549	0	-3.9011
Olfr1260	20	0.44562	0.83864	1.0	2308	9	-3.7976	0.38226	0.35217	0.890629	1081	0	-3.7976
Olfr984	18	0.44565	0.82868	1.0	2309	8	-3.6108	0.45371	0.39288	0.890629	1286	0	-3.6108
Cldn13	20	0.44588	0.83871	1.0	2310	8	-3.6474	0.27927	0.28403	0.890629	793	0	-3.6474
Olfr71	20	0.44588	0.83871	1.0	2311	9	-3.8018	0.6117	0.54094	0.911968	1690	0	-3.8018
Trat1	18	0.4487	0.83068	1.0	2312	5	-3.4772	0.73372	0.67172	0.936914	2042	0	-3.4772
Olfr368	19	0.4492	0.83608	1.0	2313	9	-3.7255	0.13571	0.1506	0.890629	376	0	-3.7255
Tas2r116	20	0.4492	0.84114	1.0	2314	9	-3.6786	0.58996	0.53319	0.911968	1649	0	-3.6786
Mc3r	20	0.44943	0.84124	1.0	2315	9	-3.5593	0.057389	0.050749	0.863331	166	0	-3.5593
Ptprq	20	0.44966	0.84137	1.0	2316	8	-3.4424	0.18687	0.19281	0.890629	533	0	-3.4424
Olfr1250	16	0.44967	0.82004	1.0	2317	8	-3.7225	0.94864	0.93216	0.991116	2685	0	-3.7225
Olfr448	20	0.45102	0.84211	1.0	2318	9	-3.791	0.11	0.10842	0.890629	297	0	-3.791
Cd52	20	0.45102	0.84211	1.0	2319	7	-3.4505	0.43211	0.38693	0.890629	1217	0	-3.4505
Areg	18	0.4527	0.83261	1.0	2320	8	-3.7703	0.75281	0.69905	0.936914	2110	0	-3.7703
Olfr410	18	0.45278	0.83283	1.0	2321	6	-3.4845	0.69609	0.63698	0.924568	1945	0	-3.4845
Olfr729	20	0.45364	0.84338	1.0	2322	10	-3.849	0.68499	0.6203	0.920871	1897	0	-3.849
Cpm	19	0.4542	0.83919	1.0	2323	10	-3.8919	0.72111	0.66264	0.936914	2018	0	-3.8919
Olfr1513	19	0.4542	0.83919	1.0	2324	10	-3.86	0.57919	0.51928	0.911968	1616	0	-3.86
Olfr1289	20	0.45468	0.84367	1.0	2325	10	-3.8144	0.34594	0.32572	0.890629	975	0	-3.8144
Olfr483	20	0.45476	0.84383	1.0	2326	9	-3.8109	0.67991	0.61494	0.920871	1889	0	-3.8109
Kcnj12	17	0.45514	0.83052	1.0	2327	7	-3.6856	0.85813	0.82148	0.968184	2413	0	-3.6856
Nlgn1	20	0.45624	0.8444	1.0	2328	10	-3.7031	0.33621	0.31882	0.890629	948	0	-3.7031
Slc22a13	20	0.45661	0.8453	1.0	2329	7	-3.2705	0.20364	0.20725	0.890629	577	0	-3.2705
Drd1	19	0.45734	0.84167	1.0	2330	9	-3.7732	0.82309	0.78548	0.963878	2307	0	-3.7732
Olfr979	18	0.45825	0.83677	1.0	2331	8	-3.4157	0.17824	0.18491	0.890629	496	0	-3.4157
Fcgrt	20	0.459	0.84571	1.0	2332	8	-3.6063	0.021228	0.023888	0.863331	65	0	-3.6063
Il1rap	20	0.45927	0.84595	1.0	2333	8	-3.7354	0.4816	0.42006	0.890629	1333	0	-3.7354
Olfr1243	19	0.45935	0.84291	1.0	2334	8	-3.5512	0.85787	0.82161	0.968184	2412	0	-3.5512
Olfr749	20	0.45996	0.84672	1.0	2335	7	-3.5177	0.96389	0.94971	0.99197	2732	0	-3.5177
Nup210l	20	0.46096	0.84688	1.0	2336	9	-3.7545	0.64192	0.57527	0.915432	1765	0	-3.7545
Gm26938	13	0.46125	0.81133	1.0	2337	4	-3.111	0.40465	0.36088	0.890629	1150	0	-3.111
Vmn1r69	20	0.46132	0.84727	1.0	2338	9	-3.7093	0.10133	0.10288	0.890629	279	0	-3.7093
Fat1	20	0.46158	0.8475	1.0	2339	10	-3.8313	0.15587	0.17117	0.890629	432	0	-3.8313
Olfr497	20	0.46158	0.8475	1.0	2340	7	-3.7056	0.16432	0.17439	0.890629	464	0	-3.7056
Slc39a2	20	0.46276	0.84792	1.0	2341	8	-3.5686	0.65145	0.5823	0.915432	1803	0	-3.5686
Olfr304	19	0.46446	0.8461	1.0	2342	7	-3.8097	0.24736	0.25363	0.890629	693	0	-3.8097
Kdr	18	0.46456	0.84026	1.0	2343	7	-3.7703	0.48247	0.42204	0.890629	1348	0	-3.7703
Tnfrsf19	20	0.46506	0.84952	1.0	2344	7	-3.4725	0.83035	0.79106	0.963878	2332	0	-3.4725
Slitrk2	20	0.46506	0.84961	1.0	2345	9	-3.6326	0.25853	0.26354	0.890629	732	0	-3.6326
Cacng3	18	0.46551	0.84105	1.0	2346	7	-3.6189	0.95713	0.94071	0.99197	2706	0	-3.6189
Glra2	19	0.46556	0.84637	1.0	2347	10	-3.8837	0.062207	0.056207	0.877019	173	0	-3.8837
Adcy3	20	0.46718	0.85129	1.0	2348	10	-3.8357	0.89555	0.86289	0.974532	2523	0	-3.8357
Sspn	18	0.46857	0.84278	1.0	2349	7	-3.6166	0.037183	0.039436	0.863331	106	0	-3.6166
Relt	20	0.46914	0.85261	1.0	2350	5	-3.3595	0.65145	0.5823	0.915432	1800	0	-3.3595
Olfr814	14	0.46956	0.82337	1.0	2351	4	-3.4795	0.57321	0.50645	0.911968	1590	0	-3.4795
Olfr746	20	0.4702	0.85282	1.0	2352	9	-3.6145	0.78837	0.73674	0.947614	2218	0	-3.6145
Tas2r115	18	0.47056	0.84462	1.0	2353	6	-3.6814	0.02732	0.03584	0.863331	84	0	-3.6814
Fzd3	20	0.47061	0.85302	1.0	2354	8	-3.8147	0.20364	0.20725	0.890629	570	0	-3.8147
Il1rl1	18	0.47135	0.84536	1.0	2355	7	-3.5747	0.80149	0.76133	0.958887	2241	0	-3.5747
Pcdhb16	20	0.47165	0.85357	1.0	2356	10	-3.7006	0.43211	0.38693	0.890629	1213	0	-3.7006
Nox4	20	0.47194	0.85362	1.0	2357	8	-3.6272	0.15587	0.17117	0.890629	433	0	-3.6272
Grm1	20	0.47211	0.85366	1.0	2358	9	-3.7985	0.7037	0.63521	0.922944	1968	0	-3.7985
Vmn1r235	20	0.47217	0.85388	1.0	2359	10	-3.8352	0.37262	0.34401	0.890629	1060	0	-3.8352
Kcnk5	20	0.47241	0.8542	1.0	2360	10	-3.7879	0.92133	0.89347	0.980439	2604	0	-3.7879
Ly9	19	0.47381	0.85129	1.0	2361	8	-3.7069	0.55535	0.50144	0.911968	1554	0	-3.7069
Dpep2	19	0.47511	0.85268	1.0	2362	8	-3.5946	0.41581	0.37258	0.890629	1178	0	-3.5946
Olfr15	16	0.4753	0.83556	1.0	2363	6	-3.7762	0.01361	0.017611	0.863331	38	0	-3.7762
Olfr1437	20	0.47537	0.8563	1.0	2364	9	-3.7744	0.23967	0.24389	0.890629	664	0	-3.7744
Gfral	18	0.4766	0.84829	1.0	2365	8	-3.697	0.43994	0.3838	0.890629	1253	0	-3.697
Abcb9	20	0.47685	0.85711	1.0	2366	10	-3.889	0.58306	0.52725	0.911968	1623	0	-3.889
H2-D1	16	0.4775	0.83718	1.0	2367	7	-3.8107	0.76242	0.71969	0.945838	2130	0	-3.8107
Tnfrsf14	20	0.4776	0.85768	1.0	2368	10	-3.7661	0.13104	0.13829	0.890629	373	0	-3.7661
Ctla4	20	0.4776	0.85768	1.0	2369	10	-3.8628	0.60535	0.53804	0.911968	1682	0	-3.8628
Gm49378	15	0.47768	0.83555	1.0	2370	5	-3.6762	0.020376	0.024281	0.863331	54	0	-3.6762
Psen2	20	0.48013	0.85888	1.0	2371	10	-3.7071	0.37262	0.34401	0.890629	1054	0	-3.7071
Gabra6	20	0.48045	0.85896	1.0	2372	9	-3.8553	0.80346	0.75275	0.953615	2252	0	-3.8553
Olfr69	20	0.48071	0.85908	1.0	2373	8	-3.4294	0.22231	0.22161	0.890629	626	0	-3.4294
Kcnj3	20	0.48071	0.85908	1.0	2374	8	-3.6505	0.43906	0.39569	0.890629	1245	0	-3.6505
Rell1	20	0.48071	0.85908	1.0	2375	5	-3.5751	0.51899	0.4558	0.900172	1440	0	-3.5751
Adora1	18	0.48298	0.85242	1.0	2376	9	-3.8786	0.35178	0.32249	0.890629	1003	0	-3.8786
Tgfbr1	20	0.48321	0.85993	1.0	2377	10	-3.8382	0.40133	0.36279	0.890629	1141	0	-3.8382
Pcdhb19	19	0.48379	0.85762	1.0	2378	9	-3.666	0.89398	0.86337	0.974532	2521	0	-3.666
Cd7	20	0.48392	0.86015	1.0	2379	10	-3.8798	0.7037	0.63521	0.922944	1957	0	-3.8798
Gm6614	20	0.48392	0.86015	1.0	2380	10	-3.672	0.28703	0.28715	0.890629	804	0	-3.672
Mcoln1	20	0.48462	0.8607	1.0	2381	10	-3.7323	0.84252	0.80338	0.963878	2372	0	-3.7323
Olfr1089	20	0.48636	0.86105	1.0	2382	6	-3.6072	0.6254	0.55878	0.915432	1739	0	-3.6072
Icam4	20	0.48709	0.86143	1.0	2383	9	-3.4101	0.077611	0.077067	0.890629	223	0	-3.4101
Olfr809	20	0.48745	0.86153	1.0	2384	7	-3.4454	0.12183	0.12067	0.890629	333	0	-3.4454
Olfr63	20	0.48806	0.86226	1.0	2385	9	-3.845	0.74465	0.68627	0.936914	2083	0	-3.845
4922502D21Rik	19	0.48949	0.86261	1.0	2386	10	-3.8661	0.80329	0.76161	0.958887	2242	0	-3.8661
Olfr1117-ps1	20	0.49008	0.8628	1.0	2387	8	-3.5125	0.35488	0.33002	0.890629	1018	0	-3.5125
Olfr52	20	0.49104	0.86373	1.0	2388	8	-3.6755	0.49964	0.43654	0.892668	1381	0	-3.6755
Klrb1b	5	0.49156	0.73384	1.0	2389	2	-3.4302	0.089999	0.088123	0.890629	255	0	-3.4302
Psg17	19	0.49264	0.86435	1.0	2390	8	-3.3924	0.62305	0.55849	0.915432	1724	0	-3.3924
Tas2r129	20	0.49295	0.8646	1.0	2391	8	-3.3491	0.08329	0.084585	0.890629	232	0	-3.3491
Plb1	20	0.4934	0.86506	1.0	2392	8	-3.6219	0.24922	0.25461	0.890629	701	0	-3.6219
Olfr1162	20	0.49426	0.86569	1.0	2393	10	-3.8141	0.22231	0.22161	0.890629	624	0	-3.8141
Gpr68	18	0.49485	0.85864	1.0	2394	6	-3.4284	0.86496	0.82732	0.971043	2435	0	-3.4284
Olfr317	20	0.49705	0.86725	1.0	2395	8	-3.4047	0.75691	0.69768	0.936914	2112	0	-3.4047
Adam10	20	0.49705	0.86725	1.0	2396	6	-3.5471	0.37262	0.34401	0.890629	1062	0	-3.5471
Cd200r2	17	0.49861	0.86073	1.0	2397	9	-3.8303	0.84216	0.80084	0.963878	2366	0	-3.8303
Lhcgr	20	0.49901	0.8681	1.0	2398	10	-3.8426	0.33621	0.31882	0.890629	951	0	-3.8426
Mpzl3	20	0.49901	0.8681	1.0	2399	10	-3.654	0.63401	0.57165	0.915432	1751	0	-3.654
Olfr353	20	0.4999	0.86856	1.0	2400	7	-3.5671	0.3043	0.29893	0.890629	843	0	-3.5671
Scarb1	20	0.50046	0.86868	1.0	2401	6	-3.1688	0.15587	0.17117	0.890629	443	0	-3.1688
Mmel1	19	0.50207	0.87075	1.0	2402	7	-3.4818	0.84464	0.80227	0.963878	2378	0	-3.4818
Cd79b	20	0.50247	0.86994	1.0	2403	6	-3.5814	0.13627	0.1507	0.890629	380	0	-3.5814
Olfr1253	20	0.50495	0.87106	1.0	2404	8	-3.7871	0.3043	0.29893	0.890629	856	0	-3.7871
Olfr1263	20	0.50542	0.87153	1.0	2405	8	-3.4564	0.75059	0.69361	0.936914	2108	0	-3.4564
Olfr705	20	0.50553	0.87165	1.0	2406	10	-3.7947	0.43211	0.38693	0.890629	1214	0	-3.7947
Gpr174	20	0.50599	0.87187	1.0	2407	10	-3.8506	0.40133	0.36279	0.890629	1127	0	-3.8506
Olfr507	19	0.50606	0.87267	1.0	2408	9	-3.5399	0.61514	0.55488	0.915432	1703	0	-3.5399
Tm7sf3	20	0.50665	0.87243	1.0	2409	7	-3.593	0.23967	0.24389	0.890629	661	0	-3.593
Ildr1	19	0.50813	0.87323	1.0	2410	8	-3.7496	0.26737	0.27361	0.890629	749	0	-3.7496
Zp2	20	0.50921	0.87351	1.0	2411	10	-3.806	0.54501	0.49311	0.911968	1519	0	-3.806
Olfr1051	14	0.51026	0.85054	1.0	2412	5	-3.5912	0.059059	0.060423	0.890629	171	0	-3.5912
Il11ra1	17	0.51064	0.86596	1.0	2413	7	-3.7367	0.70694	0.64436	0.932583	1976	0	-3.7367
Tas2r109	20	0.51142	0.87467	1.0	2414	7	-3.629	0.51899	0.4558	0.900172	1446	0	-3.629
Gfra3	20	0.5123	0.87486	1.0	2415	6	-3.5489	0.6254	0.55878	0.915432	1726	0	-3.5489
Olfr480	20	0.5123	0.87486	1.0	2416	6	-3.1754	0.027075	0.031594	0.863331	76	0	-3.1754
Car12	20	0.51237	0.87501	1.0	2417	9	-3.6413	0.83413	0.79547	0.963878	2346	0	-3.6413
Fam187b	20	0.51379	0.87657	1.0	2418	9	-3.5834	0.16432	0.17439	0.890629	468	0	-3.5834
Olfr463	20	0.51421	0.87668	1.0	2419	10	-3.8006	0.88605	0.84989	0.97237	2495	0	-3.8006
Tmem255a	20	0.51515	0.87699	1.0	2420	9	-3.4477	0.4892	0.42599	0.890629	1363	0	-3.4477
Gria4	20	0.51615	0.87722	1.0	2421	7	-3.365	0.59794	0.5361	0.911968	1665	0	-3.365
Gm156	20	0.519	0.87973	1.0	2422	6	-3.5608	0.10133	0.10288	0.890629	286	0	-3.5608
Htr5a	18	0.51967	0.87364	1.0	2423	5	-3.4714	0.50773	0.45765	0.900172	1407	0	-3.4714
Olfr201	20	0.52093	0.88067	1.0	2424	9	-3.7053	0.50962	0.44352	0.892668	1426	0	-3.7053
Cxcr2	20	0.52093	0.88067	1.0	2425	9	-3.5483	0.7037	0.63521	0.922944	1952	0	-3.5483
Pcdh17	20	0.52127	0.88088	1.0	2426	8	-3.5833	0.11	0.10842	0.890629	296	0	-3.5833
Tmem25	19	0.52328	0.88104	1.0	2427	7	-3.6275	0.40663	0.36146	0.890629	1152	0	-3.6275
Mill1	20	0.5237	0.88221	1.0	2428	8	-3.4374	0.44924	0.40434	0.890629	1270	0	-3.4374
Serinc3	19	0.52388	0.88125	1.0	2429	9	-3.8097	0.69352	0.6326	0.922944	1943	0	-3.8097
Mdga2	20	0.52519	0.8824	1.0	2430	8	-3.5473	0.33621	0.31882	0.890629	949	0	-3.5473
Olfr1157	20	0.52544	0.88272	1.0	2431	10	-3.8177	0.76401	0.70234	0.936914	2133	0	-3.8177
Tas2r113	20	0.52619	0.8832	1.0	2432	9	-3.632	0.23967	0.24389	0.890629	662	0	-3.632
Rnf167	20	0.5282	0.88438	1.0	2433	9	-3.4079	0.10133	0.10288	0.890629	281	0	-3.4079
Zdhhc5	20	0.52825	0.88443	1.0	2434	8	-3.5416	0.074681	0.071382	0.890629	211	0	-3.5416
Olfr1192-ps1	13	0.5286	0.85383	1.0	2435	6	-3.7172	0.42565	0.37779	0.890629	1212	0	-3.7172
Myof	19	0.52934	0.88421	1.0	2436	8	-3.6762	0.88306	0.85026	0.972405	2488	0	-3.6762
Olfr1445	20	0.52953	0.88455	1.0	2437	8	-3.4957	0.20364	0.20725	0.890629	579	0	-3.4957
Tpbg	20	0.53066	0.88523	1.0	2438	10	-3.8474	0.96389	0.94971	0.99197	2733	0	-3.8474
Mrgpra4	20	0.53091	0.8857	1.0	2439	9	-3.723	0.50962	0.44352	0.892668	1427	0	-3.723
Olfr650-ps1	19	0.53222	0.88574	1.0	2440	6	-3.2883	0.1048	0.1039	0.890629	292	0	-3.2883
Olfr175-ps1	18	0.53312	0.88125	1.0	2441	8	-3.8258	0.2786	0.27351	0.890629	774	0	-3.8258
Itgb8	20	0.53392	0.88665	1.0	2442	8	-3.6958	0.19597	0.20248	0.890629	545	0	-3.6958
Ifngr1	20	0.53464	0.88703	1.0	2443	10	-3.8692	0.094702	0.097307	0.890629	260	0	-3.8692
Tmed7	20	0.53464	0.88703	1.0	2444	10	-3.8142	0.021228	0.023888	0.863331	57	0	-3.8142
Bmpr1a	20	0.53464	0.88703	1.0	2445	10	-3.7164	0.84627	0.80472	0.963878	2383	0	-3.7164
Olfr677	20	0.53715	0.88859	1.0	2446	8	-3.7638	0.54501	0.49311	0.911968	1517	0	-3.7638
Olfr703	20	0.53734	0.88876	1.0	2447	8	-3.5159	0.36392	0.33433	0.890629	1031	0	-3.5159
Fzd4	20	0.53755	0.88906	1.0	2448	10	-3.8428	0.6117	0.54094	0.911968	1688	0	-3.8428
Olfr554	20	0.53891	0.88966	1.0	2449	9	-3.4768	0.065372	0.058304	0.877019	177	0	-3.4768
Gp5	20	0.53993	0.88999	1.0	2450	9	-3.5838	0.66705	0.59359	0.918006	1851	0	-3.5838
Rxfp4	20	0.54076	0.89048	1.0	2451	10	-3.7983	0.4892	0.42599	0.890629	1367	0	-3.7983
Olfr734	18	0.54137	0.8857	1.0	2452	5	-3.4869	0.14144	0.1562	0.890629	387	0	-3.4869
Olfr1369-ps1	17	0.54255	0.88182	1.0	2453	8	-3.818	0.54629	0.48133	0.911968	1535	0	-3.818
Cldn2	20	0.5428	0.89156	1.0	2454	8	-3.5441	0.73376	0.6748	0.936914	2052	0	-3.5441
Slco4c1	19	0.54298	0.89089	1.0	2455	8	-3.5291	0.31124	0.2998	0.890629	866	0	-3.5291
Art4	20	0.54353	0.89196	1.0	2456	7	-3.6824	0.24922	0.25461	0.890629	708	0	-3.6824
Slc26a8	20	0.54381	0.89211	1.0	2457	6	-3.3224	0.22231	0.22161	0.890629	631	0	-3.3224
Il1rapl2	20	0.54401	0.89225	1.0	2458	9	-3.7676	0.92937	0.90388	0.98299	2628	0	-3.7676
Atp13a5	20	0.54401	0.89225	1.0	2459	9	-3.7555	0.43906	0.39569	0.890629	1234	0	-3.7555
Olfr1505	20	0.54417	0.89231	1.0	2460	8	-3.711	0.11	0.10842	0.890629	317	0	-3.711
Sema4d	20	0.54422	0.89231	1.0	2461	7	-3.4027	0.50962	0.44352	0.892668	1414	0	-3.4027
Slc9a7	19	0.54488	0.89134	1.0	2462	7	-3.4449	0.020177	0.023209	0.863331	52	0	-3.4449
Notch2	20	0.54537	0.89299	1.0	2463	7	-3.6253	0.49964	0.43654	0.892668	1376	0	-3.6253
Pcdh18	20	0.54591	0.89342	1.0	2464	8	-3.7968	0.53675	0.48458	0.911968	1501	0	-3.7968
Slc29a3	20	0.5468	0.89383	1.0	2465	7	-3.6717	0.86364	0.82387	0.968184	2425	0	-3.6717
Lrp10	20	0.54883	0.89543	1.0	2466	10	-3.7678	0.75059	0.69361	0.936914	2104	0	-3.7678
Gnrhr	19	0.54912	0.89307	1.0	2467	7	-3.535	0.58657	0.5212	0.911968	1635	0	-3.535
Tas2r140	17	0.54917	0.88506	1.0	2468	5	-3.2864	0.25646	0.25533	0.890629	714	0	-3.2864
Prss8	20	0.55059	0.89611	1.0	2469	10	-3.8287	0.23967	0.24389	0.890629	681	0	-3.8287
Olfr1019	20	0.55212	0.89676	1.0	2470	7	-3.2889	0.021228	0.023888	0.863331	63	0	-3.2889
Glp2r	20	0.55273	0.89692	1.0	2471	8	-3.4305	0.041228	0.043122	0.863331	120	0	-3.4305
Olfr1218	20	0.55343	0.89741	1.0	2472	8	-3.6139	0.14232	0.15759	0.890629	397	0	-3.6139
Gpr85	18	0.55359	0.89254	1.0	2473	5	-3.4592	0.42505	0.37795	0.890629	1207	0	-3.4592
Tmprss13	20	0.5541	0.89778	1.0	2474	9	-3.6444	0.55366	0.50358	0.911968	1549	0	-3.6444
Olfr698	20	0.55504	0.89811	1.0	2475	9	-3.7723	0.13104	0.13829	0.890629	368	0	-3.7723
Trhde	20	0.55565	0.8984	1.0	2476	8	-3.5507	0.49964	0.43654	0.892668	1371	0	-3.5507
Olfr1215	20	0.55566	0.89844	1.0	2477	5	-3.495	0.32463	0.31199	0.890629	907	0	-3.495
Olfr309	20	0.55636	0.89847	1.0	2478	9	-3.7139	0.55743	0.50984	0.911968	1556	0	-3.7139
Hrh2	20	0.55712	0.89883	1.0	2479	5	-3.4383	0.83035	0.79106	0.963878	2335	0	-3.4383
Lrrc19	20	0.55743	0.89883	1.0	2480	7	-3.5955	0.66002	0.5884	0.915432	1839	0	-3.5955
Thbd	20	0.55776	0.89927	1.0	2481	10	-3.6044	0.79333	0.74013	0.949415	2227	0	-3.6044
Vsig1	20	0.55787	0.89945	1.0	2482	8	-3.6818	0.071278	0.063944	0.890629	197	0	-3.6818
Olfr1116	20	0.56066	0.90082	1.0	2483	6	-3.5542	0.41186	0.36792	0.890629	1157	0	-3.5542
H2-T23	20	0.5612	0.90084	1.0	2484	5	-3.5115	0.012723	0.012006	0.863331	36	0	-3.5115
Enpep	20	0.56125	0.90092	1.0	2485	9	-3.4862	0.52869	0.47244	0.911088	1467	0	-3.4862
Gpr151	20	0.56125	0.90092	1.0	2486	5	-3.5118	0.057389	0.050749	0.863331	165	0	-3.5118
Pcdhgb5	18	0.5614	0.89567	1.0	2487	6	-3.3157	0.32597	0.30223	0.890629	936	0	-3.3157
AI593442	20	0.56214	0.90186	1.0	2488	9	-3.7122	0.23091	0.2313	0.890629	641	0	-3.7122
Clmp	20	0.56258	0.90215	1.0	2489	9	-3.7602	0.57391	0.51819	0.911968	1607	0	-3.7602
Olfr271-ps1	20	0.56334	0.90243	1.0	2490	10	-3.6354	0.80346	0.75275	0.953615	2247	0	-3.6354
Gm7030	17	0.56351	0.89198	1.0	2491	7	-3.6951	0.95406	0.93786	0.99197	2697	0	-3.6951
Olfr191	15	0.5636	0.88431	1.0	2492	7	-3.4986	0.23008	0.22889	0.890629	639	0	-3.4986
Olfr300-ps1	20	0.5641	0.90273	1.0	2493	7	-3.2826	0.14232	0.15759	0.890629	396	0	-3.2826
Lysmd3	20	0.56502	0.90284	1.0	2494	9	-3.5835	0.49964	0.43654	0.892668	1383	0	-3.5835
Olfr780	20	0.56571	0.90339	1.0	2495	7	-3.384	0.74465	0.68627	0.936914	2082	0	-3.384
Siglece	20	0.56624	0.90365	1.0	2496	7	-3.2951	0.43906	0.39569	0.890629	1246	0	-3.2951
Akp3	18	0.56974	0.89982	1.0	2497	7	-3.5906	0.73903	0.68146	0.936914	2057	0	-3.5906
Olfr1201	18	0.57049	0.9004	1.0	2498	8	-3.7051	0.0034355	0.0036393	0.455255	10	0	-3.7051
Tmem87a	20	0.57068	0.90568	1.0	2499	7	-3.5279	0.78193	0.73106	0.945838	2207	0	-3.5279
Cd8b1	20	0.57095	0.90592	1.0	2500	8	-3.7418	0.34594	0.32572	0.890629	992	0	-3.7418
Pcdhb7	20	0.57119	0.90605	1.0	2501	9	-3.7219	0.34594	0.32572	0.890629	982	0	-3.7219
H2-Q10	16	0.57121	0.89299	1.0	2502	7	-3.7423	0.12677	0.14007	0.890629	359	0	-3.7423
Cd200r4	18	0.57134	0.90092	1.0	2503	7	-3.7368	0.2786	0.27351	0.890629	777	0	-3.7368
Abcb5	20	0.57147	0.9062	1.0	2504	9	-3.7642	0.29434	0.29156	0.890629	828	0	-3.7642
Olfr1273-ps	20	0.57233	0.90644	1.0	2505	8	-3.5635	0.74465	0.68627	0.936914	2077	0	-3.5635
Panx1	20	0.57258	0.90675	1.0	2506	5	-3.3168	0.77013	0.71011	0.940883	2156	0	-3.3168
Cdh1	20	0.57271	0.90689	1.0	2507	8	-3.3841	0.42271	0.3756	0.890629	1188	0	-3.3841
Olfr1420	18	0.57349	0.90135	1.0	2508	7	-3.5446	0.34268	0.31509	0.890629	971	0	-3.5446
Timd2	18	0.57545	0.90268	1.0	2509	9	-3.858	0.90794	0.87865	0.97732	2560	0	-3.858
Gpr15	20	0.5768	0.90942	1.0	2510	8	-3.6455	0.67991	0.61494	0.920871	1881	0	-3.6455
Ly6h	16	0.5775	0.89631	1.0	2511	7	-3.79	0.70428	0.65112	0.935596	1975	0	-3.79
Olfr1496	20	0.57755	0.90983	1.0	2512	10	-3.8428	0.3043	0.29893	0.890629	848	0	-3.8428
Olfr808	18	0.57855	0.90409	1.0	2513	8	-3.7471	0.13729	0.15463	0.890629	384	0	-3.7471
Zpld1	20	0.5791	0.91093	1.0	2514	8	-3.5779	0.34594	0.32572	0.890629	995	0	-3.5779
Lrrtm4	20	0.58013	0.91139	1.0	2515	7	-3.476	0.38771	0.35353	0.890629	1103	0	-3.476
Tlr5	20	0.58176	0.91223	1.0	2516	10	-3.805	0.66002	0.5884	0.915432	1832	0	-3.805
Slc18a3	20	0.58176	0.91223	1.0	2517	10	-3.8411	0.26922	0.27517	0.890629	760	0	-3.8411
Fcer1a	16	0.58192	0.89833	1.0	2518	8	-3.7924	0.22191	0.22792	0.890629	613	0	-3.7924
Tctn3	20	0.58201	0.91274	1.0	2519	8	-3.6636	0.82507	0.78487	0.963878	2321	0	-3.6636
Grik1	20	0.58276	0.91306	1.0	2520	9	-3.7494	0.75691	0.69768	0.936914	2122	0	-3.7494
Slc5a6	20	0.58451	0.91399	1.0	2521	7	-3.3408	0.42271	0.3756	0.890629	1196	0	-3.3408
Chrna4	20	0.58554	0.91443	1.0	2522	6	-3.4733	0.87174	0.83572	0.97237	2454	0	-3.4733
Btnl9	20	0.58574	0.91456	1.0	2523	9	-3.5324	0.32463	0.31199	0.890629	910	0	-3.5324
Olfr325	19	0.58818	0.91078	1.0	2524	8	-3.6856	0.073877	0.073999	0.890629	208	0	-3.6856
Ostm1	19	0.58862	0.91097	1.0	2525	9	-3.6951	0.73265	0.67739	0.936914	2036	0	-3.6951
Fam171a2	20	0.59127	0.91792	1.0	2526	9	-3.8065	0.10133	0.10288	0.890629	284	0	-3.8065
Pcdhga11	18	0.59161	0.9109	1.0	2527	6	-3.6817	0.73372	0.67172	0.936914	2044	0	-3.6817
Olfr110	20	0.59217	0.9182	1.0	2528	9	-3.7528	0.17241	0.17769	0.890629	483	0	-3.7528
Npr3	19	0.59269	0.91285	1.0	2529	8	-3.0817	0.61514	0.55488	0.915432	1704	0	-3.0817
Olfr683	16	0.59395	0.90466	1.0	2530	7	-3.7554	0.37946	0.33963	0.890629	1071	0	-3.7554
Psg18	20	0.59405	0.91858	1.0	2531	9	-3.6682	0.31425	0.30629	0.890629	872	0	-3.6682
Chrna9	20	0.59405	0.91858	1.0	2532	8	-3.4055	0.27927	0.28403	0.890629	788	0	-3.4055
Olfr715	15	0.59521	0.89786	1.0	2533	6	-3.5172	0.28774	0.26332	0.890629	811	0	-3.5172
Itgae	20	0.5956	0.91929	1.0	2534	9	-3.6711	0.0031538	0.0040965	0.455255	9	0	-3.6711
Npsr1	20	0.59605	0.91939	1.0	2535	5	-3.4531	0.86364	0.82387	0.968184	2434	0	-3.4531
Slc17a9	20	0.59721	0.91981	1.0	2536	9	-3.7929	0.54501	0.49311	0.911968	1524	0	-3.7929
Olfr329-ps	20	0.60042	0.92064	1.0	2537	8	-3.5914	0.050924	0.046947	0.863331	140	0	-3.5914
H2-Oa	20	0.60044	0.92067	1.0	2538	7	-3.3742	0.84252	0.80338	0.963878	2377	0	-3.3742
Tmem62	20	0.60071	0.92087	1.0	2539	8	-3.7074	0.76401	0.70234	0.936914	2140	0	-3.7074
Slc22a19	20	0.60072	0.92094	1.0	2540	9	-3.7277	0.33621	0.31882	0.890629	953	0	-3.7277
Cd209g	18	0.6016	0.91514	1.0	2541	8	-3.7629	0.91274	0.88527	0.979144	2580	0	-3.7629
Gm13769	4	0.60234	0.76418	1.0	2542	2	-3.788	0.80455	0.78029	0.963878	2263	0	-3.788
Ccr9	20	0.60347	0.92151	1.0	2543	9	-3.5567	0.52869	0.47244	0.911088	1470	0	-3.5567
Slitrk3	20	0.60418	0.92221	1.0	2544	8	-3.51	0.071278	0.063944	0.890629	195	0	-3.51
Atrn	20	0.6068	0.92284	1.0	2545	6	-3.7607	0.59794	0.5361	0.911968	1659	0	-3.7607
Sprn	20	0.60704	0.92302	1.0	2546	7	-3.1803	0.034498	0.039301	0.863331	97	0	-3.1803
Olfr748	20	0.60719	0.92317	1.0	2547	7	-3.5861	0.021228	0.023888	0.863331	55	0	-3.5861
Nptn	20	0.60719	0.92317	1.0	2548	8	-3.3004	0.16432	0.17439	0.890629	463	0	-3.3004
Olfr1495	20	0.60719	0.92317	1.0	2549	7	-3.3554	0.15587	0.17117	0.890629	438	0	-3.3554
Cdh9	20	0.6087	0.92402	1.0	2550	7	-3.5402	0.63401	0.57165	0.915432	1750	0	-3.5402
Kremen1	20	0.60898	0.92423	1.0	2551	8	-3.732	0.11	0.10842	0.890629	318	0	-3.732
Lpar4	20	0.60898	0.92423	1.0	2552	6	-3.624	0.17947	0.18287	0.890629	507	0	-3.624
Olfr578	20	0.60986	0.92453	1.0	2553	6	-3.3351	0.34594	0.32572	0.890629	985	0	-3.3351
Nlgn2	18	0.61231	0.91961	1.0	2554	8	-3.7419	0.31757	0.29834	0.890629	890	0	-3.7419
F2rl1	20	0.61624	0.92682	1.0	2555	8	-3.7313	0.69343	0.62508	0.920871	1936	0	-3.7313
Olfr1404	20	0.61639	0.92682	1.0	2556	8	-3.5482	0.23967	0.24389	0.890629	668	0	-3.5482
Sgcb	18	0.61678	0.92074	1.0	2557	6	-3.666	0.90659	0.87593	0.97732	2557	0	-3.666
Olfr401	20	0.61686	0.92719	1.0	2558	9	-3.8203	0.7201	0.66193	0.936914	2009	0	-3.8203
Ccr1	20	0.61686	0.92719	1.0	2559	9	-3.7696	0.52869	0.47244	0.911088	1471	0	-3.7696
Gm8909	20	0.61715	0.92729	1.0	2560	9	-3.5482	0.60535	0.53804	0.911968	1678	0	-3.5482
Gabrg3	20	0.61715	0.92729	1.0	2561	8	-3.7015	0.57391	0.51819	0.911968	1592	0	-3.7015
Olfr167	20	0.61756	0.92741	1.0	2562	8	-3.7528	0.77013	0.71011	0.940883	2161	0	-3.7528
Chrnb3	20	0.61995	0.92772	1.0	2563	6	-3.6554	0.19597	0.20248	0.890629	548	0	-3.6554
Itgb1	20	0.61998	0.92781	1.0	2564	7	-3.5106	0.38226	0.35217	0.890629	1089	0	-3.5106
Olfr1016	19	0.62047	0.92393	1.0	2565	9	-3.8298	0.14869	0.16396	0.890629	420	0	-3.8298
Olfr657	20	0.62097	0.92807	1.0	2566	9	-3.6283	0.26922	0.27517	0.890629	764	0	-3.6283
Glra3	18	0.62117	0.92195	1.0	2567	5	-3.3279	0.21045	0.2111	0.890629	587	0	-3.3279
Olfr1052	20	0.62159	0.9283	1.0	2568	6	-3.3592	0.34594	0.32572	0.890629	978	0	-3.3592
Olfr1022	19	0.62294	0.92464	1.0	2569	8	-3.6951	0.57127	0.5164	0.911968	1584	0	-3.6951
Olfr465-ps1	19	0.62456	0.92558	1.0	2570	6	-3.0975	0.26737	0.27361	0.890629	747	0	-3.0975
H2-M10.3	20	0.62462	0.92945	1.0	2571	8	-3.7548	0.51899	0.4558	0.900172	1459	0	-3.7548
Olfr821	20	0.62532	0.92984	1.0	2572	9	-3.7994	0.61768	0.54669	0.912635	1706	0	-3.7994
Olfr299	19	0.62609	0.92639	1.0	2573	7	-3.6333	0.7391	0.68127	0.936914	2059	0	-3.6333
Ghr	20	0.62739	0.93045	1.0	2574	9	-3.6629	0.64192	0.57527	0.915432	1770	0	-3.6629
Cntn2	20	0.62756	0.93058	1.0	2575	7	-3.559	0.14819	0.16436	0.890629	408	0	-3.559
Scara5	20	0.62937	0.93118	1.0	2576	8	-3.6291	0.87588	0.84091	0.97237	2461	0	-3.6291
App	20	0.63205	0.93188	1.0	2577	8	-3.5566	0.40133	0.36279	0.890629	1130	0	-3.5566
Dcstamp	20	0.63278	0.93224	1.0	2578	9	-3.6866	0.68792	0.6218	0.920871	1911	0	-3.6866
Olfr263	20	0.63278	0.93224	1.0	2579	7	-3.3055	0.18687	0.19281	0.890629	526	0	-3.3055
H2-Q4	20	0.63285	0.93235	1.0	2580	6	-3.3922	0.16432	0.17439	0.890629	461	0	-3.3922
Gm884	20	0.63312	0.93243	1.0	2581	7	-3.4332	0.53675	0.48458	0.911968	1497	0	-3.4332
Slc39a14	19	0.6344	0.92886	1.0	2582	7	-3.6121	0.054599	0.048855	0.863331	152	0	-3.6121
Olfr1189	20	0.6356	0.93336	1.0	2583	7	-3.5843	0.021228	0.023888	0.863331	59	0	-3.5843
Olfr1444	20	0.6378	0.93401	1.0	2584	7	-3.6511	0.17947	0.18287	0.890629	512	0	-3.6511
Slco1c1	20	0.63949	0.93472	1.0	2585	6	-3.3447	0.065372	0.058304	0.877019	180	0	-3.3447
Pcdhga10	18	0.6404	0.9286	1.0	2586	5	-3.5325	0.34268	0.31509	0.890629	973	0	-3.5325
Olfr1423	19	0.64111	0.93144	1.0	2587	9	-3.6775	0.7868	0.73654	0.947614	2215	0	-3.6775
Htr2c	20	0.64155	0.93491	1.0	2588	6	-3.4199	0.0067937	0.0041	0.455255	21	0	-3.4199
Ceacam10	20	0.64195	0.93491	1.0	2589	9	-3.7477	0.99467	0.99079	0.996715	2841	0	-3.7477
Grik2	20	0.64249	0.93548	1.0	2590	7	-3.6121	0.034498	0.039301	0.863331	100	0	-3.6121
Ptger4	20	0.64342	0.93592	1.0	2591	5	-3.4453	0.44924	0.40434	0.890629	1279	0	-3.4453
Upk3b	20	0.6443	0.93605	1.0	2592	8	-3.6438	0.91889	0.88987	0.979679	2594	0	-3.6438
Hcar1	20	0.64458	0.93605	1.0	2593	8	-3.7895	0.094702	0.097307	0.890629	264	0	-3.7895
Tm9sf3	19	0.64459	0.93276	1.0	2594	9	-3.5172	0.24736	0.25363	0.890629	691	0	-3.5172
Olfr924	20	0.64641	0.93676	1.0	2595	7	-3.4295	0.094702	0.097307	0.890629	271	0	-3.4295
Htr1f	18	0.64724	0.93099	1.0	2596	6	-3.4755	0.3798	0.33746	0.890629	1078	0	-3.4755
Olfr460	20	0.64926	0.93758	1.0	2597	9	-3.684	0.65145	0.5823	0.915432	1795	0	-3.684
Grin2c	20	0.64967	0.93771	1.0	2598	7	-3.7796	0.52869	0.47244	0.911088	1478	0	-3.7796
Olfr547	16	0.65002	0.92628	1.0	2599	5	-3.4243	0.40268	0.35046	0.890629	1149	0	-3.4243
Tmem95	20	0.65258	0.93827	1.0	2600	8	-3.7831	0.077611	0.077067	0.890629	217	0	-3.7831
Npy4r	20	0.65425	0.93869	1.0	2601	8	-3.6225	0.42271	0.3756	0.890629	1191	0	-3.6225
Olfr1270	19	0.65532	0.93667	1.0	2602	9	-3.818	0.55535	0.50144	0.911968	1555	0	-3.818
Synb	4	0.65536	0.80263	1.0	2603	2	-3.5594	0.26698	0.23356	0.890629	746	0	-3.5594
Glra4	20	0.6599	0.94034	1.0	2604	5	-3.0506	0.69343	0.62508	0.920871	1930	0	-3.0506
Prom1	20	0.66115	0.94058	1.0	2605	6	-3.6127	0.63401	0.57165	0.915432	1746	0	-3.6127
Slc19a1	18	0.66138	0.93559	1.0	2606	8	-3.7389	0.059032	0.0532	0.877019	170	0	-3.7389
Olfr77	20	0.66357	0.94131	1.0	2607	9	-3.6422	0.08329	0.084585	0.890629	238	0	-3.6422
Olfr1046	20	0.66441	0.94175	1.0	2608	5	-3.4892	0.0097624	0.0082884	0.697001	30	0	-3.4892
Olfr166	20	0.66506	0.94197	1.0	2609	8	-3.6246	0.14232	0.15759	0.890629	400	0	-3.6246
Cd59a	18	0.66592	0.93692	1.0	2610	8	-3.7795	0.72735	0.66415	0.936914	2021	0	-3.7795
Ptprc	20	0.66732	0.94263	1.0	2611	9	-3.5927	0.75059	0.69361	0.936914	2099	0	-3.5927
Olfr1271	20	0.66732	0.94263	1.0	2612	9	-3.6119	0.83851	0.80033	0.963878	2361	0	-3.6119
Olfr430	20	0.66732	0.94263	1.0	2613	9	-3.6474	0.094702	0.097307	0.890629	267	0	-3.6474
Olfr170	20	0.66732	0.94263	1.0	2614	9	-3.7951	0.3043	0.29893	0.890629	842	0	-3.7951
Olfr1454	20	0.66887	0.94301	1.0	2615	6	-3.39	0.41186	0.36792	0.890629	1170	0	-3.39
Slamf6	20	0.66919	0.94314	1.0	2616	8	-3.4372	0.4816	0.42006	0.890629	1339	0	-3.4372
Olfr1061	20	0.67163	0.94369	1.0	2617	9	-3.627	0.15587	0.17117	0.890629	436	0	-3.627
Slc5a12	18	0.67191	0.93909	1.0	2618	8	-3.6113	0.25528	0.2602	0.890629	713	0	-3.6113
Tmem37	20	0.67195	0.94386	1.0	2619	7	-3.5223	0.38226	0.35217	0.890629	1095	0	-3.5223
Vmn1r67	20	0.67202	0.94391	1.0	2620	8	-3.4211	0.59794	0.5361	0.911968	1655	0	-3.4211
Calcrl	20	0.674	0.94435	1.0	2621	9	-3.7361	0.50962	0.44352	0.892668	1410	0	-3.7361
Igsf8	20	0.6762	0.94481	1.0	2622	9	-3.821	0.34594	0.32572	0.890629	986	0	-3.821
Tshr	20	0.6762	0.94481	1.0	2623	9	-3.7216	0.40133	0.36279	0.890629	1134	0	-3.7216
Tmem158	20	0.6762	0.94481	1.0	2624	8	-3.5488	0.72793	0.67059	0.936914	2026	0	-3.5488
Ermap	20	0.67713	0.94494	1.0	2625	7	-3.6093	0.041228	0.043122	0.863331	114	0	-3.6093
Chrm2	20	0.67713	0.94494	1.0	2626	8	-3.5836	0.27927	0.28403	0.890629	787	0	-3.5836
Ccr3	20	0.6779	0.94519	1.0	2627	9	-3.4557	0.45934	0.4104	0.890629	1292	0	-3.4557
Atp1b4	20	0.68105	0.94636	1.0	2628	8	-3.3434	0.40133	0.36279	0.890629	1128	0	-3.3434
Tas2r139	20	0.68105	0.94636	1.0	2629	8	-3.5172	0.28703	0.28715	0.890629	809	0	-3.5172
Tm4sf1	20	0.68119	0.94639	1.0	2630	8	-3.5032	0.57391	0.51819	0.911968	1610	0	-3.5032
Slco1a6	20	0.68153	0.94659	1.0	2631	9	-3.5137	0.76401	0.70234	0.936914	2142	0	-3.5137
Epcam	20	0.68202	0.94672	1.0	2632	7	-3.7053	0.4816	0.42006	0.890629	1336	0	-3.7053
Atp1a2	20	0.68449	0.94782	1.0	2633	7	-3.5342	0.49964	0.43654	0.892668	1388	0	-3.5342
Olfr1093	20	0.6847	0.94786	1.0	2634	8	-3.6665	0.64192	0.57527	0.915432	1767	0	-3.6665
Olfr747	19	0.68489	0.94704	1.0	2635	5	-3.4227	0.64823	0.57642	0.915432	1792	0	-3.4227
Olfr678	19	0.68674	0.94748	1.0	2636	7	-3.4772	0.50106	0.43987	0.892668	1401	0	-3.4772
Tlr7	20	0.68682	0.94835	1.0	2637	8	-3.5719	0.18687	0.19281	0.890629	517	0	-3.5719
Tnfsf18	20	0.68813	0.94891	1.0	2638	9	-3.7885	0.88605	0.84989	0.97237	2499	0	-3.7885
Skint7	20	0.68984	0.94937	1.0	2639	8	-3.6647	0.20364	0.20725	0.890629	576	0	-3.6647
Dag1	20	0.69175	0.95005	1.0	2640	5	-3.4028	0.34594	0.32572	0.890629	987	0	-3.4028
Olfr307	19	0.69301	0.94902	1.0	2641	8	-3.7255	0.68512	0.61893	0.920871	1908	0	-3.7255
Ebp	20	0.69386	0.95081	1.0	2642	8	-3.7453	0.93587	0.91317	0.985216	2648	0	-3.7453
Cybb	20	0.69552	0.95106	1.0	2643	7	-3.7262	0.75691	0.69768	0.936914	2124	0	-3.7262
Nfasc	19	0.69694	0.95033	1.0	2644	8	-3.6333	0.48201	0.4207	0.890629	1346	0	-3.6333
Tmem106b	20	0.69769	0.95185	1.0	2645	7	-3.445	0.51899	0.4558	0.900172	1441	0	-3.445
Umodl1	19	0.69863	0.95097	1.0	2646	8	-3.7175	0.73265	0.67739	0.936914	2038	0	-3.7175
Slc38a11	19	0.69879	0.95105	1.0	2647	8	-3.7255	0.23838	0.24488	0.890629	660	0	-3.7255
Ace2	20	0.69973	0.9525	1.0	2648	9	-3.5526	0.86364	0.82387	0.968184	2431	0	-3.5526
Olfr172	20	0.69973	0.9525	1.0	2649	9	-3.5481	0.72502	0.66853	0.936914	2020	0	-3.5481
Dsc1	18	0.70177	0.94941	1.0	2650	5	-3.2465	0.25528	0.2602	0.890629	711	0	-3.2465
Slc38a9	20	0.7032	0.95365	1.0	2651	9	-3.6832	0.27927	0.28403	0.890629	785	0	-3.6832
Olfr1090	20	0.70392	0.95385	1.0	2652	7	-3.5489	0.89555	0.86289	0.974532	2530	0	-3.5489
Olfr1257	20	0.70438	0.95396	1.0	2653	9	-3.7827	0.91889	0.88987	0.979679	2592	0	-3.7827
Grik4	20	0.70453	0.95405	1.0	2654	8	-3.8041	0.6254	0.55878	0.915432	1729	0	-3.8041
Mc1r	20	0.70495	0.95416	1.0	2655	8	-3.5508	0.76401	0.70234	0.936914	2141	0	-3.5508
Htr2b	20	0.70496	0.95421	1.0	2656	5	-3.1311	0.11	0.10842	0.890629	313	0	-3.1311
Gpr22	19	0.70741	0.95328	1.0	2657	8	-3.5565	0.17131	0.17576	0.890629	477	0	-3.5565
Tlr8	20	0.70811	0.95493	1.0	2658	5	-3.4093	0.53675	0.48458	0.911968	1505	0	-3.4093
Dsg2	20	0.70838	0.95496	1.0	2659	8	-3.7829	0.95096	0.93369	0.991637	2691	0	-3.7829
Olfr1459	20	0.70855	0.95502	1.0	2660	5	-3.2569	0.4892	0.42599	0.890629	1360	0	-3.2569
Tas2r125	19	0.70919	0.95377	1.0	2661	8	-3.774	0.7017	0.64566	0.932583	1951	0	-3.774
Olfr1507	20	0.71017	0.95584	1.0	2662	7	-3.475	0.094702	0.097307	0.890629	269	0	-3.475
P2ry14	20	0.71017	0.95584	1.0	2663	6	-3.4806	0.67377	0.60527	0.920871	1858	0	-3.4806
P2ry10	18	0.71098	0.95209	1.0	2664	6	-3.2405	0.0013457	0.0036393	0.455255	4	0	-3.2405
Olfr484	20	0.71143	0.95607	1.0	2665	8	-3.4208	0.3043	0.29893	0.890629	845	0	-3.4208
Olfr424	20	0.71155	0.95614	1.0	2666	5	-3.4937	0.14819	0.16436	0.890629	417	0	-3.4937
Olfr926	18	0.71272	0.95306	1.0	2667	6	-3.2001	0.69609	0.63698	0.924568	1946	0	-3.2001
Adam23	20	0.71382	0.95698	1.0	2668	9	-3.5997	0.80877	0.75849	0.95623	2266	0	-3.5997
Gml2	19	0.71504	0.95568	1.0	2669	8	-3.598	0.022652	0.023213	0.863331	67	0	-3.598
Cd9	20	0.72092	0.95906	1.0	2670	8	-3.6042	0.73924	0.67894	0.936914	2063	0	-3.6042
Olfr1137	19	0.72114	0.95746	1.0	2671	8	-3.7496	0.94872	0.93112	0.990381	2686	0	-3.7496
Slc37a4	20	0.72302	0.95952	1.0	2672	9	-3.6023	0.32463	0.31199	0.890629	923	0	-3.6023
Gm49368	2	0.72315	0.73232	1.0	2673	1	-3.3656	0.24019	0.21701	0.890629	683	0	-3.3656
Olfr76	20	0.72453	0.96016	1.0	2674	5	-3.5284	0.52869	0.47244	0.911088	1474	0	-3.5284
Olfr301	19	0.72482	0.95833	1.0	2675	5	-3.666	0.23838	0.24488	0.890629	659	0	-3.666
Olfr429	20	0.72496	0.96024	1.0	2676	9	-3.6586	0.23091	0.2313	0.890629	645	0	-3.6586
Cd47	18	0.72552	0.95748	1.0	2677	7	-3.2565	0.08565	0.089005	0.890629	242	0	-3.2565
Atp1b3	18	0.72552	0.95748	1.0	2678	7	-3.3997	0.31757	0.29834	0.890629	888	0	-3.3997
Cd33	20	0.72595	0.96059	1.0	2679	7	-3.5166	0.42271	0.3756	0.890629	1200	0	-3.5166
Xpnpep2	20	0.72653	0.96083	1.0	2680	9	-3.7644	0.98031	0.97175	0.993293	2792	0	-3.7644
Trabd2b	20	0.7267	0.961	1.0	2681	7	-3.6363	0.009433	0.0082884	0.697001	28	0	-3.6363
Cd86	20	0.7273	0.96109	1.0	2682	6	-3.5585	0.42271	0.3756	0.890629	1186	0	-3.5585
Vcam1	20	0.72741	0.96115	1.0	2683	6	-3.4845	0.53675	0.48458	0.911968	1503	0	-3.4845
S1pr1	20	0.72783	0.96119	1.0	2684	9	-3.6484	0.87967	0.84444	0.97237	2477	0	-3.6484
Psg27	18	0.72884	0.95865	1.0	2685	7	-3.5974	0.32597	0.30223	0.890629	931	0	-3.5974
H2-Q1	18	0.72984	0.95883	1.0	2686	7	-3.2946	0.26249	0.26292	0.890629	742	0	-3.2946
Tmem9	18	0.73061	0.95899	1.0	2687	8	-3.7405	0.32597	0.30223	0.890629	933	0	-3.7405
Slc24a5	20	0.73067	0.9619	1.0	2688	8	-3.6123	0.8505	0.809	0.963878	2394	0	-3.6123
Olfr485	20	0.73074	0.96192	1.0	2689	7	-3.5982	0.87588	0.84091	0.97237	2459	0	-3.5982
Olfr1222	20	0.73184	0.96227	1.0	2690	7	-3.6074	0.15587	0.17117	0.890629	442	0	-3.6074
Olfr828	20	0.73291	0.96257	1.0	2691	6	-3.7081	0.041228	0.043122	0.863331	108	0	-3.7081
Slc35f4	20	0.73306	0.96258	1.0	2692	7	-3.6174	0.92133	0.89347	0.980439	2602	0	-3.6174
Olfr487	20	0.73347	0.96297	1.0	2693	8	-3.4367	0.18687	0.19281	0.890629	520	0	-3.4367
Muc15	20	0.73347	0.96297	1.0	2694	8	-3.3407	0.053294	0.046947	0.863331	150	0	-3.3407
Olfr270	20	0.73349	0.96308	1.0	2695	6	-3.4242	0.23967	0.24389	0.890629	663	0	-3.4242
Olfr38	20	0.73524	0.96337	1.0	2696	8	-3.777	0.016984	0.021938	0.863331	43	0	-3.777
Tas2r108	20	0.73691	0.96402	1.0	2697	9	-3.7044	0.057389	0.050749	0.863331	158	0	-3.7044
Fpr-rs6	20	0.73741	0.96444	1.0	2698	7	-3.3599	0.49964	0.43654	0.892668	1392	0	-3.3599
Olfr1246	20	0.73742	0.96456	1.0	2699	4	-3.2761	0.44924	0.40434	0.890629	1278	0	-3.2761
Il1rapl1	20	0.73783	0.96482	1.0	2700	7	-3.6736	0.38226	0.35217	0.890629	1086	0	-3.6736
Tmem154	18	0.73802	0.96125	1.0	2701	6	-3.1031	0.23602	0.24099	0.890629	658	0	-3.1031
Olfr878	20	0.73808	0.96485	1.0	2702	8	-3.65	0.016984	0.021938	0.863331	46	0	-3.65
Tmigd1	18	0.73912	0.96137	1.0	2703	6	-3.4172	0.42505	0.37795	0.890629	1203	0	-3.4172
Slc29a1	20	0.7442	0.96608	1.0	2704	7	-3.156	0.4816	0.42006	0.890629	1337	0	-3.156
Olfr1152	20	0.74427	0.96611	1.0	2705	6	-3.6263	0.31425	0.30629	0.890629	882	0	-3.6263
Sgce	20	0.74438	0.96616	1.0	2706	5	-3.4907	0.41186	0.36792	0.890629	1171	0	-3.4907
Ano3	20	0.74463	0.96623	1.0	2707	4	-3.4844	0.67991	0.61494	0.920871	1892	0	-3.4844
Olfr11	20	0.74515	0.96645	1.0	2708	7	-3.4472	0.55366	0.50358	0.911968	1543	0	-3.4472
Slc12a2	20	0.75032	0.96789	1.0	2709	6	-3.6702	0.094702	0.097307	0.890629	262	0	-3.6702
Zdhhc11	18	0.7513	0.96503	1.0	2710	6	-3.6191	0.14144	0.1562	0.890629	390	0	-3.6191
Olfr137	18	0.75567	0.96629	1.0	2711	7	-3.76	0.60319	0.53701	0.911968	1673	0	-3.76
Mrgprg	20	0.75604	0.96921	1.0	2712	6	-3.5858	0.84252	0.80338	0.963878	2371	0	-3.5858
Olfr173	20	0.75604	0.96921	1.0	2713	5	-3.4175	0.013708	0.01592	0.863331	39	0	-3.4175
Olfr320	20	0.757	0.96956	1.0	2714	8	-3.5355	0.59794	0.5361	0.911968	1669	0	-3.5355
Olfr187	20	0.75778	0.96967	1.0	2715	6	-3.572	0.58996	0.53319	0.911968	1645	0	-3.572
Olfr1502	20	0.75797	0.96972	1.0	2716	8	-3.4674	0.7201	0.66193	0.936914	2008	0	-3.4674
Olfr867	20	0.75896	0.97	1.0	2717	6	-3.4819	0.034498	0.039301	0.863331	103	0	-3.4819
Kcna3	20	0.75909	0.97007	1.0	2718	8	-3.6655	0.12183	0.12067	0.890629	352	0	-3.6655
Olfr519	20	0.75993	0.97017	1.0	2719	7	-3.0178	0.12183	0.12067	0.890629	340	0	-3.0178
Pmepa1	20	0.76329	0.9708	1.0	2720	7	-3.6711	0.59794	0.5361	0.911968	1667	0	-3.6711
Cd163	20	0.76563	0.97126	1.0	2721	6	-3.2816	0.78193	0.73106	0.945838	2203	0	-3.2816
Glipr1	20	0.76602	0.97133	1.0	2722	8	-3.6234	0.66002	0.5884	0.915432	1836	0	-3.6234
Clrn2	18	0.76602	0.9685	1.0	2723	7	-3.8295	0.39011	0.34471	0.890629	1108	0	-3.8295
Cntn6	18	0.76794	0.96877	1.0	2724	7	-3.2278	0.031102	0.035843	0.863331	89	0	-3.2278
Olfr1008	18	0.76794	0.96877	1.0	2725	5	-3.7154	0.39905	0.35546	0.890629	1125	0	-3.7154
Mc2r	20	0.76797	0.97163	1.0	2726	7	-3.6013	0.80346	0.75275	0.953615	2251	0	-3.6013
Olfr918	20	0.76805	0.97167	1.0	2727	8	-3.495	0.19137	0.19931	0.890629	537	0	-3.495
Lrrc4b	18	0.76876	0.9689	1.0	2728	7	-3.6669	0.65495	0.58708	0.915432	1816	0	-3.6669
Fpr-rs4	20	0.76891	0.97189	1.0	2729	8	-3.4019	0.050924	0.046947	0.863331	143	0	-3.4019
Mpzl1	20	0.77009	0.97205	1.0	2730	8	-3.7071	0.36392	0.33433	0.890629	1028	0	-3.7071
Cdh10	20	0.77009	0.97205	1.0	2731	8	-3.7782	0.51899	0.4558	0.900172	1457	0	-3.7782
Olfr738	20	0.77014	0.97208	1.0	2732	6	-3.5547	0.088633	0.08998	0.890629	252	0	-3.5547
Olfr874	20	0.7709	0.97216	1.0	2733	6	-3.3461	0.3043	0.29893	0.890629	860	0	-3.3461
Cldn12	18	0.77121	0.96928	1.0	2734	7	-3.4727	0.36056	0.32626	0.890629	1025	0	-3.4727
Cd28	18	0.77415	0.96989	1.0	2735	5	-3.2739	0.31757	0.29834	0.890629	887	0	-3.2739
Grid1	18	0.77613	0.97028	1.0	2736	6	-3.4857	0.36056	0.32626	0.890629	1024	0	-3.4857
Olfr146	20	0.77854	0.97357	1.0	2737	5	-3.2737	0.28703	0.28715	0.890629	807	0	-3.2737
H2-DMa	20	0.77854	0.97357	1.0	2738	7	-3.5032	0.20364	0.20725	0.890629	569	0	-3.5032
Dsg1c	20	0.78275	0.97445	1.0	2739	7	-3.5434	0.65145	0.5823	0.915432	1813	0	-3.5434
Olfr322	20	0.78383	0.9746	1.0	2740	6	-3.2497	0.071278	0.063944	0.890629	203	0	-3.2497
Ceacam13	20	0.78452	0.97469	1.0	2741	7	-3.3977	0.58996	0.53319	0.911968	1644	0	-3.3977
Clec2e	16	0.78929	0.96909	1.0	2742	6	-3.5397	0.73378	0.68004	0.936914	2056	0	-3.5397
Atp13a3	18	0.79381	0.97334	1.0	2743	7	-3.7382	0.80621	0.7664	0.959971	2264	0	-3.7382
Mfsd6	20	0.79511	0.97711	1.0	2744	7	-3.6315	0.57391	0.51819	0.911968	1594	0	-3.6315
Ceacam1	20	0.79805	0.97759	1.0	2745	8	-3.671	0.50962	0.44352	0.892668	1413	0	-3.671
Corin	18	0.79947	0.97456	1.0	2746	6	-3.2193	0.36982	0.33251	0.890629	1050	0	-3.2193
Olfr1303	19	0.79998	0.97647	1.0	2747	8	-3.774	0.40663	0.36146	0.890629	1151	0	-3.774
Olfr1118	19	0.79998	0.97647	1.0	2748	8	-3.4369	0.58657	0.5212	0.911968	1638	0	-3.4369
Slco4a1	20	0.8011	0.97817	1.0	2749	7	-3.5543	0.46725	0.4128	0.890629	1310	0	-3.5543
Skint8	20	0.80445	0.97862	1.0	2750	5	-3.5458	0.54501	0.49311	0.911968	1520	0	-3.5458
Olfr692	20	0.8051	0.97877	1.0	2751	7	-3.4972	0.42271	0.3756	0.890629	1199	0	-3.4972
Olfr724	14	0.80525	0.96893	1.0	2752	5	-3.3771	0.024275	0.028042	0.863331	68	0	-3.3771
Adcy6	20	0.81297	0.98005	1.0	2753	7	-3.3907	0.71201	0.6487	0.932583	1990	0	-3.3907
Fpr1	20	0.81309	0.98008	1.0	2754	7	-3.5835	0.76401	0.70234	0.936914	2144	0	-3.5835
Olfr815	16	0.81315	0.97391	1.0	2755	5	-3.5384	0.11059	0.12339	0.890629	323	0	-3.5384
Ephb6	20	0.81412	0.98038	1.0	2756	7	-3.5242	0.4892	0.42599	0.890629	1357	0	-3.5242
Olfr1099	18	0.81771	0.97774	1.0	2757	6	-3.4177	0.24594	0.25209	0.890629	688	0	-3.4177
Olfr1076	19	0.81922	0.9802	1.0	2758	7	-3.3992	0.71555	0.65841	0.936914	1995	0	-3.3992
Olfr459	20	0.81997	0.98123	1.0	2759	7	-3.3175	0.58306	0.52725	0.911968	1633	0	-3.3175
Olfr183	20	0.81999	0.98129	1.0	2760	5	-3.1584	0.24922	0.25461	0.890629	695	0	-3.1584
Grpr	20	0.82209	0.98168	1.0	2761	7	-3.5508	0.12183	0.12067	0.890629	354	0	-3.5508
Npy1r	20	0.82752	0.9826	1.0	2762	6	-3.3687	0.75059	0.69361	0.936914	2106	0	-3.3687
Olfr196	17	0.82904	0.9794	1.0	2763	6	-3.2736	0.12234	0.13651	0.890629	356	0	-3.2736
Olfr55	15	0.82995	0.97551	1.0	2764	3	-3.3064	0.41065	0.35547	0.890629	1154	0	-3.3064
Tas2r107	20	0.83497	0.98377	1.0	2765	8	-3.6225	0.18687	0.19281	0.890629	532	0	-3.6225
Gpr173	18	0.83548	0.98092	1.0	2766	5	-3.5954	0.2786	0.27351	0.890629	775	0	-3.5954
Tas2r110	20	0.83928	0.98435	1.0	2767	8	-3.6434	0.23967	0.24389	0.890629	677	0	-3.6434
Olfr1310	20	0.83966	0.98442	1.0	2768	6	-3.5	0.24922	0.25461	0.890629	697	0	-3.5
Tmem9b	18	0.83974	0.98172	1.0	2769	4	-3.6307	0.35178	0.32249	0.890629	1002	0	-3.6307
Gm20489	10	0.84104	0.96463	1.0	2770	2	-3.5462	0.0052242	0.0041416	0.455255	16	0	-3.5462
Olfr1053	18	0.84335	0.98232	1.0	2771	4	-2.8935	0.21855	0.22236	0.890629	611	0	-2.8935
Tmem182	19	0.84354	0.98349	1.0	2772	7	-3.5703	0.048441	0.045104	0.863331	136	0	-3.5703
Olfr56	20	0.84489	0.98505	1.0	2773	5	-3.1739	0.057389	0.050749	0.863331	155	0	-3.1739
Olfr190	20	0.84489	0.98513	1.0	2774	8	-3.5513	0.19597	0.20248	0.890629	546	0	-3.5513
Lim2	20	0.84766	0.98561	1.0	2775	5	-3.2317	0.4816	0.42006	0.890629	1332	0	-3.2317
Olfr1065	20	0.85603	0.98698	1.0	2776	6	-3.4417	0.25853	0.26354	0.890629	720	0	-3.4417
Lyve1	20	0.85773	0.98715	1.0	2777	6	-3.6454	0.51899	0.4558	0.900172	1452	0	-3.6454
Tmprss11d	20	0.85777	0.98716	1.0	2778	6	-3.4722	0.8893	0.85421	0.973026	2510	0	-3.4722
Plet1	18	0.85898	0.98515	1.0	2779	5	-3.4762	0.42505	0.37795	0.890629	1205	0	-3.4762
Gm5155	20	0.8596	0.98747	1.0	2780	4	-3.5438	0.80346	0.75275	0.953615	2254	0	-3.5438
Kcnmb4	19	0.86	0.98588	1.0	2781	4	-3.3075	0.33191	0.3134	0.890629	942	0	-3.3075
Olfr193	12	0.86069	0.97515	1.0	2782	4	-3.687	0.40063	0.35462	0.890629	1126	0	-3.687
Mrgpra3	19	0.86091	0.98599	1.0	2783	5	-3.5465	0.78111	0.72984	0.945838	2189	0	-3.5465
Crb3	18	0.86133	0.98567	1.0	2784	5	-3.3105	0.28788	0.28016	0.890629	813	0	-3.3105
Gm43720	11	0.86323	0.97322	1.0	2785	4	-3.5731	0.91551	0.8867	0.979588	2588	0	-3.5731
Olfr1564	19	0.86472	0.98663	1.0	2786	6	-3.3992	0.44246	0.39574	0.890629	1262	0	-3.3992
Parm1	20	0.86747	0.98885	1.0	2787	7	-3.5321	0.11	0.10842	0.890629	295	0	-3.5321
Gm5724	20	0.87095	0.98928	1.0	2788	6	-3.4052	0.73376	0.6748	0.936914	2054	0	-3.4052
Slc46a3	20	0.8727	0.98944	1.0	2789	6	-3.3288	0.15587	0.17117	0.890629	427	0	-3.3288
Olfr1085	13	0.87519	0.98114	1.0	2790	3	-3.4658	0.37071	0.31676	0.890629	1053	0	-3.4658
Olfr1136	18	0.87798	0.98823	1.0	2791	7	-3.5884	0.43994	0.3838	0.890629	1252	0	-3.5884
Bves	20	0.87988	0.99033	1.0	2792	6	-3.3989	0.08329	0.084585	0.890629	235	0	-3.3989
Olfr786	18	0.88035	0.98869	1.0	2793	7	-3.6147	0.75804	0.70252	0.936914	2127	0	-3.6147
Olfr832	20	0.88081	0.99037	1.0	2794	7	-3.6558	0.38226	0.35217	0.890629	1085	0	-3.6558
Olfr161	20	0.88228	0.99046	1.0	2795	6	-3.4366	0.1393	0.15596	0.890629	386	0	-3.4366
Olfr1048	20	0.88419	0.99062	1.0	2796	6	-3.6127	0.23091	0.2313	0.890629	652	0	-3.6127
Olfr1062	18	0.88581	0.9893	1.0	2797	2	-3.3746	0.099572	0.098986	0.890629	275	0	-3.3746
Olfr985	20	0.886	0.99085	1.0	2798	6	-3.3788	0.77522	0.7199	0.945838	2175	0	-3.3788
Pcdhga9	18	0.88932	0.9897	1.0	2799	6	-3.5967	0.26249	0.26292	0.890629	743	0	-3.5967
Olfr846	20	0.89175	0.99152	1.0	2800	5	-3.4724	0.32463	0.31199	0.890629	906	0	-3.4724
Cd160	20	0.89258	0.99161	1.0	2801	7	-3.4926	0.28703	0.28715	0.890629	808	0	-3.4926
Epha6	20	0.89364	0.9917	1.0	2802	7	-3.5206	0.43211	0.38693	0.890629	1220	0	-3.5206
Olfr350	19	0.89444	0.99074	1.0	2803	7	-3.5066	0.15678	0.16747	0.890629	447	0	-3.5066
Gml	20	0.89446	0.99174	1.0	2804	5	-3.6561	0.49964	0.43654	0.892668	1391	0	-3.6561
Il21r	20	0.89577	0.99193	1.0	2805	6	-3.5515	0.75059	0.69361	0.936914	2105	0	-3.5515
Olfr402	17	0.9004	0.9902	1.0	2806	5	-3.6592	0.34448	0.31244	0.890629	974	0	-3.6592
Olfr745	20	0.90082	0.99243	1.0	2807	7	-3.7376	0.29434	0.29156	0.890629	827	0	-3.7376
Fpr3	20	0.90169	0.99251	1.0	2808	4	-3.1254	0.094702	0.097307	0.890629	263	0	-3.1254
Olfr1389	19	0.90252	0.9919	1.0	2809	5	-3.3064	0.42261	0.38107	0.890629	1181	0	-3.3064
Olfr1163	20	0.90277	0.99262	1.0	2810	6	-3.3015	0.046803	0.046943	0.863331	126	0	-3.3015
Olfr779	9	0.90443	0.97689	1.0	2811	2	-3.6866	0.64436	0.59618	0.920871	1787	0	-3.6866
Slc3a1	20	0.9071	0.99297	1.0	2812	6	-3.2574	0.91106	0.88055	0.97732	2576	0	-3.2574
Fcrl5	20	0.90846	0.99311	1.0	2813	6	-3.2372	0.60535	0.53804	0.911968	1676	0	-3.2372
Aqp8	20	0.90994	0.99325	1.0	2814	7	-3.4359	0.33621	0.31882	0.890629	961	0	-3.4359
Olfr936	17	0.91084	0.99155	1.0	2815	6	-3.1145	0.14858	0.15435	0.890629	418	0	-3.1145
Olfr1031	18	0.9112	0.99223	1.0	2816	5	-3.2513	0.36982	0.33251	0.890629	1051	0	-3.2513
Olfr995	20	0.91172	0.99342	1.0	2817	6	-3.6576	0.18687	0.19281	0.890629	521	0	-3.6576
Olfr958	20	0.91183	0.99346	1.0	2818	6	-3.4778	0.21243	0.21518	0.890629	603	0	-3.4778
Grm3	17	0.91232	0.99169	1.0	2819	6	-3.7459	0.93844	0.91871	0.986997	2659	0	-3.7459
Tas2r104	20	0.9141	0.99365	1.0	2820	6	-3.5068	0.27927	0.28403	0.890629	783	0	-3.5068
Kl	20	0.92079	0.99443	1.0	2821	7	-3.6421	0.17241	0.17769	0.890629	488	0	-3.6421
Cnnm3	20	0.92464	0.9948	1.0	2822	6	-3.5627	0.28703	0.28715	0.890629	805	0	-3.5627
Olfr1462	20	0.93059	0.9954	1.0	2823	7	-3.6034	0.39156	0.35626	0.890629	1110	0	-3.6034
Olfr584	20	0.9315	0.99547	1.0	2824	7	-3.6149	0.065372	0.058304	0.877019	178	0	-3.6149
Psg23	20	0.93168	0.99548	1.0	2825	6	-3.2825	0.42271	0.3756	0.890629	1197	0	-3.2825
Plxna3	20	0.93168	0.99548	1.0	2826	5	-3.5319	0.88605	0.84989	0.97237	2502	0	-3.5319
Tas2r103	20	0.93211	0.99553	1.0	2827	5	-3.3635	0.32463	0.31199	0.890629	920	0	-3.3635
Pcdhb3	20	0.93467	0.99579	1.0	2828	6	-3.5111	0.22231	0.22161	0.890629	614	0	-3.5111
Pilrb2	20	0.9351	0.99581	1.0	2829	4	-3.2941	0.28703	0.28715	0.890629	796	0	-3.2941
Chrna5	19	0.93626	0.99546	1.0	2830	5	-3.3075	0.12992	0.14403	0.890629	362	0	-3.3075
Pcdhga12	19	0.93645	0.99548	1.0	2831	3	-3.4542	0.64118	0.5713	0.915432	1759	0	-3.4542
Tas2r130	20	0.93728	0.99601	1.0	2832	6	-3.3986	0.071278	0.063944	0.890629	198	0	-3.3986
Gm44579	4	0.93729	0.94217	1.0	2833	1	-2.5155	0.086512	0.077599	0.890629	245	0	-2.5155
Olfr1193	18	0.93964	0.99534	1.0	2834	5	-3.5314	0.8584	0.81789	0.967122	2414	0	-3.5314
Olfr935	19	0.93994	0.99573	1.0	2835	6	-3.3261	0.079296	0.081138	0.890629	227	0	-3.3261
Pcdh9	20	0.94191	0.99653	1.0	2836	7	-3.4631	0.92133	0.89347	0.980439	2603	0	-3.4631
Lhfpl5	18	0.94372	0.99583	1.0	2837	5	-3.1266	0.42505	0.37795	0.890629	1210	0	-3.1266
Asic5	20	0.94786	0.99692	1.0	2838	4	-3.4645	0.33621	0.31882	0.890629	959	0	-3.4645
Olfr486	20	0.95182	0.99723	1.0	2839	5	-3.2331	0.17241	0.17769	0.890629	482	0	-3.2331
Olfr1436	19	0.95652	0.99722	1.0	2840	6	-3.5133	0.19452	0.19955	0.890629	542	0	-3.5133
Ubac2	17	0.95964	0.99682	1.0	2841	5	-3.6572	0.83469	0.79477	0.963878	2347	0	-3.6572
Olfr1354	16	0.96038	0.9967	1.0	2842	5	-3.4402	0.45968	0.41142	0.890629	1298	0	-3.4402
Tmx3	20	0.96142	0.99789	1.0	2843	5	-3.4764	0.78837	0.73674	0.947614	2223	0	-3.4764
Olfr26	20	0.9626	0.99798	1.0	2844	6	-3.2604	0.51899	0.4558	0.900172	1455	0	-3.2604
Olfr722	19	0.96575	0.99801	1.0	2845	5	-3.4986	0.20297	0.20706	0.890629	564	0	-3.4986
Cdh8	20	0.96613	0.9982	1.0	2846	6	-3.1552	0.32463	0.31199	0.890629	911	0	-3.1552
H2-M9	20	0.96693	0.99826	1.0	2847	4	-3.3813	0.25853	0.26354	0.890629	738	0	-3.3813
Olfr288	4	0.9718	0.97554	1.0	2848	0	-2.7494	0.12572	0.10436	0.890629	358	0	-2.7494
Olfr802	20	0.97361	0.99865	1.0	2849	6	-3.5126	0.45934	0.4104	0.890629	1296	0	-3.5126
Il2ra	17	0.97487	0.99826	1.0	2850	2	-2.8504	0.014455	0.018794	0.863331	41	0	-2.8504
Olfr582	20	0.97658	0.99884	1.0	2851	4	-3.1451	0.65145	0.5823	0.915432	1802	0	-3.1451
Olfr8	15	0.97726	0.99789	1.0	2852	2	-3.1166	0.2646	0.25083	0.890629	744	0	-3.1166
P2rx3	20	0.98553	0.99934	1.0	2853	4	-3.2878	0.0054716	0.0041	0.455255	17	0	-3.2878
Olfr1039	20	0.99077	0.9996	1.0	2854	5	-3.3403	0.088633	0.08998	0.890629	250	0	-3.3403
Olfr1040	20	0.99249	0.99969	1.0	2855	2	-3.281	0.11	0.10842	0.890629	321	0	-3.281
Lnpep	20	0.99282	0.9997	1.0	2856	5	-3.5755	0.55366	0.50358	0.911968	1542	0	-3.5755
Ror2	20	0.99554	0.99981	1.0	2857	4	-3.3292	0.82507	0.78487	0.963878	2318	0	-3.3292
