id	num	neg|score	neg|p-value	neg|fdr	neg|rank	neg|goodsgrna	neg|lfc	pos|score	pos|p-value	pos|fdr	pos|rank	pos|goodsgrna	pos|lfc
Scn4b	20	6.0559e-06	6.0625e-05	0.117162	1	17	-4.8431	0.94018	0.91973	0.986556	2663	0	-4.8431
Gdpd5	20	1.0624e-05	0.00011259	0.117162	2	14	-4.5967	0.88626	0.84954	0.970034	2502	0	-4.5967
Ntm	18	1.4652e-05	0.00012298	0.117162	3	9	-3.9192	0.083172	0.073726	0.813139	237	0	-3.9192
Olfr978	18	2.139e-05	0.00019227	0.137376	4	11	-4.5447	0.16181	0.159	0.866293	454	0	-4.5447
Adrb1	20	5.4477e-05	0.00050752	0.26662	5	16	-4.4427	0.82135	0.77563	0.957151	2309	0	-4.4427
H2-Ob	20	6.617e-05	0.00063916	0.26662	6	15	-4.7134	0.57781	0.51524	0.896706	1619	0	-4.7134
Svopl	20	6.7763e-05	0.00065302	0.26662	7	16	-4.4437	0.9339	0.91089	0.984375	2643	0	-4.4437
Prnp	20	0.0001045	0.0010272	0.366955	8	11	-4.0226	0.20391	0.19553	0.866293	580	0	-4.0226
Tnfrsf13b	18	0.00015713	0.0014619	0.429208	9	15	-4.678	0.93821	0.91787	0.986193	2660	0	-4.678
Pth2r	19	0.00015791	0.0015018	0.429208	10	13	-4.2249	0.29373	0.27737	0.866293	821	0	-4.2249
Pcdhb12	20	0.00019087	0.0018932	0.491899	11	17	-4.3206	0.99867	0.99785	0.999589	2850	0	-4.3206
Klrb1	19	0.00026557	0.0024129	0.57467	12	11	-3.9569	0.40971	0.35739	0.866293	1167	0	-3.9569
Gprc5b	20	0.00027852	0.0027351	0.601295	13	13	-4.3975	0.6877	0.61078	0.905623	1909	0	-4.3975
Itga9	20	0.00031605	0.0030919	0.623527	14	13	-4.115	0.84258	0.79755	0.958809	2372	0	-4.115
Cdh3	19	0.00038669	0.0035804	0.623527	15	16	-4.5989	0.97684	0.96708	0.993354	2781	0	-4.5989
Rgma	20	0.0003957	0.0036704	0.623527	16	15	-4.4898	0.5928	0.52434	0.896706	1661	0	-4.4898
Asic4	20	0.00041351	0.0038107	0.623527	17	13	-4.4335	0.6877	0.61078	0.905623	1923	0	-4.4335
Cdhr3	20	0.00043494	0.0039874	0.623527	18	16	-4.5735	0.95617	0.94005	0.990891	2709	0	-4.5735
Ror1	20	0.00048953	0.0044811	0.623527	19	8	-3.8393	0.063499	0.052354	0.802217	188	0	-3.8393
Plxnb1	20	0.00049859	0.0045815	0.623527	20	12	-3.9426	0.97765	0.96884	0.993354	2784	0	-3.9426
Lrfn1	20	0.00049924	0.0045815	0.623527	21	15	-4.5538	0.97602	0.96675	0.993354	2779	0	-4.5538
Trpv4	20	0.0005887	0.0053125	0.665062	22	17	-4.3772	0.6877	0.61078	0.905623	1933	0	-4.3772
Notch1	20	0.00068298	0.006092	0.665062	23	13	-4.5739	0.78913	0.72899	0.93891	2218	0	-4.5739
Susd3	20	0.00072363	0.0064211	0.665062	24	13	-4.6188	0.99282	0.98826	0.995575	2836	0	-4.6188
Lamp1	20	0.00073923	0.0065008	0.665062	25	15	-4.5574	0.82135	0.77563	0.957151	2305	0	-4.5574
Olfr323	18	0.0007478	0.0063068	0.665062	26	10	-4.0674	0.025569	0.025218	0.66405	73	0	-4.0674
Caly	19	0.00076571	0.0065666	0.665062	27	15	-4.5789	0.44427	0.3833	0.867081	1273	0	-4.5789
Pcdha1	16	0.00080277	0.0060677	0.665062	28	10	-4.0028	0.33055	0.28894	0.866293	955	0	-4.0028
Epha3	20	0.00082622	0.0072941	0.665062	29	11	-4.0536	0.008444	0.0041	0.468713	25	0	-4.0536
Lrfn4	20	0.00093719	0.0080666	0.665062	30	9	-3.6434	0.25023	0.24514	0.866293	705	0	-3.6434
Ephb3	20	0.00094548	0.0081082	0.665062	31	14	-4.5835	0.91892	0.89005	0.97762	2604	0	-4.5835
Calcr	20	0.00097348	0.0083524	0.665062	32	14	-4.6561	0.6877	0.61078	0.905623	1920	0	-4.6561
Agtr1a	20	0.0010053	0.0086053	0.665062	33	15	-4.6154	0.48364	0.41142	0.867081	1344	0	-4.6154
Tnfrsf11a	20	0.0010252	0.0087422	0.665062	34	12	-4.2627	0.1393	0.14346	0.866293	386	0	-4.2627
Layn	20	0.0010515	0.0089708	0.665062	35	12	-4.0253	0.86469	0.82403	0.966387	2433	0	-4.0253
Edar	20	0.0010889	0.009196	0.665062	36	17	-4.2564	0.72861	0.66247	0.924572	2030	0	-4.2564
Clstn1	20	0.0010893	0.0092185	0.665062	37	11	-4.0388	0.33902	0.31168	0.866293	985	0	-4.0388
Fam174a	20	0.0011208	0.0094385	0.665062	38	16	-4.5648	0.5232	0.4613	0.895048	1462	0	-4.5648
Slc1a4	19	0.0011308	0.0092999	0.665062	39	9	-3.7172	0.66899	0.59426	0.905623	1867	0	-3.7172
Erbb4	20	0.0011316	0.0095286	0.665062	40	9	-3.5871	0.8049	0.74821	0.946182	2263	0	-3.5871
Astn1	20	0.001163	0.0097434	0.665062	41	16	-4.5589	0.17809	0.17421	0.866293	501	0	-4.5589
Rrh	20	0.0012284	0.010169	0.665062	42	15	-4.4663	0.75916	0.68957	0.926117	2122	0	-4.4663
Cacna1i	20	0.0012337	0.010173	0.665062	43	15	-4.5753	0.98462	0.97631	0.994757	2805	0	-4.5753
Olfr202	20	0.0012633	0.01045	0.665062	44	12	-4.0623	0.74561	0.68052	0.926117	2088	0	-4.0623
Cdh24	19	0.0013173	0.010651	0.665062	45	13	-4.5971	0.83688	0.79154	0.958809	2354	0	-4.5971
Oxgr1	20	0.0013283	0.011046	0.665062	46	8	-3.3863	0.41626	0.35972	0.866293	1184	0	-3.3863
Plxnb2	20	0.0013934	0.011569	0.665062	47	11	-4.335	0.48364	0.41142	0.867081	1355	0	-4.335
Cckbr	20	0.0014081	0.011586	0.665062	48	9	-3.8109	0.46119	0.39792	0.867081	1293	0	-3.8109
Sppl2c	20	0.0014951	0.012269	0.665062	49	13	-4.5002	0.85173	0.80668	0.96014	2398	0	-4.5002
Sv2a	20	0.0015069	0.012328	0.665062	50	13	-4.3367	0.45319	0.39543	0.867081	1284	0	-4.3367
5830411N06Rik	20	0.0015069	0.012328	0.665062	51	14	-4.319	0.54814	0.49095	0.896706	1537	0	-4.319
Tspan17	20	0.0015602	0.012726	0.665062	52	11	-4.2042	0.88301	0.84511	0.969203	2486	0	-4.2042
Opn5	20	0.0016043	0.013088	0.665062	53	13	-4.5167	0.9056	0.87415	0.973615	2564	0	-4.5167
Il27ra	20	0.0017015	0.01361	0.665062	54	11	-4.1383	0.97449	0.9653	0.993354	2772	0	-4.1383
Tspan18	20	0.0017412	0.013824	0.665062	55	8	-3.6367	0.67468	0.60179	0.905623	1878	0	-3.6367
Slc31a1	18	0.0017495	0.013623	0.665062	56	10	-4.6247	0.20275	0.19366	0.866293	569	0	-4.6247
H2-Q2	20	0.0017788	0.014152	0.665062	57	15	-4.5917	0.057232	0.042961	0.709724	173	0	-4.5917
Tmem8b	20	0.001827	0.014365	0.665062	58	7	-3.6421	0.90855	0.8767	0.973615	2577	0	-3.6421
Flrt1	20	0.001866	0.01459	0.665062	59	15	-4.345	0.063499	0.052354	0.802217	184	0	-4.345
P2rx6	20	0.0019119	0.014952	0.665062	60	14	-4.6152	0.9654	0.95132	0.990891	2738	0	-4.6152
Nlgn3	20	0.0019207	0.01502	0.665062	61	10	-3.891	0.97675	0.96769	0.993354	2780	0	-3.891
Dpp10	20	0.0019591	0.015224	0.665062	62	15	-4.3633	0.10073	0.086208	0.813139	287	0	-4.3633
Tmem132e	19	0.0019652	0.015224	0.665062	63	8	-3.7175	0.30433	0.28591	0.866293	853	0	-3.7175
Olfr1217	20	0.0020017	0.015543	0.665062	64	13	-4.3781	0.27903	0.26927	0.866293	786	0	-4.3781
Ret	20	0.0020236	0.015686	0.665062	65	16	-4.188	0.66181	0.58152	0.901288	1839	0	-4.188
Cdcp1	20	0.0020971	0.016178	0.665062	66	14	-4.3498	0.79952	0.74218	0.943567	2241	0	-4.3498
Cntnap1	20	0.002114	0.016249	0.665062	67	14	-4.4998	0.98926	0.98277	0.995302	2821	0	-4.4998
H2-K1	19	0.0021575	0.016623	0.665062	68	14	-4.2848	0.43643	0.38101	0.866293	1249	0	-4.2848
Fgfr1	20	0.0021589	0.016502	0.665062	69	15	-4.4018	0.99889	0.99814	0.999589	2851	0	-4.4018
Upk1b	20	0.0021928	0.016816	0.665062	70	12	-4.0478	0.75201	0.68475	0.926117	2112	0	-4.0478
Slc38a8	20	0.0022152	0.016937	0.665062	71	13	-4.5654	0.38457	0.34135	0.866293	1100	0	-4.5654
Grid2	20	0.002226	0.016987	0.665062	72	7	-3.587	0.074063	0.065784	0.813139	218	0	-3.587
Pcdhac1	16	0.0022388	0.015757	0.665062	73	10	-4.1491	0.78762	0.73651	0.943567	2215	0	-4.1491
Acvr2b	18	0.0023245	0.017261	0.666644	74	14	-4.2351	0.97336	0.96217	0.993101	2769	0	-4.2351
Olfr297	20	0.0023919	0.017997	0.671617	75	15	-4.22	0.9785	0.96992	0.993354	2788	0	-4.22
Acvr1c	20	0.002433	0.018169	0.671617	76	15	-4.4851	0.73419	0.66673	0.924572	2052	0	-4.4851
Mmp17	20	0.0024691	0.018567	0.671617	77	9	-3.5843	0.47569	0.40533	0.867081	1326	0	-3.5843
P2ry12	20	0.0024906	0.01864	0.671617	78	12	-4.0627	0.50401	0.43179	0.873969	1403	0	-4.0627
Tril	20	0.0025331	0.018924	0.671617	79	11	-3.8721	0.91151	0.87966	0.974064	2584	0	-3.8721
D430041D05Rik	20	0.0025563	0.019062	0.671617	80	14	-4.3233	0.94018	0.91973	0.986556	2664	0	-4.3233
Gja4	17	0.0025988	0.018188	0.671617	81	14	-4.323	0.9035	0.87687	0.973615	2553	0	-4.323
Cnnm4	20	0.0026375	0.019568	0.671617	82	10	-3.8839	0.31749	0.29769	0.866293	900	0	-3.8839
Slc6a1	19	0.002743	0.020462	0.671617	83	11	-3.9813	0.566	0.50456	0.896706	1580	0	-3.9813
Olfr1511	20	0.0027928	0.020471	0.671617	84	16	-4.3554	0.034819	0.029587	0.66405	100	0	-4.3554
Mfsd5	20	0.0028122	0.020611	0.671617	85	13	-4.052	0.41626	0.35972	0.866293	1173	0	-4.052
Clec1b	20	0.0028946	0.021247	0.671617	86	12	-4.002	0.88301	0.84511	0.969203	2490	0	-4.002
Hbegf	18	0.0028987	0.02128	0.671617	87	13	-4.3736	0.90274	0.87108	0.973615	2546	0	-4.3736
Grin3b	20	0.0029457	0.021494	0.671617	88	12	-4.2118	0.34827	0.31607	0.866293	1004	0	-4.2118
Ffar4	20	0.0029542	0.021545	0.671617	89	14	-4.4805	0.715	0.6491	0.924572	2004	0	-4.4805
Tmem132c	20	0.0029678	0.021661	0.671617	90	15	-4.4671	0.98027	0.97215	0.993709	2793	0	-4.4671
Gprc5c	20	0.0029762	0.021726	0.671617	91	14	-4.3091	0.86037	0.81765	0.963581	2419	0	-4.3091
Ly6g6c	20	0.0029809	0.021737	0.671617	92	15	-4.2972	0.73947	0.67289	0.924572	2077	0	-4.2972
Slc5a7	18	0.0029967	0.021855	0.671617	93	11	-4.1292	0.94593	0.92709	0.987925	2682	0	-4.1292
Abcc10	20	0.0030352	0.022149	0.673425	94	13	-4.4348	0.64591	0.56997	0.899395	1788	0	-4.4348
Il23r	19	0.0030582	0.022456	0.67556	95	15	-4.3423	0.44427	0.3833	0.867081	1274	0	-4.3423
Abca4	20	0.0031538	0.023015	0.675844	96	10	-3.8006	0.10073	0.086208	0.813139	292	0	-3.8006
Podxl	20	0.0031589	0.023019	0.675844	97	9	-3.7501	0.14676	0.15042	0.866293	423	0	-3.7501
Slc5a5	20	0.003171	0.023174	0.675844	98	14	-4.5015	0.77058	0.70786	0.935616	2157	0	-4.5015
Slc38a1	20	0.0033325	0.024238	0.69698	99	10	-3.8876	0.66851	0.59175	0.905623	1858	0	-3.8876
Dpep3	20	0.0033544	0.024387	0.69698	100	13	-4.2701	0.85173	0.80668	0.96014	2399	0	-4.2701
Fzd1	20	0.0034687	0.025089	0.703499	101	12	-4.5393	0.5312	0.47143	0.896706	1489	0	-4.5393
Olfr1465	20	0.0034852	0.025354	0.703499	102	7	-3.716	0.18756	0.18575	0.866293	527	0	-3.716
Tmem235	19	0.0035159	0.025234	0.703499	103	13	-4.2848	0.5131	0.45557	0.895048	1426	0	-4.2848
Astn2	20	0.0036663	0.026438	0.722366	104	8	-3.7515	0.5232	0.4613	0.895048	1478	0	-3.7515
Shisa7	20	0.0037179	0.026938	0.722366	105	15	-4.4658	0.65467	0.5762	0.899395	1821	0	-4.4658
Chrna10	20	0.0038165	0.027352	0.722366	106	11	-4.077	0.96987	0.95751	0.991287	2757	0	-4.077
Pigr	20	0.003841	0.027494	0.722366	107	16	-4.2436	0.19543	0.19061	0.866293	553	0	-4.2436
Kcnv2	20	0.0039261	0.028059	0.722366	108	10	-3.7778	0.98462	0.97631	0.994757	2806	0	-3.7778
Il17rb	20	0.0039361	0.028083	0.722366	109	13	-4.4367	0.35761	0.32045	0.866293	1019	0	-4.4367
Crb2	20	0.0040452	0.028645	0.722366	110	10	-3.9155	0.72267	0.65809	0.924572	2018	0	-3.9155
Plxdc1	20	0.0041477	0.029292	0.722366	111	8	-3.5678	0.92718	0.90088	0.980843	2627	0	-3.5678
Disp1	20	0.0041636	0.029306	0.722366	112	12	-4.2158	0.9493	0.93194	0.990147	2690	0	-4.2158
Tnfrsf8	20	0.0042486	0.029989	0.722366	113	12	-4.3317	0.39445	0.34661	0.866293	1137	0	-4.3317
Lmbrd2	20	0.0042829	0.030188	0.722366	114	14	-4.3924	0.5928	0.52434	0.896706	1646	0	-4.3924
Cd248	20	0.0043466	0.030545	0.722366	115	15	-4.5142	0.96987	0.95751	0.991287	2756	0	-4.5142
Cdh4	20	0.0043479	0.030687	0.722366	116	14	-4.4028	0.53963	0.48021	0.896706	1507	0	-4.4028
Cmklr1	20	0.0044093	0.030948	0.722366	117	10	-3.8628	0.27095	0.26609	0.866293	773	0	-3.8628
Megf9	20	0.0044343	0.031014	0.722366	118	16	-4.2638	0.5232	0.4613	0.895048	1468	0	-4.2638
Gsg1	20	0.004545	0.03184	0.722366	119	10	-3.8419	0.35761	0.32045	0.866293	1020	0	-3.8419
Lrtm2	20	0.0045529	0.031967	0.722366	120	10	-3.8715	0.17033	0.16239	0.866293	483	0	-3.8715
Adcy2	20	0.0045886	0.032237	0.722366	121	11	-3.966	0.6877	0.61078	0.905623	1925	0	-3.966
Tspan15	20	0.0045931	0.032244	0.722366	122	11	-3.9416	0.98926	0.98277	0.995302	2820	0	-3.9416
Tmem255b	20	0.0046908	0.032715	0.722366	123	14	-4.4415	0.74561	0.68052	0.926117	2089	0	-4.4415
Il17re	20	0.0047438	0.033034	0.722366	124	12	-4.1698	0.45748	0.39668	0.867081	1289	0	-4.1698
Il2rb	20	0.0047438	0.033034	0.722366	125	14	-4.1025	0.86856	0.82982	0.968006	2443	0	-4.1025
Ddr1	20	0.0047516	0.033121	0.722366	126	15	-4.3188	0.82683	0.78204	0.958636	2328	0	-4.3188
Fap	20	0.0048099	0.033356	0.722366	127	12	-4.0137	0.47569	0.40533	0.867081	1321	0	-4.0137
Gpc5	20	0.004822	0.033496	0.722366	128	14	-4.5073	0.94242	0.92225	0.986556	2667	0	-4.5073
Gm5150	18	0.0048318	0.032736	0.722366	129	12	-4.4652	0.38398	0.33011	0.866293	1095	0	-4.4652
Serinc2	19	0.0048668	0.033765	0.722366	130	10	-3.9158	0.014585	0.011777	0.66405	38	0	-3.9158
Olfr1466	20	0.0049008	0.033869	0.722366	131	11	-4.2453	0.90019	0.86765	0.973615	2543	0	-4.2453
Slc41a1	20	0.0049548	0.034127	0.722479	132	14	-4.3203	0.7654	0.69763	0.930788	2148	0	-4.3203
Pcdhgb1	18	0.0049692	0.033287	0.722366	133	12	-4.2033	0.18555	0.17875	0.866293	523	0	-4.2033
Gabra4	19	0.0049939	0.03453	0.724187	134	8	-3.5512	0.66899	0.59426	0.905623	1866	0	-3.5512
Olfr287	18	0.0049955	0.033571	0.722366	135	8	-3.6301	0.6261	0.54646	0.899395	1739	0	-3.6301
Upk1a	18	0.0050031	0.033645	0.722366	136	12	-4.2757	0.85135	0.81028	0.960893	2397	0	-4.2757
Mep1b	20	0.0051214	0.03505	0.724187	137	14	-4.2929	0.81563	0.76778	0.955295	2297	0	-4.2929
Mfsd12	20	0.0051408	0.035171	0.724187	138	13	-4.0266	0.46119	0.39792	0.867081	1290	0	-4.0266
Gjb3	20	0.0051838	0.035334	0.724187	139	12	-4.2034	0.043621	0.031475	0.66405	130	0	-4.2034
Amigo1	20	0.0051921	0.035475	0.724187	140	14	-4.3431	0.6877	0.61078	0.905623	1926	0	-4.3431
Pkd1	20	0.0052727	0.036185	0.728281	141	13	-4.3688	0.25023	0.24514	0.866293	714	0	-4.3688
Ecscr	20	0.0053501	0.0366	0.729079	142	12	-4.3557	0.98926	0.98277	0.995302	2822	0	-4.3557
Slc6a18	20	0.0053858	0.036841	0.729079	143	12	-4.0378	0.66181	0.58152	0.901288	1843	0	-4.0378
Sv2c	20	0.0054716	0.037226	0.729079	144	6	-3.4296	0.11298	0.098748	0.837456	319	0	-3.4296
Tmem204	20	0.0054783	0.037245	0.729079	145	13	-4.5193	0.99606	0.9933	0.997446	2846	0	-4.5193
Plvap	20	0.0055742	0.037867	0.731235	146	13	-4.3094	0.62067	0.54954	0.899395	1722	0	-4.3094
Gldn	18	0.0056521	0.037751	0.731235	147	10	-4.2658	0.23834	0.23552	0.866293	668	0	-4.2658
Myadm	20	0.005742	0.038968	0.744521	148	14	-4.3946	0.79952	0.74218	0.943567	2250	0	-4.3946
Chrne	20	0.0058023	0.039727	0.750065	149	11	-4.0861	0.93802	0.9172	0.986009	2658	0	-4.0861
Tarm1	19	0.0058139	0.039076	0.744521	150	15	-4.2032	0.53887	0.48315	0.896706	1501	0	-4.2032
Hrh1	20	0.0058839	0.04017	0.750372	151	13	-4.2638	0.43308	0.38033	0.866293	1238	0	-4.2638
Olfr825	14	0.0059183	0.036114	0.728281	152	8	-3.9326	0.67533	0.61147	0.905623	1886	0	-3.9326
Gabrb3	18	0.0060831	0.039891	0.750065	153	14	-4.1506	0.95556	0.93941	0.990891	2704	0	-4.1506
Olfr294	20	0.0061328	0.041618	0.766724	154	8	-3.5424	0.30654	0.28885	0.866293	864	0	-3.5424
Lypd2	19	0.0061415	0.040943	0.759837	155	10	-4.2516	0.37907	0.333	0.866293	1092	0	-4.2516
Htr4	20	0.0063023	0.042796	0.774533	156	11	-3.936	0.73947	0.67289	0.924572	2071	0	-3.936
9330182L06Rik	19	0.0063049	0.041851	0.766724	157	8	-3.535	0.72759	0.66394	0.924572	2026	0	-3.535
Slc2a10	20	0.0063082	0.042819	0.774533	158	11	-3.9697	0.77746	0.71952	0.936424	2191	0	-3.9697
Sppl2b	20	0.0064633	0.043905	0.781842	159	9	-3.8052	0.10073	0.086208	0.813139	283	0	-3.8052
Slc13a4	20	0.0065111	0.044139	0.781842	160	14	-4.4248	0.99928	0.9988	0.999589	2854	0	-4.4248
Ptprj	20	0.0065304	0.044317	0.781842	161	14	-4.374	0.85173	0.80668	0.96014	2401	0	-4.374
S1pr5	20	0.0066466	0.044861	0.786582	162	14	-4.457	0.73419	0.66673	0.924572	2060	0	-4.457
Susd5	20	0.0067113	0.045353	0.787397	163	15	-4.3857	0.88301	0.84511	0.969203	2488	0	-4.3857
Slc6a16	20	0.0068364	0.045734	0.787397	164	7	-3.3622	0.4052	0.35185	0.866293	1151	0	-3.3622
Spns2	17	0.0068784	0.044224	0.781842	165	9	-3.6891	0.086296	0.074883	0.813139	254	0	-3.6891
Gp1bb	18	0.0070085	0.045488	0.787397	166	9	-3.8709	0.67688	0.61156	0.905623	1888	0	-3.8709
Pkd1l2	20	0.0070832	0.047096	0.796111	167	9	-3.7423	0.91642	0.88634	0.976926	2591	0	-3.7423
Icam2	20	0.007124	0.047445	0.796111	168	12	-4.1542	0.89262	0.85851	0.971926	2518	0	-4.1542
Cdh18	20	0.0071645	0.047565	0.796111	169	10	-3.743	0.22257	0.21208	0.866293	635	0	-3.743
Pkdrej	17	0.0072783	0.046427	0.79454	170	11	-4.1965	0.9427	0.92317	0.986556	2671	0	-4.1965
Cd177	20	0.0073147	0.048474	0.796111	171	12	-3.9394	0.61285	0.53717	0.899395	1699	0	-3.9394
Lrp5	20	0.0074395	0.049015	0.796111	172	12	-4.1681	0.46119	0.39792	0.867081	1295	0	-4.1681
Adra1b	20	0.0074542	0.049088	0.796111	173	11	-4.0477	0.02837	0.027702	0.66405	87	0	-4.0477
Tnfrsf9	20	0.0074995	0.049434	0.796111	174	7	-3.6568	0.49445	0.42222	0.86939	1364	0	-3.6568
Clcnka	20	0.0075038	0.049453	0.796111	175	14	-4.3436	0.88301	0.84511	0.969203	2491	0	-4.3436
Olfr658	20	0.0076215	0.050243	0.796111	176	11	-4.011	0.73419	0.66673	0.924572	2051	0	-4.011
Olfr1221	20	0.0076243	0.050328	0.796111	177	15	-4.2406	0.77058	0.70786	0.935616	2164	0	-4.2406
Treml2	20	0.0076469	0.050366	0.796111	178	12	-4.0744	0.41626	0.35972	0.866293	1182	0	-4.0744
Npffr1	20	0.0078089	0.050818	0.796111	179	15	-4.427	0.92718	0.90088	0.980843	2624	0	-4.427
Gpr55	20	0.0078167	0.05088	0.796111	180	15	-4.2678	0.17033	0.16239	0.866293	479	0	-4.2678
Asgr2	20	0.0080363	0.052044	0.796111	181	12	-4.4468	0.38457	0.34135	0.866293	1109	0	-4.4468
Thsd7b	20	0.0081142	0.052271	0.796111	182	11	-4.0498	0.77058	0.70786	0.935616	2166	0	-4.0498
Entpd3	19	0.008145	0.052796	0.796111	183	15	-4.3621	0.95907	0.94334	0.990891	2719	0	-4.3621
Slc1a1	20	0.0081782	0.052493	0.796111	184	14	-4.3144	0.67974	0.60581	0.905623	1900	0	-4.3144
Tnfrsf1a	20	0.0083192	0.053014	0.796111	185	11	-4.085	0.86037	0.81765	0.963581	2420	0	-4.085
Gpihbp1	20	0.0083483	0.053182	0.796111	186	14	-4.324	0.99121	0.98576	0.995575	2826	0	-4.324
Pcdha11	17	0.0083491	0.051778	0.796111	187	12	-4.2833	0.024166	0.024325	0.66405	72	0	-4.2833
Cdh15	20	0.0083767	0.053456	0.796111	188	15	-4.3148	0.9874	0.98046	0.995302	2811	0	-4.3148
Nalcn	20	0.0084614	0.053931	0.796111	189	11	-3.9771	0.43308	0.38033	0.866293	1228	0	-3.9771
Ptgdr	18	0.0084937	0.053168	0.796111	190	11	-4.1749	0.95317	0.93562	0.990891	2699	0	-4.1749
Olfr571	20	0.0086727	0.055103	0.796111	191	8	-3.661	0.63668	0.56458	0.899395	1757	0	-3.661
Slc45a4	20	0.0087371	0.055174	0.796111	192	15	-4.3013	0.6877	0.61078	0.905623	1905	0	-4.3013
Gabrq	20	0.0087408	0.055238	0.796111	193	10	-3.9796	0.48364	0.41142	0.867081	1345	0	-3.9796
2900092C05Rik	18	0.0087509	0.054757	0.796111	194	10	-4.3305	0.83899	0.79732	0.958809	2368	0	-4.3305
Slc9a1	20	0.0087738	0.055704	0.796111	195	12	-3.9942	0.97218	0.96119	0.992438	2766	0	-3.9942
Trpv6	19	0.0088253	0.0567	0.796111	196	11	-4.1254	0.69654	0.63245	0.917888	1941	0	-4.1254
Sez6	20	0.0088467	0.056039	0.796111	197	15	-4.4497	0.99928	0.9988	0.999589	2855	0	-4.4497
Efna1	18	0.0088701	0.05532	0.796111	198	11	-4.4153	0.40375	0.35307	0.866293	1143	0	-4.4153
Htr7	20	0.0089323	0.056491	0.796111	199	7	-3.6486	0.4052	0.35185	0.866293	1148	0	-3.6486
Ptger1	20	0.0089898	0.056747	0.796111	200	14	-4.3482	0.70677	0.63534	0.917888	1981	0	-4.3482
Eda2r	20	0.0089898	0.056747	0.796111	201	11	-4.3838	0.03947	0.031471	0.66405	117	0	-4.3838
Tmem63a	20	0.0091034	0.056969	0.796111	202	8	-3.7242	0.16348	0.15709	0.866293	459	0	-3.7242
Trem1	20	0.0091116	0.057033	0.796111	203	13	-4.4426	0.72861	0.66247	0.924572	2032	0	-4.4426
Abcc9	20	0.0091173	0.057336	0.796111	204	12	-4.0265	0.23155	0.22498	0.866293	645	0	-4.0265
Gabrr3	20	0.0091987	0.057757	0.796111	205	11	-4.2411	0.19543	0.19061	0.866293	560	0	-4.2411
Aoc3	18	0.0092514	0.057611	0.796111	206	14	-4.2625	0.99984	0.99978	1.0	2857	0	-4.2625
Oprl1	20	0.0094073	0.059058	0.796111	207	11	-3.946	0.32919	0.30467	0.866293	941	0	-3.946
Sucnr1	20	0.00944	0.059061	0.796111	208	7	-3.6048	0.22257	0.21208	0.866293	626	0	-3.6048
Slamf7	20	0.0095424	0.059955	0.796111	209	12	-4.3605	0.81563	0.76778	0.955295	2296	0	-4.3605
Ldlr	20	0.0095424	0.059955	0.796111	210	12	-4.31	0.25023	0.24514	0.866293	711	0	-4.31
Gpr146	20	0.0096038	0.060068	0.796111	211	11	-3.9452	0.82683	0.78204	0.958636	2331	0	-3.9452
Lilra6	20	0.0096659	0.060308	0.796111	212	10	-3.968	0.27095	0.26609	0.866293	765	0	-3.968
Plppr4	20	0.0096735	0.060423	0.796111	213	14	-4.4229	0.92912	0.90437	0.982775	2629	0	-4.4229
Itgad	20	0.0097221	0.060717	0.796111	214	9	-3.7947	0.24082	0.23599	0.866293	689	0	-3.7947
Sit1	20	0.0097302	0.060738	0.796111	215	11	-3.9566	0.7654	0.69763	0.930788	2150	0	-3.9566
Igflr1	20	0.0097381	0.060741	0.796111	216	8	-3.3705	0.14676	0.15042	0.866293	413	0	-3.3705
Ghrhr	20	0.0097624	0.061019	0.796111	217	11	-4.0681	0.27095	0.26609	0.866293	766	0	-4.0681
Anpep	20	0.0098629	0.061427	0.796111	218	10	-3.7631	0.43308	0.38033	0.866293	1237	0	-3.7631
Pcdhga3	18	0.00988	0.06109	0.796111	219	7	-3.6429	0.61593	0.53861	0.899395	1713	0	-3.6429
Stt3b	20	0.0099063	0.061561	0.796111	220	12	-3.9396	0.99282	0.98826	0.995575	2837	0	-3.9396
Slc9a6	20	0.0099063	0.061561	0.796111	221	10	-3.8774	0.78403	0.72546	0.938186	2207	0	-3.8774
Susd2	20	0.010092	0.062869	0.809361	222	11	-3.8661	0.31749	0.29769	0.866293	912	0	-3.8661
Nipal2	20	0.010205	0.06347	0.810091	223	8	-3.6975	0.12227	0.11681	0.866293	354	0	-3.6975
Ptprg	20	0.010251	0.063799	0.810385	224	15	-4.2257	0.88884	0.85413	0.971926	2511	0	-4.2257
Drd3	18	0.010278	0.063492	0.810091	225	8	-3.6268	0.70829	0.6431	0.924572	1983	0	-3.6268
Slc8b1	18	0.010487	0.064519	0.812635	226	11	-4.4443	0.89919	0.86719	0.973615	2537	0	-4.4443
Clec2i	18	0.010563	0.064833	0.812635	227	9	-4.0307	0.035594	0.028904	0.66405	107	0	-4.0307
Treh	20	0.010585	0.065397	0.812635	228	10	-3.6799	0.29661	0.28134	0.866293	842	0	-3.6799
Npr2	20	0.010586	0.065397	0.812635	229	9	-3.6472	0.29661	0.28134	0.866293	838	0	-3.6472
Sema7a	20	0.010586	0.065397	0.812635	230	15	-4.2678	0.99142	0.98607	0.995575	2828	0	-4.2678
Abca7	20	0.010744	0.066253	0.81565	231	14	-4.4167	0.9874	0.98046	0.995302	2810	0	-4.4167
Chpt1	18	0.010814	0.065789	0.81396	232	9	-3.9833	0.051659	0.039206	0.709724	153	0	-3.9833
Cacna1g	20	0.010944	0.067216	0.81565	233	9	-3.7925	0.074063	0.065784	0.813139	214	0	-3.7925
Gjb1	20	0.011079	0.068169	0.81565	234	9	-3.6014	0.17809	0.17421	0.866293	511	0	-3.6014
Tspan13	20	0.011128	0.068439	0.81565	235	15	-4.3386	0.31749	0.29769	0.866293	885	0	-4.3386
Tpsg1	18	0.011268	0.067573	0.81565	236	11	-4.1295	0.19474	0.18475	0.866293	542	0	-4.1295
Ephb1	20	0.011404	0.070043	0.81565	237	10	-3.8224	0.81012	0.75726	0.951145	2276	0	-3.8224
Flrt2	20	0.011408	0.070057	0.81565	238	11	-3.8961	0.66181	0.58152	0.901288	1840	0	-3.8961
Tmem116	20	0.011442	0.070223	0.81565	239	12	-4.4146	0.34827	0.31607	0.866293	997	0	-4.4146
Ackr3	20	0.011456	0.070608	0.81565	240	11	-4.3508	0.29661	0.28134	0.866293	835	0	-4.3508
Olfr732	20	0.011481	0.070843	0.81565	241	10	-3.8844	0.11298	0.098748	0.837456	315	0	-3.8844
Lrig1	20	0.011481	0.070843	0.81565	242	8	-3.4888	0.53963	0.48021	0.896706	1520	0	-3.4888
Slc5a1	19	0.011504	0.071018	0.81565	243	14	-4.3781	0.77206	0.71203	0.936424	2170	0	-4.3781
Ccr6	20	0.011639	0.071528	0.81565	244	13	-4.1727	0.72267	0.65809	0.924572	2019	0	-4.1727
Aplp2	20	0.011682	0.071734	0.81565	245	14	-4.0387	0.99889	0.99814	0.999589	2852	0	-4.0387
9430015G10Rik	20	0.011725	0.072052	0.81565	246	8	-3.3824	0.25023	0.24514	0.866293	717	0	-3.3824
Bsg	20	0.011737	0.072139	0.81565	247	10	-4.0358	0.21389	0.20215	0.866293	597	0	-4.0358
Serinc5	20	0.011739	0.072186	0.81565	248	15	-4.2654	0.60659	0.5293	0.896706	1684	0	-4.2654
Il20rb	19	0.011778	0.072406	0.81565	249	9	-3.6879	0.94325	0.92529	0.987109	2672	0	-3.6879
Slc10a5	20	0.011863	0.072712	0.81565	250	14	-4.2067	0.1553	0.15371	0.866293	448	0	-4.2067
L1cam	20	0.011863	0.072712	0.81565	251	14	-4.1623	0.96987	0.95751	0.991287	2752	0	-4.1623
Slc34a1	20	0.011961	0.072998	0.81565	252	15	-4.1546	0.99623	0.99361	0.997446	2847	0	-4.1546
Adam29	20	0.012043	0.073199	0.81565	253	7	-3.331	0.11298	0.098748	0.837456	329	0	-3.331
Htr6	20	0.012064	0.073334	0.81565	254	11	-3.9919	0.03947	0.031471	0.66405	120	0	-3.9919
Gabbr2	18	0.012117	0.071463	0.81565	255	12	-4.4241	0.90538	0.87535	0.973615	2557	0	-4.4241
Cx3cl1	20	0.0123	0.074096	0.81565	256	12	-4.3586	0.60659	0.5293	0.896706	1688	0	-4.3586
Kirrel2	19	0.012489	0.076336	0.81565	257	10	-3.8814	0.52983	0.47478	0.896706	1481	0	-3.8814
Olfr796	19	0.012511	0.076462	0.81565	258	11	-4.0096	0.52142	0.46419	0.896706	1456	0	-4.0096
Pcdh1	20	0.01264	0.07587	0.81565	259	9	-3.5874	0.11298	0.098748	0.837456	312	0	-3.5874
Itgb7	20	0.012723	0.076331	0.81565	260	9	-3.7928	0.57781	0.51524	0.896706	1625	0	-3.7928
Gjb4	17	0.012788	0.072153	0.81565	261	13	-4.2945	0.8218	0.77831	0.958636	2319	0	-4.2945
Adam20	20	0.012789	0.076442	0.81565	262	10	-3.8847	0.25023	0.24514	0.866293	701	0	-3.8847
Crhr2	18	0.012937	0.075208	0.81565	263	10	-4.0216	0.83899	0.79732	0.958809	2365	0	-4.0216
Axl	20	0.013014	0.077633	0.81565	264	8	-3.7211	0.068329	0.058147	0.813139	197	0	-3.7211
Gp6	18	0.013033	0.075678	0.81565	265	9	-3.8744	0.70829	0.6431	0.924572	1984	0	-3.8744
Gabrr1	20	0.013051	0.077793	0.81565	266	11	-4.0464	0.77058	0.70786	0.935616	2160	0	-4.0464
Ptprb	20	0.013058	0.077848	0.81565	267	14	-4.2675	0.81563	0.76778	0.955295	2294	0	-4.2675
Slc12a3	19	0.013071	0.078579	0.81565	268	12	-4.1245	0.85046	0.80945	0.960893	2396	0	-4.1245
Avpr1b	20	0.013106	0.07833	0.81565	269	13	-4.3966	0.91642	0.88634	0.976926	2594	0	-4.3966
Slc44a3	20	0.01325	0.078683	0.81565	270	12	-4.0061	0.3756	0.33858	0.866293	1075	0	-4.0061
Olfr1356	20	0.013282	0.07887	0.81565	271	15	-4.1768	0.73419	0.66673	0.924572	2048	0	-4.1768
Nrp1	20	0.013282	0.07887	0.81565	272	15	-4.3071	0.43308	0.38033	0.866293	1230	0	-4.3071
Cd19	20	0.013313	0.079327	0.81565	273	12	-4.3756	0.94746	0.92857	0.988764	2685	0	-4.3756
Mst1r	20	0.013379	0.079781	0.81565	274	12	-4.2029	0.33902	0.31168	0.866293	983	0	-4.2029
Scnn1a	20	0.013443	0.079958	0.81565	275	11	-3.9736	0.18756	0.18575	0.866293	532	0	-3.9736
Kcng4	20	0.013597	0.080517	0.81565	276	15	-4.3428	0.88884	0.85413	0.971926	2509	0	-4.3428
Clec12b	20	0.013639	0.080618	0.81565	277	11	-4.0077	0.33902	0.31168	0.866293	974	0	-4.0077
Gpm6a	20	0.013704	0.0809	0.81565	278	8	-3.5433	0.1553	0.15371	0.866293	443	0	-3.5433
Slc6a12	19	0.013749	0.081247	0.81565	279	10	-4.0288	0.79367	0.74099	0.943567	2227	0	-4.0288
Cd164	17	0.01375	0.076495	0.81565	280	12	-4.402	0.99296	0.98902	0.995988	2838	0	-4.402
Adcy9	20	0.013778	0.081375	0.81565	281	13	-4.2977	0.70677	0.63534	0.917888	1975	0	-4.2977
Lrrn3	20	0.013866	0.0817	0.81565	282	10	-3.7657	0.16348	0.15709	0.866293	462	0	-3.7657
Olfr714	19	0.013931	0.081972	0.81565	283	12	-4.4714	0.77687	0.7185	0.936424	2180	0	-4.4714
Abcc2	20	0.013968	0.082118	0.81565	284	14	-4.2504	0.6877	0.61078	0.905623	1924	0	-4.2504
Cd163l1	20	0.014036	0.082383	0.81565	285	12	-4.1806	0.96987	0.95751	0.991287	2755	0	-4.1806
Hepacam	18	0.014053	0.080105	0.81565	286	11	-4.309	0.83899	0.79732	0.958809	2366	0	-4.309
Crhr1	20	0.014064	0.082757	0.81565	287	12	-4.4405	0.89262	0.85851	0.971926	2525	0	-4.4405
Olfr1242	19	0.014295	0.083637	0.81565	288	10	-3.8958	0.28413	0.2703	0.866293	804	0	-3.8958
Mfsd8	18	0.01441	0.081351	0.81565	289	13	-4.3037	0.99147	0.98587	0.995575	2829	0	-4.3037
Slc10a6	20	0.014437	0.084825	0.81565	290	10	-3.9561	0.97449	0.9653	0.993354	2771	0	-3.9561
Itm2b	20	0.014509	0.085127	0.81565	291	13	-4.3292	0.87273	0.83515	0.969203	2452	0	-4.3292
Olfr993	20	0.01458	0.085523	0.81565	292	13	-4.3933	0.55728	0.49953	0.896706	1571	0	-4.3933
Tmem108	20	0.014692	0.085837	0.81565	293	8	-3.6639	0.86469	0.82403	0.966387	2438	0	-3.6639
Pirb	20	0.014747	0.086277	0.81565	294	12	-4.1809	0.21389	0.20215	0.866293	604	0	-4.1809
Igdcc3	20	0.014767	0.086547	0.81565	295	15	-4.3359	0.84699	0.80235	0.958809	2389	0	-4.3359
Cnr2	20	0.014788	0.08671	0.81565	296	15	-4.3206	0.715	0.6491	0.924572	2002	0	-4.3206
Gpr179	20	0.01484	0.08679	0.81565	297	12	-4.1119	0.69826	0.62129	0.906861	1945	0	-4.1119
Sema4f	18	0.014845	0.083259	0.81565	298	10	-4.1013	0.53979	0.479	0.896706	1525	0	-4.1013
Jam3	20	0.014954	0.087252	0.81565	299	13	-4.2646	0.81012	0.75726	0.951145	2278	0	-4.2646
P2ry1	18	0.01498	0.083722	0.81565	300	13	-4.2914	0.82501	0.7773	0.95796	2323	0	-4.2914
Mmp25	19	0.015052	0.086855	0.81565	301	10	-4.0147	0.010528	0.0097815	0.66405	28	0	-4.0147
Siglec15	17	0.015098	0.082004	0.81565	302	13	-4.3616	0.77473	0.7266	0.938799	2173	0	-4.3616
Sorcs3	20	0.015185	0.088148	0.81565	303	15	-4.4071	0.95804	0.94259	0.990891	2714	0	-4.4071
Piezo2	20	0.015216	0.088539	0.81565	304	10	-3.8995	0.6877	0.61078	0.905623	1915	0	-3.8995
Vmn1r237	20	0.015279	0.088944	0.81565	305	15	-4.3842	0.99717	0.99529	0.99878	2848	0	-4.3842
Sema4g	19	0.015319	0.088006	0.81565	306	11	-4.0329	0.98374	0.97498	0.994757	2799	0	-4.0329
Olfr198	20	0.015347	0.089422	0.81565	307	7	-3.6426	0.41626	0.35972	0.866293	1185	0	-3.6426
Abcg4	20	0.015351	0.089422	0.81565	308	11	-4.0864	0.1393	0.14346	0.866293	395	0	-4.0864
F11r	19	0.015413	0.089178	0.81565	309	14	-4.3423	0.36945	0.32777	0.866293	1058	0	-4.3423
Mdga1	20	0.015493	0.090025	0.81565	310	12	-4.3453	0.45319	0.39543	0.867081	1286	0	-4.3453
Ramp2	19	0.015512	0.089398	0.81565	311	11	-3.9392	0.29373	0.27737	0.866293	822	0	-3.9392
Lilra5	19	0.015519	0.089495	0.81565	312	8	-3.7917	0.42644	0.37479	0.866293	1215	0	-3.7917
Gypa	20	0.015658	0.091108	0.81565	313	13	-4.1839	0.78913	0.72899	0.93891	2223	0	-4.1839
Cspg5	20	0.015658	0.091108	0.81565	314	10	-3.8847	0.11298	0.098748	0.837456	331	0	-3.8847
Gpr176	19	0.015714	0.090053	0.81565	315	12	-4.4255	0.27428	0.26322	0.866293	778	0	-4.4255
Slc14a2	20	0.015862	0.09164	0.81565	316	15	-4.0105	0.79952	0.74218	0.943567	2247	0	-4.0105
Olfr18	20	0.015862	0.09164	0.81565	317	15	-4.2059	0.20391	0.19553	0.866293	583	0	-4.2059
Adam22	18	0.015901	0.087955	0.81565	318	10	-4.0212	0.20275	0.19366	0.866293	567	0	-4.0212
Megf10	19	0.015998	0.091141	0.81565	319	14	-4.2044	0.29769	0.28314	0.866293	848	0	-4.2044
Itgb3	20	0.01608	0.092575	0.81565	320	13	-4.2918	0.61285	0.53717	0.899395	1701	0	-4.2918
Ace	20	0.016126	0.092769	0.81565	321	11	-3.9322	0.02837	0.027702	0.66405	86	0	-3.9322
Fshr	20	0.016138	0.092821	0.81565	322	13	-4.3574	0.97765	0.96884	0.993354	2786	0	-4.3574
Car4	20	0.016254	0.093505	0.81565	323	13	-4.157	0.25023	0.24514	0.866293	710	0	-4.157
Tmem178b	20	0.016516	0.094376	0.81565	324	12	-4.1322	0.72267	0.65809	0.924572	2022	0	-4.1322
Slc12a7	20	0.016576	0.094622	0.81565	325	15	-4.0965	0.9441	0.92408	0.986556	2674	0	-4.0965
Klri2	18	0.016578	0.090642	0.81565	326	8	-3.7016	0.077088	0.068611	0.813139	225	0	-3.7016
Clrn1	20	0.016657	0.094841	0.81565	327	11	-4.0484	0.5928	0.52434	0.896706	1653	0	-4.0484
Cd300c	20	0.016707	0.095504	0.81565	328	14	-4.1047	0.65467	0.5762	0.899395	1828	0	-4.1047
Rxfp2	20	0.016734	0.09583	0.81565	329	13	-4.239	0.015347	0.012127	0.66405	42	0	-4.239
Fat3	20	0.016812	0.096069	0.81565	330	11	-3.8997	0.60038	0.52631	0.896706	1671	0	-3.8997
Slc15a1	19	0.016834	0.094101	0.81565	331	13	-4.2381	0.003626	0.0038333	0.468713	11	0	-4.2381
Slc44a1	20	0.016984	0.096562	0.81565	332	13	-4.1323	0.96856	0.95618	0.991287	2751	0	-4.1323
Cdh13	20	0.017109	0.097468	0.81565	333	15	-4.1698	0.16348	0.15709	0.866293	464	0	-4.1698
Fgfr2	20	0.017311	0.098561	0.81565	334	10	-3.9368	0.35761	0.32045	0.866293	1031	0	-3.9368
Cntnap2	20	0.017419	0.098961	0.81565	335	14	-4.1977	0.057232	0.042961	0.709724	170	0	-4.1977
Spaca1	20	0.017464	0.099131	0.81565	336	15	-4.2776	0.11298	0.098748	0.837456	318	0	-4.2776
Slc1a6	20	0.017468	0.099174	0.81565	337	8	-3.784	0.21389	0.20215	0.866293	611	0	-3.784
Folh1	18	0.017538	0.095097	0.81565	338	12	-4.2529	0.92946	0.90667	0.982837	2632	0	-4.2529
Olr1	18	0.017595	0.095184	0.81565	339	8	-3.6984	0.64916	0.57347	0.899395	1809	0	-3.6984
Slc38a5	20	0.017649	0.099923	0.81565	340	12	-4.4095	0.63668	0.56458	0.899395	1762	0	-4.4095
Lingo4	19	0.017653	0.097508	0.81565	341	13	-4.3859	0.41676	0.36606	0.866293	1190	0	-4.3859
Rhag	20	0.017692	0.10013	0.81565	342	14	-4.2094	0.9441	0.92408	0.986556	2678	0	-4.2094
Gja1	20	0.017754	0.10051	0.81565	343	15	-4.2051	0.95964	0.94464	0.990891	2724	0	-4.2051
Cldnd1	20	0.017801	0.1007	0.81565	344	9	-3.6245	0.17033	0.16239	0.866293	480	0	-3.6245
Dsc3	20	0.017942	0.10127	0.81565	345	12	-3.908	0.28642	0.27379	0.866293	813	0	-3.908
Olfr239	16	0.018065	0.093753	0.81565	346	9	-3.8744	0.72353	0.66256	0.924572	2025	0	-3.8744
Ceacam19	18	0.018181	0.10044	0.81565	347	11	-4.269	0.79364	0.7476	0.946182	2225	0	-4.269
Adam15	20	0.018245	0.10273	0.81565	348	15	-4.0955	0.83874	0.79483	0.958809	2360	0	-4.0955
Scn8a	20	0.018279	0.10285	0.81565	349	11	-3.8942	0.30654	0.28885	0.866293	870	0	-3.8942
Olfr1500	20	0.01846	0.1033	0.81565	350	12	-4.3729	0.22257	0.21208	0.866293	624	0	-4.3729
Lpar2	20	0.01846	0.1033	0.81565	351	11	-4.3971	0.72861	0.66247	0.924572	2034	0	-4.3971
Olfr725	19	0.018472	0.10103	0.81565	352	9	-3.6789	0.8732	0.83565	0.969203	2458	0	-3.6789
Ms4a15	20	0.018535	0.10389	0.81565	353	13	-4.2742	0.77058	0.70786	0.935616	2162	0	-4.2742
Ptprn2	19	0.018536	0.1013	0.81565	354	14	-4.2391	0.38955	0.33835	0.866293	1113	0	-4.2391
Pcdha5	14	0.018573	0.096607	0.81565	355	5	-3.1457	0.50774	0.44094	0.880877	1422	0	-3.1457
Slc5a9	20	0.018595	0.10406	0.81565	356	9	-3.7597	0.51332	0.44432	0.880877	1429	0	-3.7597
Cldn10	20	0.018641	0.10428	0.81565	357	12	-4.0705	0.96755	0.95483	0.991287	2750	0	-4.0705
Pdgfrb	20	0.018802	0.10471	0.81565	358	12	-4.0288	0.83464	0.79168	0.958809	2346	0	-4.0288
Lrrc38	20	0.018867	0.10486	0.81565	359	12	-4.4171	0.33902	0.31168	0.866293	976	0	-4.4171
Mrc1	20	0.018923	0.10517	0.81565	360	13	-4.0338	0.001163	1.7322e-06	0.00055	4	0	-4.0338
Dchs1	20	0.018945	0.10519	0.81565	361	14	-4.1495	0.26103	0.25703	0.866293	742	0	-4.1495
Elfn2	20	0.018989	0.1054	0.81565	362	14	-4.1479	0.65467	0.5762	0.899395	1829	0	-4.1479
Lgr6	18	0.019	0.10388	0.81565	363	11	-4.2272	0.46798	0.39921	0.867081	1307	0	-4.2272
Grin1	19	0.019022	0.10606	0.81565	364	13	-4.3435	0.99938	0.99889	0.999589	2856	0	-4.3435
Cd300lf	20	0.019066	0.10574	0.81565	365	15	-4.1696	0.715	0.6491	0.924572	2001	0	-4.1696
Lmbr1l	20	0.019234	0.10632	0.81565	366	10	-4.0309	0.4689	0.40163	0.867081	1311	0	-4.0309
Unc5d	20	0.019251	0.10648	0.81565	367	12	-4.2782	0.9032	0.87101	0.973615	2550	0	-4.2782
Pcdha8	15	0.01935	0.10212	0.81565	368	10	-4.2974	0.87294	0.84138	0.969203	2457	0	-4.2974
Gpnmb	20	0.019469	0.10717	0.81565	369	6	-3.5725	0.8049	0.74821	0.946182	2264	0	-3.5725
Pcdhb22	20	0.019469	0.10717	0.81565	370	12	-4.0066	0.19543	0.19061	0.866293	554	0	-4.0066
Gpr25	20	0.019483	0.10719	0.81565	371	11	-3.9831	0.057232	0.042961	0.709724	168	0	-3.9831
Adra1d	20	0.019555	0.10722	0.81565	372	12	-4.272	0.27095	0.26609	0.866293	760	0	-4.272
Btn2a2	20	0.01983	0.10931	0.823828	373	12	-4.1041	0.29661	0.28134	0.866293	836	0	-4.1041
Ifnar2	18	0.019832	0.10694	0.81565	374	13	-4.3117	0.90764	0.87905	0.974064	2568	0	-4.3117
Lrp11	20	0.019842	0.10938	0.823828	375	12	-4.1616	0.83874	0.79483	0.958809	2362	0	-4.1616
Pcdha9	16	0.019867	0.10101	0.81565	376	7	-3.8107	0.91808	0.89403	0.978235	2596	0	-3.8107
Npc1	20	0.019868	0.10954	0.823828	377	15	-4.0993	0.6877	0.61078	0.905623	1917	0	-4.0993
Ptpra	18	0.020006	0.10759	0.81565	378	10	-4.0538	0.63602	0.56444	0.899395	1755	0	-4.0538
Lct	19	0.020197	0.11052	0.829071	379	10	-3.8677	0.97965	0.96999	0.993354	2792	0	-3.8677
Olfr1428	20	0.02025	0.11481	0.849733	380	13	-4.1687	0.98411	0.97596	0.994757	2800	0	-4.1687
Tmem8	20	0.020289	0.11504	0.849733	381	9	-3.8257	0.715	0.6491	0.924572	1999	0	-3.8257
Chrng	20	0.020347	0.11504	0.849733	382	13	-4.0406	0.82135	0.77563	0.957151	2307	0	-4.0406
Evc2	20	0.020576	0.11625	0.850952	383	10	-3.8866	0.77058	0.70786	0.935616	2158	0	-3.8866
Muc3a	20	0.020637	0.11645	0.850952	384	14	-4.3823	0.31749	0.29769	0.866293	907	0	-4.3823
Olfr1352	20	0.020642	0.11655	0.850952	385	12	-4.2958	0.55728	0.49953	0.896706	1554	0	-4.2958
Olfr791	20	0.020828	0.1174	0.850952	386	10	-3.8007	0.16348	0.15709	0.866293	468	0	-3.8007
Slc5a10	16	0.020892	0.10736	0.81565	387	10	-4.2182	0.65353	0.58635	0.905623	1817	0	-4.2182
Slc46a2	20	0.020902	0.11761	0.850952	388	9	-3.757	0.1553	0.15371	0.866293	445	0	-3.757
Mog	20	0.020996	0.11801	0.850952	389	8	-3.7436	0.3664	0.3303	0.866293	1047	0	-3.7436
Ly6d	20	0.020996	0.11801	0.850952	390	13	-4.1353	0.77746	0.71952	0.936424	2195	0	-4.1353
Lingo3	19	0.021031	0.11463	0.849733	391	12	-4.0747	0.36072	0.32518	0.866293	1034	0	-4.0747
Itga6	20	0.02105	0.11817	0.850952	392	10	-3.85	0.56849	0.50592	0.896706	1586	0	-3.85
Abca5	20	0.021179	0.11828	0.850952	393	12	-4.2517	0.38457	0.34135	0.866293	1108	0	-4.2517
Ms4a6d	19	0.02121	0.11506	0.849733	394	8	-3.7459	0.47691	0.40666	0.867081	1332	0	-3.7459
Dll4	20	0.021219	0.11877	0.850952	395	14	-4.2922	0.99575	0.99276	0.997446	2844	0	-4.2922
Car14	20	0.021228	0.1188	0.850952	396	11	-4.0093	0.14676	0.15042	0.866293	418	0	-4.0093
Pi16	20	0.021495	0.12037	0.854716	397	12	-4.0592	0.57781	0.51524	0.896706	1616	0	-4.0592
Htr1a	20	0.021553	0.1204	0.854716	398	7	-3.5357	0.21389	0.20215	0.866293	603	0	-3.5357
Plxdc2	19	0.021574	0.1168	0.850952	399	13	-4.0705	0.50522	0.4456	0.880877	1421	0	-4.0705
Chrna2	20	0.021627	0.12052	0.854716	400	12	-4.11	0.49445	0.42222	0.86939	1380	0	-4.11
Rnf150	20	0.021879	0.12136	0.858556	401	9	-3.7142	0.063499	0.052354	0.802217	189	0	-3.7142
Vsig10	20	0.022054	0.12196	0.860653	402	11	-4.0641	0.56849	0.50592	0.896706	1603	0	-4.0641
Olfr1387	20	0.022159	0.12248	0.861179	403	14	-4.0722	0.63668	0.56458	0.899395	1758	0	-4.0722
Upk2	20	0.022169	0.12264	0.861179	404	11	-4.1893	0.89671	0.86359	0.973615	2531	0	-4.1893
Gpc6	19	0.022347	0.11988	0.854716	405	9	-3.7917	0.65589	0.58507	0.905623	1834	0	-3.7917
Lrit1	20	0.022821	0.12508	0.864484	406	10	-3.8609	0.41626	0.35972	0.866293	1170	0	-3.8609
Tmem104	20	0.022855	0.12511	0.864484	407	14	-4.1048	0.86856	0.82982	0.968006	2449	0	-4.1048
Ms4a1	20	0.023018	0.12581	0.864484	408	11	-4.0249	0.67468	0.60179	0.905623	1873	0	-4.0249
Olfr142	20	0.023072	0.126	0.864484	409	11	-4.2151	0.057232	0.042961	0.709724	171	0	-4.2151
Cldn7	20	0.023233	0.12665	0.864484	410	12	-4.316	0.86856	0.82982	0.968006	2450	0	-4.316
Agtr1b	20	0.023286	0.12698	0.864484	411	14	-4.295	0.26103	0.25703	0.866293	743	0	-4.295
Olfr1224-ps1	19	0.023378	0.12411	0.864484	412	11	-4.051	0.95746	0.94203	0.990891	2713	0	-4.051
Slc34a3	20	0.023399	0.12749	0.864484	413	10	-4.0549	0.5312	0.47143	0.896706	1488	0	-4.0549
Kcnk18	20	0.023653	0.128	0.864484	414	14	-4.2511	0.82135	0.77563	0.957151	2301	0	-4.2511
Olfr782	9	0.023713	0.10013	0.81565	415	7	-4.5355	0.93106	0.91125	0.984375	2634	0	-4.5355
Tmprss6	20	0.02383	0.12875	0.864484	416	13	-4.2163	0.20391	0.19553	0.866293	585	0	-4.2163
P2rx7	18	0.023871	0.1249	0.864484	417	10	-4.2299	0.96614	0.95393	0.991287	2746	0	-4.2299
Gria1	19	0.023874	0.12571	0.864484	418	9	-3.7551	0.14814	0.14778	0.866293	429	0	-3.7551
Fzd8	19	0.023888	0.12608	0.864484	419	13	-4.1681	0.36072	0.32518	0.866293	1035	0	-4.1681
Opn4	18	0.023931	0.12525	0.864484	420	11	-4.2189	0.76457	0.70534	0.935616	2137	0	-4.2189
Lrp8	20	0.024065	0.12982	0.864484	421	13	-4.2631	0.91642	0.88634	0.976926	2593	0	-4.2631
Mmp14	20	0.024077	0.12994	0.864484	422	13	-4.1082	0.98691	0.97965	0.995302	2809	0	-4.1082
Olfr1443	20	0.024155	0.13	0.864484	423	7	-3.8059	0.021228	0.019915	0.66405	66	0	-3.8059
Gpr180	20	0.024257	0.13041	0.864484	424	12	-4.3235	0.20391	0.19553	0.866293	571	0	-4.3235
Flt1	20	0.024323	0.13055	0.864484	425	11	-3.9491	0.79952	0.74218	0.943567	2244	0	-3.9491
Tnfrsf26	20	0.024325	0.1306	0.864484	426	14	-4.3334	0.34827	0.31607	0.866293	998	0	-4.3334
Chrna3	20	0.02448	0.13097	0.864484	427	13	-4.1482	0.98632	0.97866	0.995302	2808	0	-4.1482
Cacng1	20	0.024545	0.13149	0.865892	428	12	-4.2932	0.22257	0.21208	0.866293	632	0	-4.2932
Slc10a3	20	0.02498	0.13316	0.873637	429	11	-4.1318	0.90019	0.86765	0.973615	2539	0	-4.1318
Cd55	17	0.024999	0.12957	0.864484	430	8	-3.7131	0.30504	0.277	0.866293	855	0	-3.7131
Fcgr4	16	0.025211	0.12631	0.864484	431	12	-4.0517	0.97226	0.95799	0.991287	2768	0	-4.0517
Tmem145	18	0.025257	0.12976	0.864484	432	12	-4.1246	0.98048	0.97033	0.993354	2794	0	-4.1246
Slc22a21	20	0.02526	0.13431	0.874089	433	14	-4.2394	0.063499	0.052354	0.802217	182	0	-4.2394
Celsr3	20	0.025296	0.13443	0.874089	434	14	-4.2211	0.93612	0.91446	0.984375	2655	0	-4.2211
Cadm1	20	0.025296	0.13443	0.874089	435	14	-4.1005	0.42586	0.37133	0.866293	1207	0	-4.1005
Mrvi1	17	0.025307	0.13078	0.864484	436	11	-4.082	0.25849	0.24636	0.866293	727	0	-4.082
Cd6	20	0.025363	0.13457	0.874089	437	7	-3.5709	0.77746	0.71952	0.936424	2190	0	-3.5709
Zp3	20	0.025418	0.13489	0.874217	438	13	-4.1161	0.65467	0.5762	0.899395	1825	0	-4.1161
Muc13	20	0.025546	0.13812	0.877119	439	13	-4.3391	0.96987	0.95751	0.991287	2753	0	-4.3391
Tpra1	20	0.025595	0.13815	0.877119	440	14	-4.3229	0.83464	0.79168	0.958809	2347	0	-4.3229
Ceacam20	20	0.025606	0.13815	0.877119	441	8	-3.411	0.9512	0.93471	0.990891	2693	0	-3.411
Grm7	20	0.025627	0.13825	0.877119	442	13	-4.1467	0.25023	0.24514	0.866293	706	0	-4.1467
Slc16a7	19	0.025789	0.13606	0.877119	443	13	-4.1126	0.89122	0.85883	0.971926	2516	0	-4.1126
Slco3a1	20	0.025841	0.13937	0.877119	444	13	-4.178	0.26103	0.25703	0.866293	747	0	-4.178
Htr3a	20	0.025848	0.13971	0.877119	445	14	-4.1249	0.9654	0.95132	0.990891	2739	0	-4.1249
Lrrc37a	20	0.025925	0.14006	0.877119	446	12	-4.3547	0.78403	0.72546	0.938186	2213	0	-4.3547
Abcb4	20	0.025954	0.14018	0.877119	447	10	-3.8811	0.50401	0.43179	0.873969	1414	0	-3.8811
Epha4	20	0.026102	0.14059	0.877119	448	10	-3.8316	0.47569	0.40533	0.867081	1320	0	-3.8316
Pgap1	20	0.026146	0.14077	0.877119	449	10	-3.8022	0.84258	0.79755	0.958809	2370	0	-3.8022
Il22ra1	20	0.026191	0.14082	0.877119	450	12	-4.1781	0.9493	0.93194	0.990147	2687	0	-4.1781
Cd320	18	0.026272	0.13328	0.873637	451	10	-4.3358	0.95317	0.93562	0.990891	2701	0	-4.3358
Tnfrsf25	20	0.026332	0.14113	0.877119	452	13	-4.3777	0.87655	0.83914	0.969203	2466	0	-4.3777
Cntn1	20	0.026363	0.14125	0.877119	453	14	-4.2641	0.9874	0.98046	0.995302	2814	0	-4.2641
Itgb5	20	0.026418	0.14159	0.877119	454	12	-4.0092	0.58465	0.52137	0.896706	1638	0	-4.0092
Il15ra	20	0.026465	0.14223	0.877119	455	12	-4.1405	0.8306	0.78664	0.958809	2334	0	-4.1405
Olfr351	20	0.026754	0.14268	0.877119	456	12	-4.3172	0.67468	0.60179	0.905623	1872	0	-4.3172
Olfr1458	20	0.026832	0.14278	0.877119	457	13	-4.1637	0.63668	0.56458	0.899395	1756	0	-4.1637
Il1r2	20	0.026835	0.14287	0.877119	458	14	-4.2852	0.88626	0.84954	0.970034	2504	0	-4.2852
Cckar	20	0.026835	0.14287	0.877119	459	14	-4.0848	0.87972	0.84232	0.969203	2480	0	-4.0848
H2-M3	20	0.026836	0.14302	0.877119	460	13	-4.2884	0.5232	0.4613	0.895048	1460	0	-4.2884
Slc39a10	20	0.026986	0.14352	0.878001	461	12	-4.1353	0.27095	0.26609	0.866293	762	0	-4.1353
Gpr4	20	0.027075	0.14402	0.878001	462	13	-4.237	0.28642	0.27379	0.866293	809	0	-4.237
Ano6	20	0.027246	0.1448	0.878001	463	10	-3.8013	0.62067	0.54954	0.899395	1729	0	-3.8013
Ermp1	20	0.02727	0.14504	0.878001	464	12	-4.0133	0.1393	0.14346	0.866293	396	0	-4.0133
Cacng8	18	0.02732	0.13729	0.877119	465	12	-3.993	0.60717	0.53227	0.899395	1693	0	-3.993
Flt3l	20	0.027454	0.14557	0.878001	466	11	-4.0419	0.35257	0.3175	0.866293	1009	0	-4.0419
P2rx4	20	0.027559	0.14617	0.878001	467	14	-4.1504	0.88301	0.84511	0.969203	2489	0	-4.1504
Slc1a5	18	0.027603	0.13838	0.877119	468	12	-4.1051	0.48655	0.4276	0.873969	1359	0	-4.1051
Shisa9	20	0.027904	0.14718	0.878001	469	12	-4.2774	0.063499	0.052354	0.802217	187	0	-4.2774
Olfr1042	18	0.027968	0.13977	0.877119	470	8	-3.5821	0.15469	0.14817	0.866293	433	0	-3.5821
Atp13a1	20	0.028012	0.14739	0.878001	471	10	-3.8797	0.22257	0.21208	0.866293	629	0	-3.8797
Pcdhb10	20	0.028046	0.14747	0.878001	472	9	-3.7406	0.70677	0.63534	0.917888	1972	0	-3.7406
Cd109	20	0.028052	0.14749	0.878001	473	10	-3.9332	0.79952	0.74218	0.943567	2242	0	-3.9332
Cdon	20	0.028168	0.14796	0.878001	474	12	-4.3422	0.3664	0.3303	0.866293	1053	0	-4.3422
Gpr20	20	0.028206	0.14829	0.878001	475	13	-4.2398	0.94018	0.91973	0.986556	2662	0	-4.2398
Fam171a1	18	0.028295	0.14119	0.877119	476	12	-4.2588	0.934	0.91348	0.984375	2646	0	-4.2588
Olfr470	20	0.028335	0.14859	0.878001	477	10	-3.879	0.28642	0.27379	0.866293	805	0	-3.879
Npbwr1	20	0.028345	0.14873	0.878001	478	14	-4.2588	0.95964	0.94464	0.990891	2723	0	-4.2588
Scn1b	20	0.028411	0.14886	0.878001	479	9	-3.5396	0.31749	0.29769	0.866293	895	0	-3.5396
Atp1a1	20	0.028499	0.14901	0.878001	480	12	-4.3066	0.84258	0.79755	0.958809	2374	0	-4.3066
Unc5b	20	0.028596	0.14926	0.878001	481	13	-4.209	0.99907	0.9984	0.999589	2853	0	-4.209
Alppl2	20	0.028702	0.14962	0.878001	482	13	-4.2947	0.97449	0.9653	0.993354	2770	0	-4.2947
Slc11a1	20	0.028761	0.14981	0.878001	483	10	-3.823	0.8049	0.74821	0.946182	2267	0	-3.823
Mxra8	20	0.028815	0.15016	0.878001	484	14	-4.3255	0.9032	0.87101	0.973615	2552	0	-4.3255
Tmem132d	20	0.028833	0.15058	0.878001	485	14	-4.1191	0.56849	0.50592	0.896706	1589	0	-4.1191
Cxcr3	20	0.028833	0.15058	0.878001	486	14	-4.0785	0.93612	0.91446	0.984375	2650	0	-4.0785
Gpr33	20	0.028855	0.15091	0.878001	487	10	-3.7804	0.63668	0.56458	0.899395	1769	0	-3.7804
Selp	20	0.028894	0.15091	0.878001	488	10	-3.8054	0.6877	0.61078	0.905623	1914	0	-3.8054
Tnfsf13b	20	0.02934	0.15175	0.878001	489	9	-3.5946	0.77746	0.71952	0.936424	2202	0	-3.5946
Tenm1	19	0.029742	0.15163	0.878001	490	12	-4.3868	0.31566	0.29289	0.866293	882	0	-4.3868
Gabrg2	20	0.029854	0.15314	0.882436	491	12	-3.9519	0.97218	0.96119	0.992438	2767	0	-3.9519
Ptk7	18	0.030215	0.15003	0.878001	492	8	-3.563	0.32854	0.2934	0.866293	932	0	-3.563
Olfr730	20	0.030311	0.15414	0.886358	493	13	-4.0979	0.82135	0.77563	0.957151	2317	0	-4.0979
Cd276	20	0.030412	0.15446	0.886427	494	13	-4.1621	0.81563	0.76778	0.955295	2293	0	-4.1621
Rgmb	20	0.030632	0.15576	0.889606	495	9	-3.6725	0.92493	0.89694	0.97879	2615	0	-3.6725
Slc17a6	18	0.030711	0.15176	0.878001	496	12	-4.3387	0.22833	0.2242	0.866293	640	0	-4.3387
Rhbdf2	20	0.030722	0.15622	0.889606	497	12	-4.0588	0.73419	0.66673	0.924572	2062	0	-4.0588
Slc22a12	19	0.030952	0.15688	0.889606	498	14	-4.1573	0.32519	0.29979	0.866293	930	0	-4.1573
Ddr2	20	0.030954	0.15654	0.889606	499	13	-3.9621	0.034819	0.029587	0.66405	102	0	-3.9621
Efna5	20	0.031052	0.15688	0.889606	500	12	-4.1107	0.72861	0.66247	0.924572	2039	0	-4.1107
Pcdhgc4	18	0.031126	0.15305	0.882436	501	7	-3.3964	0.14092	0.14047	0.866293	407	0	-3.3964
Slc22a7	20	0.031219	0.15789	0.892351	502	14	-4.2025	0.021228	0.019915	0.66405	61	0	-4.2025
Mslnl	20	0.031264	0.15799	0.892351	503	14	-4.0861	0.73419	0.66673	0.924572	2049	0	-4.0861
Slc24a3	20	0.031495	0.15921	0.893296	504	11	-4.0518	0.0495	0.035317	0.66405	142	0	-4.0518
Glp1r	19	0.031578	0.16043	0.893296	505	10	-3.886	0.23936	0.23574	0.866293	672	0	-3.886
H2-Q7	18	0.031649	0.15555	0.889606	506	8	-3.8192	0.87039	0.83324	0.969203	2451	0	-3.8192
Gpm6b	20	0.03167	0.15965	0.893296	507	10	-3.9687	0.38457	0.34135	0.866293	1102	0	-3.9687
Flrt3	20	0.031792	0.15971	0.893296	508	12	-4.2578	0.73419	0.66673	0.924572	2055	0	-4.2578
Gprc5d	20	0.031844	0.16016	0.893296	509	11	-4.2535	0.18756	0.18575	0.866293	530	0	-4.2535
Olfr357	20	0.031946	0.16073	0.893296	510	8	-3.4842	0.079456	0.071269	0.813139	231	0	-3.4842
Il31ra	20	0.032225	0.16145	0.893296	511	12	-4.3386	0.77058	0.70786	0.935616	2167	0	-4.3386
Tigit	20	0.032231	0.16153	0.893296	512	7	-3.613	0.79952	0.74218	0.943567	2248	0	-3.613
Slc36a4	18	0.032238	0.15834	0.892564	513	8	-3.4661	0.50249	0.44568	0.880877	1399	0	-3.4661
Ssr1	20	0.032378	0.16191	0.893296	514	13	-4.2121	0.074063	0.065784	0.813139	211	0	-4.2121
Ldlrad3	20	0.032405	0.16224	0.893296	515	8	-3.4454	0.16348	0.15709	0.866293	460	0	-3.4454
Cdh12	20	0.03254	0.16241	0.893296	516	12	-3.9813	0.90855	0.8767	0.973615	2572	0	-3.9813
Insr	20	0.032647	0.16268	0.893296	517	12	-4.1447	0.35761	0.32045	0.866293	1021	0	-4.1447
Slc16a12	20	0.032767	0.16325	0.893296	518	13	-4.3137	0.8306	0.78664	0.958809	2338	0	-4.3137
Slc28a1	20	0.032889	0.16377	0.893296	519	6	-3.6856	0.93148	0.90753	0.982837	2637	0	-3.6856
Tas1r1	20	0.032946	0.16392	0.893296	520	14	-4.0223	0.50401	0.43179	0.873969	1408	0	-4.0223
Pcdh10	20	0.033149	0.1648	0.893296	521	12	-4.2893	0.21389	0.20215	0.866293	596	0	-4.2893
Olfr1104	20	0.033294	0.16515	0.893296	522	13	-4.2234	0.48364	0.41142	0.867081	1348	0	-4.2234
Ccr10	20	0.033401	0.16556	0.893296	523	13	-4.272	0.00083086	1.7322e-06	0.00055	3	0	-4.272
Fat2	20	0.033549	0.1659	0.893296	524	12	-4.1602	0.31749	0.29769	0.866293	901	0	-4.1602
Plaur	20	0.033595	0.16612	0.893296	525	14	-4.2436	0.0495	0.035317	0.66405	136	0	-4.2436
Slc22a8	20	0.033595	0.16612	0.893296	526	14	-4.2783	0.44298	0.3892	0.867081	1266	0	-4.2783
Gpr26	20	0.033638	0.16638	0.893296	527	13	-4.2754	0.17809	0.17421	0.866293	508	0	-4.2754
Slc2a12	20	0.033729	0.16677	0.893296	528	11	-3.9025	0.87655	0.83914	0.969203	2464	0	-3.9025
Tspan7	20	0.033769	0.16691	0.893296	529	10	-3.8744	0.9441	0.92408	0.986556	2676	0	-3.8744
Gm20518	6	0.033873	0.11142	0.833614	530	4	-4.2436	0.4991	0.45443	0.895048	1396	0	-4.2436
Serinc4	20	0.034059	0.16795	0.896492	531	8	-3.6296	0.64591	0.56997	0.899395	1802	0	-3.6296
Bcam	18	0.034064	0.16578	0.893296	532	11	-4.2779	0.26193	0.25075	0.866293	748	0	-4.2779
Slc22a3	20	0.034176	0.16813	0.896492	533	10	-3.9131	0.57781	0.51524	0.896706	1614	0	-3.9131
1110032F04Rik	19	0.034421	0.17112	0.900217	534	7	-3.6158	0.20437	0.19431	0.866293	588	0	-3.6158
Sema6d	20	0.034498	0.16943	0.900153	535	10	-3.8541	0.49445	0.42222	0.86939	1383	0	-3.8541
Ctns	20	0.034719	0.17102	0.900217	536	10	-3.8906	0.81012	0.75726	0.951145	2272	0	-3.8906
Ltbr	20	0.034774	0.17113	0.900217	537	10	-3.8443	0.73419	0.66673	0.924572	2056	0	-3.8443
Olfr93	20	0.034819	0.17135	0.900217	538	9	-3.7498	0.92493	0.89694	0.97879	2614	0	-3.7498
Slamf1	20	0.034825	0.17135	0.900217	539	9	-3.779	0.87972	0.84232	0.969203	2479	0	-3.779
Olfr1469	16	0.034923	0.16398	0.893296	540	10	-4.205	0.66549	0.60027	0.905623	1851	0	-4.205
Mfap3	20	0.034932	0.17208	0.901696	541	12	-4.32	0.16348	0.15709	0.866293	472	0	-4.32
Trhr	20	0.035026	0.17258	0.901696	542	11	-4.0331	0.87655	0.83914	0.969203	2465	0	-4.0331
Scn2b	20	0.035026	0.17258	0.901696	543	12	-4.2155	0.20391	0.19553	0.866293	576	0	-4.2155
Il6ra	18	0.0351	0.16945	0.900153	544	12	-4.2959	0.59012	0.52339	0.896706	1644	0	-4.2959
Slc6a7	20	0.035141	0.17324	0.901865	545	10	-3.8365	0.33902	0.31168	0.866293	968	0	-3.8365
Rnf13	19	0.035284	0.17477	0.903251	546	6	-3.4542	0.82334	0.77955	0.958636	2320	0	-3.4542
Raet1e	18	0.035455	0.17082	0.900217	547	13	-4.0628	0.3633	0.31766	0.866293	1038	0	-4.0628
Ptpro	20	0.035462	0.17437	0.903251	548	12	-4.0387	0.12755	0.1295	0.866293	367	0	-4.0387
Gpr83	20	0.035573	0.17486	0.903251	549	11	-4.2194	0.41626	0.35972	0.866293	1177	0	-4.2194
Mfap3l	19	0.03566	0.17623	0.906749	550	10	-3.9288	0.42644	0.37479	0.866293	1213	0	-3.9288
Ltk	20	0.035783	0.17509	0.903251	551	14	-4.1537	0.73419	0.66673	0.924572	2058	0	-4.1537
Prph2	18	0.035975	0.17312	0.901865	552	12	-4.2222	0.72231	0.65176	0.924572	2011	0	-4.2222
Acp2	20	0.036252	0.17672	0.906749	553	10	-3.6779	0.14676	0.15042	0.866293	417	0	-3.6779
Elfn1	20	0.036252	0.17672	0.906749	554	10	-3.937	0.72861	0.66247	0.924572	2038	0	-3.937
Adipor2	20	0.036484	0.1774	0.907062	555	10	-3.7073	0.53963	0.48021	0.896706	1505	0	-3.7073
Ceacam12	20	0.036564	0.17749	0.907062	556	13	-4.1321	0.9609	0.94611	0.990891	2727	0	-4.1321
Alcam	20	0.036629	0.17786	0.907062	557	9	-3.759	0.3664	0.3303	0.866293	1048	0	-3.759
Fkrp	19	0.036772	0.17924	0.907062	558	6	-3.2333	0.67963	0.60484	0.905623	1891	0	-3.2333
Cldn16	20	0.036865	0.17852	0.907062	559	14	-4.1953	0.85173	0.80668	0.96014	2400	0	-4.1953
Gp1ba	20	0.036907	0.17861	0.907062	560	12	-4.2045	0.44298	0.3892	0.867081	1267	0	-4.2045
Tmem171	20	0.037007	0.17927	0.907062	561	12	-4.2001	0.56849	0.50592	0.896706	1590	0	-4.2001
Sorcs2	17	0.03735	0.17474	0.903251	562	12	-4.2316	0.51051	0.45093	0.890026	1423	0	-4.2316
Hephl1	18	0.037472	0.17932	0.907062	563	11	-4.0291	0.59012	0.52339	0.896706	1643	0	-4.0291
Vipr1	20	0.037546	0.18173	0.911244	564	13	-4.264	0.10073	0.086208	0.813139	281	0	-4.264
Dll3	20	0.037795	0.18237	0.911244	565	14	-4.0127	0.56849	0.50592	0.896706	1600	0	-4.0127
Klri1	18	0.037868	0.17986	0.908188	566	11	-4.2653	0.81061	0.76382	0.954947	2286	0	-4.2653
Fgfrl1	20	0.037887	0.18277	0.911244	567	11	-4.2091	0.98821	0.98111	0.995302	2817	0	-4.2091
Calhm2	20	0.037887	0.18277	0.911244	568	12	-4.0398	0.015347	0.012127	0.66405	46	0	-4.0398
Bst1	18	0.038069	0.18069	0.910795	569	8	-3.5835	0.083172	0.073726	0.813139	236	0	-3.5835
Olfr1388	20	0.038203	0.18429	0.911244	570	14	-4.1899	0.10073	0.086208	0.813139	296	0	-4.1899
Smo	20	0.038262	0.18485	0.911244	571	13	-4.1629	0.48364	0.41142	0.867081	1353	0	-4.1629
Bcan	19	0.038265	0.18433	0.911244	572	9	-3.7925	0.081192	0.072196	0.813139	235	0	-3.7925
Nmbr	18	0.038545	0.18178	0.911244	573	12	-4.2044	0.56812	0.49257	0.896706	1583	0	-4.2044
Itga5	20	0.038546	0.18578	0.911244	574	10	-3.8175	0.9654	0.95132	0.990891	2740	0	-3.8175
Cacng5	19	0.038599	0.18537	0.911244	575	9	-3.7544	0.19478	0.18813	0.866293	548	0	-3.7544
Psg21	12	0.038725	0.16275	0.893296	576	6	-4.2029	0.8777	0.84809	0.970034	2475	0	-4.2029
Fndc5	19	0.038791	0.18601	0.911244	577	9	-3.7925	0.10764	0.094967	0.837456	307	0	-3.7925
Vstm4	18	0.038951	0.18281	0.911244	578	12	-4.1652	0.53065	0.47002	0.896706	1487	0	-4.1652
Gm9733	20	0.039085	0.18745	0.911244	579	11	-3.9612	0.72861	0.66247	0.924572	2035	0	-3.9612
Vmn1r66	19	0.039103	0.18739	0.911244	580	11	-3.9075	0.83688	0.79154	0.958809	2355	0	-3.9075
Mfrp	18	0.039231	0.18363	0.911244	581	7	-3.5872	0.83899	0.79732	0.958809	2367	0	-3.5872
Olfr267	20	0.039253	0.18777	0.911244	582	10	-3.7177	0.20391	0.19553	0.866293	584	0	-3.7177
Best2	20	0.039366	0.18806	0.911244	583	12	-4.2318	0.92718	0.90088	0.980843	2625	0	-4.2318
Gpr137c	20	0.039366	0.18806	0.911244	584	9	-3.6391	0.10073	0.086208	0.813139	289	0	-3.6391
Robo1	20	0.039411	0.18814	0.911244	585	9	-3.6471	0.51332	0.44432	0.880877	1431	0	-3.6471
P2ry6	20	0.039411	0.18814	0.911244	586	14	-4.1167	0.64591	0.56997	0.899395	1808	0	-4.1167
Slc39a9	20	0.039665	0.18894	0.911244	587	14	-4.1712	0.8049	0.74821	0.946182	2258	0	-4.1712
Enpp1	20	0.039698	0.18942	0.911244	588	14	-4.04	0.00016622	1.7322e-06	0.00055	1	1	-4.04
Gpr157	20	0.039698	0.18942	0.911244	589	14	-4.1287	0.87972	0.84232	0.969203	2478	0	-4.1287
Slc6a9	20	0.039761	0.18991	0.911244	590	13	-4.2055	0.55728	0.49953	0.896706	1566	0	-4.2055
Gjc2	20	0.039891	0.19005	0.911244	591	9	-3.8174	0.50401	0.43179	0.873969	1419	0	-3.8174
Cldn3	20	0.039974	0.19017	0.911244	592	12	-4.1876	0.8306	0.78664	0.958809	2336	0	-4.1876
Cxcr6	18	0.040055	0.18597	0.911244	593	10	-4.2353	0.97743	0.96574	0.993354	2782	0	-4.2353
Ccrl2	19	0.040395	0.19181	0.911244	594	12	-4.2267	0.13997	0.14419	0.866293	402	0	-4.2267
Catsperg1	20	0.040458	0.1919	0.911244	595	9	-3.5935	0.25023	0.24514	0.866293	713	0	-3.5935
BC053393	20	0.040507	0.19212	0.911244	596	13	-4.0516	0.87655	0.83914	0.969203	2471	0	-4.0516
Znrf4	20	0.040589	0.19226	0.911244	597	12	-3.9472	0.93612	0.91446	0.984375	2654	0	-3.9472
Gpr37	20	0.040589	0.19226	0.911244	598	9	-3.7462	0.27095	0.26609	0.866293	759	0	-3.7462
Stim1	20	0.041085	0.19434	0.917662	599	13	-4.119	0.50401	0.43179	0.873969	1411	0	-4.119
Epha8	20	0.041228	0.19468	0.917662	600	9	-3.7207	0.8306	0.78664	0.958809	2333	0	-3.7207
Lypd8	20	0.041232	0.19497	0.917662	601	14	-4.0712	0.39445	0.34661	0.866293	1122	0	-4.0712
Drd5	20	0.041232	0.19497	0.917662	602	14	-4.0881	0.98411	0.97596	0.994757	2802	0	-4.0881
Vmn1r224	20	0.041452	0.19621	0.917662	603	8	-3.7985	0.079456	0.071269	0.813139	227	0	-3.7985
Adcy5	20	0.041496	0.19624	0.917662	604	10	-3.8762	0.97935	0.97122	0.993354	2791	0	-3.8762
Scn4a	17	0.041628	0.18927	0.911244	605	10	-4.1756	0.51051	0.45093	0.890026	1424	0	-4.1756
Sell	18	0.041658	0.19149	0.911244	606	6	-3.6666	0.091133	0.078808	0.813139	258	0	-3.6666
H2-Q5	18	0.041682	0.1916	0.911244	607	9	-3.875	0.41916	0.36398	0.866293	1196	0	-3.875
Mchr1	20	0.041723	0.1965	0.917662	608	9	-3.653	0.12755	0.1295	0.866293	364	0	-3.653
Tlr2	20	0.041723	0.1965	0.917662	609	12	-4.0508	0.39445	0.34661	0.866293	1125	0	-4.0508
Tdgf1	20	0.041893	0.19702	0.918547	610	11	-3.9761	0.074063	0.065784	0.813139	210	0	-3.9761
Adra1a	20	0.042003	0.1977	0.918794	611	9	-3.7249	0.69826	0.62129	0.906861	1958	0	-3.7249
Emp2	20	0.042043	0.19784	0.918794	612	9	-3.5627	0.67974	0.60581	0.905623	1897	0	-3.5627
Il6st	20	0.042189	0.19835	0.918794	613	12	-4.1766	0.51332	0.44432	0.880877	1442	0	-4.1766
Atp2b4	20	0.042189	0.19835	0.918794	614	10	-3.9284	0.88301	0.84511	0.969203	2492	0	-3.9284
Olfr180	20	0.042232	0.19911	0.919329	615	14	-4.1934	0.38457	0.34135	0.866293	1105	0	-4.1934
Bdkrb1	20	0.042232	0.19911	0.919329	616	14	-4.1291	0.31749	0.29769	0.866293	904	0	-4.1291
Olfr1034	20	0.042567	0.20034	0.920545	617	12	-4.0277	0.14676	0.15042	0.866293	415	0	-4.0277
Ttyh3	20	0.042718	0.20115	0.921292	618	11	-4.0663	0.90855	0.8767	0.973615	2576	0	-4.0663
Slc26a1	19	0.042777	0.20034	0.920545	619	13	-4.0747	0.96262	0.94869	0.990891	2733	0	-4.0747
C3ar1	20	0.042824	0.20115	0.921292	620	11	-4.2835	0.66851	0.59175	0.905623	1856	0	-4.2835
Pcdha6	15	0.042858	0.18875	0.911244	621	11	-4.361	0.54098	0.46824	0.896706	1526	0	-4.361
Gfra1	18	0.04287	0.19556	0.917662	622	10	-4.08	0.98108	0.97078	0.993354	2796	0	-4.08
S1pr3	20	0.043289	0.20211	0.922745	623	13	-4.2723	0.84699	0.80235	0.958809	2393	0	-4.2723
Mansc4	20	0.043416	0.20258	0.923405	624	14	-4.2351	0.091975	0.080566	0.813139	265	0	-4.2351
Cnr1	18	0.04384	0.19981	0.920545	625	10	-4.1409	0.94238	0.92283	0.986556	2666	0	-4.1409
Suco	20	0.044042	0.20502	0.925407	626	11	-3.9258	0.25023	0.24514	0.866293	721	0	-3.9258
Nrxn3	20	0.044096	0.20514	0.925407	627	11	-4.204	0.31749	0.29769	0.866293	899	0	-4.204
Aqp1	18	0.044201	0.20158	0.921774	628	12	-4.0972	0.72879	0.65959	0.924572	2043	0	-4.0972
C5ar2	20	0.044238	0.20561	0.925407	629	11	-3.971	0.47569	0.40533	0.867081	1318	0	-3.971
Tmem140	20	0.04452	0.20687	0.929611	630	13	-4.22	0.72267	0.65809	0.924572	2017	0	-4.22
Enpp4	19	0.04456	0.20537	0.925407	631	11	-4.3423	0.38955	0.33835	0.866293	1112	0	-4.3423
Unc5c	20	0.044605	0.20748	0.930887	632	13	-4.1911	0.6877	0.61078	0.905623	1921	0	-4.1911
Msln	18	0.044662	0.20397	0.925407	633	8	-3.6807	0.78777	0.74047	0.943567	2216	0	-3.6807
Slc18a1	20	0.045015	0.20976	0.933315	634	13	-4.2751	0.12227	0.11681	0.866293	348	0	-4.2751
Ccr8	20	0.045054	0.20984	0.933315	635	12	-4.2875	0.011079	0.01015	0.66405	35	0	-4.2875
Ly6g6d	20	0.045228	0.21039	0.933315	636	9	-3.5702	0.87655	0.83914	0.969203	2470	0	-3.5702
D130043K22Rik	20	0.045372	0.21165	0.933315	637	11	-4.172	0.43308	0.38033	0.866293	1236	0	-4.172
Lrp12	20	0.045579	0.2118	0.933315	638	9	-3.8337	0.3756	0.33858	0.866293	1082	0	-3.8337
Nup210	20	0.045691	0.21212	0.933315	639	9	-3.7439	0.73947	0.67289	0.924572	2065	0	-3.7439
Olfr1506	4	0.04588	0.12871	0.864484	640	4	-4.1472	0.95412	0.95137	0.990891	2702	0	-4.1472
Dpep1	20	0.045889	0.21292	0.933315	641	13	-4.0915	0.82683	0.78204	0.958636	2330	0	-4.0915
Cdh22	20	0.045913	0.21323	0.933315	642	13	-4.1598	0.6877	0.61078	0.905623	1932	0	-4.1598
Dsg3	20	0.045913	0.21323	0.933315	643	9	-3.272	0.10073	0.086208	0.813139	290	0	-3.272
Siglec1	20	0.045978	0.21329	0.933315	644	12	-4.1347	0.16348	0.15709	0.866293	471	0	-4.1347
Slc6a20b	20	0.046009	0.21333	0.933315	645	8	-3.6557	0.93612	0.91446	0.984375	2653	0	-3.6557
Tspan9	16	0.046072	0.20415	0.925407	646	9	-4.1513	0.53951	0.47177	0.896706	1504	0	-4.1513
Tm9sf1	16	0.046072	0.20415	0.925407	647	8	-4.0246	0.9372	0.91735	0.986009	2657	0	-4.0246
Gm15448	20	0.046376	0.21416	0.933315	648	10	-4.0812	0.66851	0.59175	0.905623	1863	0	-4.0812
Cd300e	20	0.046376	0.21416	0.933315	649	9	-3.8109	0.60659	0.5293	0.896706	1687	0	-3.8109
Psg16	16	0.046404	0.20526	0.925407	650	8	-3.6691	0.022761	0.02271	0.66405	70	0	-3.6691
Sema4a	20	0.046594	0.21466	0.933315	651	12	-4.1798	0.47569	0.40533	0.867081	1331	0	-4.1798
Olfr1357	20	0.046666	0.2152	0.933315	652	13	-4.1895	0.29661	0.28134	0.866293	826	0	-4.1895
Olfr125	20	0.046666	0.2152	0.933315	653	12	-4.1634	0.96987	0.95751	0.991287	2759	0	-4.1634
Trpv5	20	0.046803	0.21597	0.934076	654	9	-3.6559	0.97113	0.95944	0.992067	2761	0	-3.6559
Slc44a4	20	0.046877	0.21632	0.934076	655	14	-4.1469	0.31749	0.29769	0.866293	911	0	-4.1469
Cldn20	18	0.046914	0.21411	0.933315	656	10	-4.0216	0.65985	0.58373	0.904226	1835	0	-4.0216
Olfr221	20	0.046937	0.21655	0.934076	657	10	-3.9277	0.13308	0.13653	0.866293	378	0	-3.9277
Gpr156	20	0.047071	0.21669	0.934076	658	9	-3.7815	0.30654	0.28885	0.866293	866	0	-3.7815
Cxcr5	19	0.04713	0.21319	0.933315	659	9	-3.845	0.66899	0.59426	0.905623	1868	0	-3.845
Naaladl1	20	0.047368	0.21783	0.934753	660	12	-4.1718	0.7654	0.69763	0.930788	2144	0	-4.1718
Dcbld2	20	0.047411	0.2181	0.934753	661	12	-4.2588	0.715	0.6491	0.924572	2000	0	-4.2588
Pdcd1	19	0.047503	0.21451	0.933315	662	13	-4.0881	0.69654	0.63245	0.917888	1938	0	-4.0881
Dsc2	19	0.047503	0.21451	0.933315	663	12	-4.3307	0.72759	0.66394	0.924572	2027	0	-4.3307
Olfr675	19	0.047561	0.21473	0.933315	664	8	-3.4227	0.82334	0.77955	0.958636	2322	0	-3.4227
Olfr1414	20	0.048043	0.22099	0.935289	665	10	-3.8548	0.30654	0.28885	0.866293	862	0	-3.8548
Alpl	18	0.048093	0.21775	0.934753	666	11	-4.2449	0.75854	0.69825	0.930788	2118	0	-4.2449
Sema4c	18	0.048095	0.21815	0.934753	667	7	-3.544	0.1705	0.16986	0.866293	494	0	-3.544
Olfr1438-ps1	20	0.048104	0.22136	0.935289	668	10	-3.8898	0.58465	0.52137	0.896706	1633	0	-3.8898
Slc6a17	20	0.048375	0.22204	0.935289	669	11	-4.2742	0.24082	0.23599	0.866293	681	0	-4.2742
Sctr	20	0.048797	0.22357	0.935289	670	13	-4.1386	0.12227	0.11681	0.866293	349	0	-4.1386
Tmem178	20	0.049071	0.22381	0.935289	671	12	-4.0017	0.58465	0.52137	0.896706	1634	0	-4.0017
Rtn4r	20	0.049117	0.22398	0.935289	672	11	-3.9674	0.60659	0.5293	0.896706	1681	0	-3.9674
Cd37	20	0.049149	0.22464	0.935289	673	13	-4.1965	0.69826	0.62129	0.906861	1952	0	-4.1965
Gpr161	20	0.049149	0.22506	0.935289	674	14	-4.0921	0.86856	0.82982	0.968006	2446	0	-4.0921
Rprml	20	0.049149	0.22506	0.935289	675	14	-4.0424	0.55728	0.49953	0.896706	1572	0	-4.0424
Gpr63	17	0.049259	0.21888	0.935289	676	8	-3.5984	0.20059	0.19671	0.866293	566	0	-3.5984
Cr2	20	0.049355	0.22587	0.935289	677	13	-4.2607	0.92912	0.90437	0.982775	2631	0	-4.2607
Rxfp1	20	0.049572	0.22653	0.935289	678	12	-4.0835	0.69826	0.62129	0.906861	1959	0	-4.0835
Amigo3	20	0.049639	0.22662	0.935289	679	11	-4.0956	0.96253	0.94833	0.990891	2730	0	-4.0956
Scap	18	0.049807	0.22254	0.935289	680	9	-3.8257	0.88722	0.85149	0.971869	2505	0	-3.8257
Slc24a2	20	0.0499	0.22724	0.935289	681	10	-4.0123	0.75916	0.68957	0.926117	2133	0	-4.0123
Sstr5	20	0.04999	0.22725	0.935289	682	12	-3.9724	0.29661	0.28134	0.866293	844	0	-3.9724
Cldn9	20	0.04999	0.22725	0.935289	683	9	-3.7549	0.56849	0.50592	0.896706	1594	0	-3.7549
Clca4b	20	0.049998	0.22735	0.935289	684	13	-4.2622	0.48859	0.4163	0.86939	1360	0	-4.2622
Olfr435	20	0.050078	0.22771	0.935289	685	13	-4.1541	0.51332	0.44432	0.880877	1434	0	-4.1541
Mrc2	20	0.050136	0.22773	0.935289	686	11	-4.0382	0.27095	0.26609	0.866293	768	0	-4.0382
Tas2r137	18	0.050166	0.22367	0.935289	687	10	-4.0131	0.32854	0.2934	0.866293	931	0	-4.0131
Olfr1457	20	0.050291	0.22801	0.935289	688	8	-3.7152	0.7654	0.69763	0.930788	2142	0	-3.7152
Ano7	20	0.050291	0.22801	0.935289	689	10	-3.7647	0.55728	0.49953	0.896706	1558	0	-3.7647
Tmem211	20	0.0503	0.22809	0.935289	690	13	-4.2136	0.73419	0.66673	0.924572	2059	0	-4.2136
Cachd1	20	0.050312	0.22816	0.935289	691	10	-3.8547	0.60038	0.52631	0.896706	1672	0	-3.8547
Adam33	20	0.050474	0.22836	0.935289	692	12	-4.0292	0.31749	0.29769	0.866293	903	0	-4.0292
Slc36a3	20	0.050482	0.22865	0.935289	693	9	-3.7725	0.97529	0.96606	0.993354	2773	0	-3.7725
Slc1a2	20	0.050551	0.22875	0.935289	694	12	-3.8844	0.82135	0.77563	0.957151	2316	0	-3.8844
Gabra5	20	0.050551	0.22875	0.935289	695	11	-3.9386	0.3664	0.3303	0.866293	1051	0	-3.9386
Faim2	20	0.050701	0.22921	0.935827	696	14	-4.2318	0.82135	0.77563	0.957151	2302	0	-4.2318
Sstr3	20	0.050854	0.23197	0.938216	697	12	-4.0096	0.38457	0.34135	0.866293	1110	0	-4.0096
H2-T10	18	0.051086	0.22614	0.935289	698	8	-3.7111	0.51969	0.46392	0.896706	1453	0	-3.7111
Tgfbr3	20	0.051114	0.23253	0.938216	699	8	-3.7795	0.35761	0.32045	0.866293	1029	0	-3.7795
Clec5a	20	0.051114	0.23253	0.938216	700	7	-3.6071	0.10073	0.086208	0.813139	288	0	-3.6071
Ntsr1	18	0.051211	0.22658	0.935289	701	11	-4.0487	0.53065	0.47002	0.896706	1483	0	-4.0487
Jag2	20	0.051284	0.23308	0.938216	702	13	-4.0953	0.53963	0.48021	0.896706	1522	0	-4.0953
Crim1	20	0.051284	0.23308	0.938216	703	13	-4.0409	0.0495	0.035317	0.66405	145	0	-4.0409
Cd4	20	0.051284	0.23308	0.938216	704	13	-4.2297	0.6877	0.61078	0.905623	1922	0	-4.2297
Celsr1	20	0.05135	0.23368	0.938338	705	13	-4.1608	0.30654	0.28885	0.866293	863	0	-4.1608
Olfr1211	20	0.051504	0.23393	0.938338	706	10	-3.9225	0.64591	0.56997	0.899395	1794	0	-3.9225
Sstr4	19	0.051557	0.23149	0.938216	707	12	-4.3088	0.32519	0.29979	0.866293	928	0	-4.3088
Olfr1461	20	0.051878	0.23656	0.942274	708	14	-4.1425	0.62067	0.54954	0.899395	1718	0	-4.1425
Neo1	20	0.051878	0.23656	0.942274	709	14	-4.04	0.72267	0.65809	0.924572	2020	0	-4.04
Tenm4	20	0.051878	0.23656	0.942274	710	14	-4.0983	0.88884	0.85413	0.971926	2507	0	-4.0983
Opalin	18	0.051944	0.2308	0.938216	711	6	-3.6869	0.22833	0.2242	0.866293	641	0	-3.6869
F2rl2	20	0.051945	0.23705	0.942274	712	13	-4.1925	0.83464	0.79168	0.958809	2344	0	-4.1925
P2ry2	20	0.052351	0.23833	0.944714	713	13	-4.2881	0.34827	0.31607	0.866293	1000	0	-4.2881
Gpr3	19	0.052367	0.23409	0.938338	714	7	-3.5645	0.38955	0.33835	0.866293	1115	0	-3.5645
Procr	20	0.052716	0.24071	0.949215	715	11	-4.067	0.97602	0.96675	0.993354	2778	0	-4.067
Npr1	18	0.052734	0.23279	0.938216	716	12	-4.1741	0.64111	0.56865	0.899395	1782	0	-4.1741
Olfr403	12	0.052962	0.20944	0.933315	717	9	-4.0569	0.95602	0.93793	0.990891	2706	0	-4.0569
Bst2	20	0.052974	0.24149	0.949215	718	12	-4.1333	0.57781	0.51524	0.896706	1621	0	-4.1333
Olfr1206	20	0.052994	0.2416	0.949215	719	12	-4.3036	0.96987	0.95751	0.991287	2760	0	-4.3036
Gjb6	20	0.053324	0.2428	0.949215	720	11	-4.0179	0.67974	0.60581	0.905623	1898	0	-4.0179
Avpr1a	20	0.0534	0.2434	0.949215	721	13	-4.3012	0.10073	0.086208	0.813139	291	0	-4.3012
Nrxn2	19	0.053401	0.23685	0.942274	722	10	-4.1126	0.71032	0.64569	0.924572	1987	0	-4.1126
Epha1	20	0.053551	0.24376	0.949215	723	11	-4.0105	0.21389	0.20215	0.866293	610	0	-4.0105
Ptprz1	20	0.053723	0.24382	0.949215	724	11	-4.104	0.19921	0.19225	0.866293	565	0	-4.104
Grin2a	20	0.053831	0.24411	0.949215	725	14	-4.0562	0.69826	0.62129	0.906861	1944	0	-4.0562
Kiss1r	20	0.05387	0.24462	0.949868	726	11	-3.939	0.89262	0.85851	0.971926	2520	0	-3.939
P2ry4	20	0.053911	0.245	0.949868	727	12	-4.1624	0.95964	0.94464	0.990891	2722	0	-4.1624
Csf1	20	0.054317	0.24606	0.949868	728	12	-3.9898	0.21389	0.20215	0.866293	599	0	-3.9898
Tas2r119	20	0.054366	0.24621	0.949868	729	11	-3.9576	0.75201	0.68475	0.926117	2110	0	-3.9576
Gm11127	18	0.054501	0.23791	0.944383	730	6	-3.4831	0.38398	0.33011	0.866293	1097	0	-3.4831
Grik5	20	0.054684	0.24764	0.949868	731	13	-4.0965	0.95617	0.94005	0.990891	2707	0	-4.0965
Kir3dl2	20	0.054844	0.2478	0.949868	732	11	-4.0931	0.27095	0.26609	0.866293	761	0	-4.0931
Gabrr2	20	0.054847	0.24833	0.949868	733	10	-3.8296	0.69826	0.62129	0.906861	1950	0	-3.8296
Shisa4	20	0.054871	0.24842	0.949868	734	9	-3.6972	0.011079	0.01015	0.66405	32	0	-3.6972
Olfr224	20	0.055032	0.24923	0.949868	735	14	-4.02	0.79952	0.74218	0.943567	2252	0	-4.02
Fzd9	20	0.055032	0.24923	0.949868	736	14	-4.154	0.015347	0.012127	0.66405	50	0	-4.154
Olfr982	20	0.055032	0.24923	0.949868	737	14	-3.9215	0.95617	0.94005	0.990891	2710	0	-3.9215
Cd63	20	0.055046	0.24971	0.949868	738	11	-3.9331	0.38457	0.34135	0.866293	1106	0	-3.9331
Pcdhga4	18	0.055117	0.23926	0.947094	739	10	-4.3192	0.016183	0.010921	0.66405	53	0	-4.3192
Gpr1	19	0.055121	0.24329	0.949215	740	12	-4.3146	0.22137	0.21608	0.866293	620	0	-4.3146
Olfr1209	20	0.055498	0.25088	0.949868	741	12	-4.2538	0.31749	0.29769	0.866293	892	0	-4.2538
Pcdhb1	20	0.055501	0.25097	0.949868	742	11	-3.9143	0.49445	0.42222	0.86939	1389	0	-3.9143
Cd14	16	0.05557	0.23205	0.938216	743	7	-3.6119	0.62523	0.55527	0.899395	1738	0	-3.6119
Erbb3	19	0.0556	0.24564	0.949868	744	11	-4.1193	0.7341	0.66795	0.924572	2046	0	-4.1193
Mmp16	20	0.0556	0.25097	0.949868	745	6	-3.3431	0.77746	0.71952	0.936424	2187	0	-3.3431
Olfr1268-ps1	20	0.055677	0.2514	0.949868	746	13	-4.3008	0.46119	0.39792	0.867081	1297	0	-4.3008
Cd27	18	0.055777	0.24171	0.949215	747	10	-3.8912	0.7758	0.72111	0.937215	2177	0	-3.8912
Lrrc15	20	0.055816	0.25171	0.949868	748	9	-3.7061	0.44298	0.3892	0.867081	1272	0	-3.7061
Olfr648	20	0.05592	0.25192	0.949868	749	11	-3.9383	0.3756	0.33858	0.866293	1077	0	-3.9383
Olfr168	20	0.056144	0.25232	0.950097	750	12	-4.2595	0.715	0.6491	0.924572	1992	0	-4.2595
Gpc4	18	0.056344	0.2433	0.949215	751	8	-3.6072	0.77027	0.71167	0.936424	2155	0	-3.6072
Flt4	20	0.056356	0.2533	0.95256	752	10	-3.9335	0.89262	0.85851	0.971926	2523	0	-3.9335
Pcdhgc3	18	0.056574	0.24392	0.949215	753	10	-4.1057	0.97596	0.96467	0.993354	2776	0	-4.1057
Gpr6	20	0.056615	0.25378	0.95311	754	12	-4.2492	0.81563	0.76778	0.955295	2295	0	-4.2492
Olfr66	19	0.056693	0.24885	0.949868	755	9	-3.8045	0.23936	0.23574	0.866293	674	0	-3.8045
Ifnlr1	20	0.056852	0.25707	0.955587	756	10	-3.8237	0.87655	0.83914	0.969203	2469	0	-3.8237
Prima1	20	0.057018	0.25785	0.955587	757	6	-3.2667	0.5928	0.52434	0.896706	1649	0	-3.2667
Enpp6	20	0.057074	0.25793	0.955587	758	10	-4.0035	0.9512	0.93471	0.990891	2691	0	-4.0035
Tmprss5	19	0.057125	0.24997	0.949868	759	11	-4.1838	0.21272	0.20375	0.866293	595	0	-4.1838
Gpr119	20	0.057233	0.2583	0.955587	760	9	-3.8099	0.3664	0.3303	0.866293	1044	0	-3.8099
Tspan5	20	0.057247	0.25849	0.955587	761	14	-4.0591	0.95804	0.94259	0.990891	2715	0	-4.0591
H2-T3	19	0.057418	0.25026	0.949868	762	11	-4.2652	0.26714	0.25898	0.866293	753	0	-4.2652
Pecam1	20	0.057526	0.25972	0.955587	763	11	-4.2715	0.39445	0.34661	0.866293	1126	0	-4.2715
Slc2a2	20	0.057546	0.25974	0.955587	764	8	-3.7258	0.99204	0.9873	0.995575	2832	0	-3.7258
Olfr688	16	0.05763	0.23694	0.942274	765	10	-4.2038	0.25386	0.23958	0.866293	723	0	-4.2038
Tmeff1	19	0.057704	0.25114	0.949868	766	10	-3.9288	0.52142	0.46419	0.896706	1455	0	-3.9288
Lrp4	20	0.057709	0.25975	0.955587	767	9	-3.6946	0.62067	0.54954	0.899395	1719	0	-3.6946
Olfr1415	20	0.057709	0.25975	0.955587	768	6	-3.4276	0.015347	0.012127	0.66405	41	0	-3.4276
Fzd2	20	0.058055	0.26052	0.955587	769	13	-4.2194	0.97218	0.96119	0.992438	2765	0	-4.2194
Gpr39	20	0.05811	0.26071	0.955587	770	9	-3.1676	0.03947	0.031471	0.66405	115	0	-3.1676
Slc26a5	20	0.05811	0.26071	0.955587	771	11	-4.1343	0.83464	0.79168	0.958809	2345	0	-4.1343
Cadm4	20	0.058184	0.26084	0.955587	772	8	-3.4416	0.62067	0.54954	0.899395	1726	0	-3.4416
Olfr1325	20	0.058331	0.26163	0.955587	773	10	-3.7786	0.10073	0.086208	0.813139	297	0	-3.7786
Pigo	20	0.058358	0.26176	0.955587	774	13	-4.2708	0.02837	0.027702	0.66405	81	0	-4.2708
Eva1c	20	0.058381	0.2619	0.955587	775	10	-3.8638	0.27903	0.26927	0.866293	784	0	-3.8638
Nkain1	20	0.058645	0.26262	0.955587	776	13	-4.0575	0.85582	0.81061	0.960893	2410	0	-4.0575
Mc5r	20	0.058796	0.26263	0.955587	777	9	-3.8126	0.81012	0.75726	0.951145	2274	0	-3.8126
Grik3	20	0.059037	0.26301	0.955587	778	12	-4.2351	0.4052	0.35185	0.866293	1149	0	-4.2351
Taar8b	16	0.059052	0.24133	0.949215	779	9	-4.1734	0.91355	0.88936	0.97762	2588	0	-4.1734
Antxr1	20	0.059415	0.26449	0.955587	780	11	-4.001	0.55728	0.49953	0.896706	1557	0	-4.001
Olfr293	20	0.059437	0.265	0.955587	781	12	-4.2401	0.69826	0.62129	0.906861	1965	0	-4.2401
Emp3	20	0.05945	0.26523	0.955587	782	13	-4.2217	0.9032	0.87101	0.973615	2548	0	-4.2217
Panx2	20	0.059482	0.26545	0.955587	783	11	-4.1265	0.18756	0.18575	0.866293	535	0	-4.1265
Lrit2	20	0.059783	0.26607	0.955587	784	9	-3.771	0.60659	0.5293	0.896706	1685	0	-3.771
Ano9	18	0.059937	0.25601	0.955587	785	12	-4.2501	0.5465	0.48493	0.896706	1530	0	-4.2501
Scn3b	18	0.060205	0.25721	0.955587	786	11	-4.2399	0.64916	0.57347	0.899395	1811	0	-4.2399
Slc4a7	20	0.06037	0.26752	0.955587	787	10	-3.6811	0.60038	0.52631	0.896706	1668	0	-3.6811
Gjb2	20	0.060585	0.26845	0.955587	788	12	-3.9321	0.64591	0.56997	0.899395	1800	0	-3.9321
Olfr1463	20	0.060925	0.27007	0.955587	789	9	-3.8015	0.29661	0.28134	0.866293	831	0	-3.8015
Slc13a2	20	0.061154	0.27044	0.955587	790	8	-3.4949	0.22257	0.21208	0.866293	628	0	-3.4949
Atp13a2	20	0.061365	0.27124	0.955587	791	11	-4.1793	0.011079	0.01015	0.66405	36	0	-4.1793
Cd83	18	0.06143	0.26074	0.955587	792	10	-3.9467	0.81061	0.76382	0.954947	2287	0	-3.9467
Ackr2	20	0.061467	0.27183	0.955587	793	13	-4.0729	0.84699	0.80235	0.958809	2388	0	-4.0729
Insrr	20	0.061523	0.27184	0.955587	794	12	-4.0942	0.64591	0.56997	0.899395	1792	0	-4.0942
Slc6a13	19	0.061802	0.26449	0.955587	795	13	-4.2425	0.80528	0.75964	0.952219	2268	0	-4.2425
Cdh16	20	0.062019	0.2727	0.955587	796	12	-4.1906	0.75916	0.68957	0.926117	2125	0	-4.1906
Olfr1499	20	0.062093	0.2728	0.955587	797	8	-3.7139	0.49445	0.42222	0.86939	1370	0	-3.7139
Gpr45	20	0.062136	0.27296	0.955587	798	10	-3.8081	0.96667	0.95298	0.991287	2748	0	-3.8081
Slc24a4	20	0.062173	0.27305	0.955587	799	10	-3.8352	0.95617	0.94005	0.990891	2711	0	-3.8352
Slc26a6	20	0.062189	0.27329	0.955587	800	8	-3.7452	0.89262	0.85851	0.971926	2521	0	-3.7452
Slc52a2	20	0.062189	0.27329	0.955587	801	10	-3.8166	0.77746	0.71952	0.936424	2194	0	-3.8166
Slc22a15	19	0.062209	0.26571	0.955587	802	7	-3.8016	0.42644	0.37479	0.866293	1212	0	-3.8016
Ifngr2	20	0.062248	0.27377	0.955587	803	13	-4.01	0.021228	0.019915	0.66405	62	0	-4.01
Mamdc4	20	0.062248	0.27377	0.955587	804	13	-4.1322	0.86856	0.82982	0.968006	2442	0	-4.1322
Gm12169	18	0.062698	0.26437	0.955587	805	11	-4.0194	0.97596	0.96467	0.993354	2775	0	-4.0194
Duox1	20	0.062934	0.27743	0.955587	806	9	-3.8527	0.98978	0.98357	0.995575	2823	0	-3.8527
Slc4a10	20	0.063187	0.27764	0.955587	807	10	-3.8812	0.48364	0.41142	0.867081	1349	0	-3.8812
Piezo1	20	0.063204	0.27799	0.955587	808	13	-4.2064	0.43308	0.38033	0.866293	1231	0	-4.2064
Grm2	20	0.063204	0.27799	0.955587	809	11	-3.9806	0.74561	0.68052	0.926117	2094	0	-3.9806
Slc2a5	20	0.063204	0.27799	0.955587	810	12	-4.1955	0.62879	0.56089	0.899395	1743	0	-4.1955
Nrn1	20	0.063204	0.27799	0.955587	811	13	-4.2356	0.49445	0.42222	0.86939	1369	0	-4.2356
H2-T22	20	0.063619	0.27921	0.955587	812	7	-3.5712	0.6877	0.61078	0.905623	1911	0	-3.5712
Cd5	20	0.063655	0.27921	0.955587	813	8	-3.468	0.85582	0.81061	0.960893	2411	0	-3.468
Dpp6	20	0.06384	0.27963	0.955587	814	12	-4.1548	0.9441	0.92408	0.986556	2677	0	-4.1548
Slc5a11	20	0.06384	0.27963	0.955587	815	13	-4.1412	0.86037	0.81765	0.963581	2425	0	-4.1412
Mrgpra1	19	0.064299	0.27133	0.955587	816	8	-3.7172	0.065027	0.056013	0.813139	190	0	-3.7172
Pcdh15	20	0.064375	0.28058	0.955587	817	12	-4.1862	0.73947	0.67289	0.924572	2079	0	-4.1862
Nradd	20	0.064375	0.28058	0.955587	818	11	-4.2334	0.085278	0.074865	0.813139	249	0	-4.2334
Ptpru	20	0.064396	0.28069	0.955587	819	11	-4.0239	0.5928	0.52434	0.896706	1657	0	-4.0239
Tspan11	19	0.064465	0.27179	0.955587	820	13	-4.025	0.92878	0.9071	0.982837	2628	0	-4.025
Olfr1036	20	0.064591	0.28094	0.955587	821	11	-4.2785	0.3664	0.3303	0.866293	1046	0	-4.2785
Npy2r	18	0.064637	0.26976	0.955587	822	9	-3.938	0.67688	0.61156	0.905623	1889	0	-3.938
Tmem106a	19	0.064739	0.27221	0.955587	823	13	-4.0509	0.24977	0.24737	0.866293	696	0	-4.0509
Impg2	20	0.064742	0.28152	0.955587	824	8	-3.7345	0.53963	0.48021	0.896706	1521	0	-3.7345
Slc22a17	20	0.064904	0.28183	0.955587	825	9	-3.7218	0.25023	0.24514	0.866293	718	0	-3.7218
Olfr160	18	0.064947	0.27042	0.955587	826	9	-3.9003	0.066911	0.059801	0.813139	192	0	-3.9003
Ptchd4	20	0.064974	0.28215	0.955587	827	11	-3.9693	0.4052	0.35185	0.866293	1158	0	-3.9693
Pcdhga5	18	0.065177	0.27091	0.955587	828	9	-4.0233	0.33681	0.30244	0.866293	958	0	-4.0233
Trem2	18	0.065256	0.27141	0.955587	829	10	-4.156	0.64111	0.56865	0.899395	1783	0	-4.156
Tnfrsf4	20	0.065381	0.28284	0.955587	830	11	-4.1616	0.35761	0.32045	0.866293	1028	0	-4.1616
Slc7a4	20	0.065521	0.28293	0.955587	831	10	-3.8506	0.063499	0.052354	0.802217	179	0	-3.8506
F2rl3	20	0.06553	0.28309	0.955587	832	13	-4.2059	0.02837	0.027702	0.66405	83	0	-4.2059
Nfam1	18	0.065556	0.2723	0.955587	833	12	-4.0538	0.64916	0.57347	0.899395	1814	0	-4.0538
Olfr285	18	0.065556	0.2723	0.955587	834	12	-4.0401	0.41916	0.36398	0.866293	1200	0	-4.0401
Cldn6	19	0.065703	0.27585	0.955587	835	10	-3.8837	0.71598	0.65005	0.924572	2007	0	-3.8837
Adam25	18	0.065748	0.2725	0.955587	836	11	-4.279	0.90538	0.87535	0.973615	2554	0	-4.279
Ntsr2	20	0.065827	0.28346	0.955587	837	11	-4.2494	0.11298	0.098748	0.837456	335	0	-4.2494
Cdhr5	20	0.065995	0.28409	0.955587	838	10	-3.7378	0.021228	0.019915	0.66405	63	0	-3.7378
Olfr1467	20	0.065996	0.28436	0.955587	839	11	-3.9663	0.84699	0.80235	0.958809	2385	0	-3.9663
Pcdh8	20	0.066012	0.28463	0.955587	840	11	-4.0083	0.70677	0.63534	0.917888	1973	0	-4.0083
Flvcr1	20	0.066012	0.28463	0.955587	841	9	-3.7794	0.73947	0.67289	0.924572	2073	0	-3.7794
Rpn1	20	0.066705	0.28542	0.955587	842	13	-4.1558	0.02837	0.027702	0.66405	80	0	-4.1558
Sorcs1	20	0.066849	0.28603	0.955587	843	10	-3.872	0.31749	0.29769	0.866293	914	0	-3.872
Atp1a4	18	0.066911	0.27529	0.955587	844	12	-4.0593	0.74138	0.6818	0.926117	2083	0	-4.0593
Slc16a6	20	0.067063	0.28648	0.955587	845	10	-3.9387	0.57781	0.51524	0.896706	1613	0	-3.9387
Olfr94	20	0.067085	0.28653	0.955587	846	11	-3.9767	0.79952	0.74218	0.943567	2246	0	-3.9767
Slc46a1	20	0.06713	0.28693	0.955587	847	11	-4.2236	0.091975	0.080566	0.813139	259	0	-4.2236
Scn11a	20	0.067213	0.28758	0.955587	848	12	-4.0997	0.49445	0.42222	0.86939	1391	0	-4.0997
Itga7	20	0.067426	0.28791	0.955587	849	10	-3.9017	0.26103	0.25703	0.866293	737	0	-3.9017
Syp	20	0.067426	0.28791	0.955587	850	10	-3.9077	0.44298	0.3892	0.867081	1263	0	-3.9077
Lrrtm3	20	0.067529	0.28833	0.955587	851	10	-3.8588	0.96253	0.94833	0.990891	2732	0	-3.8588
Neto1	20	0.067571	0.28838	0.955587	852	11	-4.1108	0.72861	0.66247	0.924572	2040	0	-4.1108
Slc39a5	20	0.067839	0.28867	0.955587	853	11	-4.0873	0.1553	0.15371	0.866293	444	0	-4.0873
Grin2d	20	0.068018	0.28906	0.955587	854	10	-3.8655	0.55728	0.49953	0.896706	1550	0	-3.8655
1810055G02Rik	20	0.068043	0.28906	0.955587	855	10	-3.8983	0.9032	0.87101	0.973615	2547	0	-3.8983
H2-M1	20	0.068224	0.28947	0.955587	856	11	-4.063	0.87655	0.83914	0.969203	2472	0	-4.063
Tspan1	18	0.068401	0.28026	0.955587	857	11	-4.1577	0.53065	0.47002	0.896706	1482	0	-4.1577
Rnf149	20	0.06864	0.29018	0.955587	858	9	-3.5519	0.03947	0.031471	0.66405	114	0	-3.5519
Lypd1	20	0.068741	0.29039	0.955587	859	11	-4.1335	0.057232	0.042961	0.709724	174	0	-4.1335
Olfr750	20	0.068741	0.29039	0.955587	860	10	-3.9811	0.83464	0.79168	0.958809	2351	0	-3.9811
Olfr494	20	0.068951	0.29087	0.955587	861	10	-3.6819	0.60038	0.52631	0.896706	1667	0	-3.6819
Pik3ip1	20	0.069042	0.29098	0.955587	862	13	-4.0958	0.99175	0.98675	0.995575	2831	0	-4.0958
Ager	20	0.06916	0.29156	0.955587	863	12	-4.0486	0.48364	0.41142	0.867081	1347	0	-4.0486
Slc9a3	20	0.069536	0.29251	0.956308	864	12	-4.1546	0.94242	0.92225	0.986556	2668	0	-4.1546
Sorl1	18	0.069895	0.28333	0.955587	865	11	-4.1678	0.7149	0.64705	0.924572	1989	0	-4.1678
Folr2	20	0.070294	0.29502	0.956308	866	11	-3.9189	0.715	0.6491	0.924572	1994	0	-3.9189
Unc93a	15	0.070554	0.27905	0.955587	867	8	-3.9392	0.89026	0.86116	0.973615	2513	0	-3.9392
Plxna4	20	0.070592	0.29618	0.956308	868	12	-4.2012	0.72861	0.66247	0.924572	2033	0	-4.2012
Grm4	19	0.07073	0.29147	0.955587	869	7	-3.7936	0.36945	0.32777	0.866293	1059	0	-3.7936
Fam189b	20	0.070813	0.29625	0.956308	870	9	-3.7873	0.49445	0.42222	0.86939	1381	0	-3.7873
Olfr641	20	0.070835	0.29631	0.956308	871	12	-4.2051	0.8049	0.74821	0.946182	2259	0	-4.2051
H2-M10.6	20	0.070835	0.29631	0.956308	872	13	-4.162	0.1553	0.15371	0.866293	437	0	-4.162
Adra2b	20	0.070835	0.29631	0.956308	873	13	-4.1645	0.32919	0.30467	0.866293	936	0	-4.1645
Olfr1269	16	0.071015	0.28016	0.955587	874	10	-4.294	0.4895	0.43117	0.873969	1361	0	-4.294
Fzd6	20	0.071123	0.29734	0.956308	875	4	-3.16	0.23155	0.22498	0.866293	648	0	-3.16
Cdh17	20	0.071317	0.29795	0.956308	876	13	-4.1965	0.55728	0.49953	0.896706	1562	0	-4.1965
Ceacam3	18	0.071731	0.28907	0.955587	877	9	-3.9172	0.59797	0.52697	0.896706	1665	0	-3.9172
Olfr552	20	0.071738	0.29909	0.956308	878	10	-3.9244	0.35761	0.32045	0.866293	1015	0	-3.9244
Gpr149	20	0.072033	0.29931	0.956308	879	12	-4.0686	0.93612	0.91446	0.984375	2651	0	-4.0686
Olfr453	20	0.072425	0.30135	0.956308	880	12	-3.9735	0.82135	0.77563	0.957151	2313	0	-3.9735
Pcdhac2	17	0.072613	0.29195	0.955763	881	11	-4.0775	0.22673	0.2249	0.866293	638	0	-4.0775
Kel	19	0.072615	0.29733	0.956308	882	7	-3.6	0.76683	0.70842	0.935616	2151	0	-3.6
Ano5	20	0.072669	0.30172	0.956308	883	12	-4.2147	0.91642	0.88634	0.976926	2590	0	-4.2147
Slc18a2	18	0.072704	0.29086	0.955587	884	11	-4.2565	0.60717	0.53227	0.899395	1692	0	-4.2565
Kir3dl1	20	0.072817	0.30197	0.956308	885	11	-3.8838	0.50401	0.43179	0.873969	1417	0	-3.8838
Slc2a1	20	0.072903	0.30257	0.956308	886	7	-3.5994	0.88301	0.84511	0.969203	2485	0	-3.5994
Epor	20	0.072903	0.30257	0.956308	887	9	-3.8611	0.063499	0.052354	0.802217	185	0	-3.8611
Olfr449	20	0.073113	0.30322	0.956308	888	11	-3.9674	0.50401	0.43179	0.873969	1406	0	-3.9674
Olfr452	20	0.073197	0.30329	0.956308	889	10	-3.746	0.62067	0.54954	0.899395	1721	0	-3.746
Gjb5	19	0.073451	0.2991	0.956308	890	12	-4.1625	0.78275	0.72547	0.938186	2205	0	-4.1625
Fpr-rs3	20	0.073515	0.30417	0.956308	891	12	-4.0564	0.7654	0.69763	0.930788	2149	0	-4.0564
Olfr308	20	0.073585	0.30429	0.956308	892	7	-3.4767	0.35761	0.32045	0.866293	1018	0	-3.4767
Pcdhga2	18	0.073846	0.29349	0.956308	893	11	-4.0586	0.7758	0.72111	0.937215	2176	0	-4.0586
Atp2b2	20	0.073893	0.30535	0.956308	894	11	-3.9215	0.91892	0.89005	0.97762	2602	0	-3.9215
Epha7	20	0.074164	0.30578	0.956308	895	11	-4.0148	0.94746	0.92857	0.988764	2686	0	-4.0148
Apcdd1	20	0.074186	0.30592	0.956308	896	10	-3.9687	0.49445	0.42222	0.86939	1377	0	-3.9687
Gipr	20	0.074186	0.30592	0.956308	897	12	-4.051	0.9056	0.87415	0.973615	2562	0	-4.051
Olfr78	20	0.074387	0.30655	0.956308	898	13	-4.0178	0.3756	0.33858	0.866293	1070	0	-4.0178
Itgb2l	20	0.074432	0.30687	0.956308	899	10	-3.8797	0.46119	0.39792	0.867081	1296	0	-3.8797
Gpr141	20	0.074432	0.30687	0.956308	900	9	-3.7948	0.19543	0.19061	0.866293	559	0	-3.7948
Ntrk2	20	0.074476	0.30705	0.956308	901	12	-4.1442	0.56849	0.50592	0.896706	1585	0	-4.1442
Olfr151	20	0.074476	0.30705	0.956308	902	11	-4.2395	0.35761	0.32045	0.866293	1022	0	-4.2395
Olfr195	20	0.074759	0.30752	0.956308	903	9	-3.6809	0.079456	0.071269	0.813139	228	0	-3.6809
Lrrc4c	20	0.074835	0.30767	0.956308	904	9	-3.6779	0.90855	0.8767	0.973615	2569	0	-3.6779
Slc39a4	20	0.074932	0.30789	0.956308	905	11	-4.2057	0.55728	0.49953	0.896706	1567	0	-4.2057
Pcdhga7	18	0.075043	0.29776	0.956308	906	11	-4.1542	0.061712	0.05277	0.802217	175	0	-4.1542
Olfr829	20	0.075216	0.30862	0.956308	907	10	-3.869	0.16348	0.15709	0.866293	470	0	-3.869
Slc6a6	20	0.075453	0.30874	0.956308	908	10	-3.9365	0.79381	0.73539	0.943567	2229	0	-3.9365
Cdh23	20	0.075797	0.30977	0.956308	909	13	-4.0513	0.5928	0.52434	0.896706	1654	0	-4.0513
Rnf130	19	0.075958	0.30733	0.956308	910	13	-4.1145	0.566	0.50456	0.896706	1578	0	-4.1145
Gpr18	20	0.075985	0.3103	0.956308	911	12	-4.2217	0.67974	0.60581	0.905623	1894	0	-4.2217
Mertk	20	0.07607	0.3107	0.956308	912	7	-3.6576	0.43308	0.38033	0.866293	1226	0	-3.6576
Tspan2	18	0.0761	0.3	0.956308	913	10	-3.9432	0.16181	0.159	0.866293	457	0	-3.9432
Esyt3	20	0.076232	0.31078	0.956308	914	11	-4.0189	0.51332	0.44432	0.880877	1446	0	-4.0189
Ntng2	19	0.076255	0.30835	0.956308	915	10	-3.985	0.69654	0.63245	0.917888	1939	0	-3.985
Cdhr2	20	0.076378	0.31093	0.956308	916	11	-4.0546	0.8049	0.74821	0.946182	2266	0	-4.0546
Gpa33	20	0.076443	0.31103	0.956308	917	13	-4.1629	0.5312	0.47143	0.896706	1496	0	-4.1629
Slc7a5	19	0.076465	0.30845	0.956308	918	10	-3.878	0.89122	0.85883	0.971926	2515	0	-3.878
Olfr1234	20	0.076619	0.3115	0.956308	919	8	-3.5335	0.3756	0.33858	0.866293	1086	0	-3.5335
Slc22a29	20	0.076802	0.31174	0.956308	920	13	-4.1689	0.88884	0.85413	0.971926	2510	0	-4.1689
Tacr2	20	0.076995	0.31228	0.956308	921	10	-3.8674	0.5312	0.47143	0.896706	1493	0	-3.8674
Dcbld1	18	0.077087	0.30602	0.956308	922	6	-3.4935	0.37348	0.3227	0.866293	1065	0	-3.4935
Efna3	20	0.077324	0.31251	0.956308	923	12	-4.211	0.14676	0.15042	0.866293	419	0	-4.211
Slc52a3	20	0.077343	0.31256	0.956308	924	13	-4.1295	0.91151	0.87966	0.974064	2585	0	-4.1295
Adam2	19	0.077395	0.31054	0.956308	925	8	-3.8194	0.94325	0.92529	0.987109	2673	0	-3.8194
Ptprt	20	0.077748	0.31387	0.957176	926	12	-4.0478	0.67468	0.60179	0.905623	1884	0	-4.0478
Islr2	20	0.077927	0.31453	0.957176	927	10	-3.7951	0.32919	0.30467	0.866293	945	0	-3.7951
Gucy2c	20	0.077962	0.31473	0.957176	928	12	-3.9681	0.92188	0.89341	0.978235	2605	0	-3.9681
Nrg4	19	0.078013	0.31257	0.956308	929	10	-4.0941	0.0042554	0.0038333	0.468713	13	0	-4.0941
Chrnb1	20	0.078226	0.31525	0.957176	930	12	-4.0332	0.45319	0.39543	0.867081	1285	0	-4.0332
Slc29a2	20	0.078516	0.31559	0.957176	931	11	-4.1528	0.6877	0.61078	0.905623	1912	0	-4.1528
Olfr1047	20	0.078605	0.3158	0.957176	932	9	-3.6096	0.70677	0.63534	0.917888	1980	0	-3.6096
Ly75	20	0.078659	0.31616	0.957176	933	13	-4.1546	0.31749	0.29769	0.866293	906	0	-4.1546
Fndc9	17	0.078738	0.30949	0.956308	934	9	-3.7855	0.75638	0.70074	0.933661	2116	0	-3.7855
Ffar2	18	0.078751	0.30963	0.956308	935	10	-4.172	0.30187	0.27881	0.866293	849	0	-4.172
Nrn1l	20	0.07886	0.31849	0.957698	936	8	-3.6909	0.45319	0.39543	0.867081	1287	0	-3.6909
Tnfrsf18	20	0.078928	0.31878	0.957698	937	11	-4.1823	0.39445	0.34661	0.866293	1136	0	-4.1823
Igf2r	20	0.078928	0.31878	0.957698	938	12	-4.0742	0.48364	0.41142	0.867081	1338	0	-4.0742
P2rx1	20	0.078957	0.31938	0.957698	939	13	-4.206	0.87273	0.83515	0.969203	2456	0	-4.206
Shisa8	18	0.079023	0.30987	0.956308	940	8	-3.7413	0.27142	0.25741	0.866293	777	0	-3.7413
Umod	20	0.079247	0.32019	0.957698	941	10	-3.8338	0.29661	0.28134	0.866293	824	0	-3.8338
Cdh2	20	0.079262	0.32019	0.957698	942	9	-3.7931	0.99242	0.98779	0.995575	2834	0	-3.7931
Tmx4	18	0.079305	0.31089	0.956308	943	10	-3.8643	0.23834	0.23552	0.866293	666	0	-3.8643
Cdh6	20	0.079456	0.32019	0.957698	944	9	-3.844	0.84258	0.79755	0.958809	2376	0	-3.844
Ly6k	20	0.079456	0.32019	0.957698	945	9	-3.697	0.63668	0.56458	0.899395	1777	0	-3.697
Mip	18	0.079782	0.31319	0.956308	946	11	-4.2572	0.92946	0.90667	0.982837	2633	0	-4.2572
Npc1l1	20	0.080528	0.32253	0.957698	947	12	-4.0293	0.9441	0.92408	0.986556	2679	0	-4.0293
Gm42957	18	0.080894	0.31587	0.957176	948	10	-4.0984	0.37348	0.3227	0.866293	1063	0	-4.0984
Tmem63c	20	0.080992	0.32453	0.957698	949	12	-4.0184	0.87655	0.83914	0.969203	2467	0	-4.0184
Otoa	19	0.081494	0.32598	0.957698	950	8	-3.7069	0.22137	0.21608	0.866293	621	0	-3.7069
Fcgr3	20	0.081564	0.32504	0.957698	951	11	-4.1353	0.0495	0.035317	0.66405	148	0	-4.1353
Ackr1	20	0.08158	0.32521	0.957698	952	12	-4.1898	0.92188	0.89341	0.978235	2610	0	-4.1898
Gpr153	20	0.081605	0.3254	0.957698	953	9	-3.7811	0.88626	0.84954	0.970034	2503	0	-3.7811
Pcdh12	20	0.081735	0.32581	0.957698	954	11	-4.0152	0.27095	0.26609	0.866293	757	0	-4.0152
Slc2a6	20	0.081913	0.32603	0.957698	955	8	-3.6211	0.88301	0.84511	0.969203	2483	0	-3.6211
Slc22a27	20	0.082074	0.3265	0.957698	956	10	-3.8753	0.85582	0.81061	0.960893	2412	0	-3.8753
Oprd1	20	0.082116	0.32671	0.957698	957	9	-3.7182	0.39445	0.34661	0.866293	1128	0	-3.7182
Psca	20	0.08226	0.32862	0.957698	958	11	-3.9462	0.48364	0.41142	0.867081	1354	0	-3.9462
Drd2	20	0.082498	0.32886	0.957698	959	12	-3.9764	0.99104	0.98554	0.995575	2825	0	-3.9764
Pilrb1	20	0.082831	0.32961	0.957698	960	7	-3.5702	0.19543	0.19061	0.866293	552	0	-3.5702
Siglecf	20	0.082967	0.33042	0.957698	961	12	-4.1984	0.67468	0.60179	0.905623	1885	0	-4.1984
Spint2	18	0.08303	0.3202	0.957698	962	11	-4.2581	0.81061	0.76382	0.954947	2284	0	-4.2581
Ccr1l1	19	0.083031	0.33035	0.957698	963	10	-3.9322	0.047084	0.033855	0.66405	134	0	-3.9322
Csmd2	20	0.083086	0.33055	0.957698	964	12	-4.1631	0.72267	0.65809	0.924572	2021	0	-4.1631
Ednra	20	0.083088	0.3307	0.957698	965	10	-3.9604	0.074063	0.065784	0.813139	221	0	-3.9604
Olfr3	20	0.083344	0.33115	0.957698	966	10	-4.0354	0.49445	0.42222	0.86939	1392	0	-4.0354
Itgb2	20	0.083688	0.33159	0.957698	967	10	-3.6269	0.48364	0.41142	0.867081	1340	0	-3.6269
Sgcd	18	0.083924	0.32232	0.957698	968	10	-4.1784	0.5465	0.48493	0.896706	1531	0	-4.1784
Gpr137	18	0.084096	0.32359	0.957698	969	8	-3.5604	0.75854	0.69825	0.930788	2119	0	-3.5604
Olfr17	20	0.084363	0.33552	0.957698	970	12	-4.1207	0.93148	0.90753	0.982837	2635	0	-4.1207
Mrgpra2b	8	0.084736	0.26104	0.955587	971	6	-4.2196	0.95856	0.94732	0.990891	2718	0	-4.2196
Tmem150a	20	0.084829	0.33634	0.957698	972	9	-3.6468	0.4689	0.40163	0.867081	1309	0	-3.6468
Olfr446	20	0.084832	0.33657	0.957698	973	12	-4.0362	0.5928	0.52434	0.896706	1645	0	-4.0362
Gjd2	20	0.084965	0.33679	0.957698	974	10	-3.952	0.034819	0.029587	0.66405	106	0	-3.952
Neto2	20	0.085102	0.33748	0.957698	975	11	-4.1569	0.20391	0.19553	0.866293	572	0	-4.1569
Cd209f	20	0.085102	0.33748	0.957698	976	11	-3.955	0.53963	0.48021	0.896706	1506	0	-3.955
Cldn15	18	0.085252	0.32598	0.957698	977	9	-3.6177	0.57431	0.50012	0.896706	1610	0	-3.6177
Bdkrb2	20	0.085308	0.33946	0.957698	978	12	-4.1836	0.95313	0.93687	0.990891	2698	0	-4.1836
Notch3	19	0.085585	0.33844	0.957698	979	9	-3.8287	0.35178	0.31715	0.866293	1008	0	-3.8287
Tmem132a	20	0.085678	0.33975	0.957698	980	12	-4.1139	0.54814	0.49095	0.896706	1542	0	-4.1139
Olfr464	20	0.085698	0.34003	0.957698	981	13	-4.0993	0.9654	0.95132	0.990891	2742	0	-4.0993
Tlr9	18	0.085758	0.32781	0.957698	982	9	-3.6735	0.18555	0.17875	0.866293	522	0	-3.6735
Lrp1	20	0.086042	0.34094	0.957698	983	7	-3.7945	0.17809	0.17421	0.866293	507	0	-3.7945
Olfr520	20	0.08606	0.34094	0.957698	984	9	-3.7995	0.5232	0.4613	0.895048	1473	0	-3.7995
Itga4	20	0.08606	0.34094	0.957698	985	9	-3.6958	0.30654	0.28885	0.866293	868	0	-3.6958
Pcdha7	16	0.086088	0.32439	0.957698	986	10	-4.0187	0.83222	0.79052	0.958809	2343	0	-4.0187
Csf3r	20	0.086419	0.34145	0.957698	987	10	-3.8539	0.1553	0.15371	0.866293	442	0	-3.8539
Cd96	20	0.086444	0.34154	0.957698	988	10	-4.0762	0.63668	0.56458	0.899395	1772	0	-4.0762
Olfr681	18	0.086536	0.32932	0.957698	989	6	-3.4414	0.23834	0.23552	0.866293	669	0	-3.4414
Kcnmb2	18	0.086575	0.32935	0.957698	990	8	-3.7016	0.12061	0.12467	0.866293	344	0	-3.7016
Lrp6	18	0.086585	0.32943	0.957698	991	9	-3.7661	0.90538	0.87535	0.973615	2556	0	-3.7661
Kirrel3	18	0.086633	0.3295	0.957698	992	10	-4.1872	0.80204	0.75779	0.951145	2257	0	-4.1872
Slc10a1	20	0.086837	0.34173	0.957698	993	10	-3.8864	0.0061328	0.0041	0.468713	19	0	-3.8864
Clec2d	18	0.087074	0.33035	0.957698	994	8	-3.4778	0.89288	0.85902	0.971926	2528	0	-3.4778
Slc22a28	17	0.087356	0.32881	0.957698	995	9	-4.0304	0.449	0.38203	0.867081	1277	0	-4.0304
Clstn2	20	0.087366	0.34303	0.957698	996	13	-3.9472	0.84699	0.80235	0.958809	2387	0	-3.9472
Nmur2	20	0.087443	0.34342	0.957698	997	13	-4.0476	0.98868	0.98171	0.995302	2818	0	-4.0476
Lamp5	20	0.087443	0.34342	0.957698	998	13	-4.014	0.57781	0.51524	0.896706	1626	0	-4.014
Olfr171	15	0.08747	0.32246	0.957698	999	10	-4.1747	0.021354	0.021027	0.66405	69	0	-4.1747
Unc93b1	20	0.087531	0.34392	0.957698	1000	10	-3.9509	0.72267	0.65809	0.924572	2024	0	-3.9509
Gabrd	19	0.087806	0.34261	0.957698	1001	11	-4.2486	0.68822	0.61895	0.906861	1935	0	-4.2486
Abca1	19	0.087873	0.34311	0.957698	1002	12	-4.0724	0.91125	0.88268	0.975897	2581	0	-4.0724
Adam30	20	0.088327	0.34688	0.957698	1003	12	-4.1499	0.091975	0.080566	0.813139	264	0	-4.1499
Gprc5a	20	0.088327	0.34688	0.957698	1004	12	-4.1019	0.4689	0.40163	0.867081	1312	0	-4.1019
Cuzd1	20	0.088327	0.34688	0.957698	1005	13	-4.1676	0.97765	0.96884	0.993354	2785	0	-4.1676
Slc6a3	18	0.088822	0.3344	0.957698	1006	10	-4.1953	0.32854	0.2934	0.866293	933	0	-4.1953
Aplp1	18	0.088836	0.33462	0.957698	1007	10	-4.038	0.10228	0.090583	0.837456	304	0	-4.038
Cd300c2	20	0.088974	0.34843	0.957698	1008	12	-4.2156	0.10073	0.086208	0.813139	294	0	-4.2156
Sdc1	20	0.088983	0.34862	0.957698	1009	13	-4.0632	0.9654	0.95132	0.990891	2743	0	-4.0632
Gpr182	20	0.089241	0.34905	0.957698	1010	9	-3.5484	0.079456	0.071269	0.813139	229	0	-3.5484
Pkd1l1	20	0.089514	0.34963	0.957698	1011	10	-3.8707	0.5928	0.52434	0.896706	1650	0	-3.8707
Slc8a3	20	0.089977	0.35051	0.957698	1012	13	-4.1895	0.69826	0.62129	0.906861	1963	0	-4.1895
Slc43a3	20	0.090091	0.35122	0.957698	1013	10	-3.8791	0.034819	0.029587	0.66405	99	0	-3.8791
Cd34	20	0.090091	0.35122	0.957698	1014	11	-4.091	0.26103	0.25703	0.866293	744	0	-4.091
Slc12a9	20	0.090305	0.35182	0.957698	1015	12	-3.9878	0.03947	0.031471	0.66405	113	0	-3.9878
Ccr7	20	0.090305	0.35182	0.957698	1016	8	-3.4202	0.4052	0.35185	0.866293	1145	0	-3.4202
Acvr1	18	0.090313	0.33879	0.957698	1017	10	-3.9404	0.56199	0.48968	0.896706	1575	0	-3.9404
Vmn1r234	20	0.090761	0.35239	0.957698	1018	9	-3.7004	0.034819	0.029587	0.66405	98	0	-3.7004
Oprk1	20	0.091065	0.35291	0.957698	1019	6	-3.31	0.22257	0.21208	0.866293	625	0	-3.31
Olfr508	20	0.091072	0.35291	0.957698	1020	8	-3.6682	0.62067	0.54954	0.899395	1724	0	-3.6682
Itm2c	19	0.091075	0.35046	0.957698	1021	7	-3.8287	0.90538	0.87493	0.973615	2560	0	-3.8287
Olfr237-ps1	20	0.091253	0.35346	0.957698	1022	11	-4.2022	0.43308	0.38033	0.866293	1232	0	-4.2022
Grin3a	20	0.091368	0.35354	0.957698	1023	6	-3.5305	0.92493	0.89694	0.97879	2619	0	-3.5305
Itga2	20	0.091623	0.35374	0.957698	1024	13	-4.1273	0.77058	0.70786	0.935616	2168	0	-4.1273
Slc29a4	20	0.091647	0.35464	0.957698	1025	11	-4.1768	0.9654	0.95132	0.990891	2744	0	-4.1768
Cd69	20	0.091647	0.35464	0.957698	1026	8	-3.5821	0.62067	0.54954	0.899395	1727	0	-3.5821
Slc15a5	20	0.091758	0.35478	0.957698	1027	12	-3.9661	0.12227	0.11681	0.866293	351	0	-3.9661
Gramd1b	20	0.091861	0.35507	0.957698	1028	13	-4.0653	0.17033	0.16239	0.866293	484	0	-4.0653
Olfr566	20	0.092013	0.35535	0.957698	1029	11	-3.984	0.23155	0.22498	0.866293	661	0	-3.984
Cd22	20	0.092216	0.35541	0.957698	1030	11	-4.1186	0.5312	0.47143	0.896706	1490	0	-4.1186
Il17rc	20	0.092279	0.35564	0.957698	1031	12	-3.9995	0.96987	0.95751	0.991287	2754	0	-3.9995
Slc4a8	20	0.0925	0.35623	0.957698	1032	13	-3.9935	0.715	0.6491	0.924572	1993	0	-3.9935
Grm5	20	0.0925	0.35623	0.957698	1033	10	-3.9015	0.33902	0.31168	0.866293	963	0	-3.9015
Crlf2	18	0.092502	0.34421	0.957698	1034	10	-4.0209	0.72879	0.65959	0.924572	2042	0	-4.0209
Vmn1r227	20	0.092519	0.3564	0.957698	1035	9	-3.8083	0.97935	0.97122	0.993354	2790	0	-3.8083
Adam11	20	0.092745	0.35731	0.957698	1036	11	-3.9054	0.21389	0.20215	0.866293	600	0	-3.9054
Ptprf	20	0.092745	0.35731	0.957698	1037	11	-4.018	0.23155	0.22498	0.866293	659	0	-4.018
Pkhd1	20	0.092957	0.35763	0.957698	1038	12	-4.126	0.86469	0.82403	0.966387	2431	0	-4.126
Havcr1	20	0.093172	0.35781	0.957698	1039	12	-4.0386	0.55728	0.49953	0.896706	1549	0	-4.0386
Cntnap4	20	0.093294	0.35795	0.957698	1040	12	-4.0779	0.77058	0.70786	0.935616	2161	0	-4.0779
Epha10	20	0.093294	0.35795	0.957698	1041	9	-3.6727	0.92493	0.89694	0.97879	2618	0	-3.6727
Pkd2l1	20	0.093339	0.35849	0.957698	1042	9	-3.5249	0.85582	0.81061	0.960893	2414	0	-3.5249
Pcdha3	15	0.093405	0.33509	0.957698	1043	7	-3.7735	0.35523	0.30958	0.866293	1014	0	-3.7735
Cldn1	19	0.093581	0.35571	0.957698	1044	8	-3.8016	0.79367	0.74099	0.943567	2226	0	-3.8016
Il17rd	20	0.093597	0.35873	0.957698	1045	11	-3.9256	0.66181	0.58152	0.901288	1846	0	-3.9256
Efnb1	20	0.093764	0.35925	0.957698	1046	7	-3.6422	0.53963	0.48021	0.896706	1508	0	-3.6422
Itgal	20	0.09391	0.3596	0.957698	1047	13	-4.1297	0.94242	0.92225	0.986556	2670	0	-4.1297
Slc38a2	20	0.09391	0.3596	0.957698	1048	13	-4.1041	0.49445	0.42222	0.86939	1386	0	-4.1041
Emcn	20	0.093963	0.3601	0.957698	1049	10	-3.8936	0.34416	0.31463	0.866293	988	0	-3.8936
Lman2	18	0.094119	0.35076	0.957698	1050	10	-3.956	0.0061164	0.0036289	0.468713	18	0	-3.956
Igsf6	18	0.094344	0.35322	0.957698	1051	7	-3.532	0.33681	0.30244	0.866293	961	0	-3.532
Pdgfra	20	0.094386	0.36039	0.957698	1052	9	-3.6426	0.27903	0.26927	0.866293	791	0	-3.6426
Olfr986	20	0.094476	0.36045	0.957698	1053	11	-4.1644	0.23155	0.22498	0.866293	652	0	-4.1644
Nt5e	20	0.09453	0.36057	0.957698	1054	10	-3.9878	0.99557	0.99247	0.997446	2843	0	-3.9878
Megf8	20	0.094716	0.3607	0.957698	1055	11	-4.2016	0.034819	0.029587	0.66405	104	0	-4.2016
Scnn1g	20	0.094938	0.36142	0.957698	1056	12	-4.005	0.02837	0.027702	0.66405	79	0	-4.005
Cd38	20	0.095303	0.36255	0.957698	1057	13	-4.0849	0.75201	0.68475	0.926117	2102	0	-4.0849
H2-M2	20	0.095303	0.36255	0.957698	1058	13	-4.0528	0.21389	0.20215	0.866293	607	0	-4.0528
Csf1r	18	0.095546	0.35535	0.957698	1059	9	-3.9749	0.70196	0.63558	0.917888	1968	0	-3.9749
Abca3	20	0.095609	0.36277	0.957698	1060	11	-3.8295	0.88884	0.85413	0.971926	2506	0	-3.8295
Cntn5	20	0.095633	0.36281	0.957698	1061	13	-4.0563	0.6877	0.61078	0.905623	1931	0	-4.0563
Jam2	17	0.095772	0.35183	0.957698	1062	11	-3.985	0.76241	0.71158	0.936424	2136	0	-3.985
Negr1	20	0.095811	0.36331	0.957698	1063	10	-3.7458	0.89671	0.86359	0.973615	2529	0	-3.7458
Pdcd1lg2	20	0.095946	0.36363	0.957698	1064	13	-4.0944	0.86037	0.81765	0.963581	2424	0	-4.0944
Plxna1	20	0.095946	0.36363	0.957698	1065	12	-4.1117	0.26103	0.25703	0.866293	745	0	-4.1117
Slc5a8	20	0.096076	0.36399	0.957698	1066	12	-4.1875	0.1553	0.15371	0.866293	449	0	-4.1875
Itfg1	20	0.096076	0.36399	0.957698	1067	11	-4.2008	0.091975	0.080566	0.813139	267	0	-4.2008
Tpcn1	20	0.096573	0.36514	0.957698	1068	13	-4.2029	0.011079	0.01015	0.66405	31	0	-4.2029
Pld5	18	0.096633	0.35682	0.957698	1069	12	-4.0563	0.26193	0.25075	0.866293	749	0	-4.0563
Icos	20	0.096685	0.3656	0.957698	1070	12	-3.9576	0.34827	0.31607	0.866293	1003	0	-3.9576
Pcdhb15	19	0.096719	0.36171	0.957698	1071	7	-3.4369	0.43643	0.38101	0.866293	1250	0	-3.4369
Cd59b	20	0.096729	0.36587	0.957698	1072	9	-3.7922	0.55728	0.49953	0.896706	1556	0	-3.7922
Slc7a3	19	0.09687	0.36198	0.957698	1073	11	-4.1396	0.7601	0.70251	0.935152	2135	0	-4.1396
Olfr631	20	0.096929	0.36629	0.957698	1074	13	-4.0933	0.77746	0.71952	0.936424	2200	0	-4.0933
Pcdhb8	17	0.097054	0.35517	0.957698	1075	6	-3.5565	0.18499	0.17687	0.866293	521	0	-3.5565
Cacng7	20	0.09742	0.36737	0.957698	1076	8	-3.4601	0.015347	0.012127	0.66405	47	0	-3.4601
Olfr47	20	0.097426	0.3674	0.957698	1077	12	-4.1018	0.66181	0.58152	0.901288	1841	0	-4.1018
Rnf43	20	0.097426	0.3674	0.957698	1078	12	-4.1144	0.94242	0.92225	0.986556	2669	0	-4.1144
Olfr409-ps1	18	0.097809	0.35981	0.957698	1079	9	-3.8746	0.42682	0.36639	0.866293	1218	0	-3.8746
Nrp2	20	0.09782	0.36763	0.957698	1080	8	-3.4815	0.82683	0.78204	0.958636	2326	0	-3.4815
Ptprn	18	0.097893	0.36063	0.957698	1081	6	-3.6579	0.21104	0.20519	0.866293	590	0	-3.6579
Qrfpr	20	0.097995	0.36849	0.957698	1082	11	-3.9477	0.0054716	0.0040965	0.468713	16	0	-3.9477
Gja3	20	0.097995	0.36849	0.957698	1083	12	-4.132	0.5232	0.4613	0.895048	1464	0	-4.132
Lrig3	19	0.098233	0.36584	0.957698	1084	9	-3.8417	0.83194	0.78712	0.958809	2341	0	-3.8417
Vnn3	20	0.098523	0.36896	0.957698	1085	13	-3.9813	0.034819	0.029587	0.66405	97	0	-3.9813
Slc6a19	20	0.098523	0.36896	0.957698	1086	13	-4.0721	0.4689	0.40163	0.867081	1315	0	-4.0721
Slc40a1	20	0.098523	0.36896	0.957698	1087	13	-4.1018	0.021228	0.019915	0.66405	60	0	-4.1018
Slc5a4a	20	0.098584	0.36919	0.957698	1088	11	-4.1054	0.27903	0.26927	0.866293	788	0	-4.1054
Gpbar1	20	0.098584	0.36919	0.957698	1089	12	-4.1562	0.03947	0.031471	0.66405	116	0	-4.1562
Olfr295	19	0.098588	0.36635	0.957698	1090	12	-4.1692	0.60993	0.5439	0.899395	1695	0	-4.1692
Cdhr1	20	0.0987	0.36948	0.957698	1091	9	-3.7288	0.47569	0.40533	0.867081	1322	0	-3.7288
Olfr733	19	0.098732	0.36692	0.957698	1092	12	-4.0853	0.28413	0.2703	0.866293	802	0	-4.0853
Pkd2	20	0.099111	0.37003	0.957698	1093	11	-4.0393	0.091975	0.080566	0.813139	271	0	-4.0393
Trpv2	19	0.099257	0.37095	0.957698	1094	9	-3.8232	0.6634	0.59096	0.905623	1850	0	-3.8232
Vasn	20	0.099374	0.3703	0.957698	1095	10	-3.9096	0.4052	0.35185	0.866293	1154	0	-3.9096
Slc51a	20	0.099815	0.37095	0.957698	1096	12	-3.9054	0.8049	0.74821	0.946182	2262	0	-3.9054
Gpr88	18	0.099843	0.36652	0.957698	1097	10	-3.9952	0.38398	0.33011	0.866293	1094	0	-3.9952
Gpr152	19	0.099891	0.37195	0.957698	1098	11	-4.1193	0.92671	0.90432	0.982775	2620	0	-4.1193
Susd4	20	0.099965	0.37131	0.957698	1099	12	-4.1372	0.34827	0.31607	0.866293	992	0	-4.1372
Slc23a1	20	0.1	0.3718	0.957698	1100	13	-3.9974	0.1553	0.15371	0.866293	446	0	-3.9974
Tmem219	18	0.10011	0.36681	0.957698	1101	9	-3.8032	0.48655	0.4276	0.873969	1358	0	-3.8032
Amn	18	0.10043	0.36787	0.957698	1102	11	-3.9525	0.99474	0.99133	0.996906	2842	0	-3.9525
Cd48	20	0.10069	0.37336	0.958605	1103	7	-3.5855	0.32919	0.30467	0.866293	953	0	-3.5855
Lair1	20	0.10088	0.3734	0.958605	1104	6	-3.4912	0.75201	0.68475	0.926117	2108	0	-3.4912
Grin2b	20	0.10088	0.37354	0.958605	1105	10	-3.9981	0.4052	0.35185	0.866293	1146	0	-3.9981
Slamf8	18	0.10096	0.3688	0.957698	1106	8	-3.8334	0.14092	0.14047	0.866293	408	0	-3.8334
Olfr728	19	0.1011	0.37365	0.958605	1107	7	-3.7364	0.83194	0.78712	0.958809	2342	0	-3.7364
Ednrb	17	0.10133	0.36772	0.957698	1108	10	-4.1	0.83104	0.78856	0.958809	2340	0	-4.1
Ptprr	20	0.10168	0.37538	0.961332	1109	8	-3.5397	0.17809	0.17421	0.866293	515	0	-3.5397
Slc17a8	20	0.10199	0.37613	0.962382	1110	13	-4.0647	0.9874	0.98046	0.995302	2813	0	-4.0647
Pigt	20	0.10204	0.37666	0.96288	1111	12	-3.9701	0.51332	0.44432	0.880877	1437	0	-3.9701
Entpd1	20	0.10213	0.37722	0.963449	1112	10	-3.8955	0.32919	0.30467	0.866293	951	0	-3.8955
Slc5a3	20	0.10236	0.37756	0.963455	1113	11	-3.9847	0.3756	0.33858	0.866293	1073	0	-3.9847
Slc41a2	20	0.10257	0.37814	0.96407	1114	12	-4.1586	0.29661	0.28134	0.866293	846	0	-4.1586
Olfr1258	20	0.10268	0.37901	0.964365	1115	11	-3.9797	0.77746	0.71952	0.936424	2203	0	-3.9797
Ptprk	20	0.10276	0.37987	0.964365	1116	8	-3.5355	0.0028222	1.7322e-06	0.00055	9	0	-3.5355
Tspan4	20	0.10279	0.38017	0.964365	1117	10	-3.9017	0.56849	0.50592	0.896706	1604	0	-3.9017
Ank	17	0.10302	0.37416	0.959069	1118	9	-4.1681	0.52614	0.4655	0.896706	1479	0	-4.1681
Mpz	20	0.10321	0.38088	0.964365	1119	13	-4.1608	0.90019	0.86765	0.973615	2544	0	-4.1608
Tmc7	20	0.10343	0.38129	0.964365	1120	12	-4.0006	0.091975	0.080566	0.813139	262	0	-4.0006
Fndc4	20	0.10343	0.38129	0.964365	1121	11	-4.0729	0.30654	0.28885	0.866293	865	0	-4.0729
Tectb	20	0.10374	0.38315	0.968209	1122	10	-3.9403	0.1393	0.14346	0.866293	387	0	-3.9403
Rgr	18	0.10394	0.37993	0.964365	1123	7	-3.6557	0.64916	0.57347	0.899395	1810	0	-3.6557
Pcdha4	3	0.10406	0.22648	0.935289	1124	2	-4.2702	0.13059	0.1081	0.866293	368	0	-4.2702
Eng	20	0.10409	0.38553	0.972654	1125	12	-4.0089	0.715	0.6491	0.924572	2003	0	-4.0089
Podxl2	18	0.10421	0.38029	0.964365	1126	11	-4.1607	0.31976	0.2893	0.866293	918	0	-4.1607
Fcgr1	20	0.10434	0.38593	0.972654	1127	13	-4.1424	0.35761	0.32045	0.866293	1030	0	-4.1424
Tnfsf11	20	0.10434	0.38593	0.972654	1128	13	-3.969	0.72267	0.65809	0.924572	2023	0	-3.969
Olfr330	19	0.10434	0.38028	0.964365	1129	10	-3.9322	0.05445	0.041315	0.709724	158	0	-3.9322
Slc15a4	20	0.10492	0.38708	0.973739	1130	12	-4.0926	0.98411	0.97596	0.994757	2801	0	-4.0926
Heph	20	0.10492	0.3872	0.973739	1131	12	-4.008	0.86856	0.82982	0.968006	2445	0	-4.008
Itgav	20	0.10546	0.38806	0.973739	1132	12	-4.1608	0.73419	0.66673	0.924572	2054	0	-4.1608
S1pr2	20	0.10546	0.38806	0.973739	1133	12	-4.1588	0.74561	0.68052	0.926117	2091	0	-4.1588
Abca6	20	0.10593	0.38984	0.974542	1134	9	-3.7269	0.66851	0.59175	0.905623	1854	0	-3.7269
Mtnr1b	20	0.10619	0.39025	0.974542	1135	11	-4.0108	0.62067	0.54954	0.899395	1720	0	-4.0108
Il10rb	8	0.10635	0.31232	0.956308	1136	5	-4.2776	0.58469	0.53671	0.899395	1641	0	-4.2776
Lypd6b	20	0.10637	0.39042	0.974542	1137	12	-4.1739	0.84699	0.80235	0.958809	2382	0	-4.1739
Ece1	20	0.10638	0.39098	0.974542	1138	13	-4.1623	0.88884	0.85413	0.971926	2508	0	-4.1623
Adcy7	20	0.10664	0.39161	0.974542	1139	12	-4.102	0.49445	0.42222	0.86939	1376	0	-4.102
Olfr1225	20	0.10688	0.39167	0.974542	1140	11	-4.1269	0.81012	0.75726	0.951145	2273	0	-4.1269
Pilra	20	0.10703	0.3918	0.974542	1141	7	-3.6957	0.02837	0.027702	0.66405	82	0	-3.6957
Olfr1205	20	0.10703	0.3918	0.974542	1142	11	-3.9602	0.3756	0.33858	0.866293	1085	0	-3.9602
Slco5a1	20	0.10732	0.39235	0.974542	1143	12	-3.946	0.715	0.6491	0.924572	2006	0	-3.946
Upk3a	20	0.10733	0.39248	0.974542	1144	12	-3.9372	0.62067	0.54954	0.899395	1736	0	-3.9372
Ginm1	19	0.10757	0.38883	0.974542	1145	8	-3.6775	0.23936	0.23574	0.866293	670	0	-3.6775
Pcdhga8	15	0.10762	0.37019	0.957698	1146	10	-4.2407	0.98114	0.97146	0.993354	2797	0	-4.2407
Slc22a5	20	0.10779	0.39364	0.975426	1147	11	-4.166	0.81012	0.75726	0.951145	2281	0	-4.166
Cd101	20	0.10794	0.3946	0.975426	1148	12	-4.1035	0.92188	0.89341	0.978235	2609	0	-4.1035
Olfr362	18	0.10794	0.38799	0.973739	1149	11	-4.1381	0.68472	0.62057	0.906861	1904	0	-4.1381
Muc3	20	0.10807	0.3956	0.975426	1150	11	-3.912	0.65467	0.5762	0.899395	1833	0	-3.912
Lynx1	20	0.10823	0.39605	0.975426	1151	11	-4.0081	0.82135	0.77563	0.957151	2304	0	-4.0081
Tspan14	18	0.1085	0.39053	0.974542	1152	7	-3.4695	0.1705	0.16986	0.866293	493	0	-3.4695
Il2rg	10	0.10868	0.33703	0.957698	1153	7	-4.0306	0.6666	0.61656	0.906861	1852	0	-4.0306
Pcdh20	20	0.1089	0.39646	0.975426	1154	12	-4.0769	0.31749	0.29769	0.866293	898	0	-4.0769
Gm14226	19	0.10898	0.39485	0.975426	1155	10	-3.907	0.45182	0.38684	0.867081	1278	0	-3.907
Tmem213	20	0.10907	0.39671	0.975426	1156	12	-4.1488	0.56849	0.50592	0.896706	1602	0	-4.1488
Itga2b	20	0.10949	0.39734	0.975426	1157	12	-4.1875	0.54814	0.49095	0.896706	1538	0	-4.1875
Slc6a2	20	0.10949	0.39734	0.975426	1158	11	-4.1363	0.63668	0.56458	0.899395	1763	0	-4.1363
Abcg5	20	0.1096	0.3974	0.975426	1159	12	-4.007	0.0074542	0.0041	0.468713	23	0	-4.007
Prlhr	20	0.10963	0.39768	0.975426	1160	13	-3.9623	0.98161	0.97337	0.994239	2798	0	-3.9623
Otop1	20	0.10963	0.39768	0.975426	1161	13	-4.064	0.31749	0.29769	0.866293	897	0	-4.064
Olfr790	20	0.10975	0.39826	0.975426	1162	11	-4.0245	0.085278	0.074865	0.813139	239	0	-4.0245
Tmco3	20	0.11	0.39829	0.975426	1163	10	-3.8628	0.78403	0.72546	0.938186	2214	0	-3.8628
Olfr1220	20	0.11036	0.39938	0.976452	1164	10	-4.0218	0.54814	0.49095	0.896706	1539	0	-4.0218
Cd226	20	0.11065	0.40001	0.976452	1165	9	-3.695	0.79381	0.73539	0.943567	2231	0	-3.695
Unc5a	20	0.11115	0.40146	0.977245	1166	11	-4.2031	0.81012	0.75726	0.951145	2282	0	-4.2031
Tmem231	20	0.11119	0.40158	0.977245	1167	10	-3.8685	0.62067	0.54954	0.899395	1723	0	-3.8685
Slc11a2	19	0.1114	0.39969	0.976452	1168	11	-4.082	0.85891	0.82066	0.966387	2418	0	-4.082
Olfr1033	17	0.11182	0.39486	0.975426	1169	9	-4.0028	0.067953	0.061937	0.813139	194	0	-4.0028
Nipal4	20	0.11209	0.4034	0.977259	1170	12	-4.1449	0.92188	0.89341	0.978235	2607	0	-4.1449
Tnfrsf1b	20	0.11213	0.40365	0.977259	1171	12	-4.1778	0.4052	0.35185	0.866293	1161	0	-4.1778
Casr	20	0.11217	0.40375	0.977259	1172	7	-3.41	0.17033	0.16239	0.866293	481	0	-3.41
Gpr34	20	0.11244	0.40515	0.977259	1173	6	-3.4312	0.6877	0.61078	0.905623	1929	0	-3.4312
Pkhd1l1	20	0.11244	0.40515	0.977259	1174	6	-3.1466	0.0064633	0.0041	0.468713	20	0	-3.1466
Clcnkb	20	0.11244	0.40515	0.977259	1175	8	-3.5906	0.64591	0.56997	0.899395	1798	0	-3.5906
Sele	19	0.11245	0.40177	0.977245	1176	10	-3.9497	0.57409	0.50752	0.896706	1605	0	-3.9497
Adra2a	20	0.11253	0.40522	0.977259	1177	10	-3.8883	0.18756	0.18575	0.866293	529	0	-3.8883
Cd55b	18	0.11261	0.40008	0.976452	1178	12	-3.9204	0.21104	0.20519	0.866293	593	0	-3.9204
Vstm5	20	0.11298	0.40564	0.977259	1179	10	-3.9268	0.95313	0.93687	0.990891	2697	0	-3.9268
Abcg3	20	0.11302	0.40656	0.977259	1180	13	-4.1434	0.98411	0.97596	0.994757	2803	0	-4.1434
Mtnr1a	20	0.11302	0.40656	0.977259	1181	13	-4.0421	0.97113	0.95944	0.992067	2762	0	-4.0421
Mag	17	0.11317	0.39809	0.975426	1182	9	-3.8677	0.51952	0.45968	0.895048	1452	0	-3.8677
Opn1mw	20	0.11332	0.40917	0.981041	1183	9	-3.8246	0.87655	0.83914	0.969203	2462	0	-3.8246
Olfr723	19	0.11362	0.40429	0.977259	1184	7	-3.524	0.55921	0.49849	0.896706	1574	0	-3.524
Itgax	18	0.1141	0.40427	0.977259	1185	9	-3.7943	0.7149	0.64705	0.924572	1990	0	-3.7943
Ryk	20	0.11447	0.41188	0.983115	1186	11	-3.9498	0.55728	0.49953	0.896706	1565	0	-3.9498
Slc4a5	20	0.11449	0.41194	0.983115	1187	7	-3.622	0.0495	0.035317	0.66405	143	0	-3.622
Dlk2	20	0.11449	0.4121	0.983115	1188	10	-3.8491	0.35761	0.32045	0.866293	1026	0	-3.8491
Sdk1	20	0.11473	0.41289	0.983375	1189	12	-4.0461	0.48364	0.41142	0.867081	1350	0	-4.0461
Sidt1	20	0.11473	0.41289	0.983375	1190	13	-4.1198	0.49445	0.42222	0.86939	1382	0	-4.1198
Lingo1	20	0.11487	0.41324	0.983384	1191	10	-3.9404	0.86856	0.82982	0.968006	2441	0	-3.9404
Ttyh1	20	0.11508	0.41379	0.983617	1192	11	-4.1667	0.66851	0.59175	0.905623	1865	0	-4.1667
Qsox2	19	0.11527	0.40958	0.981206	1193	11	-4.035	0.11653	0.11205	0.866293	341	0	-4.035
Lhfpl4	20	0.11551	0.4161	0.983617	1194	13	-3.985	0.81563	0.76778	0.955295	2298	0	-3.985
Ncam2	20	0.11563	0.41675	0.983617	1195	12	-4.0666	0.63668	0.56458	0.899395	1774	0	-4.0666
Olfr1448	20	0.11585	0.41689	0.983617	1196	7	-3.3949	0.17809	0.17421	0.866293	506	0	-3.3949
Olfr568	20	0.11592	0.41705	0.983617	1197	11	-4.1606	0.21389	0.20215	0.866293	606	0	-4.1606
Nagpa	20	0.11606	0.4171	0.983617	1198	10	-3.8643	0.091975	0.080566	0.813139	272	0	-3.8643
H2-Q6	18	0.11621	0.409	0.981041	1199	11	-4.1315	0.41916	0.36398	0.866293	1191	0	-4.1315
Hfe	18	0.11621	0.409	0.981041	1200	11	-4.084	0.8436	0.80279	0.958809	2379	0	-4.084
Olfr462	20	0.11626	0.41732	0.983617	1201	12	-4.0181	0.27095	0.26609	0.866293	771	0	-4.0181
Abcc3	20	0.11653	0.41812	0.983617	1202	8	-3.5508	0.3664	0.3303	0.866293	1050	0	-3.5508
Olfr222	18	0.11679	0.41128	0.983115	1203	9	-3.6416	0.57431	0.50012	0.896706	1609	0	-3.6416
Scn10a	20	0.11698	0.41818	0.983617	1204	8	-3.6382	0.20391	0.19553	0.866293	578	0	-3.6382
Lrp3	20	0.117	0.41904	0.983617	1205	11	-4.1806	0.38457	0.34135	0.866293	1101	0	-4.1806
Olfr930	20	0.11715	0.41948	0.983617	1206	13	-4.0191	0.67974	0.60581	0.905623	1899	0	-4.0191
Mrgprf	20	0.11759	0.4204	0.983617	1207	11	-4.1249	0.47569	0.40533	0.867081	1325	0	-4.1249
Gabra2	20	0.11788	0.42088	0.983617	1208	10	-3.7928	0.11298	0.098748	0.837456	327	0	-3.7928
Slc5a4b	20	0.11799	0.42145	0.983617	1209	10	-3.895	0.48364	0.41142	0.867081	1351	0	-3.895
Olfr638	20	0.11799	0.42145	0.983617	1210	8	-3.7203	0.87655	0.83914	0.969203	2463	0	-3.7203
Abcb1a	20	0.11801	0.4215	0.983617	1211	9	-3.7393	0.17033	0.16239	0.866293	489	0	-3.7393
Adam17	20	0.11822	0.42187	0.983617	1212	12	-4.0652	0.85582	0.81061	0.960893	2415	0	-4.0652
Ceacam5	20	0.11848	0.42226	0.983617	1213	13	-4.088	0.85173	0.80668	0.96014	2403	0	-4.088
Tmem114	20	0.11865	0.42257	0.983617	1214	10	-3.8752	0.43308	0.38033	0.866293	1224	0	-3.8752
Olfr1251	20	0.11884	0.42365	0.983617	1215	8	-3.3831	0.1393	0.14346	0.866293	391	0	-3.3831
Cd1d1	16	0.11889	0.40321	0.977259	1216	7	-3.5438	0.77728	0.72748	0.93891	2182	0	-3.5438
Sema6a	20	0.11904	0.42395	0.983617	1217	7	-3.593	0.715	0.6491	0.924572	1997	0	-3.593
Slc12a8	20	0.11911	0.42439	0.983617	1218	10	-3.7654	0.10073	0.086208	0.813139	284	0	-3.7654
Efna2	20	0.11933	0.42471	0.983617	1219	10	-3.7973	0.30654	0.28885	0.866293	859	0	-3.7973
Fcrl6	20	0.11983	0.42681	0.983617	1220	9	-3.7876	0.86469	0.82403	0.966387	2435	0	-3.7876
Cln3	20	0.11999	0.42695	0.983617	1221	11	-3.9811	0.66851	0.59175	0.905623	1864	0	-3.9811
Clec12a	20	0.12026	0.42709	0.983617	1222	11	-3.8804	0.82135	0.77563	0.957151	2312	0	-3.8804
Sstr2	20	0.12036	0.42762	0.983617	1223	12	-4.1011	0.97602	0.96675	0.993354	2777	0	-4.1011
BC035947	20	0.12066	0.42843	0.983617	1224	9	-3.7067	0.70677	0.63534	0.917888	1971	0	-3.7067
Glra1	20	0.12073	0.42872	0.983617	1225	13	-3.9357	0.21389	0.20215	0.866293	609	0	-3.9357
Qsox1	20	0.12073	0.42872	0.983617	1226	13	-4.0597	0.86469	0.82403	0.966387	2434	0	-4.0597
Olfr273	20	0.12073	0.42872	0.983617	1227	13	-4.049	0.22257	0.21208	0.866293	623	0	-4.049
Cldn11	20	0.12098	0.42964	0.983617	1228	10	-3.8901	0.068329	0.058147	0.813139	199	0	-3.8901
Slc22a1	18	0.12102	0.41996	0.983617	1229	7	-3.7203	0.37348	0.3227	0.866293	1062	0	-3.7203
Pcdh19	20	0.12139	0.43006	0.983617	1230	9	-3.5007	0.091975	0.080566	0.813139	270	0	-3.5007
Erbb2	20	0.12163	0.43056	0.983617	1231	10	-3.8884	0.74561	0.68052	0.926117	2095	0	-3.8884
Gcgr	20	0.12163	0.43056	0.983617	1232	12	-4.0421	0.11298	0.098748	0.837456	326	0	-4.0421
Olfr154	20	0.12202	0.43062	0.983617	1233	11	-3.9738	0.14676	0.15042	0.866293	420	0	-3.9738
Slco1a1	20	0.12218	0.43079	0.983617	1234	13	-3.9845	0.8049	0.74821	0.946182	2265	0	-3.9845
Cd244a	20	0.12221	0.43099	0.983617	1235	11	-4.1387	0.82683	0.78204	0.958636	2329	0	-4.1387
Fzd7	20	0.12221	0.43099	0.983617	1236	12	-4.1557	0.24082	0.23599	0.866293	688	0	-4.1557
Tmem225	18	0.1224	0.42205	0.983617	1237	11	-4.1667	0.8436	0.80279	0.958809	2377	0	-4.1667
Aqp5	20	0.12242	0.43129	0.983617	1238	11	-3.9719	0.26103	0.25703	0.866293	741	0	-3.9719
Ptprm	20	0.12246	0.43153	0.983617	1239	12	-3.9957	0.46119	0.39792	0.867081	1303	0	-3.9957
Asgr1	18	0.12263	0.42273	0.983617	1240	11	-4.0447	0.42682	0.36639	0.866293	1219	0	-4.0447
Olfr691	20	0.12267	0.43168	0.983617	1241	6	-3.5711	0.31749	0.29769	0.866293	889	0	-3.5711
Ptchd1	18	0.12291	0.42335	0.983617	1242	7	-3.483	0.077088	0.068611	0.813139	224	0	-3.483
Acvr2a	19	0.12296	0.42671	0.983617	1243	10	-4.1965	0.10764	0.094967	0.837456	308	0	-4.1965
Psg25	20	0.12311	0.43324	0.983617	1244	8	-3.659	0.67468	0.60179	0.905623	1882	0	-3.659
Mrgpre	20	0.12311	0.43339	0.983617	1245	13	-4.1161	0.73947	0.67289	0.924572	2074	0	-4.1161
Emb	20	0.12311	0.43339	0.983617	1246	12	-4.0904	0.62879	0.56089	0.899395	1744	0	-4.0904
Olfr697	20	0.12311	0.43339	0.983617	1247	12	-4.1532	0.057232	0.042961	0.709724	162	0	-4.1532
Olfr767	18	0.12343	0.42386	0.983617	1248	9	-3.8497	0.31976	0.2893	0.866293	919	0	-3.8497
Lrrtm2	19	0.12353	0.42841	0.983617	1249	8	-3.4601	0.17907	0.17867	0.866293	519	0	-3.4601
Gabre	20	0.12356	0.43399	0.983617	1250	9	-3.5843	0.92718	0.90088	0.980843	2622	0	-3.5843
Cd300ld4	3	0.12399	0.26454	0.955587	1251	3	-4.035	0.87601	0.87101	0.973615	2460	0	-4.035
Tmem217	20	0.12442	0.43532	0.984175	1252	13	-4.02	0.94565	0.92601	0.987143	2681	0	-4.02
Csf2rb	20	0.12442	0.43532	0.984175	1253	13	-4.0312	0.19543	0.19061	0.866293	558	0	-4.0312
Olfr1451	20	0.1245	0.43598	0.984175	1254	10	-3.7384	0.21389	0.20215	0.866293	613	0	-3.7384
Cd164l2	20	0.12462	0.43606	0.984175	1255	12	-4.0402	0.93148	0.90753	0.982837	2639	0	-4.0402
Ggt7	20	0.12462	0.43606	0.984175	1256	7	-3.6827	0.02837	0.027702	0.66405	84	0	-3.6827
Pcdha12	16	0.12499	0.41621	0.983617	1257	10	-4.1542	0.9591	0.94398	0.990891	2720	0	-4.1542
Ffar3	20	0.12532	0.43719	0.984175	1258	13	-4.0826	0.95617	0.94005	0.990891	2708	0	-4.0826
Klrb1c	15	0.12558	0.41176	0.983115	1259	5	-3.4911	0.19426	0.1906	0.866293	540	0	-3.4911
Olfr1138	20	0.12579	0.4382	0.984175	1260	8	-3.3973	0.61285	0.53717	0.899395	1707	0	-3.3973
Gfra4	17	0.12599	0.42535	0.983617	1261	7	-3.7172	0.97123	0.95785	0.991287	2763	0	-3.7172
Ntrk1	20	0.12602	0.43949	0.984175	1262	9	-3.6335	0.67974	0.60581	0.905623	1895	0	-3.6335
Gpr158	20	0.1261	0.44	0.984175	1263	12	-4.0448	0.057232	0.042961	0.709724	167	0	-4.0448
Gpr107	20	0.1261	0.44	0.984175	1264	10	-3.9096	0.31749	0.29769	0.866293	905	0	-3.9096
Olfr292	20	0.12652	0.44112	0.984175	1265	9	-3.4979	0.02837	0.027702	0.66405	90	0	-3.4979
Olfr1135	20	0.12668	0.44156	0.984175	1266	13	-3.9463	0.02837	0.027702	0.66405	92	0	-3.9463
Atp6v0a2	20	0.12668	0.44156	0.984175	1267	13	-4.0296	0.66851	0.59175	0.905623	1855	0	-4.0296
Crb1	20	0.12668	0.44156	0.984175	1268	13	-4.1298	0.84699	0.80235	0.958809	2386	0	-4.1298
Furin	20	0.12675	0.4421	0.984175	1269	10	-3.8658	0.13308	0.13653	0.866293	375	0	-3.8658
Olfr68	18	0.12692	0.43186	0.983617	1270	8	-3.8295	0.59797	0.52697	0.896706	1664	0	-3.8295
Slc4a1	20	0.12699	0.44219	0.984175	1271	12	-4.0227	0.53963	0.48021	0.896706	1518	0	-4.0227
Slc37a1	20	0.1271	0.4422	0.984175	1272	8	-3.5752	0.73419	0.66673	0.924572	2061	0	-3.5752
Epha2	19	0.12748	0.43689	0.984175	1273	12	-4.1245	0.63582	0.55904	0.899395	1752	0	-4.1245
Olfr298	18	0.12753	0.43278	0.983617	1274	8	-3.5866	0.21961	0.21535	0.866293	616	0	-3.5866
Lpar6	20	0.12765	0.4426	0.984175	1275	9	-3.7358	0.19543	0.19061	0.866293	551	0	-3.7358
Ackr4	20	0.12766	0.44284	0.984175	1276	11	-4.1132	0.27095	0.26609	0.866293	764	0	-4.1132
Npffr2	20	0.12769	0.44284	0.984175	1277	7	-3.4895	0.34827	0.31607	0.866293	999	0	-3.4895
Klrk1	20	0.12792	0.44374	0.985395	1278	12	-4.0079	0.82135	0.77563	0.957151	2300	0	-4.0079
Slc7a1	18	0.128	0.43391	0.983617	1279	8	-3.7212	0.21104	0.20519	0.866293	591	0	-3.7212
Gpc3	18	0.12859	0.43636	0.984175	1280	11	-4.162	0.41916	0.36398	0.866293	1194	0	-4.162
Slc20a2	20	0.1287	0.44509	0.986108	1281	10	-3.852	0.7654	0.69763	0.930788	2147	0	-3.852
Adam39	20	0.1287	0.44509	0.986108	1282	11	-3.9305	0.34827	0.31607	0.866293	993	0	-3.9305
Lmbrd1	20	0.129	0.44612	0.986842	1283	13	-3.9785	0.58465	0.52137	0.896706	1637	0	-3.9785
Slc39a6	20	0.1296	0.44771	0.989255	1284	9	-3.6499	0.58465	0.52137	0.896706	1636	0	-3.6499
Unc93a2	5	0.12983	0.31303	0.956308	1285	4	-4.1838	0.89996	0.88693	0.977198	2538	0	-4.1838
Olfr685	18	0.1301	0.44087	0.984175	1286	8	-3.7904	0.61593	0.53861	0.899395	1712	0	-3.7904
Cd79a	18	0.1301	0.44087	0.984175	1287	9	-3.9168	0.90764	0.87905	0.974064	2567	0	-3.9168
Mcam	20	0.13032	0.44884	0.989255	1288	11	-4.1697	0.69826	0.62129	0.906861	1947	0	-4.1697
Oprm1	20	0.13032	0.44884	0.989255	1289	12	-4.0522	0.63668	0.56458	0.899395	1765	0	-4.0522
Tenm2	20	0.13032	0.44894	0.989255	1290	6	-3.4737	0.63668	0.56458	0.899395	1780	0	-3.4737
Lrrc32	19	0.13047	0.44277	0.984175	1291	10	-4.025	0.64969	0.57475	0.899395	1815	0	-4.025
Dirc2	20	0.13079	0.45073	0.990677	1292	10	-3.7605	0.11298	0.098748	0.837456	330	0	-3.7605
Rtn4rl1	20	0.13082	0.45097	0.990677	1293	13	-4.0208	0.46119	0.39792	0.867081	1298	0	-4.0208
Slc19a3	20	0.13132	0.45278	0.992829	1294	12	-4.1211	0.8049	0.74821	0.946182	2260	0	-4.1211
Adrb3	20	0.13132	0.45278	0.992829	1295	11	-4.0742	0.73947	0.67289	0.924572	2067	0	-4.0742
Cdh20	20	0.13222	0.45509	0.99299	1296	11	-3.8909	0.068329	0.058147	0.813139	205	0	-3.8909
Lrtm1	18	0.13281	0.44509	0.986108	1297	9	-3.8412	0.87774	0.84184	0.969203	2476	0	-3.8412
Cacng2	18	0.13302	0.44591	0.986842	1298	11	-4.0555	0.24754	0.24381	0.866293	692	0	-4.0555
Clca2	19	0.13345	0.4489	0.989255	1299	12	-4.0972	0.43643	0.38101	0.866293	1252	0	-4.0972
Pcdhga6	16	0.13364	0.43155	0.983617	1300	10	-4.0597	0.73528	0.67828	0.926117	2064	0	-4.0597
Cxcr1	19	0.13378	0.44931	0.989317	1301	8	-3.6572	0.43643	0.38101	0.866293	1248	0	-3.6572
Ntrk3	20	0.1338	0.45744	0.99299	1302	12	-4.1409	0.79952	0.74218	0.943567	2253	0	-4.1409
Cspg4	20	0.13384	0.45789	0.99299	1303	12	-4.0612	0.9874	0.98046	0.995302	2815	0	-4.0612
Sidt2	20	0.13384	0.45789	0.99299	1304	12	-4.1101	0.44298	0.3892	0.867081	1261	0	-4.1101
Drd4	20	0.13388	0.45841	0.99299	1305	11	-3.8818	0.11298	0.098748	0.837456	325	0	-3.8818
Olfr1259	19	0.13409	0.45044	0.990677	1306	10	-3.907	0.05445	0.041315	0.709724	157	0	-3.907
Jag1	20	0.13411	0.45919	0.99299	1307	11	-3.9214	0.10073	0.086208	0.813139	301	0	-3.9214
Slc32a1	20	0.13463	0.45924	0.99299	1308	11	-4.1292	0.33902	0.31168	0.866293	972	0	-4.1292
Frem2	20	0.13463	0.45924	0.99299	1309	11	-3.8876	0.78913	0.72899	0.93891	2222	0	-3.8876
Olfr488	20	0.13479	0.45944	0.99299	1310	9	-3.6361	0.55728	0.49953	0.896706	1553	0	-3.6361
Myadml2	20	0.13485	0.45993	0.99299	1311	9	-3.8069	0.25023	0.24514	0.866293	697	0	-3.8069
Slc2a13	19	0.13519	0.45299	0.992829	1312	12	-4.0293	0.80528	0.75964	0.952219	2269	0	-4.0293
Muc4	20	0.13524	0.46059	0.99299	1313	12	-3.9989	0.87655	0.83914	0.969203	2473	0	-3.9989
Ptgdr2	20	0.13554	0.46105	0.99299	1314	12	-3.8985	0.12227	0.11681	0.866293	350	0	-3.8985
Gpr108	20	0.13583	0.46106	0.99299	1315	10	-3.862	0.42586	0.37133	0.866293	1204	0	-3.862
Slc8a2	20	0.13611	0.46274	0.994112	1316	10	-3.8865	0.83464	0.79168	0.958809	2348	0	-3.8865
Olfr111	20	0.13618	0.46311	0.994112	1317	12	-4.0549	0.57781	0.51524	0.896706	1624	0	-4.0549
Tnfrsf17	20	0.13618	0.46311	0.994112	1318	12	-4.0725	0.068329	0.058147	0.813139	198	0	-4.0725
Olfr1247	20	0.13626	0.46332	0.994112	1319	12	-4.0163	0.17809	0.17421	0.866293	512	0	-4.0163
Sypl	18	0.13651	0.45412	0.99299	1320	11	-4.0708	0.95317	0.93562	0.990891	2700	0	-4.0708
Olfr706	20	0.13674	0.4639	0.994112	1321	11	-4.1383	0.63668	0.56458	0.899395	1761	0	-4.1383
Fzd10	19	0.13676	0.4561	0.99299	1322	10	-4.0052	0.28413	0.2703	0.866293	803	0	-4.0052
Olfr635	20	0.13705	0.46423	0.994112	1323	5	-3.0133	0.043621	0.031475	0.66405	124	0	-3.0133
Olfr1267-ps1	20	0.13759	0.46539	0.994112	1324	10	-4.0047	0.34394	0.31463	0.866293	987	0	-4.0047
Lrrc3b	20	0.13788	0.46568	0.994112	1325	8	-3.6125	0.72861	0.66247	0.924572	2037	0	-3.6125
Olfr444	20	0.13788	0.46568	0.994112	1326	9	-3.7661	0.84258	0.79755	0.958809	2373	0	-3.7661
Tmem150b	20	0.13788	0.46568	0.994112	1327	11	-3.94	0.51332	0.44432	0.880877	1448	0	-3.94
Cntnap3	20	0.13815	0.46645	0.994112	1328	7	-3.4888	0.75916	0.68957	0.926117	2128	0	-3.4888
Ush2a	20	0.13815	0.46645	0.994112	1329	7	-3.4973	0.7654	0.69763	0.930788	2141	0	-3.4973
Tspan6	18	0.13822	0.45696	0.99299	1330	9	-3.9359	0.31976	0.2893	0.866293	922	0	-3.9359
Igsf1	20	0.13868	0.4683	0.995586	1331	10	-3.7914	0.61285	0.53717	0.899395	1700	0	-3.7914
Boc	19	0.13876	0.46035	0.99299	1332	10	-4.0198	0.58162	0.50949	0.896706	1630	0	-4.0198
Slco1a4	19	0.13902	0.4606	0.99299	1333	10	-3.8794	0.67963	0.60484	0.905623	1892	0	-3.8794
Catsperg2	20	0.13918	0.46866	0.995586	1334	12	-3.8818	0.7654	0.69763	0.930788	2140	0	-3.8818
Ngfr	20	0.13944	0.46916	0.995586	1335	10	-3.8633	0.5312	0.47143	0.896706	1497	0	-3.8633
Scn9a	20	0.13953	0.46944	0.995586	1336	10	-3.9786	0.5928	0.52434	0.896706	1658	0	-3.9786
Abcc4	20	0.13991	0.46992	0.995586	1337	12	-4.1218	0.86856	0.82982	0.968006	2447	0	-4.1218
Slc28a2	18	0.14023	0.45946	0.99299	1338	10	-4.1058	0.42682	0.36639	0.866293	1220	0	-4.1058
Olfr765	18	0.14067	0.46094	0.99299	1339	7	-3.6033	0.86577	0.82757	0.968006	2440	0	-3.6033
Prom2	20	0.1407	0.47109	0.995586	1340	12	-4.1078	0.47569	0.40533	0.867081	1328	0	-4.1078
Syna	20	0.14073	0.47134	0.995586	1341	10	-3.8482	0.27903	0.26927	0.866293	789	0	-3.8482
Abcc1	20	0.14088	0.47151	0.995586	1342	10	-3.8572	0.75201	0.68475	0.926117	2100	0	-3.8572
Olfr145	19	0.14126	0.46642	0.994112	1343	11	-3.9703	0.18664	0.18354	0.866293	524	0	-3.9703
Gm14548	18	0.14168	0.46232	0.994112	1344	11	-4.137	0.84782	0.80695	0.96014	2395	0	-4.137
Tpo	20	0.14218	0.47586	0.995586	1345	7	-3.5947	0.17033	0.16239	0.866293	487	0	-3.5947
Dll1	20	0.14223	0.47665	0.995586	1346	9	-3.8014	0.32919	0.30467	0.866293	948	0	-3.8014
Fcamr	20	0.14285	0.4778	0.995586	1347	9	-3.6927	0.11298	0.098748	0.837456	324	0	-3.6927
Alpi	20	0.14285	0.4778	0.995586	1348	12	-4.0771	0.16348	0.15709	0.866293	465	0	-4.0771
Clca4a	20	0.14305	0.47807	0.995586	1349	10	-4.0422	0.10073	0.086208	0.813139	293	0	-4.0422
Lrfn2	20	0.14313	0.47853	0.995586	1350	11	-3.9351	0.93148	0.90753	0.982837	2636	0	-3.9351
Slc1a7	19	0.14354	0.47352	0.995586	1351	12	-4.0665	0.9641	0.9502	0.990891	2737	0	-4.0665
Prrt3	19	0.14363	0.47385	0.995586	1352	8	-3.5703	0.69654	0.63245	0.917888	1940	0	-3.5703
Atp1b2	20	0.14437	0.48011	0.995586	1353	11	-4.1254	0.67468	0.60179	0.905623	1880	0	-4.1254
Lsmem1	20	0.14447	0.4802	0.995586	1354	10	-3.9622	0.021228	0.019915	0.66405	68	0	-3.9622
Clec14a	18	0.14458	0.46899	0.995586	1355	11	-4.1041	0.53065	0.47002	0.896706	1484	0	-4.1041
Atraid	20	0.14498	0.48197	0.995586	1356	8	-3.7111	0.82135	0.77563	0.957151	2308	0	-3.7111
Itga11	19	0.14573	0.4772	0.995586	1357	11	-4.047	0.9921	0.98684	0.995575	2833	0	-4.047
Olfr1245	20	0.14591	0.48372	0.995586	1358	7	-3.6324	0.043621	0.031475	0.66405	131	0	-3.6324
Pira2	9	0.14624	0.40603	0.977259	1359	4	-3.6542	0.80051	0.76757	0.955295	2254	0	-3.6542
Olfr620	19	0.14644	0.47853	0.995586	1360	12	-3.9519	0.49548	0.42854	0.873969	1394	0	-3.9519
Lypd4	19	0.14651	0.47889	0.995586	1361	8	-3.6983	0.041486	0.030051	0.66405	123	0	-3.6983
Slc26a4	20	0.1466	0.48469	0.995586	1362	12	-4.1246	0.034819	0.029587	0.66405	96	0	-4.1246
Avpr2	20	0.1466	0.48469	0.995586	1363	12	-4.1111	0.96398	0.95018	0.990891	2735	0	-4.1111
Slc2a7	20	0.14702	0.48552	0.995586	1364	11	-4.1469	0.3756	0.33858	0.866293	1072	0	-4.1469
Dscaml1	20	0.14702	0.48552	0.995586	1365	10	-4	0.715	0.6491	0.924572	2005	0	-4
Sectm1b	20	0.14711	0.48582	0.995586	1366	10	-3.6268	0.57781	0.51524	0.896706	1612	0	-3.6268
Abca9	20	0.14739	0.4863	0.995586	1367	10	-3.934	0.74561	0.68052	0.926117	2093	0	-3.934
Alk	19	0.14758	0.48074	0.995586	1368	10	-4.0665	0.77206	0.71203	0.936424	2172	0	-4.0665
Milr1	20	0.14792	0.48641	0.995586	1369	10	-3.722	0.6877	0.61078	0.905623	1906	0	-3.722
Stab1	20	0.1482	0.48652	0.995586	1370	11	-4.1239	0.85582	0.81061	0.960893	2413	0	-4.1239
Slc3a2	20	0.14825	0.48678	0.995586	1371	11	-4.0266	0.67468	0.60179	0.905623	1877	0	-4.0266
Hcar2	20	0.14826	0.48699	0.995586	1372	8	-3.5317	0.23155	0.22498	0.866293	650	0	-3.5317
Tacstd2	20	0.14826	0.48699	0.995586	1373	6	-3.2908	0.30654	0.28885	0.866293	869	0	-3.2908
Tacr1	20	0.1483	0.48712	0.995586	1374	11	-4.0569	0.9056	0.87415	0.973615	2563	0	-4.0569
Igsf9b	20	0.14834	0.48773	0.995586	1375	9	-3.7899	0.57781	0.51524	0.896706	1622	0	-3.7899
Adora3	20	0.14856	0.48837	0.995586	1376	12	-4.1117	0.86469	0.82403	0.966387	2436	0	-4.1117
Olfr305	20	0.14866	0.48865	0.995586	1377	9	-3.7831	0.4052	0.35185	0.866293	1159	0	-3.7831
Olfr286	20	0.14866	0.48865	0.995586	1378	9	-3.6793	0.5232	0.4613	0.895048	1472	0	-3.6793
Raet1d	18	0.14867	0.47566	0.995586	1379	9	-3.9788	0.3633	0.31766	0.866293	1037	0	-3.9788
Tnfsf15	20	0.14878	0.48872	0.995586	1380	10	-3.8623	0.42586	0.37133	0.866293	1205	0	-3.8623
Klrb1f	20	0.1492	0.49024	0.995586	1381	7	-3.7218	0.3664	0.3303	0.866293	1043	0	-3.7218
Cd1d2	16	0.14934	0.46003	0.99299	1382	6	-3.7586	0.34007	0.29368	0.866293	986	0	-3.7586
Gprc6a	18	0.14952	0.47769	0.995586	1383	10	-4.0914	0.89288	0.85902	0.971926	2527	0	-4.0914
Slc2a4	20	0.15023	0.49237	0.995586	1384	9	-3.5705	0.4052	0.35185	0.866293	1153	0	-3.5705
Lrrn4	20	0.15033	0.49255	0.995586	1385	9	-3.8172	0.25023	0.24514	0.866293	699	0	-3.8172
Adam28	20	0.15033	0.49255	0.995586	1386	9	-3.717	0.23155	0.22498	0.866293	649	0	-3.717
Slc17a1	20	0.15035	0.49267	0.995586	1387	11	-4.0954	0.44298	0.3892	0.867081	1265	0	-4.0954
Izumo3	20	0.15035	0.49267	0.995586	1388	11	-4.0258	0.90855	0.8767	0.973615	2574	0	-4.0258
Frrs1	20	0.15076	0.49342	0.995586	1389	9	-3.8464	0.38457	0.34135	0.866293	1111	0	-3.8464
Fgfr3	20	0.15111	0.49433	0.995586	1390	10	-3.9311	0.12227	0.11681	0.866293	352	0	-3.9311
Slamf9	20	0.15116	0.4946	0.995586	1391	11	-4.0971	0.55728	0.49953	0.896706	1563	0	-4.0971
Dagla	20	0.15116	0.4946	0.995586	1392	12	-4.1455	0.82135	0.77563	0.957151	2311	0	-4.1455
Abca2	20	0.15145	0.49489	0.995586	1393	9	-3.7881	0.51332	0.44432	0.880877	1439	0	-3.7881
Olfr1229	19	0.15166	0.48981	0.995586	1394	10	-3.8113	0.24977	0.24737	0.866293	695	0	-3.8113
Csf2ra	20	0.15226	0.4962	0.995586	1395	11	-4.0334	0.27095	0.26609	0.866293	767	0	-4.0334
Slc22a16	19	0.15247	0.49051	0.995586	1396	10	-3.9849	0.77687	0.7185	0.936424	2178	0	-3.9849
Olfr1098	20	0.15289	0.49675	0.995586	1397	5	-3.2481	0.44298	0.3892	0.867081	1259	0	-3.2481
Prss21	20	0.15294	0.49745	0.995586	1398	11	-4.1206	0.46119	0.39792	0.867081	1302	0	-4.1206
Itgb6	19	0.15298	0.49184	0.995586	1399	12	-4.0705	0.95585	0.9401	0.990891	2705	0	-4.0705
Susd1	20	0.15305	0.49774	0.995586	1400	10	-3.9323	0.51332	0.44432	0.880877	1428	0	-3.9323
Ros1	20	0.15305	0.49774	0.995586	1401	12	-4.13	0.11298	0.098748	0.837456	321	0	-4.13
Olfr39	20	0.15317	0.49819	0.995586	1402	12	-3.9916	0.81012	0.75726	0.951145	2283	0	-3.9916
Gpr183	20	0.15317	0.49819	0.995586	1403	11	-3.9862	0.58465	0.52137	0.896706	1639	0	-3.9862
Dsg1b	19	0.15328	0.49231	0.995586	1404	9	-3.7255	0.16999	0.16748	0.866293	478	0	-3.7255
Fam174b	20	0.15403	0.49957	0.995586	1405	10	-3.5078	0.25023	0.24514	0.866293	708	0	-3.5078
Ffar1	20	0.15406	0.49962	0.995586	1406	8	-3.4225	0.32919	0.30467	0.866293	952	0	-3.4225
Abcc5	20	0.15454	0.50075	0.995586	1407	12	-4.1114	0.33902	0.31168	0.866293	977	0	-4.1114
Slc28a3	20	0.15454	0.50075	0.995586	1408	12	-4.0999	0.45319	0.39543	0.867081	1283	0	-4.0999
Cpd	20	0.15454	0.50075	0.995586	1409	12	-4.0071	0.22257	0.21208	0.866293	634	0	-4.0071
Tyr	20	0.1547	0.501	0.995586	1410	11	-3.9344	0.62067	0.54954	0.899395	1737	0	-3.9344
Spns3	18	0.15494	0.48678	0.995586	1411	8	-3.7143	0.50249	0.44568	0.880877	1400	0	-3.7143
Htr3b	20	0.15505	0.50129	0.995586	1412	7	-3.5005	0.31749	0.29769	0.866293	908	0	-3.5005
H2-M10.1	20	0.15505	0.50129	0.995586	1413	8	-3.4715	0.11298	0.098748	0.837456	338	0	-3.4715
Ptgir	20	0.15548	0.50229	0.995586	1414	11	-4.1071	0.0051408	0.0040965	0.468713	15	0	-4.1071
Rtn4rl2	20	0.15558	0.50259	0.995586	1415	9	-3.6941	0.0041477	0.0040965	0.468713	12	0	-3.6941
Cnnm2	19	0.15559	0.49697	0.995586	1416	6	-3.4645	0.58162	0.50949	0.896706	1627	0	-3.4645
Tspan3	19	0.15571	0.49717	0.995586	1417	10	-3.886	0.28413	0.2703	0.866293	801	0	-3.886
Slc7a6	20	0.15581	0.50283	0.995586	1418	10	-3.8298	0.91151	0.87966	0.974064	2582	0	-3.8298
Olfr493	20	0.15581	0.50283	0.995586	1419	9	-3.7078	0.88884	0.85413	0.971926	2512	0	-3.7078
Olfr1426	20	0.15669	0.50477	0.995586	1420	12	-4.0807	0.30654	0.28885	0.866293	861	0	-4.0807
Nrros	20	0.15669	0.50495	0.995586	1421	8	-3.7295	0.83464	0.79168	0.958809	2349	0	-3.7295
Olfr318	20	0.15669	0.50495	0.995586	1422	10	-3.7909	0.73419	0.66673	0.924572	2050	0	-3.7909
Il13ra2	20	0.15699	0.50499	0.995586	1423	8	-3.5446	0.16348	0.15709	0.866293	466	0	-3.5446
Olfr2	19	0.157	0.49861	0.995586	1424	8	-3.6275	0.30433	0.28591	0.866293	851	0	-3.6275
Kremen2	20	0.1572	0.50567	0.995586	1425	12	-4.0225	0.5232	0.4613	0.895048	1463	0	-4.0225
Pcsk5	20	0.1572	0.50567	0.995586	1426	12	-3.9877	0.9512	0.93471	0.990891	2692	0	-3.9877
Eda	20	0.15728	0.50582	0.995586	1427	11	-3.9771	0.73419	0.66673	0.924572	2057	0	-3.9771
Kcns1	18	0.15728	0.49122	0.995586	1428	9	-3.9743	0.74138	0.6818	0.926117	2081	0	-3.9743
Ghsr	20	0.15774	0.50674	0.995586	1429	11	-4.0609	0.73947	0.67289	0.924572	2070	0	-4.0609
Olfr1153	20	0.15774	0.50696	0.995586	1430	8	-3.4263	0.30654	0.28885	0.866293	872	0	-3.4263
Olfr24	20	0.15774	0.50696	0.995586	1431	12	-3.9614	0.75201	0.68475	0.926117	2106	0	-3.9614
Tcirg1	20	0.15825	0.50735	0.995586	1432	12	-3.9633	0.67468	0.60179	0.905623	1876	0	-3.9633
Cd93	20	0.15825	0.50735	0.995586	1433	11	-3.9573	0.3756	0.33858	0.866293	1080	0	-3.9573
Cd300lg	19	0.15877	0.50246	0.995586	1434	12	-4.0519	0.77206	0.71203	0.936424	2169	0	-4.0519
Olfr1416	20	0.15914	0.50837	0.995586	1435	10	-3.8089	0.3756	0.33858	0.866293	1084	0	-3.8089
Cd40	20	0.15916	0.50837	0.995586	1436	6	-3.6676	0.89671	0.86359	0.973615	2534	0	-3.6676
Acvr1b	20	0.15982	0.50854	0.995586	1437	10	-3.8672	0.5232	0.4613	0.895048	1475	0	-3.8672
Gria2	20	0.15989	0.50886	0.995586	1438	12	-4.0968	0.91377	0.88262	0.975897	2589	0	-4.0968
Lpl	20	0.16026	0.51001	0.995586	1439	10	-3.9504	0.24082	0.23599	0.866293	678	0	-3.9504
Fcgr2b	20	0.16026	0.51001	0.995586	1440	11	-3.9653	0.63668	0.56458	0.899395	1770	0	-3.9653
Olfr1199	20	0.16027	0.51005	0.995586	1441	12	-3.9591	0.94565	0.92601	0.987143	2680	0	-3.9591
Casd1	20	0.16035	0.51016	0.995586	1442	9	-3.8546	0.51332	0.44432	0.880877	1440	0	-3.8546
Slc19a2	20	0.16058	0.51035	0.995586	1443	12	-4.0999	0.12227	0.11681	0.866293	353	0	-4.0999
Pcdhga1	14	0.16059	0.47777	0.995586	1444	5	-3.6469	0.91123	0.88622	0.976926	2580	0	-3.6469
Slco2b1	20	0.16063	0.51059	0.995586	1445	7	-3.5525	0.11298	0.098748	0.837456	317	0	-3.5525
Adra2c	16	0.16069	0.48232	0.995586	1446	8	-3.9115	0.046054	0.035163	0.66405	133	0	-3.9115
Cd70	18	0.16171	0.49945	0.995586	1447	8	-3.7758	0.86577	0.82757	0.968006	2439	0	-3.7758
Pcdhb9	19	0.16209	0.50784	0.995586	1448	12	-4.0974	0.76683	0.70842	0.935616	2152	0	-4.0974
Olfr1095	19	0.16209	0.50784	0.995586	1449	10	-3.8677	0.77206	0.71203	0.936424	2171	0	-3.8677
Gpr155	17	0.16211	0.49488	0.995586	1450	8	-3.6748	0.36718	0.31595	0.866293	1057	0	-3.6748
Grm8	20	0.16214	0.51297	0.999362	1451	11	-3.8814	0.26103	0.25703	0.866293	740	0	-3.8814
Vmn1r71	20	0.16237	0.51422	1.0	1452	8	-3.6613	0.31749	0.29769	0.866293	886	0	-3.6613
Olfr412	20	0.16264	0.51514	1.0	1453	12	-4.0775	0.61285	0.53717	0.899395	1705	0	-4.0775
Eqtn	20	0.16264	0.51514	1.0	1454	7	-3.4739	0.5928	0.52434	0.896706	1651	0	-3.4739
Pear1	18	0.16326	0.50174	0.995586	1455	11	-4.0831	0.57431	0.50012	0.896706	1608	0	-4.0831
Vmn1r225	17	0.16337	0.49747	0.995586	1456	9	-3.8958	0.024166	0.024325	0.66405	71	0	-3.8958
Olfr211	18	0.16338	0.50193	0.995586	1457	9	-3.9001	0.40941	0.35792	0.866293	1163	0	-3.9001
Olfr152	20	0.1635	0.51603	1.0	1458	11	-3.9582	0.41626	0.35972	0.866293	1186	0	-3.9582
Ramp3	19	0.16388	0.51068	0.995586	1459	9	-3.8623	0.53887	0.48315	0.896706	1503	0	-3.8623
Clec2h	16	0.16404	0.49039	0.995586	1460	8	-3.9268	0.874	0.83766	0.969203	2459	0	-3.9268
Olfr13	20	0.16404	0.51771	1.0	1461	11	-3.9673	0.63668	0.56458	0.899395	1760	0	-3.9673
Slc17a5	20	0.16438	0.5181	1.0	1462	8	-3.4681	0.53963	0.48021	0.896706	1512	0	-3.4681
Chrm1	20	0.16496	0.51861	1.0	1463	11	-3.9954	0.92188	0.89341	0.978235	2611	0	-3.9954
Olfr1045	20	0.16509	0.51878	1.0	1464	11	-3.8945	0.75916	0.68957	0.926117	2121	0	-3.8945
Slc47a1	20	0.1656	0.51923	1.0	1465	9	-3.7442	0.77746	0.71952	0.936424	2197	0	-3.7442
Slco1b2	20	0.16562	0.5194	1.0	1466	7	-3.3741	0.021228	0.019915	0.66405	59	0	-3.3741
Il1rl2	20	0.16586	0.51948	1.0	1467	10	-3.8787	0.63668	0.56458	0.899395	1773	0	-3.8787
Cd82	18	0.16598	0.50739	0.995586	1468	9	-3.9609	0.26193	0.25075	0.866293	750	0	-3.9609
Gpr162	18	0.16604	0.5074	0.995586	1469	9	-3.8216	0.37348	0.3227	0.866293	1064	0	-3.8216
Gpr37l1	18	0.16604	0.5074	0.995586	1470	8	-3.8115	0.4342	0.36992	0.866293	1245	0	-3.8115
Cd80	20	0.16614	0.51992	1.0	1471	8	-3.7053	0.75916	0.68957	0.926117	2126	0	-3.7053
Antxr2	20	0.16645	0.52042	1.0	1472	8	-3.7698	0.22257	0.21208	0.866293	630	0	-3.7698
Olfr1293-ps	20	0.16743	0.52215	1.0	1473	9	-3.6827	0.43308	0.38033	0.866293	1229	0	-3.6827
Tfpi	20	0.16754	0.52235	1.0	1474	9	-3.5065	0.057232	0.042961	0.709724	164	0	-3.5065
Plppr5	20	0.16757	0.52235	1.0	1475	8	-3.4198	0.78403	0.72546	0.938186	2206	0	-3.4198
Olfr933	20	0.16767	0.52264	1.0	1476	8	-3.3834	0.27903	0.26927	0.866293	782	0	-3.3834
Cr1l	18	0.16774	0.50909	0.995586	1477	6	-3.6671	0.31976	0.2893	0.866293	920	0	-3.6671
Ncmap	18	0.16786	0.50954	0.995586	1478	8	-3.7127	0.74138	0.6818	0.926117	2084	0	-3.7127
Serinc1	18	0.16792	0.50999	0.995586	1479	7	-3.7816	0.41916	0.36398	0.866293	1198	0	-3.7816
S1pr4	20	0.16823	0.52305	1.0	1480	9	-3.7509	0.38457	0.34135	0.866293	1104	0	-3.7509
Psg22	20	0.16824	0.52317	1.0	1481	6	-3.7053	0.5232	0.4613	0.895048	1474	0	-3.7053
Olfr469	15	0.1687	0.49691	0.995586	1482	6	-3.6856	0.28246	0.25181	0.866293	797	0	-3.6856
Catsperd	20	0.16885	0.52435	1.0	1483	9	-3.5499	0.9512	0.93471	0.990891	2694	0	-3.5499
Slc22a14	20	0.16885	0.52435	1.0	1484	11	-3.9859	0.23155	0.22498	0.866293	653	0	-3.9859
Slc39a8	20	0.16955	0.52528	1.0	1485	12	-4.0985	0.6877	0.61078	0.905623	1907	0	-4.0985
Olfr1255	20	0.16991	0.52557	1.0	1486	11	-3.8778	0.83874	0.79483	0.958809	2364	0	-3.8778
Mfsd6l	19	0.17087	0.52317	1.0	1487	10	-3.9015	0.19478	0.18813	0.866293	546	0	-3.9015
Epha5	20	0.17094	0.52702	1.0	1488	12	-3.9735	0.95804	0.94259	0.990891	2717	0	-3.9735
Lypd3	20	0.17114	0.5277	1.0	1489	11	-4.0351	0.99242	0.98779	0.995575	2835	0	-4.0351
Slc14a1	20	0.17148	0.52803	1.0	1490	12	-4.0756	0.5232	0.4613	0.895048	1458	0	-4.0756
Slc43a2	20	0.17185	0.52846	1.0	1491	10	-4.0207	0.5928	0.52434	0.896706	1660	0	-4.0207
Rnft1	20	0.17227	0.52928	1.0	1492	11	-3.9968	0.13308	0.13653	0.866293	371	0	-3.9968
Olfr169	18	0.17244	0.51615	1.0	1493	8	-3.5493	0.62981	0.55418	0.899395	1750	0	-3.5493
Fzd5	20	0.17265	0.52965	1.0	1494	8	-3.7172	0.67468	0.60179	0.905623	1879	0	-3.7172
Olfr147	20	0.17298	0.52976	1.0	1495	9	-3.7603	0.14676	0.15042	0.866293	426	0	-3.7603
H13	20	0.17309	0.52996	1.0	1496	10	-3.9482	0.24082	0.23599	0.866293	686	0	-3.9482
Ccr2	20	0.17346	0.53033	1.0	1497	8	-3.7561	0.63668	0.56458	0.899395	1771	0	-3.7561
Tacr3	20	0.17367	0.53039	1.0	1498	10	-4.0077	0.91151	0.87966	0.974064	2583	0	-4.0077
Psen1	20	0.17416	0.53296	1.0	1499	12	-4.0688	0.86037	0.81765	0.963581	2428	0	-4.0688
Osmr	18	0.17425	0.51823	1.0	1500	8	-3.7851	0.30187	0.27881	0.866293	850	0	-3.7851
Nipal1	20	0.17479	0.53391	1.0	1501	10	-3.6901	0.1393	0.14346	0.866293	393	0	-3.6901
Olfr1079	20	0.17543	0.53426	1.0	1502	7	-3.7203	0.1553	0.15371	0.866293	447	0	-3.7203
Il12rb1	20	0.17574	0.53493	1.0	1503	11	-3.9295	0.39445	0.34661	0.866293	1119	0	-3.9295
Cacna1c	20	0.17574	0.53515	1.0	1504	9	-3.7913	0.5928	0.52434	0.896706	1655	0	-3.7913
Slc16a5	20	0.17601	0.53523	1.0	1505	6	-3.4714	0.50401	0.43179	0.873969	1407	0	-3.4714
Tenm3	18	0.17629	0.52112	1.0	1506	7	-3.5101	0.37348	0.3227	0.866293	1061	0	-3.5101
Atp1a3	20	0.17643	0.5361	1.0	1507	10	-3.9006	0.86037	0.81765	0.963581	2422	0	-3.9006
Olfr91	20	0.17651	0.5361	1.0	1508	11	-4.0363	0.091975	0.080566	0.813139	269	0	-4.0363
Lepr	19	0.17653	0.53441	1.0	1509	12	-4.0293	0.40971	0.35739	0.866293	1166	0	-4.0293
Clec4g	20	0.17705	0.53653	1.0	1510	12	-4.0398	0.99434	0.99041	0.996332	2841	0	-4.0398
Olfr1058	20	0.17705	0.53653	1.0	1511	12	-4.0273	0.1393	0.14346	0.866293	389	0	-4.0273
1700017D01Rik	20	0.17705	0.53653	1.0	1512	12	-4.0327	0.4689	0.40163	0.867081	1314	0	-4.0327
Opcml	20	0.17742	0.53701	1.0	1513	10	-3.7343	0.18756	0.18575	0.866293	534	0	-3.7343
Scn3a	20	0.17767	0.5373	1.0	1514	6	-3.2777	0.17033	0.16239	0.866293	486	0	-3.2777
Tas1r2	20	0.17795	0.53768	1.0	1515	9	-3.7016	0.25023	0.24514	0.866293	719	0	-3.7016
Olfr96	18	0.17812	0.52346	1.0	1516	7	-3.7786	0.38398	0.33011	0.866293	1098	0	-3.7786
Slc4a4	20	0.17813	0.53823	1.0	1517	9	-3.7454	0.25023	0.24514	0.866293	722	0	-3.7454
Acvrl1	20	0.17822	0.5384	1.0	1518	9	-3.774	0.60659	0.5293	0.896706	1690	0	-3.774
Flt3	20	0.17834	0.53868	1.0	1519	12	-4.116	0.99434	0.99041	0.996332	2839	0	-4.116
Gpc1	19	0.17862	0.53868	1.0	1520	9	-3.7917	0.13997	0.14419	0.866293	403	0	-3.7917
Tas2r105	19	0.17868	0.53877	1.0	1521	8	-3.6592	0.42644	0.37479	0.866293	1216	0	-3.6592
Psg29	20	0.17877	0.53897	1.0	1522	9	-3.743	0.034819	0.029587	0.66405	94	0	-3.743
Slc2a8	20	0.17877	0.53897	1.0	1523	11	-3.9706	0.1393	0.14346	0.866293	384	0	-3.9706
Olfr587-ps1	20	0.17886	0.5392	1.0	1524	12	-3.889	0.62879	0.56089	0.899395	1741	0	-3.889
Slc17a7	20	0.17932	0.54014	1.0	1525	11	-4.002	0.79381	0.73539	0.943567	2228	0	-4.002
Cd200r1	18	0.17983	0.52639	1.0	1526	8	-3.7556	0.98901	0.98194	0.995302	2819	0	-3.7556
Slc2a9	18	0.17998	0.52763	1.0	1527	10	-3.8038	0.13311	0.13733	0.866293	382	0	-3.8038
Thy1	20	0.18024	0.54151	1.0	1528	9	-3.7207	0.10073	0.086208	0.813139	286	0	-3.7207
Amhr2	20	0.18072	0.542	1.0	1529	11	-4.0503	0.43308	0.38033	0.866293	1234	0	-4.0503
Sema5a	20	0.18077	0.54211	1.0	1530	9	-3.815	0.068329	0.058147	0.813139	204	0	-3.815
Olfr689	18	0.18083	0.52865	1.0	1531	9	-4.0303	0.19474	0.18475	0.866293	541	0	-4.0303
Scarf1	20	0.18123	0.54222	1.0	1532	9	-3.5453	0.60659	0.5293	0.896706	1682	0	-3.5453
Olfr994	18	0.18158	0.52897	1.0	1533	7	-3.7712	0.80646	0.76109	0.953618	2271	0	-3.7712
Gper1	20	0.18168	0.5438	1.0	1534	9	-3.6831	0.67974	0.60581	0.905623	1893	0	-3.6831
Slc45a2	20	0.18256	0.54555	1.0	1535	9	-3.6967	0.3756	0.33858	0.866293	1076	0	-3.6967
Slc5a2	20	0.18256	0.54555	1.0	1536	10	-3.8438	0.69826	0.62129	0.906861	1961	0	-3.8438
Olfr813	20	0.18256	0.54555	1.0	1537	9	-3.6745	0.1393	0.14346	0.866293	388	0	-3.6745
Mrgpra6	20	0.18274	0.54579	1.0	1538	11	-4.0727	0.53963	0.48021	0.896706	1524	0	-4.0727
Olfr753-ps1	18	0.18295	0.53282	1.0	1539	4	-3.2517	0.70196	0.63558	0.917888	1969	0	-3.2517
Olfr518	20	0.18315	0.54619	1.0	1540	11	-4.0236	0.26638	0.26448	0.866293	752	0	-4.0236
5330417C22Rik	19	0.18317	0.54669	1.0	1541	9	-3.7965	0.92671	0.90432	0.982775	2621	0	-3.7965
Olfr1434	18	0.1832	0.53289	1.0	1542	7	-3.816	0.21104	0.20519	0.866293	592	0	-3.816
Mrgpra2a	8	0.18364	0.45773	0.99299	1543	3	-3.6874	0.21914	0.18341	0.866293	615	0	-3.6874
Cd180	20	0.18387	0.5474	1.0	1544	9	-3.7249	0.77746	0.71952	0.936424	2189	0	-3.7249
Slc36a1	20	0.1839	0.54763	1.0	1545	11	-4.0398	0.043621	0.031475	0.66405	127	0	-4.0398
Cd274	18	0.18397	0.53389	1.0	1546	9	-3.7065	0.6685	0.59782	0.905623	1853	0	-3.7065
Dct	18	0.18418	0.53431	1.0	1547	11	-4.0162	0.49431	0.43728	0.880877	1362	0	-4.0162
Btc	17	0.18439	0.53437	1.0	1548	6	-3.5066	0.67574	0.60842	0.905623	1887	0	-3.5066
Olfr585	20	0.18463	0.54815	1.0	1549	12	-3.9419	0.079456	0.071269	0.813139	234	0	-3.9419
Pcdhgb2	18	0.18467	0.53552	1.0	1550	5	-3.4433	0.76457	0.70534	0.935616	2138	0	-3.4433
Lrrn2	20	0.18478	0.54841	1.0	1551	12	-3.9075	0.73947	0.67289	0.924572	2076	0	-3.9075
Vmn1r232	20	0.18482	0.54851	1.0	1552	8	-3.537	0.75916	0.68957	0.926117	2129	0	-3.537
Olfr1087	20	0.18502	0.54851	1.0	1553	10	-3.9428	0.7654	0.69763	0.930788	2145	0	-3.9428
Olfr316	20	0.18575	0.5496	1.0	1554	10	-3.7486	0.90019	0.86765	0.973615	2541	0	-3.7486
Adam18	20	0.18575	0.5496	1.0	1555	10	-3.8428	0.56849	0.50592	0.896706	1596	0	-3.8428
Olfr726	18	0.18586	0.5404	1.0	1556	9	-3.7965	0.91041	0.8826	0.975897	2578	0	-3.7965
Olfr876	20	0.18595	0.54992	1.0	1557	7	-3.7832	0.67468	0.60179	0.905623	1883	0	-3.7832
Adora2b	20	0.18609	0.55008	1.0	1558	11	-3.9672	0.64591	0.56997	0.899395	1789	0	-3.9672
Olfr95	20	0.18623	0.55067	1.0	1559	12	-3.9486	0.8306	0.78664	0.958809	2337	0	-3.9486
Slc12a4	20	0.18704	0.55145	1.0	1560	9	-3.6351	0.021228	0.019915	0.66405	55	0	-3.6351
Gm5868	18	0.18762	0.5421	1.0	1561	8	-3.6488	0.35396	0.31256	0.866293	1012	0	-3.6488
Tmem132b	20	0.1878	0.55228	1.0	1562	11	-3.9956	0.34827	0.31607	0.866293	996	0	-3.9956
Chrna6	19	0.18784	0.55375	1.0	1563	10	-3.886	0.53887	0.48315	0.896706	1502	0	-3.886
Olfr16	20	0.18824	0.55304	1.0	1564	6	-3.5513	0.24082	0.23599	0.866293	677	0	-3.5513
Ntng1	20	0.18855	0.55349	1.0	1565	11	-3.9201	0.63668	0.56458	0.899395	1775	0	-3.9201
Sort1	20	0.18855	0.55349	1.0	1566	7	-3.2805	0.66181	0.58152	0.901288	1848	0	-3.2805
Il17ra	19	0.18867	0.55498	1.0	1567	9	-3.7467	0.43643	0.38101	0.866293	1247	0	-3.7467
Mas1	20	0.18884	0.55394	1.0	1568	10	-3.8771	0.074063	0.065784	0.813139	219	0	-3.8771
Musk	20	0.18933	0.55422	1.0	1569	11	-3.9019	0.26103	0.25703	0.866293	734	0	-3.9019
Cx3cr1	20	0.18937	0.55426	1.0	1570	11	-3.9833	0.12755	0.1295	0.866293	363	0	-3.9833
Nphs1	20	0.18939	0.55458	1.0	1571	12	-3.9597	0.49445	0.42222	0.86939	1372	0	-3.9597
Pmel	20	0.18939	0.55458	1.0	1572	12	-4.0277	0.3756	0.33858	0.866293	1069	0	-4.0277
Olfr1214	20	0.18954	0.55509	1.0	1573	10	-3.9444	0.30654	0.28885	0.866293	860	0	-3.9444
Tlr4	20	0.18984	0.55575	1.0	1574	7	-3.1855	0.085278	0.074865	0.813139	243	0	-3.1855
F2r	20	0.19028	0.55585	1.0	1575	9	-3.4212	0.17809	0.17421	0.866293	503	0	-3.4212
Tm4sf5	20	0.1904	0.55644	1.0	1576	9	-3.7022	0.65467	0.5762	0.899395	1823	0	-3.7022
Bace1	20	0.19082	0.55697	1.0	1577	8	-3.7756	0.015347	0.012127	0.66405	44	0	-3.7756
Cadm2	20	0.19107	0.557	1.0	1578	10	-3.8705	0.46119	0.39792	0.867081	1294	0	-3.8705
Cd46	19	0.1913	0.55947	1.0	1579	7	-3.4658	0.17461	0.17539	0.866293	496	0	-3.4658
Abca13	20	0.19137	0.5571	1.0	1580	10	-3.7513	0.25023	0.24514	0.866293	702	0	-3.7513
Malrd1	18	0.19169	0.54915	1.0	1581	9	-3.7262	0.40941	0.35792	0.866293	1164	0	-3.7262
Rhcg	19	0.19196	0.56061	1.0	1582	10	-3.9703	0.80528	0.75964	0.952219	2270	0	-3.9703
P2rx2	18	0.19254	0.55107	1.0	1583	8	-3.7942	0.64111	0.56865	0.899395	1784	0	-3.7942
Gabrp	18	0.19265	0.55145	1.0	1584	11	-4.0007	0.77027	0.71167	0.936424	2154	0	-4.0007
Slc36a2	20	0.19275	0.55936	1.0	1585	12	-3.9648	0.63668	0.56458	0.899395	1764	0	-3.9648
Olfr646	20	0.19275	0.55936	1.0	1586	12	-3.9243	0.0081142	0.0041	0.468713	24	0	-3.9243
H2-M10.5	20	0.19275	0.55936	1.0	1587	12	-4.0027	0.31749	0.29769	0.866293	910	0	-4.0027
Adcyap1r1	20	0.19289	0.56037	1.0	1588	11	-4.0791	0.75201	0.68475	0.926117	2099	0	-4.0791
Cldn18	20	0.19289	0.56037	1.0	1589	11	-4.0887	0.87972	0.84232	0.969203	2481	0	-4.0887
Agtr2	20	0.19315	0.56072	1.0	1590	10	-3.9129	0.021228	0.019915	0.66405	64	0	-3.9129
Il7r	20	0.19328	0.56092	1.0	1591	6	-3.4797	0.67468	0.60179	0.905623	1869	0	-3.4797
Gpr139	20	0.19375	0.56103	1.0	1592	9	-3.2577	0.4052	0.35185	0.866293	1150	0	-3.2577
Gpr31b	7	0.19378	0.45479	0.99299	1593	3	-3.545	0.85397	0.82219	0.966387	2406	0	-3.545
Slitrk1	20	0.19392	0.56124	1.0	1594	12	-3.9179	0.78403	0.72546	0.938186	2210	0	-3.9179
Asic1	20	0.19392	0.56124	1.0	1595	10	-3.9706	0.35761	0.32045	0.866293	1024	0	-3.9706
H2-DMb2	20	0.19415	0.5615	1.0	1596	8	-3.7253	0.5232	0.4613	0.895048	1459	0	-3.7253
Olfr695	18	0.19425	0.55411	1.0	1597	10	-4.1094	0.62981	0.55418	0.899395	1749	0	-4.1094
Celsr2	20	0.19435	0.5619	1.0	1598	9	-3.5905	0.55728	0.49953	0.896706	1561	0	-3.5905
Gpr143	20	0.19454	0.56288	1.0	1599	10	-3.7915	0.97218	0.96119	0.992438	2764	0	-3.7915
Art3	18	0.19487	0.55521	1.0	1600	11	-4.0055	0.29092	0.27229	0.866293	820	0	-4.0055
Tnfrsf23	20	0.1952	0.5641	1.0	1601	11	-4.0953	0.61285	0.53717	0.899395	1703	0	-4.0953
Ly6e	20	0.19558	0.56443	1.0	1602	10	-3.7669	0.49445	0.42222	0.86939	1365	0	-3.7669
Cysltr1	20	0.19577	0.56479	1.0	1603	10	-3.9956	0.62879	0.56089	0.899395	1745	0	-3.9956
Tpbgl	19	0.19581	0.5668	1.0	1604	8	-3.7855	0.25933	0.25614	0.866293	732	0	-3.7855
Tas2r118	20	0.19597	0.56569	1.0	1605	8	-3.6432	0.25023	0.24514	0.866293	715	0	-3.6432
Olfr1508	20	0.19633	0.56622	1.0	1606	11	-3.9896	0.6877	0.61078	0.905623	1918	0	-3.9896
Olfr1054	20	0.19644	0.56629	1.0	1607	8	-3.4002	0.043621	0.031475	0.66405	132	0	-3.4002
Olfr576	20	0.19688	0.56721	1.0	1608	11	-4.0903	0.31749	0.29769	0.866293	888	0	-4.0903
Psg26	20	0.19768	0.56857	1.0	1609	12	-4.0173	0.31749	0.29769	0.866293	894	0	-4.0173
Scn2a	20	0.19768	0.56857	1.0	1610	12	-3.9523	0.38457	0.34135	0.866293	1099	0	-3.9523
Scn1a	19	0.19774	0.56962	1.0	1611	11	-3.9906	0.14814	0.14778	0.866293	428	0	-3.9906
Olfr1077-ps1	20	0.1984	0.57037	1.0	1612	10	-3.6837	0.61285	0.53717	0.899395	1706	0	-3.6837
Olfr186	20	0.19886	0.57129	1.0	1613	11	-3.9761	0.70677	0.63534	0.917888	1974	0	-3.9761
H2-M11	20	0.19908	0.57142	1.0	1614	7	-3.7562	0.17809	0.17421	0.866293	509	0	-3.7562
Il5ra	20	0.19995	0.57267	1.0	1615	8	-3.4487	0.11298	0.098748	0.837456	339	0	-3.4487
Lag3	20	0.20029	0.57437	1.0	1616	11	-3.9702	0.43308	0.38033	0.866293	1235	0	-3.9702
Olfr701	20	0.20029	0.575	1.0	1617	9	-3.6263	0.20391	0.19553	0.866293	586	0	-3.6263
Olfr503	20	0.20094	0.5758	1.0	1618	8	-3.703	0.13308	0.13653	0.866293	376	0	-3.703
Pcdh7	20	0.20151	0.57636	1.0	1619	11	-3.9838	0.75201	0.68475	0.926117	2104	0	-3.9838
Pcdhb18	20	0.20243	0.57685	1.0	1620	8	-3.8192	0.69826	0.62129	0.906861	1960	0	-3.8192
Icosl	19	0.20259	0.57673	1.0	1621	7	-3.7011	0.12687	0.13054	0.866293	359	0	-3.7011
Olfr1262	18	0.20259	0.56684	1.0	1622	9	-3.6844	0.20589	0.19953	0.866293	589	0	-3.6844
Dner	20	0.20265	0.57736	1.0	1623	12	-4.0345	0.90019	0.86765	0.973615	2542	0	-4.0345
Nkain3	20	0.20265	0.57736	1.0	1624	12	-3.9717	0.92493	0.89694	0.97879	2613	0	-3.9717
Chrnb2	20	0.20356	0.58026	1.0	1625	11	-4.0597	0.17809	0.17421	0.866293	502	0	-4.0597
Olfr90	17	0.20373	0.56408	1.0	1626	10	-3.9703	0.77473	0.7266	0.938799	2174	0	-3.9703
Tbxa2r	18	0.20408	0.56869	1.0	1627	9	-3.8935	0.53065	0.47002	0.896706	1485	0	-3.8935
Fpr-rs7	20	0.20414	0.58267	1.0	1628	8	-3.6449	0.49445	0.42222	0.86939	1373	0	-3.6449
Olfr1122	18	0.20456	0.56981	1.0	1629	10	-3.8571	0.42682	0.36639	0.866293	1217	0	-3.8571
Cdh26	20	0.20478	0.58284	1.0	1630	10	-3.892	0.53963	0.48021	0.896706	1509	0	-3.892
Ptgfr	20	0.20521	0.58335	1.0	1631	12	-3.9898	0.11298	0.098748	0.837456	320	0	-3.9898
Slc15a2	20	0.20553	0.58371	1.0	1632	10	-3.883	0.66851	0.59175	0.905623	1859	0	-3.883
Ttyh2	20	0.20555	0.58418	1.0	1633	8	-3.8358	0.31749	0.29769	0.866293	887	0	-3.8358
Olfr1161	20	0.20565	0.58418	1.0	1634	5	-3.5079	0.65467	0.5762	0.899395	1830	0	-3.5079
Klrb1a	16	0.20586	0.5622	1.0	1635	6	-3.5087	0.30585	0.27472	0.866293	856	0	-3.5087
Clec1a	20	0.20592	0.58538	1.0	1636	8	-3.6856	0.62067	0.54954	0.899395	1733	0	-3.6856
Folr1	20	0.20632	0.58577	1.0	1637	8	-3.7702	0.93612	0.91446	0.984375	2652	0	-3.7702
Olfr414	16	0.20645	0.56374	1.0	1638	10	-3.9501	0.25386	0.23958	0.866293	724	0	-3.9501
Met	19	0.20694	0.5833	1.0	1639	10	-4.0972	0.26714	0.25898	0.866293	756	0	-4.0972
Pcdh11x	20	0.20698	0.586	1.0	1640	10	-3.9236	0.60659	0.5293	0.896706	1686	0	-3.9236
Pttg1ip	18	0.2074	0.57491	1.0	1641	9	-3.8858	0.79768	0.75253	0.950388	2233	0	-3.8858
Evi2b	4	0.2076	0.40112	0.977245	1642	1	-3.2457	0.16447	0.13749	0.866293	475	0	-3.2457
Heg1	20	0.20797	0.58684	1.0	1643	11	-4.0051	0.48364	0.41142	0.867081	1339	0	-4.0051
Vnn1	20	0.20809	0.58703	1.0	1644	10	-3.791	0.69826	0.62129	0.906861	1962	0	-3.791
Ephb4	20	0.2086	0.58753	1.0	1645	12	-3.8812	0.82135	0.77563	0.957151	2306	0	-3.8812
Gm21973	13	0.20894	0.54658	1.0	1646	7	-3.8012	0.71602	0.6605	0.924572	2009	0	-3.8012
Fat4	20	0.20925	0.58776	1.0	1647	8	-3.4793	0.33902	0.31168	0.866293	966	0	-3.4793
Lingo2	18	0.20929	0.57843	1.0	1648	9	-3.8469	0.41916	0.36398	0.866293	1193	0	-3.8469
Pcdhb11	20	0.20954	0.58791	1.0	1649	9	-3.3336	0.39445	0.34661	0.866293	1134	0	-3.3336
Itgb4	20	0.2096	0.58833	1.0	1650	12	-3.9504	0.39445	0.34661	0.866293	1117	0	-3.9504
Gm37388	19	0.21018	0.58687	1.0	1651	11	-4.0691	0.89122	0.85883	0.971926	2514	0	-4.0691
Cadm3	20	0.21042	0.59021	1.0	1652	11	-4.0406	0.25023	0.24514	0.866293	704	0	-4.0406
Slc6a8	17	0.21046	0.57178	1.0	1653	10	-4.0171	0.29667	0.27324	0.866293	847	0	-4.0171
Tmem30a	20	0.21058	0.59086	1.0	1654	8	-3.6272	0.068329	0.058147	0.813139	196	0	-3.6272
Hyal2	20	0.2114	0.59184	1.0	1655	8	-3.6821	0.70677	0.63534	0.917888	1976	0	-3.6821
Tlr6	20	0.2115	0.59184	1.0	1656	7	-3.6877	0.72267	0.65809	0.924572	2014	0	-3.6877
Ptprd	19	0.21167	0.58841	1.0	1657	8	-3.7925	0.37907	0.333	0.866293	1090	0	-3.7925
Brs3	18	0.21195	0.58176	1.0	1658	7	-3.7455	0.68472	0.62057	0.906861	1903	0	-3.7455
Kcnmb1	20	0.21214	0.5926	1.0	1659	9	-3.6559	0.03947	0.031471	0.66405	118	0	-3.6559
Gpr160	20	0.21217	0.5928	1.0	1660	11	-3.7836	0.063499	0.052354	0.802217	183	0	-3.7836
Nkain2	20	0.21285	0.59333	1.0	1661	12	-3.9953	0.77746	0.71952	0.936424	2184	0	-3.9953
Slc9a2	20	0.21285	0.59333	1.0	1662	12	-3.9946	0.9441	0.92408	0.986556	2675	0	-3.9946
Cdh7	20	0.21285	0.59333	1.0	1663	12	-3.9945	0.92188	0.89341	0.978235	2612	0	-3.9945
Vipr2	19	0.21298	0.59051	1.0	1664	6	-3.4601	0.095946	0.082837	0.813139	276	0	-3.4601
Gm9573	19	0.21302	0.59058	1.0	1665	10	-3.948	0.42644	0.37479	0.866293	1214	0	-3.948
Clec7a	16	0.21328	0.57773	1.0	1666	10	-3.9591	0.70656	0.64531	0.924572	1970	0	-3.9591
Slc34a2	20	0.21362	0.59437	1.0	1667	11	-3.9764	0.00049859	1.7322e-06	0.00055	2	1	-3.9764
Lrp1b	20	0.21366	0.59451	1.0	1668	10	-3.9009	0.16348	0.15709	0.866293	463	0	-3.9009
Aqp2	20	0.21398	0.59488	1.0	1669	11	-4.0357	0.4689	0.40163	0.867081	1313	0	-4.0357
Glrb	19	0.21402	0.59142	1.0	1670	7	-3.5804	0.46629	0.3962	0.867081	1305	0	-3.5804
Olfr510	20	0.21434	0.59539	1.0	1671	11	-4.0319	0.92718	0.90088	0.980843	2626	0	-4.0319
Olfr296-ps1	20	0.21467	0.5961	1.0	1672	8	-3.7387	0.82135	0.77563	0.957151	2303	0	-3.7387
Olfr43	12	0.21473	0.55343	1.0	1673	7	-4.0497	0.43411	0.36998	0.866293	1241	0	-4.0497
Enpp5	20	0.21574	0.59855	1.0	1674	11	-3.9653	0.32919	0.30467	0.866293	947	0	-3.9653
Gabra1	20	0.21642	0.59931	1.0	1675	11	-3.8597	0.89262	0.85851	0.971926	2522	0	-3.8597
Vsig8	20	0.21684	0.59965	1.0	1676	8	-3.4999	0.50401	0.43179	0.873969	1409	0	-3.4999
Ereg	20	0.217	0.59999	1.0	1677	5	-3.4359	0.56849	0.50592	0.896706	1601	0	-3.4359
Olfr220	18	0.21741	0.59007	1.0	1678	8	-3.7554	0.17775	0.17435	0.866293	497	0	-3.7554
Ptch1	20	0.21745	0.60104	1.0	1679	8	-3.5711	0.17033	0.16239	0.866293	485	0	-3.5711
Lrrc24	20	0.21745	0.60104	1.0	1680	12	-4.0108	0.085278	0.074865	0.813139	246	0	-4.0108
Clec9a	18	0.21761	0.59082	1.0	1681	11	-3.9815	0.31108	0.28534	0.866293	875	0	-3.9815
Olfr1453	18	0.21796	0.59172	1.0	1682	9	-3.9352	0.934	0.91348	0.984375	2648	0	-3.9352
Egf	20	0.21799	0.60139	1.0	1683	12	-3.9935	0.67974	0.60581	0.905623	1896	0	-3.9935
Olfr248	20	0.21805	0.60249	1.0	1684	9	-3.7964	0.61285	0.53717	0.899395	1702	0	-3.7964
Pla2r1	20	0.21846	0.60336	1.0	1685	10	-3.9545	0.31749	0.29769	0.866293	896	0	-3.9545
Zfyve27	20	0.2189	0.6038	1.0	1686	11	-3.9058	0.13308	0.13653	0.866293	370	0	-3.9058
Cd84	18	0.21963	0.59303	1.0	1687	7	-3.585	0.28068	0.26417	0.866293	796	0	-3.585
Gdpd2	18	0.22002	0.59388	1.0	1688	11	-4.0067	0.72231	0.65176	0.924572	2013	0	-4.0067
Pcdhgb7	18	0.22009	0.59405	1.0	1689	7	-3.5917	0.83473	0.79138	0.958809	2353	0	-3.5917
Plxnb3	20	0.22033	0.60484	1.0	1690	12	-3.9957	0.3756	0.33858	0.866293	1068	0	-3.9957
Mfsd11	20	0.22096	0.60579	1.0	1691	9	-3.6047	0.1393	0.14346	0.866293	394	0	-3.6047
Zan	20	0.22118	0.60587	1.0	1692	11	-4.0296	0.99175	0.98675	0.995575	2830	0	-4.0296
Fas	20	0.22118	0.60587	1.0	1693	10	-3.838	0.49445	0.42222	0.86939	1378	0	-3.838
P2ry13	20	0.22172	0.60643	1.0	1694	11	-4.0123	0.39445	0.34661	0.866293	1133	0	-4.0123
Olfr1212	20	0.22172	0.60643	1.0	1695	9	-3.7503	0.55728	0.49953	0.896706	1551	0	-3.7503
Bmpr2	20	0.22185	0.6067	1.0	1696	7	-3.4206	0.45319	0.39543	0.867081	1281	0	-3.4206
Olfr1219	19	0.22186	0.60103	1.0	1697	9	-3.7551	0.17907	0.17867	0.866293	520	0	-3.7551
Cntn3	20	0.22195	0.60693	1.0	1698	8	-3.6703	0.88626	0.84954	0.970034	2497	0	-3.6703
Olfr1080	15	0.22222	0.57947	1.0	1699	7	-3.843	0.96239	0.94653	0.990891	2728	0	-3.843
Mpl	20	0.22323	0.60954	1.0	1700	8	-3.3486	0.18756	0.18575	0.866293	533	0	-3.3486
Lrig2	20	0.2233	0.60993	1.0	1701	12	-3.9414	0.41626	0.35972	0.866293	1171	0	-3.9414
Slc22a4	20	0.2233	0.60993	1.0	1702	12	-3.9953	0.77746	0.71952	0.936424	2186	0	-3.9953
Epgn	20	0.2233	0.60993	1.0	1703	12	-3.9149	0.91892	0.89005	0.97762	2603	0	-3.9149
Cdhr4	20	0.22337	0.61036	1.0	1704	9	-3.6562	0.62067	0.54954	0.899395	1730	0	-3.6562
Tas1r3	20	0.22467	0.61164	1.0	1705	8	-3.6882	0.88626	0.84954	0.970034	2501	0	-3.6882
Hepacam2	18	0.22469	0.60094	1.0	1706	10	-3.9519	0.74138	0.6818	0.926117	2082	0	-3.9519
Ulbp1	20	0.22477	0.61174	1.0	1707	9	-3.8232	0.0495	0.035317	0.66405	141	0	-3.8232
Olfr73	20	0.22493	0.612	1.0	1708	11	-3.9714	0.72267	0.65809	0.924572	2015	0	-3.9714
Olfr835	20	0.22493	0.612	1.0	1709	8	-3.455	0.23155	0.22498	0.866293	664	0	-3.455
Ceacam11	18	0.22508	0.60148	1.0	1710	11	-3.9953	0.50249	0.44568	0.880877	1398	0	-3.9953
Olfr1013	18	0.22508	0.60148	1.0	1711	11	-4.027	0.7758	0.72111	0.937215	2175	0	-4.027
Vldlr	20	0.22529	0.61206	1.0	1712	9	-3.7598	0.5232	0.4613	0.895048	1467	0	-3.7598
Sppl2a	20	0.22567	0.61267	1.0	1713	7	-3.7832	0.79381	0.73539	0.943567	2230	0	-3.7832
Cd2	20	0.22588	0.61314	1.0	1714	9	-3.4236	0.074063	0.065784	0.813139	215	0	-3.4236
Slco1a5	20	0.22649	0.61327	1.0	1715	11	-3.9153	0.75916	0.68957	0.926117	2132	0	-3.9153
Olfr577	20	0.22655	0.61327	1.0	1716	9	-3.7662	0.28642	0.27379	0.866293	807	0	-3.7662
Gsg1l2	20	0.22669	0.61346	1.0	1717	11	-4.0272	0.77746	0.71952	0.936424	2196	0	-4.0272
Ms4a6c	20	0.22669	0.6137	1.0	1718	8	-3.4059	0.29661	0.28134	0.866293	837	0	-3.4059
Phex	19	0.22709	0.6095	1.0	1719	9	-3.7936	0.84593	0.80281	0.958809	2380	0	-3.7936
Adam8	20	0.22718	0.61459	1.0	1720	12	-4.0001	0.89671	0.86359	0.973615	2533	0	-4.0001
D430019H16Rik	18	0.2273	0.60544	1.0	1721	9	-3.8557	0.19474	0.18475	0.866293	544	0	-3.8557
Olfr495	20	0.22744	0.61568	1.0	1722	11	-4.0676	0.77058	0.70786	0.935616	2165	0	-4.0676
Itga8	18	0.22751	0.60617	1.0	1723	9	-3.9555	0.64916	0.57347	0.899395	1813	0	-3.9555
Tecta	20	0.22795	0.61693	1.0	1724	10	-3.8557	0.66851	0.59175	0.905623	1860	0	-3.8557
Olfr262	20	0.22894	0.61821	1.0	1725	10	-3.9469	0.32919	0.30467	0.866293	943	0	-3.9469
Olfr1510	20	0.2292	0.61854	1.0	1726	5	-3.0036	0.26103	0.25703	0.866293	739	0	-3.0036
Psg19	18	0.2297	0.61103	1.0	1727	6	-3.5555	0.51078	0.4558	0.895048	1425	0	-3.5555
Csmd1	20	0.22973	0.61866	1.0	1728	12	-3.9262	0.60659	0.5293	0.896706	1689	0	-3.9262
Gpr87	20	0.22973	0.61866	1.0	1729	12	-3.929	0.34827	0.31607	0.866293	991	0	-3.929
Abca12	20	0.22991	0.61917	1.0	1730	8	-3.7053	0.46119	0.39792	0.867081	1291	0	-3.7053
Il9r	20	0.23028	0.61991	1.0	1731	9	-3.6048	0.64591	0.56997	0.899395	1791	0	-3.6048
Gm36028	18	0.23031	0.61215	1.0	1732	11	-3.9633	0.33681	0.30244	0.866293	960	0	-3.9633
Slco6d1	20	0.23034	0.62024	1.0	1733	10	-3.8554	0.4689	0.40163	0.867081	1317	0	-3.8554
Igsf3	20	0.23075	0.62047	1.0	1734	9	-3.709	0.56849	0.50592	0.896706	1599	0	-3.709
Aplnr	18	0.23078	0.61308	1.0	1735	9	-3.9236	0.14092	0.14047	0.866293	406	0	-3.9236
Olfr437	20	0.23119	0.62066	1.0	1736	11	-3.9454	0.85769	0.81321	0.963184	2416	0	-3.9454
Cd300a	18	0.23173	0.61434	1.0	1737	9	-3.8901	0.37348	0.3227	0.866293	1066	0	-3.8901
Olfr1232	20	0.23179	0.62133	1.0	1738	12	-3.9238	0.39445	0.34661	0.866293	1123	0	-3.9238
Daglb	19	0.23186	0.61515	1.0	1739	10	-3.8677	0.71032	0.64569	0.924572	1986	0	-3.8677
Olfr668	20	0.23285	0.62244	1.0	1740	10	-3.8314	0.1393	0.14346	0.866293	399	0	-3.8314
Olfr65	20	0.23288	0.62265	1.0	1741	9	-3.7022	0.981	0.97274	0.993954	2795	0	-3.7022
Olfr1097	18	0.23288	0.61563	1.0	1742	7	-3.6137	0.20275	0.19366	0.866293	570	0	-3.6137
Mc4r	18	0.23297	0.61598	1.0	1743	7	-3.8057	0.84782	0.80695	0.96014	2394	0	-3.8057
Adora2a	20	0.23298	0.62324	1.0	1744	11	-3.9734	0.11298	0.098748	0.837456	328	0	-3.9734
H2-Bl	20	0.23395	0.62455	1.0	1745	11	-3.9879	0.25023	0.24514	0.866293	707	0	-3.9879
Tspan31	20	0.23414	0.62465	1.0	1746	10	-3.9386	0.61285	0.53717	0.899395	1708	0	-3.9386
Efnb2	18	0.23507	0.62238	1.0	1747	9	-3.6983	0.061712	0.05277	0.802217	176	0	-3.6983
Scarf2	20	0.23524	0.62619	1.0	1748	12	-4.0156	0.89671	0.86359	0.973615	2535	0	-4.0156
Pqlc2	20	0.23524	0.62619	1.0	1749	12	-3.9189	0.91151	0.87966	0.974064	2586	0	-3.9189
H2-M5	20	0.23524	0.62619	1.0	1750	12	-4.02	0.86856	0.82982	0.968006	2444	0	-4.02
Pcdhb6	20	0.2353	0.62652	1.0	1751	9	-3.7537	0.28642	0.27379	0.866293	818	0	-3.7537
Dpp4	19	0.23574	0.6214	1.0	1752	10	-3.985	0.26714	0.25898	0.866293	754	0	-3.985
Chl1	20	0.2362	0.62722	1.0	1753	7	-3.6968	0.19543	0.19061	0.866293	557	0	-3.6968
Gpr61	20	0.23666	0.62757	1.0	1754	9	-3.6197	0.48364	0.41142	0.867081	1346	0	-3.6197
Lpar1	20	0.23697	0.62776	1.0	1755	7	-3.7358	0.79952	0.74218	0.943567	2238	0	-3.7358
Olfr1424	20	0.23703	0.62793	1.0	1756	10	-3.8171	0.43308	0.38033	0.866293	1233	0	-3.8171
Atp4b	20	0.23729	0.6288	1.0	1757	10	-3.8265	0.5312	0.47143	0.896706	1491	0	-3.8265
F3	20	0.23736	0.62891	1.0	1758	10	-3.8064	0.068329	0.058147	0.813139	200	0	-3.8064
Gpr62	20	0.23848	0.63038	1.0	1759	10	-3.9022	0.33902	0.31168	0.866293	962	0	-3.9022
Olfr850	20	0.23861	0.63104	1.0	1760	12	-3.916	0.091975	0.080566	0.813139	273	0	-3.916
Mansc1	20	0.23861	0.63104	1.0	1761	12	-3.939	0.67468	0.60179	0.905623	1874	0	-3.939
Olfr478	20	0.23876	0.63161	1.0	1762	10	-3.8488	0.51332	0.44432	0.880877	1433	0	-3.8488
Flvcr2	20	0.23991	0.63329	1.0	1763	9	-3.5672	0.79952	0.74218	0.943567	2243	0	-3.5672
Vmn1r226	20	0.24005	0.63392	1.0	1764	9	-3.8424	0.9339	0.91089	0.984375	2642	0	-3.8424
Lifr	20	0.2401	0.63401	1.0	1765	9	-3.6579	0.21389	0.20215	0.866293	601	0	-3.6579
Mill2	20	0.24103	0.63456	1.0	1766	9	-3.6967	0.84699	0.80235	0.958809	2383	0	-3.6967
Cdh11	20	0.24144	0.63485	1.0	1767	11	-3.9797	0.96667	0.95298	0.991287	2749	0	-3.9797
Amigo2	18	0.24161	0.6318	1.0	1768	10	-3.9541	0.61593	0.53861	0.899395	1711	0	-3.9541
Gabbr1	20	0.24216	0.63618	1.0	1769	10	-3.9351	0.86469	0.82403	0.966387	2432	0	-3.9351
Cd302	20	0.24216	0.63618	1.0	1770	6	-3.4718	0.9056	0.87415	0.973615	2565	0	-3.4718
Tmem245	18	0.24289	0.63367	1.0	1771	10	-3.967	0.56812	0.49257	0.896706	1582	0	-3.967
Olfr1032	18	0.24331	0.63392	1.0	1772	7	-3.5899	0.47698	0.41133	0.867081	1337	0	-3.5899
Tmem161a	18	0.24353	0.63397	1.0	1773	8	-3.541	0.071804	0.065103	0.813139	208	0	-3.541
Ano2	20	0.2436	0.63778	1.0	1774	11	-3.9714	0.19543	0.19061	0.866293	549	0	-3.9714
Slc6a20a	20	0.2436	0.63778	1.0	1775	10	-3.8014	0.65467	0.5762	0.899395	1819	0	-3.8014
Tmprss15	18	0.24408	0.63432	1.0	1776	8	-3.6003	0.96318	0.95067	0.990891	2734	0	-3.6003
Olfr1028	20	0.24423	0.63882	1.0	1777	6	-3.6275	0.9339	0.91089	0.984375	2644	0	-3.6275
Kcnmb3	20	0.24433	0.63937	1.0	1778	12	-3.9102	0.66181	0.58152	0.901288	1847	0	-3.9102
Olfr1084	20	0.24433	0.63937	1.0	1779	12	-3.9192	0.77746	0.71952	0.936424	2185	0	-3.9192
Cfc1	20	0.24433	0.63937	1.0	1780	12	-4.0069	0.043621	0.031475	0.66405	129	0	-4.0069
Siglecg	18	0.24453	0.6347	1.0	1781	10	-4.0109	0.5465	0.48493	0.896706	1532	0	-4.0109
Olfr419	20	0.24484	0.64061	1.0	1782	7	-3.7074	0.89262	0.85851	0.971926	2519	0	-3.7074
Olfr1291-ps1	20	0.24516	0.64097	1.0	1783	10	-3.7584	0.28642	0.27379	0.866293	806	0	-3.7584
Olfr592	20	0.24573	0.6418	1.0	1784	11	-4.0345	0.62067	0.54954	0.899395	1725	0	-4.0345
Galr3	20	0.24573	0.6418	1.0	1785	11	-4.0521	0.92188	0.89341	0.978235	2606	0	-4.0521
Ptgfrn	20	0.24574	0.64203	1.0	1786	10	-3.9108	0.6877	0.61078	0.905623	1913	0	-3.9108
Olfr679	20	0.24579	0.64215	1.0	1787	4	-3.2825	0.10073	0.086208	0.813139	280	0	-3.2825
Cxadr	20	0.24592	0.64215	1.0	1788	10	-3.8646	0.12755	0.1295	0.866293	360	0	-3.8646
Olfr671	20	0.24702	0.64282	1.0	1789	11	-3.8798	0.085278	0.074865	0.813139	244	0	-3.8798
Olfr178	20	0.24732	0.64365	1.0	1790	4	-3.2645	0.25023	0.24514	0.866293	703	0	-3.2645
Kit	20	0.24789	0.64493	1.0	1791	10	-3.8441	0.6877	0.61078	0.905623	1908	0	-3.8441
Slc33a1	20	0.24792	0.64516	1.0	1792	8	-3.7698	0.44298	0.3892	0.867081	1262	0	-3.7698
Duox2	20	0.24797	0.64533	1.0	1793	10	-3.7979	0.60038	0.52631	0.896706	1670	0	-3.7979
Olfr69	20	0.2483	0.64563	1.0	1794	8	-3.4294	0.21389	0.20215	0.866293	612	0	-3.4294
Cldn8	19	0.24848	0.64347	1.0	1795	7	-3.5964	0.10764	0.094967	0.837456	309	0	-3.5964
Olfr181	16	0.24866	0.62778	1.0	1796	8	-3.8393	0.42934	0.36421	0.866293	1222	0	-3.8393
Slc44a5	20	0.24871	0.64605	1.0	1797	10	-3.8354	0.11298	0.098748	0.837456	322	0	-3.8354
Pcdhb13	20	0.24884	0.64687	1.0	1798	10	-3.9106	0.99606	0.9933	0.997446	2845	0	-3.9106
Klrg1	20	0.25011	0.64836	1.0	1799	11	-3.9804	0.9654	0.95132	0.990891	2741	0	-3.9804
Gm14085	20	0.25011	0.64836	1.0	1800	7	-3.6032	0.30654	0.28885	0.866293	867	0	-3.6032
Slc6a4	19	0.25049	0.64512	1.0	1801	9	-3.843	0.57409	0.50752	0.896706	1607	0	-3.843
H2-Eb2	20	0.25057	0.6492	1.0	1802	12	-3.9336	0.20391	0.19553	0.866293	573	0	-3.9336
Sstr1	20	0.25057	0.6492	1.0	1803	12	-3.9549	0.41626	0.35972	0.866293	1183	0	-3.9549
Slc26a2	20	0.25082	0.65007	1.0	1804	11	-4.0155	0.22257	0.21208	0.866293	627	0	-4.0155
Hcrtr2	20	0.25082	0.65007	1.0	1805	11	-3.999	0.50401	0.43179	0.873969	1420	0	-3.999
Olfr310	18	0.25221	0.64476	1.0	1806	6	-3.7206	0.51969	0.46392	0.896706	1454	0	-3.7206
Il18r1	19	0.25233	0.64779	1.0	1807	9	-3.8194	0.23936	0.23574	0.866293	671	0	-3.8194
Tspan33	20	0.2526	0.65303	1.0	1808	9	-3.612	0.4052	0.35185	0.866293	1157	0	-3.612
Olfr589	20	0.25263	0.65362	1.0	1809	6	-3.4096	0.11298	0.098748	0.837456	314	0	-3.4096
Gm13723	20	0.25316	0.65436	1.0	1810	10	-3.8655	0.77746	0.71952	0.936424	2193	0	-3.8655
Il1r1	20	0.2536	0.65555	1.0	1811	8	-3.6468	0.81012	0.75726	0.951145	2279	0	-3.6468
Htr2a	20	0.25387	0.65611	1.0	1812	11	-3.9952	0.24082	0.23599	0.866293	690	0	-3.9952
Olfr1446	20	0.25387	0.65611	1.0	1813	11	-4.0175	0.26103	0.25703	0.866293	738	0	-4.0175
Abcc12	20	0.25414	0.65674	1.0	1814	10	-3.8074	0.39445	0.34661	0.866293	1129	0	-3.8074
Cd151	20	0.25444	0.65695	1.0	1815	9	-3.5258	0.29661	0.28134	0.866293	833	0	-3.5258
Lpar3	20	0.25449	0.65715	1.0	1816	10	-3.8155	0.11298	0.098748	0.837456	334	0	-3.8155
Ncstn	20	0.25488	0.65753	1.0	1817	9	-3.7366	0.24082	0.23599	0.866293	679	0	-3.7366
Olfr1241	20	0.25488	0.65753	1.0	1818	10	-3.9291	0.007124	0.0041	0.468713	22	0	-3.9291
Gpr65	20	0.25538	0.65768	1.0	1819	10	-3.6329	0.32919	0.30467	0.866293	939	0	-3.6329
Mpzl2	20	0.25538	0.65768	1.0	1820	11	-3.9954	0.95804	0.94259	0.990891	2716	0	-3.9954
Olfr1202	18	0.25562	0.64792	1.0	1821	9	-3.8609	0.9602	0.94566	0.990891	2725	0	-3.8609
Olfr74	20	0.2559	0.65802	1.0	1822	6	-3.6073	0.66181	0.58152	0.901288	1837	0	-3.6073
Pcdhb2	20	0.25621	0.65944	1.0	1823	11	-4.0202	0.74561	0.68052	0.926117	2087	0	-4.0202
Olfr847	18	0.25714	0.64928	1.0	1824	8	-3.8169	0.21961	0.21535	0.866293	617	0	-3.8169
Kitl	16	0.25718	0.63549	1.0	1825	5	-3.5666	0.15309	0.15281	0.866293	431	0	-3.5666
Adrb2	20	0.25734	0.66261	1.0	1826	11	-3.9917	0.69826	0.62129	0.906861	1953	0	-3.9917
Scn7a	20	0.25734	0.66261	1.0	1827	11	-4.0459	0.53963	0.48021	0.896706	1514	0	-4.0459
Ptger2	20	0.25739	0.66279	1.0	1828	9	-3.6978	0.1393	0.14346	0.866293	385	0	-3.6978
Slitrk5	18	0.25743	0.64984	1.0	1829	9	-3.8873	0.61593	0.53861	0.899395	1709	0	-3.8873
Olfr1309	20	0.25761	0.66302	1.0	1830	9	-3.6718	0.20391	0.19553	0.866293	575	0	-3.6718
Duoxa1	20	0.25845	0.66389	1.0	1831	10	-3.9515	0.54814	0.49095	0.896706	1536	0	-3.9515
Adam7	20	0.25849	0.6641	1.0	1832	9	-3.5987	0.0495	0.035317	0.66405	144	0	-3.5987
Pcdhb4	20	0.25921	0.66441	1.0	1833	9	-3.6974	0.60038	0.52631	0.896706	1666	0	-3.6974
H2-M10.2	20	0.25928	0.66521	1.0	1834	10	-3.8567	0.66181	0.58152	0.901288	1845	0	-3.8567
Gpr101	20	0.25928	0.66521	1.0	1835	9	-3.7985	0.24082	0.23599	0.866293	685	0	-3.7985
Taar9	19	0.25943	0.6573	1.0	1836	10	-3.886	0.42644	0.37479	0.866293	1211	0	-3.886
Slc15a3	20	0.25945	0.66604	1.0	1837	9	-3.7983	0.23155	0.22498	0.866293	658	0	-3.7983
Olfr1497	19	0.26088	0.65914	1.0	1838	6	-3.3699	0.566	0.50456	0.896706	1577	0	-3.3699
Ugt8a	20	0.26091	0.66722	1.0	1839	10	-3.8397	0.86037	0.81765	0.963581	2421	0	-3.8397
Olfr1223	20	0.26118	0.6675	1.0	1840	11	-4.0377	0.87655	0.83914	0.969203	2474	0	-4.0377
Cd300ld	20	0.26151	0.66785	1.0	1841	10	-3.8744	0.99775	0.99624	0.999392	2849	0	-3.8744
Olfr624	20	0.26193	0.66829	1.0	1842	10	-3.9301	0.67974	0.60581	0.905623	1901	0	-3.9301
Taar2	20	0.26263	0.66903	1.0	1843	10	-3.8268	0.14676	0.15042	0.866293	412	0	-3.8268
Dlk1	20	0.26263	0.66903	1.0	1844	10	-3.8377	0.75916	0.68957	0.926117	2127	0	-3.8377
Taar1	19	0.26316	0.66229	1.0	1845	9	-3.7152	0.26714	0.25898	0.866293	755	0	-3.7152
Izumo1r	20	0.2639	0.67032	1.0	1846	11	-4.0054	0.78913	0.72899	0.93891	2219	0	-4.0054
Fgfr4	20	0.26457	0.67085	1.0	1847	10	-3.9011	0.50401	0.43179	0.873969	1413	0	-3.9011
H2-M10.4	20	0.26489	0.67102	1.0	1848	9	-3.655	0.93802	0.9172	0.986009	2659	0	-3.655
Slc22a30	19	0.26578	0.66471	1.0	1849	8	-3.74	0.31566	0.29289	0.866293	884	0	-3.74
Olfr1015	20	0.2658	0.67182	1.0	1850	10	-3.9268	0.29661	0.28134	0.866293	827	0	-3.9268
Lrfn3	20	0.26587	0.67215	1.0	1851	11	-3.9831	0.70677	0.63534	0.917888	1979	0	-3.9831
Robo3	20	0.26587	0.67215	1.0	1852	11	-3.9943	0.091975	0.080566	0.813139	260	0	-3.9943
Olfr845	20	0.26587	0.67215	1.0	1853	11	-3.9932	0.77746	0.71952	0.936424	2199	0	-3.9932
Olfr1495	20	0.26588	0.67253	1.0	1854	7	-3.3554	0.14676	0.15042	0.866293	421	0	-3.3554
Tnfsf4	19	0.26612	0.66547	1.0	1855	11	-3.9288	0.30433	0.28591	0.866293	854	0	-3.9288
Cd200r3	19	0.26612	0.66547	1.0	1856	11	-3.9288	0.37907	0.333	0.866293	1088	0	-3.9288
Prtg	20	0.26622	0.6729	1.0	1857	10	-3.8294	0.11298	0.098748	0.837456	311	0	-3.8294
Ptprs	20	0.26727	0.67425	1.0	1858	10	-3.9319	0.96987	0.95751	0.991287	2758	0	-3.9319
Olfr569	18	0.26763	0.66259	1.0	1859	8	-3.4414	0.4342	0.36992	0.866293	1242	0	-3.4414
Lmbr1	20	0.26836	0.67521	1.0	1860	8	-3.3699	0.3664	0.3303	0.866293	1042	0	-3.3699
Pcdhb5	20	0.26903	0.67587	1.0	1861	8	-3.627	0.021228	0.019915	0.66405	57	0	-3.627
Olfr447	20	0.2695	0.67811	1.0	1862	11	-4.014	0.46119	0.39792	0.867081	1301	0	-4.014
Gfy	20	0.2695	0.67811	1.0	1863	10	-3.936	0.98519	0.97676	0.994866	2807	0	-3.936
Pvr	20	0.2695	0.67811	1.0	1864	10	-3.9797	0.64591	0.56997	0.899395	1801	0	-3.9797
Tex101	20	0.2695	0.67811	1.0	1865	10	-3.9051	0.63668	0.56458	0.899395	1779	0	-3.9051
Cd300ld2	20	0.26987	0.67832	1.0	1866	10	-3.82	0.81563	0.76778	0.955295	2292	0	-3.82
Selplg	20	0.26987	0.67832	1.0	1867	10	-3.7289	0.49445	0.42222	0.86939	1384	0	-3.7289
Olfr720	20	0.27016	0.67916	1.0	1868	10	-3.8424	0.085278	0.074865	0.813139	240	0	-3.8424
Dsg1a	19	0.27034	0.67011	1.0	1869	8	-3.6542	0.19478	0.18813	0.866293	545	0	-3.6542
Nmur1	20	0.27035	0.67968	1.0	1870	9	-3.7261	0.66851	0.59175	0.905623	1857	0	-3.7261
Itga10	18	0.27155	0.66626	1.0	1871	8	-3.7119	0.62981	0.55418	0.899395	1748	0	-3.7119
Otop2	20	0.27185	0.68025	1.0	1872	11	-3.9051	0.23155	0.22498	0.866293	657	0	-3.9051
Spn	20	0.2723	0.68071	1.0	1873	11	-3.9172	0.20391	0.19553	0.866293	577	0	-3.9172
Olfr498	19	0.2725	0.67283	1.0	1874	11	-3.9288	0.20437	0.19431	0.866293	587	0	-3.9288
Cd40lg	20	0.27254	0.68079	1.0	1875	9	-3.8178	0.75201	0.68475	0.926117	2101	0	-3.8178
Olfr1111	20	0.27269	0.68101	1.0	1876	8	-3.6674	0.31749	0.29769	0.866293	891	0	-3.6674
Mfsd2b	20	0.27269	0.68101	1.0	1877	10	-3.8728	0.20391	0.19553	0.866293	574	0	-3.8728
Dcc	20	0.27272	0.68167	1.0	1878	11	-3.9981	0.33902	0.31168	0.866293	981	0	-3.9981
Olfr1452-ps1	20	0.27277	0.68177	1.0	1879	7	-3.6189	0.5232	0.4613	0.895048	1471	0	-3.6189
Olfr92	20	0.27402	0.68264	1.0	1880	7	-3.4107	0.16348	0.15709	0.866293	469	0	-3.4107
Olfr1289	20	0.27472	0.68309	1.0	1881	10	-3.8856	0.33902	0.31168	0.866293	965	0	-3.8856
Fasl	20	0.27475	0.68325	1.0	1882	9	-3.7398	0.69826	0.62129	0.906861	1955	0	-3.7398
Olfr516	15	0.27523	0.65566	1.0	1883	4	-3.5731	0.15721	0.1514	0.866293	452	0	-3.5731
Mme	20	0.2753	0.68378	1.0	1884	10	-3.8556	0.6877	0.61078	0.905623	1916	0	-3.8556
Pam	20	0.27561	0.68419	1.0	1885	7	-3.52	0.11298	0.098748	0.837456	313	0	-3.52
Tlr1	18	0.27651	0.67247	1.0	1886	5	-3.1873	0.31108	0.28534	0.866293	877	0	-3.1873
Rhbdl2	20	0.27696	0.68511	1.0	1887	10	-3.8697	0.53963	0.48021	0.896706	1513	0	-3.8697
Lrit3	20	0.27696	0.68511	1.0	1888	11	-3.988	0.56849	0.50592	0.896706	1587	0	-3.988
Slc7a14	20	0.27737	0.68579	1.0	1889	11	-3.9027	0.39445	0.34661	0.866293	1118	0	-3.9027
Tmem63b	20	0.27759	0.68667	1.0	1890	8	-3.4436	0.62067	0.54954	0.899395	1735	0	-3.4436
Olfr506	19	0.27788	0.68008	1.0	1891	6	-3.4837	0.64969	0.57475	0.899395	1816	0	-3.4837
Olfr843	20	0.27793	0.6868	1.0	1892	10	-3.8671	0.18756	0.18575	0.866293	537	0	-3.8671
Gabrb2	20	0.27812	0.6869	1.0	1893	11	-3.9143	0.9056	0.87415	0.973615	2566	0	-3.9143
Olfr854	20	0.27826	0.68713	1.0	1894	11	-3.9916	0.75916	0.68957	0.926117	2123	0	-3.9916
Olfr218	20	0.27857	0.68732	1.0	1895	8	-3.3471	0.057232	0.042961	0.709724	172	0	-3.3471
Slc38a4	20	0.27964	0.68852	1.0	1896	7	-3.4795	0.33902	0.31168	0.866293	973	0	-3.4795
Slc13a3	20	0.28085	0.68907	1.0	1897	6	-3.292	0.90019	0.86765	0.973615	2540	0	-3.292
Vmn1r68	16	0.28113	0.66571	1.0	1898	8	-3.7571	0.16676	0.16092	0.866293	476	0	-3.7571
Tm4sf20	20	0.2815	0.68988	1.0	1899	9	-3.7928	0.86037	0.81765	0.963581	2426	0	-3.7928
Lrrn1	20	0.2817	0.69026	1.0	1900	6	-3.3017	0.43308	0.38033	0.866293	1225	0	-3.3017
Htr1b	16	0.28194	0.66687	1.0	1901	8	-3.8893	0.32183	0.28417	0.866293	926	0	-3.8893
Rho	20	0.28201	0.69033	1.0	1902	11	-3.9871	0.90855	0.8767	0.973615	2571	0	-3.9871
Cxcr4	20	0.28201	0.69033	1.0	1903	10	-3.9423	0.3664	0.3303	0.866293	1052	0	-3.9423
Sema6b	20	0.28208	0.6908	1.0	1904	10	-3.8534	0.9339	0.91089	0.984375	2641	0	-3.8534
Gpr171	18	0.28221	0.67873	1.0	1905	8	-3.7213	0.44836	0.37922	0.866293	1275	0	-3.7213
Olfr109	20	0.283	0.69152	1.0	1906	9	-3.6139	0.17033	0.16239	0.866293	488	0	-3.6139
Ncr1	20	0.28398	0.69281	1.0	1907	11	-3.9718	0.48364	0.41142	0.867081	1341	0	-3.9718
Steap4	20	0.28398	0.69281	1.0	1908	11	-3.7971	0.1553	0.15371	0.866293	450	0	-3.7971
Slc12a5	20	0.28406	0.69321	1.0	1909	10	-3.6914	0.021228	0.019915	0.66405	58	0	-3.6914
Slc30a1	20	0.28406	0.69321	1.0	1910	9	-3.843	0.53963	0.48021	0.896706	1515	0	-3.843
Dgcr2	6	0.28435	0.55759	1.0	1911	3	-3.7315	0.71742	0.67409	0.925778	2010	0	-3.7315
Pcdhb17	20	0.28447	0.69393	1.0	1912	9	-3.8501	0.65467	0.5762	0.899395	1831	0	-3.8501
Prlr	19	0.2851	0.68763	1.0	1913	10	-4.0293	0.64297	0.56429	0.899395	1786	0	-4.0293
Ggt1	20	0.28535	0.69439	1.0	1914	8	-3.5764	0.79952	0.74218	0.943567	2236	0	-3.5764
Olfr666	18	0.28546	0.68262	1.0	1915	8	-3.6971	0.16181	0.159	0.866293	455	0	-3.6971
H2-DMb1	20	0.28554	0.69479	1.0	1916	10	-3.8921	0.6877	0.61078	0.905623	1910	0	-3.8921
Tgfa	19	0.286	0.68873	1.0	1917	7	-3.6023	0.095946	0.082837	0.813139	275	0	-3.6023
Olfr1494	19	0.28625	0.68924	1.0	1918	11	-3.9569	0.59403	0.52004	0.896706	1662	0	-3.9569
Abcb1b	20	0.28652	0.6956	1.0	1919	8	-3.3826	0.42586	0.37133	0.866293	1208	0	-3.3826
Olfr557	20	0.28655	0.69569	1.0	1920	10	-3.8423	0.90855	0.8767	0.973615	2570	0	-3.8423
Fpr2	20	0.28667	0.69599	1.0	1921	8	-3.7528	0.79952	0.74218	0.943567	2240	0	-3.7528
Olfr716	20	0.28699	0.69634	1.0	1922	8	-3.7142	0.4689	0.40163	0.867081	1310	0	-3.7142
Olfr556	20	0.28776	0.697	1.0	1923	11	-3.9802	0.27903	0.26927	0.866293	779	0	-3.9802
Olfr1490	20	0.28776	0.697	1.0	1924	11	-3.9636	0.66181	0.58152	0.901288	1838	0	-3.9636
Nipal3	20	0.28837	0.69763	1.0	1925	8	-3.5958	0.42909	0.37644	0.866293	1221	0	-3.5958
Chrna7	20	0.28859	0.69848	1.0	1926	11	-4.0054	0.64591	0.56997	0.899395	1795	0	-4.0054
Tgoln1	20	0.2887	0.69884	1.0	1927	8	-3.6408	0.1553	0.15371	0.866293	451	0	-3.6408
Adam32	20	0.28876	0.69924	1.0	1928	10	-3.8557	0.0495	0.035317	0.66405	147	0	-3.8557
Lman2l	20	0.28887	0.69942	1.0	1929	10	-3.7563	0.92188	0.89341	0.978235	2608	0	-3.7563
Atp2b3	20	0.28945	0.69971	1.0	1930	10	-3.8672	0.02837	0.027702	0.66405	85	0	-3.8672
Mfsd2a	20	0.28967	0.70012	1.0	1931	11	-3.938	0.57781	0.51524	0.896706	1623	0	-3.938
Olfr1014	19	0.29042	0.69404	1.0	1932	9	-3.7459	0.90538	0.87493	0.973615	2559	0	-3.7459
Sdk2	19	0.29071	0.69474	1.0	1933	9	-3.6951	0.12157	0.12383	0.866293	346	0	-3.6951
Nrxn1	18	0.29096	0.69252	1.0	1934	8	-3.8424	0.1705	0.16986	0.866293	491	0	-3.8424
Kcnj4	20	0.29099	0.70191	1.0	1935	6	-2.9652	0.44298	0.3892	0.867081	1270	0	-2.9652
Slc16a1	20	0.29156	0.70243	1.0	1936	11	-3.9821	0.55728	0.49953	0.896706	1568	0	-3.9821
Fam171b	20	0.29182	0.7029	1.0	1937	9	-3.7798	0.25023	0.24514	0.866293	709	0	-3.7798
Cxcl16	20	0.29183	0.70309	1.0	1938	7	-3.5108	0.034819	0.029587	0.66405	103	0	-3.5108
Tek	20	0.29257	0.70379	1.0	1939	10	-3.9335	0.75201	0.68475	0.926117	2111	0	-3.9335
Gsg1l	20	0.29329	0.70394	1.0	1940	9	-3.6974	0.69826	0.62129	0.906861	1949	0	-3.6974
Olfr749	20	0.29349	0.70403	1.0	1941	8	-3.6584	0.96253	0.94833	0.990891	2731	0	-3.6584
Vmn1r229	20	0.29353	0.70423	1.0	1942	9	-3.7795	0.22257	0.21208	0.866293	636	0	-3.7795
Olfr1509	20	0.29425	0.70477	1.0	1943	10	-3.7343	0.1393	0.14346	0.866293	398	0	-3.7343
Olfr1230	18	0.29438	0.69667	1.0	1944	10	-3.9345	0.61593	0.53861	0.899395	1710	0	-3.9345
Evi2a	17	0.29449	0.69167	1.0	1945	10	-3.9519	0.96557	0.95267	0.991287	2745	0	-3.9519
Olfr1491	20	0.29678	0.70773	1.0	1946	9	-3.5506	0.0495	0.035317	0.66405	137	0	-3.5506
Prn	5	0.29687	0.54145	1.0	1947	3	-4.1537	0.60952	0.57443	0.899395	1694	0	-4.1537
Itga1	20	0.29708	0.70812	1.0	1948	10	-3.8091	0.61285	0.53717	0.899395	1698	0	-3.8091
Reck	20	0.29708	0.70812	1.0	1949	8	-3.6401	0.12755	0.1295	0.866293	366	0	-3.6401
Efnb3	19	0.29781	0.70234	1.0	1950	9	-3.7173	0.05445	0.041315	0.709724	159	0	-3.7173
Clec2g	20	0.29831	0.70892	1.0	1951	9	-3.6769	0.93148	0.90753	0.982837	2638	0	-3.6769
Csf2rb2	20	0.29848	0.70915	1.0	1952	9	-3.765	0.55728	0.49953	0.896706	1560	0	-3.765
Nrg1	20	0.29873	0.70921	1.0	1953	10	-3.8529	0.83464	0.79168	0.958809	2350	0	-3.8529
Vmn1r233	19	0.29942	0.70346	1.0	1954	11	-4.0073	0.041486	0.030051	0.66405	122	0	-4.0073
Cdh5	20	0.29972	0.70967	1.0	1955	11	-3.9495	0.074063	0.065784	0.813139	220	0	-3.9495
Olfr981	20	0.29998	0.70985	1.0	1956	10	-3.8783	0.51332	0.44432	0.880877	1438	0	-3.8783
Plp1	20	0.30041	0.71021	1.0	1957	7	-3.5535	0.84699	0.80235	0.958809	2384	0	-3.5535
Ccr4	20	0.30046	0.7107	1.0	1958	11	-3.9533	0.56849	0.50592	0.896706	1593	0	-3.9533
Abcb11	20	0.30147	0.71161	1.0	1959	9	-3.816	0.87273	0.83515	0.969203	2454	0	-3.816
Olfr231	19	0.30172	0.70804	1.0	1960	11	-3.9352	0.95746	0.94203	0.990891	2712	0	-3.9352
Olfr1274-ps	20	0.30187	0.71194	1.0	1961	9	-3.6799	0.33902	0.31168	0.866293	982	0	-3.6799
Vsig2	19	0.30254	0.7092	1.0	1962	10	-3.9864	0.075638	0.068649	0.813139	222	0	-3.9864
Tie1	20	0.30288	0.71262	1.0	1963	10	-3.8607	0.001827	1.7322e-06	0.00055	6	0	-3.8607
Olfr424	20	0.30313	0.71298	1.0	1964	5	-3.4937	0.1393	0.14346	0.866293	397	0	-3.4937
Ptprh	20	0.30364	0.71378	1.0	1965	9	-3.7941	0.65467	0.5762	0.899395	1820	0	-3.7941
Chrm3	20	0.30364	0.71378	1.0	1966	9	-3.7754	0.4052	0.35185	0.866293	1152	0	-3.7754
Olfr1155	20	0.30378	0.71397	1.0	1967	11	-3.9565	0.44298	0.3892	0.867081	1258	0	-3.9565
Txndc15	16	0.30487	0.69474	1.0	1968	8	-3.8881	0.14521	0.14318	0.866293	409	0	-3.8881
Stab2	18	0.30547	0.70714	1.0	1969	8	-3.7123	0.32854	0.2934	0.866293	934	0	-3.7123
Icam1	20	0.30548	0.71515	1.0	1970	9	-3.5511	0.65467	0.5762	0.899395	1827	0	-3.5511
Muc16	19	0.30557	0.71263	1.0	1971	11	-3.9189	0.94115	0.92239	0.986556	2665	0	-3.9189
Shisa6	20	0.30645	0.71593	1.0	1972	10	-3.8557	0.4052	0.35185	0.866293	1162	0	-3.8557
Tmprss11e	20	0.30674	0.71614	1.0	1973	11	-3.9203	0.20391	0.19553	0.866293	581	0	-3.9203
Olfr1204	20	0.30759	0.71677	1.0	1974	6	-3.5258	0.1553	0.15371	0.866293	441	0	-3.5258
Gm21970	7	0.30768	0.59839	1.0	1975	3	-3.4911	0.77736	0.7372	0.943567	2183	0	-3.4911
Crtam	20	0.3078	0.71713	1.0	1976	11	-3.9994	0.23155	0.22498	0.866293	647	0	-3.9994
Icam5	20	0.3083	0.71783	1.0	1977	11	-3.9316	0.55728	0.49953	0.896706	1548	0	-3.9316
Sgca	20	0.30922	0.7186	1.0	1978	9	-3.6993	0.77746	0.71952	0.936424	2198	0	-3.6993
Taar5	17	0.31004	0.70817	1.0	1979	6	-3.4129	0.31352	0.28071	0.866293	881	0	-3.4129
Olfr826	11	0.31083	0.66196	1.0	1980	5	-3.7364	0.41324	0.35551	0.866293	1169	0	-3.7364
Cdh19	20	0.31146	0.7207	1.0	1981	11	-3.8378	0.95964	0.94464	0.990891	2721	0	-3.8378
Olfr1101	20	0.31146	0.7207	1.0	1982	11	-3.9851	0.44298	0.3892	0.867081	1260	0	-3.9851
Plxna2	20	0.31159	0.72099	1.0	1983	6	-3.3491	0.25023	0.24514	0.866293	716	0	-3.3491
Btla	20	0.31221	0.72115	1.0	1984	10	-3.8204	0.49445	0.42222	0.86939	1375	0	-3.8204
Slc6a11	20	0.31241	0.72143	1.0	1985	10	-3.8711	0.62879	0.56089	0.899395	1742	0	-3.8711
Olfr434	20	0.31262	0.72244	1.0	1986	7	-3.5568	0.0058023	0.0040965	0.468713	17	0	-3.5568
Gas1	20	0.31267	0.72364	1.0	1987	9	-3.8552	0.64591	0.56997	0.899395	1805	0	-3.8552
Ltb4r2	18	0.31272	0.71564	1.0	1988	8	-3.5261	0.55452	0.4878	0.896706	1547	0	-3.5261
Cd200	18	0.31346	0.71625	1.0	1989	9	-3.8685	0.934	0.91348	0.984375	2647	0	-3.8685
Igsf9	18	0.31419	0.71713	1.0	1990	9	-3.7292	0.21961	0.21535	0.866293	619	0	-3.7292
Olfr700	20	0.31422	0.72416	1.0	1991	11	-3.9964	0.55728	0.49953	0.896706	1552	0	-3.9964
Pcdhb20	20	0.31469	0.72453	1.0	1992	9	-3.839	0.34827	0.31607	0.866293	1005	0	-3.839
Lgr5	19	0.31478	0.72244	1.0	1993	7	-3.7735	0.78829	0.7318	0.942106	2217	0	-3.7735
Gpr142	20	0.31506	0.72536	1.0	1994	4	-3.1271	0.55728	0.49953	0.896706	1555	0	-3.1271
Hrh3	20	0.31542	0.72647	1.0	1995	11	-3.9465	0.97529	0.96606	0.993354	2774	0	-3.9465
Olfr275	19	0.3156	0.72339	1.0	1996	8	-3.5291	0.74139	0.67272	0.924572	2085	0	-3.5291
Olfr1141	20	0.31672	0.72784	1.0	1997	9	-3.7545	0.29661	0.28134	0.866293	828	0	-3.7545
Cd36	18	0.31701	0.71942	1.0	1998	8	-3.627	0.14841	0.14357	0.866293	430	0	-3.627
Mrgprd	20	0.31721	0.7281	1.0	1999	11	-3.9645	0.9032	0.87101	0.973615	2551	0	-3.9645
C130060K24Rik	20	0.31751	0.72903	1.0	2000	9	-3.6711	0.35761	0.32045	0.866293	1025	0	-3.6711
Olfr640	20	0.31778	0.72916	1.0	2001	10	-3.8542	0.1553	0.15371	0.866293	438	0	-3.8542
Slc7a10	20	0.31778	0.72916	1.0	2002	10	-3.9043	0.31749	0.29769	0.866293	913	0	-3.9043
Gpr21	20	0.31779	0.72921	1.0	2003	9	-3.7332	0.11298	0.098748	0.837456	337	0	-3.7332
Gpr17	20	0.31849	0.73009	1.0	2004	9	-3.5244	0.60038	0.52631	0.896706	1674	0	-3.5244
Ms4a6b	19	0.31855	0.72705	1.0	2005	10	-3.8964	0.53887	0.48315	0.896706	1500	0	-3.8964
Slc22a2	19	0.31918	0.72771	1.0	2006	8	-3.6762	0.82334	0.77955	0.958636	2321	0	-3.6762
Tnfsf8	20	0.31934	0.73086	1.0	2007	7	-3.6829	0.89671	0.86359	0.973615	2536	0	-3.6829
Lsamp	20	0.31937	0.73094	1.0	2008	9	-3.7881	0.60038	0.52631	0.896706	1675	0	-3.7881
Igf1r	20	0.32002	0.73144	1.0	2009	10	-3.9057	0.16348	0.15709	0.866293	467	0	-3.9057
Tas2r114	16	0.32016	0.71124	1.0	2010	8	-3.8666	0.5642	0.49151	0.896706	1576	0	-3.8666
Cd44	20	0.32089	0.73278	1.0	2011	9	-3.761	0.33902	0.31168	0.866293	978	0	-3.761
Gpr27	20	0.32089	0.73278	1.0	2012	10	-3.8742	0.31749	0.29769	0.866293	909	0	-3.8742
Tmem67	20	0.32164	0.73294	1.0	2013	8	-3.6972	0.10073	0.086208	0.813139	285	0	-3.6972
Lrrc19	20	0.32176	0.73294	1.0	2014	7	-3.5955	0.65467	0.5762	0.899395	1832	0	-3.5955
Taar8a	18	0.32226	0.72452	1.0	2015	8	-3.8276	0.85864	0.81793	0.963581	2417	0	-3.8276
Slc12a1	20	0.32226	0.73363	1.0	2016	11	-3.9915	0.28642	0.27379	0.866293	816	0	-3.9915
Lrrc25	20	0.32226	0.73363	1.0	2017	11	-3.862	0.9493	0.93194	0.990147	2688	0	-3.862
Slc22a6	20	0.32226	0.73363	1.0	2018	11	-3.9756	0.51332	0.44432	0.880877	1427	0	-3.9756
Slc44a2	20	0.32226	0.73363	1.0	2019	11	-3.911	0.51332	0.44432	0.880877	1430	0	-3.911
Psg20	18	0.32228	0.72524	1.0	2020	8	-3.7034	0.8436	0.80279	0.958809	2378	0	-3.7034
Tas2r117	20	0.32265	0.73403	1.0	2021	6	-3.3274	0.079456	0.071269	0.813139	226	0	-3.3274
Olfr272	19	0.32313	0.7349	1.0	2022	8	-3.5582	0.037534	0.030048	0.66405	109	0	-3.5582
Fcrl1	20	0.32359	0.73532	1.0	2023	10	-3.947	0.85173	0.80668	0.96014	2404	0	-3.947
Sv2b	20	0.32531	0.7362	1.0	2024	10	-3.7147	0.03947	0.031471	0.66405	112	0	-3.7147
Slc41a3	20	0.32553	0.73634	1.0	2025	11	-3.9302	0.83874	0.79483	0.958809	2363	0	-3.9302
Itga3	20	0.32579	0.73676	1.0	2026	8	-3.749	0.64591	0.56997	0.899395	1790	0	-3.749
Tyrp1	20	0.32601	0.73685	1.0	2027	9	-3.8425	0.43308	0.38033	0.866293	1227	0	-3.8425
Sema4b	20	0.32665	0.73767	1.0	2028	6	-3.6151	0.34827	0.31607	0.866293	994	0	-3.6151
Cd3g	20	0.32665	0.73767	1.0	2029	8	-3.6554	0.93148	0.90753	0.982837	2640	0	-3.6554
Sigirr	20	0.32665	0.73767	1.0	2030	9	-3.845	0.56849	0.50592	0.896706	1591	0	-3.845
Hyal5	19	0.32684	0.73857	1.0	2031	7	-3.5089	0.52142	0.46419	0.896706	1457	0	-3.5089
Olfr1195	20	0.32722	0.73846	1.0	2032	10	-3.9277	0.30654	0.28885	0.866293	858	0	-3.9277
Art1	19	0.3274	0.73923	1.0	2033	10	-3.9939	0.64297	0.56429	0.899395	1785	0	-3.9939
Tas2r106	20	0.32795	0.73864	1.0	2034	8	-3.6176	0.24082	0.23599	0.866293	682	0	-3.6176
Gpr137b	18	0.32878	0.73188	1.0	2035	8	-3.7956	0.70829	0.6431	0.924572	1982	0	-3.7956
Slc13a1	18	0.32878	0.73188	1.0	2036	6	-3.604	0.16181	0.159	0.866293	456	0	-3.604
Scnn1b	20	0.32901	0.73954	1.0	2037	9	-3.6619	0.29661	0.28134	0.866293	843	0	-3.6619
Slc39a12	20	0.32932	0.74	1.0	2038	9	-3.7744	0.58465	0.52137	0.896706	1631	0	-3.7744
Gypc	18	0.32939	0.73277	1.0	2039	9	-3.8418	0.066911	0.059801	0.813139	193	0	-3.8418
Olfr721-ps1	18	0.32939	0.73277	1.0	2040	9	-3.937	0.035594	0.028904	0.66405	108	0	-3.937
Chodl	17	0.32941	0.72782	1.0	2041	7	-3.8194	0.96651	0.95363	0.991287	2747	0	-3.8194
Olfr669	20	0.32954	0.74027	1.0	2042	8	-3.6931	0.34827	0.31607	0.866293	1002	0	-3.6931
Olfr1425	20	0.3301	0.74116	1.0	2043	7	-3.7056	0.33902	0.31168	0.866293	967	0	-3.7056
Itln1	20	0.33048	0.74131	1.0	2044	10	-3.9262	0.03947	0.031471	0.66405	119	0	-3.9262
Gpc2	12	0.33092	0.6885	1.0	2045	4	-3.5174	0.069404	0.060722	0.813139	206	0	-3.5174
Olfr1216	19	0.33092	0.74156	1.0	2046	10	-3.948	0.81097	0.7665	0.955295	2288	0	-3.948
Tmeff2	19	0.33092	0.74156	1.0	2047	10	-3.985	0.74139	0.67272	0.924572	2086	0	-3.985
Adam9	18	0.33122	0.73534	1.0	2048	9	-3.8664	0.81061	0.76382	0.954947	2285	0	-3.8664
Cd53	20	0.3321	0.74307	1.0	2049	9	-3.4788	0.69826	0.62129	0.906861	1951	0	-3.4788
Ptchd3	20	0.3321	0.74307	1.0	2050	10	-3.753	0.715	0.6491	0.924572	1995	0	-3.753
Olfr19	20	0.33214	0.74334	1.0	2051	11	-3.9298	0.88626	0.84954	0.970034	2499	0	-3.9298
Gpr82	20	0.33272	0.74382	1.0	2052	11	-3.9332	0.6877	0.61078	0.905623	1919	0	-3.9332
Lilr4b	20	0.33403	0.74501	1.0	2053	7	-3.3291	0.77058	0.70786	0.935616	2163	0	-3.3291
Grm6	20	0.33403	0.74501	1.0	2054	8	-3.6027	0.69826	0.62129	0.906861	1946	0	-3.6027
Olfr1066	20	0.33497	0.74656	1.0	2055	8	-3.5027	0.41626	0.35972	0.866293	1179	0	-3.5027
Olfr1006	18	0.33593	0.74049	1.0	2056	10	-3.9503	0.90538	0.87535	0.973615	2558	0	-3.9503
Slc12a6	5	0.33597	0.58459	1.0	2057	2	-3.0595	0.41109	0.36954	0.866293	1168	0	-3.0595
Slc23a2	20	0.33636	0.74819	1.0	2058	7	-3.5532	0.84258	0.79755	0.958809	2375	0	-3.5532
Rprm	17	0.33647	0.7365	1.0	2059	8	-3.845	0.32151	0.28931	0.866293	925	0	-3.845
Slc22a13b-ps	18	0.33664	0.74134	1.0	2060	8	-3.7013	0.91815	0.89374	0.978235	2597	0	-3.7013
Slitrk4	20	0.33665	0.74849	1.0	2061	11	-3.9379	0.7654	0.69763	0.930788	2139	0	-3.9379
Vmn1r184	20	0.337	0.74869	1.0	2062	5	-3.6369	0.73947	0.67289	0.924572	2078	0	-3.6369
Olfr1256	20	0.3387	0.75016	1.0	2063	10	-3.8232	0.51332	0.44432	0.880877	1435	0	-3.8232
Klre1	20	0.3387	0.75033	1.0	2064	10	-3.8446	0.34827	0.31607	0.866293	1006	0	-3.8446
Olfr420	20	0.3387	0.75033	1.0	2065	9	-3.5683	0.30654	0.28885	0.866293	857	0	-3.5683
Olfr1038-ps	20	0.33968	0.75094	1.0	2066	11	-3.9402	0.60038	0.52631	0.896706	1669	0	-3.9402
Taar8c	12	0.34014	0.69893	1.0	2067	5	-3.703	0.66033	0.61089	0.905623	1836	0	-3.703
Cacng4	20	0.34032	0.75156	1.0	2068	9	-3.764	0.89671	0.86359	0.973615	2532	0	-3.764
Slc26a8	20	0.34051	0.75172	1.0	2069	7	-3.4093	0.21389	0.20215	0.866293	608	0	-3.4093
Slc22a23	20	0.34117	0.75192	1.0	2070	9	-3.8264	0.99142	0.98607	0.995575	2827	0	-3.8264
Slc16a4	20	0.34193	0.75241	1.0	2071	9	-3.8373	0.75916	0.68957	0.926117	2130	0	-3.8373
Sdc2	20	0.34193	0.75241	1.0	2072	8	-3.6572	0.39445	0.34661	0.866293	1120	0	-3.6572
Olfr1512	20	0.34193	0.75253	1.0	2073	8	-3.7119	0.10073	0.086208	0.813139	298	0	-3.7119
Ephb2	20	0.34216	0.75269	1.0	2074	9	-3.7022	0.73947	0.67289	0.924572	2072	0	-3.7022
Vmn1r230	20	0.34301	0.75327	1.0	2075	11	-3.9403	0.78403	0.72546	0.938186	2211	0	-3.9403
Slc1a3	20	0.34301	0.75327	1.0	2076	10	-3.5804	0.21389	0.20215	0.866293	605	0	-3.5804
Olfr1264	20	0.34301	0.75327	1.0	2077	10	-3.8601	0.66181	0.58152	0.901288	1844	0	-3.8601
Adam21	20	0.34319	0.75378	1.0	2078	11	-3.9488	0.0495	0.035317	0.66405	146	0	-3.9488
Cntn4	20	0.34345	0.75409	1.0	2079	7	-3.7502	0.5232	0.4613	0.895048	1469	0	-3.7502
Olfr1156	20	0.34349	0.75414	1.0	2080	8	-3.5245	0.85173	0.80668	0.96014	2402	0	-3.5245
Vmn1r228	19	0.34371	0.75423	1.0	2081	6	-3.7855	0.77687	0.7185	0.936424	2179	0	-3.7855
Tmem184a	13	0.34415	0.7109	1.0	2082	7	-3.9189	0.93531	0.91177	0.984375	2649	0	-3.9189
Gfra2	20	0.34438	0.75453	1.0	2083	7	-3.6931	0.35761	0.32045	0.866293	1032	0	-3.6931
Vmn1r185	20	0.34576	0.75538	1.0	2084	11	-3.9034	0.12755	0.1295	0.866293	365	0	-3.9034
Slc7a2	20	0.34586	0.75553	1.0	2085	9	-3.5291	0.057232	0.042961	0.709724	166	0	-3.5291
Sgcz	20	0.3461	0.75559	1.0	2086	7	-3.2331	0.79952	0.74218	0.943567	2245	0	-3.2331
Gabra3	20	0.34616	0.75559	1.0	2087	7	-3.6769	0.57781	0.51524	0.896706	1618	0	-3.6769
Mdga2	20	0.34617	0.75561	1.0	2088	9	-3.7271	0.32919	0.30467	0.866293	950	0	-3.7271
Scn5a	20	0.34624	0.75574	1.0	2089	11	-3.8896	0.55728	0.49953	0.896706	1564	0	-3.8896
Abca8b	20	0.34661	0.75604	1.0	2090	11	-3.9215	0.44298	0.3892	0.867081	1269	0	-3.9215
Muc1	20	0.34771	0.75699	1.0	2091	9	-3.8178	0.63668	0.56458	0.899395	1776	0	-3.8178
Lrrc4	18	0.34824	0.75126	1.0	2092	8	-3.6898	0.13311	0.13733	0.866293	380	0	-3.6898
Olfr1049	12	0.34826	0.70929	1.0	2093	5	-3.7543	0.35085	0.29807	0.866293	1007	0	-3.7543
Olfr664	20	0.34839	0.75732	1.0	2094	10	-3.9316	0.35761	0.32045	0.866293	1017	0	-3.9316
Olfr1240	20	0.34904	0.75814	1.0	2095	11	-3.954	0.53963	0.48021	0.896706	1523	0	-3.954
Tyro3	17	0.34905	0.74598	1.0	2096	7	-3.6866	0.49972	0.44506	0.880877	1397	0	-3.6866
Robo2	20	0.34969	0.75839	1.0	2097	9	-3.7657	0.32919	0.30467	0.866293	942	0	-3.7657
Cldn19	20	0.34976	0.75879	1.0	2098	11	-3.922	0.89671	0.86359	0.973615	2530	0	-3.922
Olfr490	20	0.3522	0.76226	1.0	2099	7	-3.3508	0.24082	0.23599	0.866293	683	0	-3.3508
Pfpl	20	0.35324	0.76265	1.0	2100	10	-3.9052	0.88301	0.84511	0.969203	2484	0	-3.9052
Tlr3	20	0.35395	0.76322	1.0	2101	11	-3.9387	0.14676	0.15042	0.866293	411	0	-3.9387
Slc35a5	20	0.35456	0.76423	1.0	2102	9	-3.7864	0.67468	0.60179	0.905623	1881	0	-3.7864
Vtcn1	20	0.35582	0.76591	1.0	2103	10	-3.6569	0.54814	0.49095	0.896706	1541	0	-3.6569
Chrm5	18	0.35698	0.76051	1.0	2104	10	-3.932	0.44072	0.37341	0.866293	1254	0	-3.932
Sema6c	20	0.35704	0.76669	1.0	2105	9	-3.839	0.84699	0.80235	0.958809	2391	0	-3.839
Cacng6	18	0.35732	0.76085	1.0	2106	10	-3.8935	0.19474	0.18475	0.866293	543	0	-3.8935
Lamp2	20	0.35772	0.76688	1.0	2107	11	-3.9043	0.89262	0.85851	0.971926	2526	0	-3.9043
Olfr1248	20	0.35848	0.76769	1.0	2108	8	-3.6754	0.51332	0.44432	0.880877	1450	0	-3.6754
Olfr319	19	0.35875	0.7679	1.0	2109	10	-3.8794	0.47691	0.40666	0.867081	1334	0	-3.8794
Emp1	20	0.35884	0.76919	1.0	2110	11	-3.9441	0.92493	0.89694	0.97879	2617	0	-3.9441
Ncam1	20	0.35884	0.76919	1.0	2111	11	-3.9441	0.9785	0.96992	0.993354	2787	0	-3.9441
Olfr980	18	0.35964	0.76193	1.0	2112	6	-3.2979	0.17775	0.17435	0.866293	498	0	-3.2979
Olfr875	20	0.35978	0.77065	1.0	2113	10	-3.9129	0.02837	0.027702	0.66405	77	0	-3.9129
Tmem26	20	0.36023	0.77119	1.0	2114	8	-3.7477	0.28642	0.27379	0.866293	817	0	-3.7477
Olfr804	17	0.36039	0.75563	1.0	2115	8	-3.7544	0.10951	0.11229	0.866293	310	0	-3.7544
Siglech	20	0.36103	0.7716	1.0	2116	9	-3.8527	0.49445	0.42222	0.86939	1387	0	-3.8527
Olfr1002	19	0.36208	0.77103	1.0	2117	7	-3.7069	0.38955	0.33835	0.866293	1114	0	-3.7069
Pkd1l3	20	0.36218	0.77277	1.0	2118	5	-3.6114	0.39445	0.34661	0.866293	1127	0	-3.6114
Gpr19	20	0.36218	0.77277	1.0	2119	9	-3.5617	0.79381	0.73539	0.943567	2232	0	-3.5617
Slc26a3	20	0.36286	0.77328	1.0	2120	9	-3.4788	0.057232	0.042961	0.709724	165	0	-3.4788
Tm4sf4	20	0.36304	0.77362	1.0	2121	11	-3.8856	0.02837	0.027702	0.66405	76	0	-3.8856
Synpr	20	0.36304	0.77362	1.0	2122	11	-3.9073	0.82135	0.77563	0.957151	2314	0	-3.9073
Atg9a	20	0.36321	0.77412	1.0	2123	9	-3.7843	0.32919	0.30467	0.866293	938	0	-3.7843
Lpar5	20	0.36321	0.77412	1.0	2124	6	-3.3931	0.1553	0.15371	0.866293	439	0	-3.3931
Pcdhgb6	14	0.36355	0.74346	1.0	2125	7	-3.9178	0.81258	0.76767	0.955295	2289	0	-3.9178
Spaca4	17	0.3637	0.75753	1.0	2126	8	-3.6366	0.14078	0.13667	0.866293	405	0	-3.6366
Slco2a1	18	0.36373	0.76533	1.0	2127	9	-3.8482	0.63602	0.56444	0.899395	1754	0	-3.8482
Olfr63	20	0.36402	0.77443	1.0	2128	8	-3.748	0.73947	0.67289	0.924572	2066	0	-3.748
Npy5r	20	0.36402	0.77443	1.0	2129	11	-3.8659	0.011079	0.01015	0.66405	37	0	-3.8659
Ptafr	20	0.36471	0.77525	1.0	2130	8	-3.5018	0.55728	0.49953	0.896706	1570	0	-3.5018
Adam12	20	0.36582	0.77644	1.0	2131	9	-3.7027	0.44298	0.3892	0.867081	1268	0	-3.7027
Ptger3	20	0.36627	0.77692	1.0	2132	11	-3.9073	0.32919	0.30467	0.866293	940	0	-3.9073
Prokr2	20	0.36627	0.77692	1.0	2133	11	-3.9348	0.9874	0.98046	0.995302	2812	0	-3.9348
Olfr1261	18	0.36727	0.76974	1.0	2134	8	-3.3798	0.21961	0.21535	0.866293	618	0	-3.3798
M6pr	18	0.36778	0.76991	1.0	2135	8	-3.7638	0.28068	0.26417	0.866293	794	0	-3.7638
Slc26a9	20	0.36801	0.77847	1.0	2136	8	-3.3238	0.44298	0.3892	0.867081	1264	0	-3.3238
Olfr354	19	0.36808	0.77726	1.0	2137	9	-3.8287	0.36072	0.32518	0.866293	1036	0	-3.8287
Lgr4	20	0.36839	0.77893	1.0	2138	11	-3.9078	0.11298	0.098748	0.837456	332	0	-3.9078
Gm15922	11	0.36874	0.71328	1.0	2139	6	-3.9361	0.98416	0.97815	0.995302	2804	0	-3.9361
Izumo1	20	0.36902	0.77994	1.0	2140	8	-3.3897	0.4052	0.35185	0.866293	1147	0	-3.3897
Il10ra	20	0.37005	0.78121	1.0	2141	8	-3.4609	0.70677	0.63534	0.917888	1978	0	-3.4609
Slc37a2	18	0.37079	0.77172	1.0	2142	9	-3.9473	0.31976	0.2893	0.866293	924	0	-3.9473
Olfr1100	20	0.37102	0.78141	1.0	2143	9	-3.6109	0.82683	0.78204	0.958636	2325	0	-3.6109
Scarb1	20	0.37129	0.78148	1.0	2144	6	-3.0545	0.14676	0.15042	0.866293	422	0	-3.0545
Olfr199	20	0.37162	0.78196	1.0	2145	9	-3.5887	0.20391	0.19553	0.866293	582	0	-3.5887
Olfr1029	17	0.37203	0.76356	1.0	2146	8	-3.5731	0.83859	0.79522	0.958809	2356	0	-3.5731
Tnfrsf22	20	0.37266	0.78303	1.0	2147	11	-3.9532	0.98782	0.98082	0.995302	2816	0	-3.9532
Plxnd1	20	0.37266	0.78303	1.0	2148	11	-3.9133	0.57781	0.51524	0.896706	1615	0	-3.9133
Ano1	20	0.37266	0.78303	1.0	2149	11	-3.914	0.46119	0.39792	0.867081	1292	0	-3.914
Drd1	19	0.37307	0.78057	1.0	2150	9	-3.8553	0.81907	0.77639	0.957676	2299	0	-3.8553
Tmem87b	20	0.37312	0.78367	1.0	2151	10	-3.9185	0.81012	0.75726	0.951145	2280	0	-3.9185
Olfr574	18	0.37368	0.77477	1.0	2152	10	-3.8995	0.12061	0.12467	0.866293	343	0	-3.8995
Thsd1	19	0.37389	0.78088	1.0	2153	10	-3.8837	0.60183	0.53247	0.899395	1678	0	-3.8837
Bambi	19	0.37471	0.7812	1.0	2154	8	-3.6366	0.86293	0.82478	0.966871	2430	0	-3.6366
Lrrn4cl	20	0.37581	0.78641	1.0	2155	7	-3.5104	0.021228	0.019915	0.66405	65	0	-3.5104
Lrp2	20	0.37594	0.78649	1.0	2156	10	-3.9295	0.26103	0.25703	0.866293	736	0	-3.9295
Itgam	2	0.37602	0.47977	0.995586	2157	1	-3.8873	0.40393	0.37051	0.866293	1144	0	-3.8873
Olfr1447	20	0.37646	0.78713	1.0	2158	11	-3.9366	0.73947	0.67289	0.924572	2069	0	-3.9366
Omg	20	0.37646	0.78713	1.0	2159	11	-3.8997	0.55728	0.49953	0.896706	1569	0	-3.8997
Dsg4	20	0.37646	0.78713	1.0	2160	11	-3.9302	0.82135	0.77563	0.957151	2310	0	-3.9302
Esam	20	0.37799	0.78853	1.0	2161	8	-3.7289	0.3756	0.33858	0.866293	1081	0	-3.7289
Olfr172	20	0.37903	0.78924	1.0	2162	11	-3.8554	0.87655	0.83914	0.969203	2468	0	-3.8554
Opn1sw	20	0.38026	0.78965	1.0	2163	11	-3.7395	0.715	0.6491	0.924572	1996	0	-3.7395
Ccr5	19	0.38128	0.78584	1.0	2164	8	-3.7665	0.37907	0.333	0.866293	1089	0	-3.7665
Olfr492	20	0.38139	0.7906	1.0	2165	11	-3.8938	0.28642	0.27379	0.866293	808	0	-3.8938
Vsig10l	19	0.38151	0.78616	1.0	2166	10	-3.9519	0.16999	0.16748	0.866293	477	0	-3.9519
Il18rap	20	0.38158	0.7912	1.0	2167	8	-3.5857	0.69826	0.62129	0.906861	1948	0	-3.5857
Gm13762	18	0.38304	0.78225	1.0	2168	8	-3.2999	0.15469	0.14817	0.866293	432	0	-3.2999
Olfr1226	20	0.38372	0.79334	1.0	2169	8	-3.7811	0.64591	0.56997	0.899395	1796	0	-3.7811
Olfr1140	18	0.38386	0.78282	1.0	2170	10	-3.9492	0.17775	0.17435	0.866293	499	0	-3.9492
Gm42416	6	0.38399	0.66536	1.0	2171	2	-3.1542	0.32379	0.27953	0.866293	927	0	-3.1542
Antxrl	20	0.38458	0.79426	1.0	2172	9	-3.7676	0.64591	0.56997	0.899395	1793	0	-3.7676
Galr1	19	0.38478	0.78904	1.0	2173	8	-3.7069	0.37907	0.333	0.866293	1091	0	-3.7069
Bace2	20	0.38484	0.79457	1.0	2174	9	-3.771	0.074063	0.065784	0.813139	217	0	-3.771
Gria3	20	0.3849	0.79468	1.0	2175	10	-3.899	0.81012	0.75726	0.951145	2275	0	-3.899
Chrnd	19	0.38522	0.78915	1.0	2176	7	-3.6291	0.84593	0.80281	0.958809	2381	0	-3.6291
Ceacam14	20	0.38533	0.79499	1.0	2177	8	-3.6581	0.0034852	0.0040965	0.468713	10	0	-3.6581
Btn1a1	20	0.38562	0.79508	1.0	2178	9	-3.7402	0.34827	0.31607	0.866293	995	0	-3.7402
Gria4	20	0.38594	0.79512	1.0	2179	8	-3.5761	0.5928	0.52434	0.896706	1652	0	-3.5761
Chrnb4	20	0.38594	0.79512	1.0	2180	7	-3.7506	0.78403	0.72546	0.938186	2209	0	-3.7506
Tas2r123	20	0.38604	0.79527	1.0	2181	10	-3.8697	0.39445	0.34661	0.866293	1121	0	-3.8697
Tspan8	19	0.38646	0.79013	1.0	2182	9	-3.7255	0.52983	0.47478	0.896706	1480	0	-3.7255
Olfr684	20	0.38682	0.79544	1.0	2183	9	-3.8298	0.9032	0.87101	0.973615	2549	0	-3.8298
Olfr482	20	0.38682	0.79544	1.0	2184	9	-3.8134	0.66851	0.59175	0.905623	1862	0	-3.8134
Il13ra1	20	0.38682	0.79544	1.0	2185	9	-3.8183	0.51332	0.44432	0.880877	1443	0	-3.8183
Tm9sf4	20	0.3872	0.79583	1.0	2186	11	-3.9115	0.33902	0.31168	0.866293	969	0	-3.9115
Olfr713	20	0.38725	0.79613	1.0	2187	6	-3.4372	0.47569	0.40533	0.867081	1329	0	-3.4372
Olfr441	18	0.3874	0.78522	1.0	2188	8	-3.3953	0.4342	0.36992	0.866293	1246	0	-3.3953
Cd3d	18	0.3874	0.78522	1.0	2189	9	-3.8722	0.47698	0.41133	0.867081	1335	0	-3.8722
Olfr834	17	0.39034	0.77978	1.0	2190	6	-3.2219	0.063314	0.057156	0.813139	177	0	-3.2219
Olfr735	20	0.39042	0.79892	1.0	2191	10	-3.8073	0.69826	0.62129	0.906861	1964	0	-3.8073
Sez6l2	20	0.39042	0.79892	1.0	2192	8	-3.8158	0.88301	0.84511	0.969203	2494	0	-3.8158
Prnd	5	0.39107	0.63826	1.0	2193	3	-4.0147	0.57557	0.53804	0.899395	1611	0	-4.0147
H2-Ab1	20	0.39125	0.79933	1.0	2194	10	-3.473	0.67468	0.60179	0.905623	1870	0	-3.473
Olfr583	20	0.39135	0.79951	1.0	2195	8	-3.5775	0.56849	0.50592	0.896706	1588	0	-3.5775
Thsd7a	20	0.39153	0.80029	1.0	2196	11	-3.9061	0.10073	0.086208	0.813139	282	0	-3.9061
Efna4	20	0.39153	0.80029	1.0	2197	11	-3.9061	0.6877	0.61078	0.905623	1930	0	-3.9061
Olfr514	20	0.39153	0.80029	1.0	2198	11	-3.9068	0.81563	0.76778	0.955295	2291	0	-3.9068
Olfr177	20	0.39153	0.80029	1.0	2199	11	-3.9083	0.88301	0.84511	0.969203	2493	0	-3.9083
Plxnc1	20	0.39305	0.80098	1.0	2200	9	-3.5982	0.49445	0.42222	0.86939	1388	0	-3.5982
Olfr694	20	0.39342	0.80116	1.0	2201	4	-3.2044	0.079456	0.071269	0.813139	232	0	-3.2044
Olfr623	20	0.39435	0.80131	1.0	2202	5	-3.5152	0.41626	0.35972	0.866293	1188	0	-3.5152
Chrm4	19	0.39443	0.79631	1.0	2203	10	-3.9131	0.95262	0.93601	0.990891	2696	0	-3.9131
Gabrg1	20	0.39443	0.80146	1.0	2204	10	-3.9347	0.011079	0.01015	0.66405	34	0	-3.9347
Gjc3	20	0.39443	0.80146	1.0	2205	10	-3.9163	0.29661	0.28134	0.866293	834	0	-3.9163
Slco1a6	20	0.39472	0.8019	1.0	2206	9	-3.8385	0.75916	0.68957	0.926117	2131	0	-3.8385
Tas2r136	20	0.39472	0.8019	1.0	2207	9	-3.7536	0.28642	0.27379	0.866293	815	0	-3.7536
Tm9sf2	20	0.39498	0.80206	1.0	2208	9	-3.5712	0.39445	0.34661	0.866293	1135	0	-3.5712
Lysmd3	20	0.39498	0.80206	1.0	2209	9	-3.74	0.49445	0.42222	0.86939	1366	0	-3.74
Ifnar1	20	0.39572	0.8033	1.0	2210	11	-3.9137	0.81012	0.75726	0.951145	2277	0	-3.9137
Atrnl1	20	0.39572	0.8033	1.0	2211	11	-3.8857	0.28642	0.27379	0.866293	810	0	-3.8857
Trp53i13	20	0.39572	0.8033	1.0	2212	11	-3.8513	0.35761	0.32045	0.866293	1027	0	-3.8513
Cd200r2	17	0.39584	0.78321	1.0	2213	8	-3.8623	0.83859	0.79522	0.958809	2357	0	-3.8623
Olfr228	20	0.39611	0.80372	1.0	2214	8	-3.5432	0.085278	0.074865	0.813139	250	0	-3.5432
Ajap1	20	0.39697	0.80451	1.0	2215	9	-3.5677	0.62067	0.54954	0.899395	1728	0	-3.5677
Opn3	20	0.39818	0.80509	1.0	2216	9	-3.6053	0.88626	0.84954	0.970034	2498	0	-3.6053
Slitrk6	20	0.39855	0.80518	1.0	2217	7	-3.4646	0.4689	0.40163	0.867081	1316	0	-3.4646
Tas2r138	18	0.39856	0.79366	1.0	2218	8	-3.7795	0.79364	0.7476	0.946182	2224	0	-3.7795
Igdcc4	20	0.39857	0.80522	1.0	2219	11	-3.8969	0.60659	0.5293	0.896706	1679	0	-3.8969
Gpr35	20	0.39857	0.80522	1.0	2220	11	-3.8809	0.77058	0.70786	0.935616	2159	0	-3.8809
Lrrc52	20	0.39867	0.80543	1.0	2221	10	-3.9232	0.96398	0.95018	0.990891	2736	0	-3.9232
Olfr331	19	0.40059	0.80067	1.0	2222	6	-3.357	0.55921	0.49849	0.896706	1573	0	-3.357
Gpr12	20	0.40061	0.80758	1.0	2223	10	-3.9221	0.4689	0.40163	0.867081	1308	0	-3.9221
Olfr1265	18	0.40113	0.79621	1.0	2224	6	-3.5172	0.24754	0.24381	0.866293	691	0	-3.5172
Slc6a15	20	0.40144	0.80797	1.0	2225	8	-3.6953	0.78913	0.72899	0.93891	2221	0	-3.6953
Nrcam	20	0.40176	0.80813	1.0	2226	9	-3.6778	0.73947	0.67289	0.924572	2075	0	-3.6778
Olfr31	20	0.40186	0.80823	1.0	2227	10	-3.8569	0.92912	0.90437	0.982775	2630	0	-3.8569
Il12rb2	20	0.40186	0.80823	1.0	2228	9	-3.6693	0.91642	0.88634	0.976926	2595	0	-3.6693
Olfr1254	19	0.40205	0.80201	1.0	2229	8	-3.5399	0.9605	0.94529	0.990891	2726	0	-3.5399
Pcdhgc5	18	0.40275	0.79803	1.0	2230	10	-3.9156	0.59012	0.52339	0.896706	1642	0	-3.9156
Olfr502	19	0.40279	0.80225	1.0	2231	10	-3.9011	0.46629	0.3962	0.867081	1304	0	-3.9011
Ldlrad4	20	0.40282	0.80868	1.0	2232	11	-3.882	0.92493	0.89694	0.97879	2616	0	-3.882
Cd74	20	0.40282	0.80868	1.0	2233	11	-3.9263	0.55728	0.49953	0.896706	1559	0	-3.9263
Lhfpl1	20	0.40282	0.80868	1.0	2234	11	-3.8876	0.54814	0.49095	0.896706	1533	0	-3.8876
Lypd5	18	0.40375	0.79966	1.0	2235	8	-3.712	0.5465	0.48493	0.896706	1529	0	-3.712
Slc10a2	20	0.40454	0.81056	1.0	2236	9	-3.6467	0.5312	0.47143	0.896706	1494	0	-3.6467
C5ar1	20	0.4052	0.8109	1.0	2237	7	-3.7846	0.45319	0.39543	0.867081	1280	0	-3.7846
Egfr	20	0.40535	0.81116	1.0	2238	8	-3.5565	0.19543	0.19061	0.866293	556	0	-3.5565
Olfr1191-ps1	18	0.40618	0.80188	1.0	2239	6	-3.2222	0.35396	0.31256	0.866293	1011	0	-3.2222
Slc51b	20	0.40692	0.81281	1.0	2240	10	-3.8742	0.97765	0.96884	0.993354	2783	0	-3.8742
Scarb2	20	0.40713	0.81357	1.0	2241	11	-3.8868	0.86469	0.82403	0.966387	2437	0	-3.8868
Rnf128	18	0.40817	0.80272	1.0	2242	8	-3.74	0.031393	0.027061	0.66405	93	0	-3.74
Ceacam2	20	0.40844	0.81485	1.0	2243	7	-3.3821	0.057232	0.042961	0.709724	169	0	-3.3821
Il4ra	20	0.40917	0.81522	1.0	2244	10	-3.904	0.41626	0.35972	0.866293	1174	0	-3.904
Gfra3	20	0.40995	0.81554	1.0	2245	6	-3.5489	0.62067	0.54954	0.899395	1734	0	-3.5489
Olfr1228	20	0.4105	0.81595	1.0	2246	11	-3.8974	0.011079	0.01015	0.66405	33	0	-3.8974
Igsf11	20	0.4105	0.81595	1.0	2247	11	-3.8721	0.49445	0.42222	0.86939	1368	0	-3.8721
Galr2	20	0.4105	0.81595	1.0	2248	11	-3.918	0.18756	0.18575	0.866293	531	0	-3.918
Olfr1513	19	0.41051	0.80738	1.0	2249	10	-3.8919	0.57409	0.50752	0.896706	1606	0	-3.8919
Mrgpra9	20	0.41173	0.81732	1.0	2250	9	-3.8147	0.32919	0.30467	0.866293	949	0	-3.8147
Olfr704	20	0.41241	0.81749	1.0	2251	6	-3.5197	0.02837	0.027702	0.66405	88	0	-3.5197
Slc16a8	20	0.41275	0.81793	1.0	2252	10	-3.8419	0.50401	0.43179	0.873969	1410	0	-3.8419
Slc43a1	20	0.41366	0.81857	1.0	2253	6	-3.4609	0.54814	0.49095	0.896706	1543	0	-3.4609
Olfr1272	20	0.41483	0.81946	1.0	2254	8	-3.4783	0.75201	0.68475	0.926117	2103	0	-3.4783
Dscam	20	0.41655	0.82078	1.0	2255	10	-3.8087	0.69826	0.62129	0.906861	1956	0	-3.8087
Olfr1493-ps1	18	0.41744	0.8104	1.0	2256	9	-3.8919	0.44072	0.37341	0.866293	1253	0	-3.8919
Pcdha2	13	0.41786	0.77466	1.0	2257	6	-3.8641	0.87841	0.84922	0.970034	2477	0	-3.8641
Slco6c1	20	0.41842	0.82182	1.0	2258	10	-3.8284	0.35761	0.32045	0.866293	1033	0	-3.8284
Mpeg1	20	0.41842	0.82182	1.0	2259	10	-3.8757	0.63668	0.56458	0.899395	1778	0	-3.8757
Tnfrsf21	20	0.41923	0.82247	1.0	2260	10	-3.874	0.49445	0.42222	0.86939	1385	0	-3.874
Cntfr	19	0.42037	0.81416	1.0	2261	8	-3.5089	0.61782	0.5476	0.899395	1714	0	-3.5089
Olfr328	20	0.42107	0.82349	1.0	2262	9	-3.7456	0.3664	0.3303	0.866293	1056	0	-3.7456
Plppr1	20	0.42118	0.82379	1.0	2263	7	-3.5593	0.64591	0.56997	0.899395	1799	0	-3.5593
Xcr1	20	0.42158	0.82396	1.0	2264	7	-3.3776	0.043621	0.031475	0.66405	126	0	-3.3776
Psg28	17	0.42228	0.80311	1.0	2265	5	-3.1648	0.28779	0.26686	0.866293	819	0	-3.1648
Olfr1123	18	0.42229	0.81359	1.0	2266	9	-3.8834	0.091133	0.078808	0.813139	256	0	-3.8834
Olfr370	19	0.42241	0.81489	1.0	2267	9	-3.7665	0.63582	0.55904	0.899395	1751	0	-3.7665
Mr1	20	0.42242	0.82436	1.0	2268	10	-3.8019	0.021228	0.019915	0.66405	67	0	-3.8019
Olfr814	14	0.42251	0.79071	1.0	2269	4	-3.4795	0.56774	0.49313	0.896706	1581	0	-3.4795
Disp2	19	0.4227	0.81523	1.0	2270	9	-3.7175	0.25933	0.25614	0.866293	730	0	-3.7175
Tgfbr2	20	0.42333	0.82493	1.0	2271	7	-3.5482	0.46119	0.39792	0.867081	1299	0	-3.5482
Gpr50	20	0.42408	0.82537	1.0	2272	9	-3.5515	0.53963	0.48021	0.896706	1510	0	-3.5515
Fras1	20	0.42419	0.82553	1.0	2273	9	-3.5511	0.50401	0.43179	0.873969	1416	0	-3.5511
Gabrb1	20	0.42419	0.82553	1.0	2274	7	-3.5338	0.0495	0.035317	0.66405	151	0	-3.5338
Tas2r120	20	0.42444	0.82631	1.0	2275	9	-3.7378	0.068329	0.058147	0.813139	203	0	-3.7378
Olfr417	20	0.42527	0.82664	1.0	2276	7	-3.6697	0.27903	0.26927	0.866293	780	0	-3.6697
Gfral	18	0.42551	0.81556	1.0	2277	8	-3.697	0.4342	0.36992	0.866293	1244	0	-3.697
Vsig1	20	0.42598	0.82685	1.0	2278	8	-3.6818	0.063499	0.052354	0.802217	180	0	-3.6818
Megf11	20	0.42645	0.82739	1.0	2279	8	-3.5029	0.13308	0.13653	0.866293	374	0	-3.5029
Tas2r115	18	0.42883	0.81742	1.0	2280	6	-3.6814	0.10228	0.090583	0.837456	305	0	-3.6814
Slc39a2	20	0.42941	0.82895	1.0	2281	8	-3.6077	0.64591	0.56997	0.899395	1797	0	-3.6077
Ptcra	16	0.43262	0.80837	1.0	2282	8	-3.9233	0.33055	0.28894	0.866293	956	0	-3.9233
Gpr75	20	0.43272	0.83041	1.0	2283	10	-3.8478	0.5232	0.4613	0.895048	1465	0	-3.8478
Olfr517	18	0.43411	0.82072	1.0	2284	8	-3.6861	0.53065	0.47002	0.896706	1486	0	-3.6861
Gp2	20	0.43436	0.83119	1.0	2285	9	-3.6728	0.28642	0.27379	0.866293	812	0	-3.6728
Msr1	20	0.43497	0.83216	1.0	2286	7	-3.427	0.25023	0.24514	0.866293	700	0	-3.427
Olfr512	20	0.43543	0.83224	1.0	2287	7	-3.6547	0.1393	0.14346	0.866293	400	0	-3.6547
Clstn3	19	0.43569	0.82536	1.0	2288	9	-3.8484	0.71032	0.64569	0.924572	1988	0	-3.8484
Ache	20	0.43582	0.8325	1.0	2289	6	-3.5642	0.56849	0.50592	0.896706	1595	0	-3.5642
Aqp4	20	0.43582	0.8325	1.0	2290	7	-3.5459	0.65467	0.5762	0.899395	1818	0	-3.5459
Olfr1020	19	0.43597	0.82565	1.0	2291	7	-3.6951	0.31566	0.29289	0.866293	883	0	-3.6951
Chrna1	20	0.43684	0.83293	1.0	2292	9	-3.5408	0.12227	0.11681	0.866293	356	0	-3.5408
Olfr1082	11	0.43709	0.77302	1.0	2293	6	-3.9288	0.54951	0.48248	0.896706	1544	0	-3.9288
Timd4	20	0.43829	0.83373	1.0	2294	10	-3.7965	0.074063	0.065784	0.813139	209	0	-3.7965
Olfr410	18	0.44063	0.82449	1.0	2295	6	-3.5111	0.6908	0.62498	0.911323	1937	0	-3.5111
Cd8a	20	0.44066	0.83477	1.0	2296	9	-3.7744	0.38457	0.34135	0.866293	1107	0	-3.7744
Hrh4	18	0.44149	0.82474	1.0	2297	8	-3.6409	0.60717	0.53227	0.899395	1691	0	-3.6409
Spam1	20	0.44183	0.83496	1.0	2298	8	-3.7833	0.18756	0.18575	0.866293	538	0	-3.7833
Olfr558	20	0.44277	0.83524	1.0	2299	8	-3.4487	0.068329	0.058147	0.813139	202	0	-3.4487
Olfr715b	16	0.44294	0.81535	1.0	2300	5	-3.2136	0.19781	0.19448	0.866293	564	0	-3.2136
Vmn1r236	20	0.44335	0.83544	1.0	2301	10	-3.7988	0.18756	0.18575	0.866293	539	0	-3.7988
Lrfn5	20	0.44335	0.83544	1.0	2302	10	-3.7815	0.29661	0.28134	0.866293	840	0	-3.7815
Olfr727	20	0.44335	0.83544	1.0	2303	10	-3.871	0.13308	0.13653	0.866293	369	0	-3.871
Slc22a26	19	0.44416	0.83104	1.0	2304	8	-3.3809	0.29373	0.27737	0.866293	823	0	-3.3809
Sspn	18	0.44445	0.82638	1.0	2305	7	-3.6166	0.0070085	0.0036289	0.468713	21	0	-3.6166
Zp1	20	0.44569	0.83703	1.0	2306	9	-3.7466	0.5232	0.4613	0.895048	1476	0	-3.7466
Pth1r	19	0.44606	0.83194	1.0	2307	8	-3.7732	0.28413	0.2703	0.866293	800	0	-3.7732
Olfr1057	19	0.44611	0.8323	1.0	2308	10	-3.5565	0.82733	0.7822	0.958636	2332	0	-3.5565
Slc8a1	20	0.44648	0.83719	1.0	2309	9	-3.7717	0.17809	0.17421	0.866293	514	0	-3.7717
Gm21985	5	0.44684	0.69105	1.0	2310	2	-3.7551	0.30792	0.26502	0.866293	874	0	-3.7551
Hcrtr1	20	0.44788	0.83769	1.0	2311	8	-3.6577	0.87273	0.83515	0.969203	2453	0	-3.6577
Slc7a9	20	0.44847	0.83833	1.0	2312	9	-3.5578	0.65467	0.5762	0.899395	1824	0	-3.5578
Vmn1r231	20	0.44907	0.83891	1.0	2313	9	-3.4321	0.51332	0.44432	0.880877	1451	0	-3.4321
Havcr2	20	0.45005	0.83925	1.0	2314	10	-3.8097	0.12755	0.1295	0.866293	361	0	-3.8097
Slc6a5	20	0.45018	0.83941	1.0	2315	7	-3.4884	0.3756	0.33858	0.866293	1074	0	-3.4884
Olfr1442	19	0.45044	0.83521	1.0	2316	10	-3.9015	0.61782	0.5476	0.899395	1715	0	-3.9015
Olfr699	20	0.45087	0.83985	1.0	2317	9	-3.7816	0.99012	0.98409	0.995575	2824	0	-3.7816
Olfr788	20	0.45162	0.84073	1.0	2318	9	-3.7563	0.0495	0.035317	0.66405	139	0	-3.7563
Tnfrsf19	20	0.45272	0.84127	1.0	2319	7	-3.4725	0.82683	0.78204	0.958636	2324	0	-3.4725
Sectm1a	18	0.45306	0.83176	1.0	2320	8	-3.6039	0.75361	0.69168	0.92809	2114	0	-3.6039
Aqp9	19	0.45376	0.83742	1.0	2321	10	-3.9011	0.90253	0.87107	0.973615	2545	0	-3.9011
Sema5b	20	0.45388	0.84181	1.0	2322	9	-3.853	0.84699	0.80235	0.958809	2390	0	-3.853
Olfr504	20	0.45403	0.84217	1.0	2323	9	-3.6453	0.23155	0.22498	0.866293	662	0	-3.6453
Tmem123	20	0.45403	0.84217	1.0	2324	10	-3.834	0.91892	0.89005	0.97762	2600	0	-3.834
Olfr141	20	0.45465	0.84323	1.0	2325	10	-3.8785	0.17809	0.17421	0.866293	510	0	-3.8785
Pcdhgb4	16	0.45499	0.822	1.0	2326	6	-3.7945	0.46681	0.4117	0.867081	1306	0	-3.7945
Olfr1505	20	0.45672	0.84463	1.0	2327	8	-3.711	0.10073	0.086208	0.813139	299	0	-3.711
Olfr693	20	0.45804	0.8454	1.0	2328	8	-3.7738	0.75201	0.68475	0.926117	2105	0	-3.7738
Olfr984	18	0.4582	0.83475	1.0	2329	9	-3.7887	0.44836	0.37922	0.866293	1276	0	-3.7887
Olfr1250	16	0.45895	0.82438	1.0	2330	8	-3.7779	0.94687	0.93087	0.990147	2683	0	-3.7779
Olfr71	20	0.45933	0.84608	1.0	2331	9	-3.8018	0.60659	0.5293	0.896706	1683	0	-3.8018
Cldn13	20	0.45933	0.84608	1.0	2332	8	-3.6474	0.27095	0.26609	0.866293	770	0	-3.6474
Tas2r116	20	0.45987	0.84681	1.0	2333	9	-3.6786	0.58465	0.52137	0.896706	1635	0	-3.6786
Olfr1260	20	0.46184	0.8476	1.0	2334	9	-3.7976	0.3756	0.33858	0.866293	1083	0	-3.7976
Areg	18	0.46187	0.83767	1.0	2335	8	-3.7703	0.74826	0.68806	0.926117	2098	0	-3.7703
Olfr448	20	0.46237	0.8478	1.0	2336	9	-3.791	0.10073	0.086208	0.813139	279	0	-3.791
Cd52	20	0.46237	0.8478	1.0	2337	7	-3.4505	0.42586	0.37133	0.866293	1210	0	-3.4505
Olfr368	19	0.4634	0.8432	1.0	2338	8	-3.8623	0.12687	0.13054	0.866293	358	0	-3.8623
Olfr705	20	0.46347	0.84852	1.0	2339	10	-3.7947	0.42586	0.37133	0.866293	1203	0	-3.7947
Ptprq	20	0.46347	0.84852	1.0	2340	8	-3.4424	0.17809	0.17421	0.866293	518	0	-3.4424
Mc3r	20	0.46359	0.84865	1.0	2341	9	-3.5593	0.0495	0.035317	0.66405	149	0	-3.5593
Olfr729	20	0.46364	0.84869	1.0	2342	10	-3.849	0.67974	0.60581	0.905623	1902	0	-3.849
Cpm	19	0.46419	0.84414	1.0	2343	10	-3.8919	0.71598	0.65005	0.924572	2008	0	-3.8919
Kcnj12	17	0.46458	0.83639	1.0	2344	7	-3.6856	0.85481	0.81647	0.963581	2408	0	-3.6856
Trat1	18	0.46493	0.8391	1.0	2345	5	-3.4772	0.72879	0.65959	0.924572	2044	0	-3.4772
Olfr304	19	0.46515	0.84487	1.0	2346	7	-3.8097	0.23936	0.23574	0.866293	675	0	-3.8097
Nlgn1	20	0.46559	0.84965	1.0	2347	10	-3.7031	0.32919	0.30467	0.866293	946	0	-3.7031
Olfr483	20	0.46805	0.85114	1.0	2348	9	-3.8109	0.67468	0.60179	0.905623	1875	0	-3.8109
Nup210l	20	0.4709	0.85239	1.0	2349	9	-3.7545	0.63668	0.56458	0.899395	1767	0	-3.7545
Olfr1252	20	0.47108	0.85243	1.0	2350	8	-3.7307	0.10073	0.086208	0.813139	302	0	-3.7307
Slc22a13	20	0.47131	0.8526	1.0	2351	7	-3.2705	0.19543	0.19061	0.866293	562	0	-3.2705
Olfr979	18	0.47212	0.8445	1.0	2352	9	-3.6478	0.1705	0.16986	0.866293	495	0	-3.6478
Vmn1r69	20	0.47276	0.8532	1.0	2353	9	-3.7093	0.091975	0.080566	0.813139	261	0	-3.7093
Fcgrt	20	0.47278	0.85334	1.0	2354	8	-3.7276	0.015347	0.012127	0.66405	48	0	-3.7276
Olfr1243	19	0.47311	0.85105	1.0	2355	8	-3.5512	0.85453	0.81532	0.963581	2407	0	-3.5512
Il1rap	20	0.47376	0.85392	1.0	2356	8	-3.7354	0.47569	0.40533	0.867081	1319	0	-3.7354
Kdr	18	0.47424	0.84615	1.0	2357	7	-3.8147	0.47698	0.41133	0.867081	1336	0	-3.8147
Gm26938	13	0.47489	0.82021	1.0	2358	4	-3.3636	0.42091	0.36765	0.866293	1202	0	-3.3636
Glra2	19	0.47512	0.85214	1.0	2359	10	-3.8837	0.05445	0.041315	0.709724	156	0	-3.8837
Fat1	20	0.47535	0.85425	1.0	2360	10	-3.8313	0.14676	0.15042	0.866293	416	0	-3.8313
Adcy3	20	0.47652	0.85452	1.0	2361	10	-3.8357	0.89262	0.85851	0.971926	2524	0	-3.8357
Il20ra	17	0.47798	0.8453	1.0	2362	9	-3.6	0.31352	0.28071	0.866293	880	0	-3.6
Oxtr	20	0.47877	0.85598	1.0	2363	7	-3.545	0.27903	0.26927	0.866293	781	0	-3.545
Olfr746	20	0.48052	0.85701	1.0	2364	9	-3.6145	0.78403	0.72546	0.938186	2212	0	-3.6145
Cacng3	18	0.4807	0.84986	1.0	2365	7	-3.6189	0.95556	0.93941	0.990891	2703	0	-3.6189
Cxcr2	20	0.48154	0.8579	1.0	2366	10	-3.8084	0.69826	0.62129	0.906861	1957	0	-3.8084
Kcnk5	20	0.48154	0.8579	1.0	2367	10	-3.7879	0.91892	0.89005	0.97762	2601	0	-3.7879
Pcdhb16	20	0.48223	0.85829	1.0	2368	10	-3.7431	0.42586	0.37133	0.866293	1206	0	-3.7431
Grm1	20	0.48257	0.8588	1.0	2369	9	-3.7985	0.69826	0.62129	0.906861	1943	0	-3.7985
Relt	20	0.48378	0.85935	1.0	2370	5	-3.4424	0.64591	0.56997	0.899395	1803	0	-3.4424
Il1rl1	18	0.48423	0.85208	1.0	2371	7	-3.7562	0.79768	0.75253	0.950388	2234	0	-3.7562
Cd79b	20	0.48426	0.85941	1.0	2372	6	-3.5814	0.12755	0.1295	0.866293	362	0	-3.5814
Fzd3	20	0.48535	0.86001	1.0	2373	8	-3.8147	0.19543	0.19061	0.866293	561	0	-3.8147
Olfr1437	20	0.48585	0.86023	1.0	2374	9	-3.7744	0.23155	0.22498	0.866293	644	0	-3.7744
Nox4	20	0.48591	0.86034	1.0	2375	8	-3.6272	0.14676	0.15042	0.866293	414	0	-3.6272
Abcb9	20	0.48599	0.86046	1.0	2376	10	-3.889	0.57781	0.51524	0.896706	1620	0	-3.889
Ly9	19	0.48791	0.85967	1.0	2377	8	-3.7069	0.54997	0.4893	0.896706	1546	0	-3.7069
Tnfrsf14	20	0.4885	0.86149	1.0	2378	10	-3.7661	0.12227	0.11681	0.866293	347	0	-3.7661
Ctla4	20	0.4885	0.86149	1.0	2379	10	-3.8704	0.60038	0.52631	0.896706	1673	0	-3.8704
Vmn1r235	20	0.4885	0.86174	1.0	2380	10	-3.8352	0.3664	0.3303	0.866293	1054	0	-3.8352
H2-D1	16	0.48903	0.84281	1.0	2381	8	-3.8474	0.75838	0.70991	0.936424	2117	0	-3.8474
Olfr271-ps1	20	0.48921	0.86244	1.0	2382	10	-3.8638	0.79952	0.74218	0.943567	2249	0	-3.8638
Dpep2	19	0.49092	0.86275	1.0	2383	8	-3.7855	0.40971	0.35739	0.866293	1165	0	-3.7855
Adora1	18	0.49167	0.85665	1.0	2384	9	-3.8786	0.34549	0.30998	0.866293	989	0	-3.8786
Gm49378	15	0.49211	0.84599	1.0	2385	5	-3.6762	0.015963	0.015125	0.66405	52	0	-3.6762
Gm6614	20	0.49363	0.86478	1.0	2386	10	-3.672	0.27903	0.26927	0.866293	785	0	-3.672
Cd7	20	0.49363	0.86478	1.0	2387	10	-3.8798	0.69826	0.62129	0.906861	1954	0	-3.8798
Psen2	20	0.49415	0.86534	1.0	2388	10	-3.7071	0.3664	0.3303	0.866293	1055	0	-3.7071
Gabra6	20	0.495	0.86588	1.0	2389	9	-3.8553	0.79952	0.74218	0.943567	2237	0	-3.8553
Tgfbr1	20	0.4973	0.86636	1.0	2390	10	-3.8382	0.39445	0.34661	0.866293	1124	0	-3.8382
Rell1	20	0.49739	0.86666	1.0	2391	5	-3.5751	0.51332	0.44432	0.880877	1436	0	-3.5751
Kcnj3	20	0.49739	0.86666	1.0	2392	7	-3.5322	0.43308	0.38033	0.866293	1240	0	-3.5322
4922502D21Rik	19	0.49859	0.86752	1.0	2393	10	-3.8661	0.79937	0.75155	0.949985	2235	0	-3.8661
Klrb1b	5	0.49919	0.74032	1.0	2394	2	-3.4302	0.087452	0.082525	0.813139	255	0	-3.4302
Pcdhb19	19	0.49926	0.86788	1.0	2395	9	-3.666	0.89122	0.85883	0.971926	2517	0	-3.666
Mcoln1	20	0.49944	0.86743	1.0	2396	10	-3.745	0.83874	0.79483	0.958809	2359	0	-3.745
Olfr1089	20	0.50051	0.868	1.0	2397	6	-3.6072	0.62067	0.54954	0.899395	1717	0	-3.6072
Olfr809	20	0.50133	0.8684	1.0	2398	7	-3.4454	0.11298	0.098748	0.837456	316	0	-3.4454
Psg17	19	0.5034	0.87035	1.0	2399	8	-3.4645	0.61782	0.5476	0.899395	1716	0	-3.4645
Il1rapl2	20	0.50411	0.86928	1.0	2400	9	-3.7676	0.92718	0.90088	0.980843	2623	0	-3.7676
Tas2r129	20	0.50423	0.86947	1.0	2401	8	-3.3491	0.074063	0.065784	0.813139	212	0	-3.3491
F2rl1	20	0.50423	0.86947	1.0	2402	8	-3.8005	0.6877	0.61078	0.905623	1927	0	-3.8005
Olfr1162	20	0.50454	0.8699	1.0	2403	10	-3.8344	0.21389	0.20215	0.866293	598	0	-3.8344
Icam4	20	0.50461	0.87006	1.0	2404	8	-3.5576	0.068329	0.058147	0.813139	201	0	-3.5576
Olfr52	20	0.50725	0.87183	1.0	2405	7	-3.5433	0.49445	0.42222	0.86939	1390	0	-3.5433
Olfr1023	20	0.50752	0.87193	1.0	2406	10	-3.7684	0.03947	0.031471	0.66405	110	0	-3.7684
Car12	20	0.50755	0.87197	1.0	2407	9	-3.7583	0.8306	0.78664	0.958809	2335	0	-3.7583
Plb1	20	0.50945	0.87294	1.0	2408	8	-3.6219	0.24082	0.23599	0.866293	684	0	-3.6219
Lhcgr	20	0.50947	0.87321	1.0	2409	10	-3.8426	0.32919	0.30467	0.866293	954	0	-3.8426
Mpzl3	20	0.50947	0.87321	1.0	2410	10	-3.7989	0.62879	0.56089	0.899395	1747	0	-3.7989
Ccr9	20	0.50964	0.87335	1.0	2411	9	-3.6372	0.5232	0.4613	0.895048	1470	0	-3.6372
Gpr68	18	0.51096	0.86697	1.0	2412	6	-3.3396	0.86153	0.82284	0.966387	2429	0	-3.3396
Adam10	20	0.51223	0.87428	1.0	2413	6	-3.5471	0.3664	0.3303	0.866293	1049	0	-3.5471
Olfr317	20	0.51223	0.87428	1.0	2414	7	-3.4106	0.75201	0.68475	0.926117	2107	0	-3.4106
Olfr734	18	0.51279	0.86816	1.0	2415	5	-3.4869	0.13311	0.13733	0.866293	379	0	-3.4869
Olfr353	20	0.51433	0.87567	1.0	2416	7	-3.5671	0.29661	0.28134	0.866293	830	0	-3.5671
Olfr507	19	0.51577	0.87629	1.0	2417	9	-3.5399	0.60993	0.5439	0.899395	1697	0	-3.5399
Mmel1	19	0.51623	0.8767	1.0	2418	7	-3.5291	0.84116	0.79551	0.958809	2369	0	-3.5291
Gpr174	20	0.51659	0.87684	1.0	2419	10	-3.8506	0.39445	0.34661	0.866293	1132	0	-3.8506
Olfr1263	20	0.51981	0.87862	1.0	2420	8	-3.4564	0.74561	0.68052	0.926117	2092	0	-3.4564
Olfr1253	20	0.51982	0.87881	1.0	2421	8	-3.7871	0.29661	0.28134	0.866293	825	0	-3.7871
Olfr1051	14	0.5201	0.85472	1.0	2422	5	-3.5912	0.05244	0.046429	0.762604	155	0	-3.5912
Il11ra1	17	0.52036	0.86991	1.0	2423	7	-3.7367	0.70182	0.63094	0.917888	1967	0	-3.7367
Tm7sf3	20	0.52139	0.87955	1.0	2424	6	-3.593	0.23155	0.22498	0.866293	660	0	-3.593
Fam187b	20	0.52329	0.88015	1.0	2425	9	-3.5834	0.1553	0.15371	0.866293	434	0	-3.5834
Ildr1	19	0.52354	0.88052	1.0	2426	8	-3.8232	0.25933	0.25614	0.866293	731	0	-3.8232
Olfr1061	20	0.52368	0.88076	1.0	2427	10	-3.7854	0.14676	0.15042	0.866293	425	0	-3.7854
Tas2r109	20	0.5256	0.88224	1.0	2428	7	-3.629	0.51332	0.44432	0.880877	1449	0	-3.629
Upk3b	20	0.52611	0.88254	1.0	2429	8	-3.6438	0.91642	0.88634	0.976926	2592	0	-3.6438
Olfr480	20	0.52615	0.88276	1.0	2430	6	-3.1754	0.021228	0.019915	0.66405	56	0	-3.1754
Rxfp4	20	0.5278	0.88336	1.0	2431	10	-3.857	0.48364	0.41142	0.867081	1357	0	-3.857
Olfr463	20	0.52887	0.88401	1.0	2432	10	-3.8006	0.88301	0.84511	0.969203	2496	0	-3.8006
Tmem255a	20	0.529	0.88417	1.0	2433	10	-3.6757	0.48364	0.41142	0.867081	1352	0	-3.6757
Olfr201	20	0.53051	0.88504	1.0	2434	9	-3.7053	0.50401	0.43179	0.873969	1405	0	-3.7053
Gm156	20	0.53246	0.88572	1.0	2435	6	-3.5608	0.091975	0.080566	0.813139	268	0	-3.5608
Slitrk2	20	0.53403	0.88716	1.0	2436	9	-3.6326	0.25023	0.24514	0.866293	720	0	-3.6326
Htr5a	18	0.53458	0.88149	1.0	2437	6	-3.5389	0.50249	0.44568	0.880877	1401	0	-3.5389
Pcdh17	20	0.53458	0.88737	1.0	2438	8	-3.5833	0.10073	0.086208	0.813139	278	0	-3.5833
Grik2	20	0.53483	0.88766	1.0	2439	7	-3.6121	0.02837	0.027702	0.66405	91	0	-3.6121
Tmem25	19	0.5357	0.88593	1.0	2440	7	-3.6275	0.40034	0.34604	0.866293	1142	0	-3.6275
Olfr1117-ps1	20	0.53579	0.88844	1.0	2441	7	-3.6099	0.34827	0.31607	0.866293	1001	0	-3.6099
Olfr1157	20	0.53595	0.8885	1.0	2442	10	-3.8177	0.75916	0.68957	0.926117	2120	0	-3.8177
Slc22a19	20	0.53646	0.88871	1.0	2443	10	-3.8559	0.32919	0.30467	0.866293	944	0	-3.8559
Olfr1192-ps1	13	0.5366	0.85778	1.0	2444	6	-3.7172	0.42091	0.36765	0.866293	1201	0	-3.7172
Rnf167	20	0.5387	0.88969	1.0	2445	9	-3.4079	0.091975	0.080566	0.813139	263	0	-3.4079
Mill1	20	0.53955	0.89008	1.0	2446	8	-3.4374	0.44298	0.3892	0.867081	1271	0	-3.4374
Tas2r113	20	0.54016	0.89011	1.0	2447	8	-3.632	0.23155	0.22498	0.866293	654	0	-3.632
Olfr698	20	0.54018	0.89012	1.0	2448	9	-3.7723	0.12227	0.11681	0.866293	355	0	-3.7723
Mrgpra4	20	0.54076	0.89041	1.0	2449	9	-3.723	0.50401	0.43179	0.873969	1418	0	-3.723
Nrg2	20	0.54076	0.89041	1.0	2450	9	-3.6658	0.9056	0.87415	0.973615	2561	0	-3.6658
Tpbg	20	0.54125	0.8909	1.0	2451	10	-3.8474	0.96253	0.94833	0.990891	2729	0	-3.8474
Zdhhc5	20	0.54155	0.89114	1.0	2452	8	-3.5416	0.17809	0.17421	0.866293	500	0	-3.5416
Myof	19	0.54171	0.88858	1.0	2453	8	-3.6762	0.87994	0.84542	0.969203	2482	0	-3.6762
Nfasc	19	0.54188	0.88888	1.0	2454	9	-3.7152	0.47691	0.40666	0.867081	1333	0	-3.7152
Olfr1445	20	0.54343	0.89184	1.0	2455	8	-3.4957	0.19543	0.19061	0.866293	550	0	-3.4957
Olfr309	20	0.54406	0.89198	1.0	2456	9	-3.7827	0.66181	0.58152	0.901288	1842	0	-3.7827
Tmed7	20	0.54483	0.89227	1.0	2457	10	-3.8182	0.015347	0.012127	0.66405	43	0	-3.8182
Bmpr1a	20	0.54483	0.89227	1.0	2458	10	-3.8348	0.84258	0.79755	0.958809	2371	0	-3.8348
Itgb8	20	0.5453	0.89259	1.0	2459	8	-3.7115	0.18756	0.18575	0.866293	526	0	-3.7115
Olfr175-ps1	18	0.54545	0.88732	1.0	2460	8	-3.8258	0.27142	0.25741	0.866293	774	0	-3.8258
Olfr650-ps1	19	0.54714	0.89139	1.0	2461	7	-3.357	0.095946	0.082837	0.813139	274	0	-3.357
Olfr677	20	0.54738	0.89362	1.0	2462	8	-3.7638	0.53963	0.48021	0.896706	1519	0	-3.7638
Gp5	20	0.5503	0.8949	1.0	2463	9	-3.5838	0.66181	0.58152	0.901288	1849	0	-3.5838
Olfr703	20	0.55085	0.89543	1.0	2464	8	-3.5159	0.35761	0.32045	0.866293	1016	0	-3.5159
Olfr1369-ps1	17	0.55159	0.88464	1.0	2465	8	-3.818	0.54143	0.47018	0.896706	1527	0	-3.818
Fzd4	20	0.55227	0.89632	1.0	2466	10	-3.8428	0.60659	0.5293	0.896706	1680	0	-3.8428
Slco4c1	19	0.55317	0.89436	1.0	2467	8	-3.5291	0.30433	0.28591	0.866293	852	0	-3.5291
Olfr554	20	0.55374	0.89701	1.0	2468	9	-3.6206	0.057232	0.042961	0.709724	160	0	-3.6206
Olfr1404	20	0.55428	0.89721	1.0	2469	8	-3.5482	0.23155	0.22498	0.866293	646	0	-3.5482
Nptn	20	0.55428	0.89721	1.0	2470	8	-3.3004	0.1553	0.15371	0.866293	436	0	-3.3004
Atp13a5	20	0.55428	0.89721	1.0	2471	9	-3.7555	0.43308	0.38033	0.866293	1239	0	-3.7555
Art4	20	0.55429	0.89731	1.0	2472	7	-3.6824	0.24082	0.23599	0.866293	687	0	-3.6824
Atp1b1	20	0.55486	0.8974	1.0	2473	10	-3.8751	0.1393	0.14346	0.866293	390	0	-3.8751
Notch2	20	0.55574	0.89785	1.0	2474	7	-3.6253	0.49445	0.42222	0.86939	1371	0	-3.6253
Slc9a7	19	0.55685	0.89589	1.0	2475	7	-3.4449	0.014585	0.011777	0.66405	39	0	-3.4449
Cldn2	20	0.55812	0.89939	1.0	2476	8	-3.5441	0.72861	0.66247	0.924572	2031	0	-3.5441
Pcdh18	20	0.55892	0.89972	1.0	2477	8	-3.7968	0.5312	0.47143	0.896706	1498	0	-3.7968
Thbd	20	0.55924	0.89998	1.0	2478	10	-3.8107	0.78913	0.72899	0.93891	2220	0	-3.8107
Lrp10	20	0.55924	0.89998	1.0	2479	9	-3.4885	0.381	0.33997	0.866293	1093	0	-3.4885
Sema4d	20	0.5595	0.90015	1.0	2480	6	-3.5539	0.50401	0.43179	0.873969	1404	0	-3.5539
Prss8	20	0.56037	0.9003	1.0	2481	10	-3.8287	0.23155	0.22498	0.866293	656	0	-3.8287
Slc29a3	20	0.56112	0.90116	1.0	2482	7	-3.7074	0.86037	0.81765	0.963581	2427	0	-3.7074
Enpep	20	0.56185	0.90152	1.0	2483	9	-3.5559	0.5232	0.4613	0.895048	1461	0	-3.5559
Olfr1019	20	0.56263	0.90183	1.0	2484	7	-3.465	0.015347	0.012127	0.66405	49	0	-3.465
Tas2r140	17	0.56265	0.89023	1.0	2485	5	-3.2864	0.24937	0.23977	0.866293	694	0	-3.2864
Tmprss13	20	0.56405	0.90246	1.0	2486	9	-3.6444	0.54814	0.49095	0.896706	1540	0	-3.6444
Gpr85	18	0.56423	0.89768	1.0	2487	5	-3.4592	0.41916	0.36398	0.866293	1195	0	-3.4592
Glp2r	20	0.56715	0.9038	1.0	2488	8	-3.5683	0.034819	0.029587	0.66405	105	0	-3.5683
Olfr460	20	0.56748	0.9043	1.0	2489	10	-3.8187	0.64591	0.56997	0.899395	1804	0	-3.8187
Olfr1218	20	0.56849	0.90482	1.0	2490	8	-3.6139	0.13308	0.13653	0.866293	373	0	-3.6139
Olfr1215	20	0.57016	0.90523	1.0	2491	5	-3.5289	0.31749	0.29769	0.866293	890	0	-3.5289
Trhde	20	0.57084	0.90555	1.0	2492	8	-3.5507	0.49445	0.42222	0.86939	1363	0	-3.5507
Xpnpep2	20	0.57177	0.90654	1.0	2493	10	-3.8454	0.97935	0.97122	0.993354	2789	0	-3.8454
Olfr191	15	0.57204	0.88693	1.0	2494	7	-3.4986	0.22361	0.21427	0.866293	637	0	-3.4986
AI593442	20	0.57212	0.9068	1.0	2495	9	-3.7122	0.22257	0.21208	0.866293	631	0	-3.7122
Hrh2	20	0.57266	0.90686	1.0	2496	6	-3.4532	0.82683	0.78204	0.958636	2327	0	-3.4532
Clmp	20	0.57336	0.90696	1.0	2497	9	-3.7831	0.56849	0.50592	0.896706	1597	0	-3.7831
Pcdhgb5	18	0.57399	0.90119	1.0	2498	6	-3.3157	0.31976	0.2893	0.866293	917	0	-3.3157
Olfr1116	20	0.57408	0.90734	1.0	2499	6	-3.5542	0.4052	0.35185	0.866293	1160	0	-3.5542
Gpr151	20	0.57583	0.90806	1.0	2500	5	-3.5118	0.0495	0.035317	0.66405	152	0	-3.5118
Gm7030	17	0.57703	0.89706	1.0	2501	7	-3.6951	0.9524	0.93613	0.990891	2695	0	-3.6951
H2-T23	20	0.57711	0.90888	1.0	2502	6	-3.566	0.62067	0.54954	0.899395	1732	0	-3.566
Siglece	20	0.57934	0.90997	1.0	2503	7	-3.4532	0.43308	0.38033	0.866293	1223	0	-3.4532
H2-Q10	16	0.57958	0.89645	1.0	2504	7	-3.765	0.11925	0.12368	0.866293	342	0	-3.765
Olfr497	20	0.58008	0.91011	1.0	2505	7	-3.7056	0.1553	0.15371	0.866293	435	0	-3.7056
Pcdhb7	20	0.58076	0.91035	1.0	2506	9	-3.7219	0.33902	0.31168	0.866293	971	0	-3.7219
Olfr780	20	0.58088	0.9106	1.0	2507	7	-3.384	0.73947	0.67289	0.924572	2080	0	-3.384
Cd200r4	18	0.58133	0.90466	1.0	2508	7	-3.7506	0.27142	0.25741	0.866293	776	0	-3.7506
Akp3	18	0.58262	0.90512	1.0	2509	7	-3.5906	0.73419	0.66974	0.924572	2063	0	-3.5906
Olfr1273-ps	20	0.58299	0.91112	1.0	2510	8	-3.5894	0.73947	0.67289	0.924572	2068	0	-3.5894
Tmem87a	20	0.58366	0.91185	1.0	2511	7	-3.5279	0.77746	0.71952	0.936424	2188	0	-3.5279
Abcb5	20	0.58394	0.91191	1.0	2512	9	-3.7874	0.28642	0.27379	0.866293	811	0	-3.7874
Timd2	18	0.58408	0.90588	1.0	2513	9	-3.858	0.90538	0.87535	0.973615	2555	0	-3.858
Olfr1201	18	0.58513	0.90652	1.0	2514	8	-3.724	0.1705	0.16986	0.866293	492	0	-3.724
Fam171a2	20	0.58542	0.91252	1.0	2515	9	-3.8299	0.091975	0.080566	0.813139	266	0	-3.8299
Ly6h	16	0.58592	0.89997	1.0	2516	7	-3.79	0.69944	0.63911	0.922512	1966	0	-3.79
Cd8b1	20	0.58631	0.91273	1.0	2517	8	-3.7703	0.33902	0.31168	0.866293	979	0	-3.7703
Olfr1420	18	0.58639	0.90698	1.0	2518	7	-3.5446	0.33681	0.30244	0.866293	959	0	-3.5446
Olfr1496	20	0.58669	0.91331	1.0	2519	10	-3.8428	0.29661	0.28134	0.866293	832	0	-3.8428
Zp2	20	0.58669	0.91331	1.0	2520	10	-3.753	0.53963	0.48021	0.896706	1517	0	-3.753
Cdh1	20	0.58688	0.9135	1.0	2521	8	-3.3841	0.41626	0.35972	0.866293	1178	0	-3.3841
Panx1	20	0.58796	0.91382	1.0	2522	5	-3.3168	0.7654	0.69763	0.930788	2146	0	-3.3168
Olfr808	18	0.58845	0.90804	1.0	2523	8	-3.7471	0.5465	0.48493	0.896706	1528	0	-3.7471
Gpr15	20	0.58914	0.91449	1.0	2524	8	-3.6455	0.67468	0.60179	0.905623	1871	0	-3.6455
Zpld1	20	0.58979	0.91494	1.0	2525	8	-3.432	0.33902	0.31168	0.866293	970	0	-3.432
Fcer1a	16	0.59005	0.90231	1.0	2526	8	-3.7924	0.21494	0.21275	0.866293	614	0	-3.7924
Grik1	20	0.59242	0.91649	1.0	2527	9	-3.7494	0.75201	0.68475	0.926117	2109	0	-3.7494
Lrrtm4	20	0.59448	0.91681	1.0	2528	7	-3.476	0.48364	0.41142	0.867081	1342	0	-3.476
Tctn3	20	0.59476	0.91704	1.0	2529	8	-3.6809	0.82135	0.77563	0.957151	2315	0	-3.6809
Btnl9	20	0.59542	0.91751	1.0	2530	9	-3.5324	0.31749	0.29769	0.866293	902	0	-3.5324
Olfr325	19	0.59793	0.91421	1.0	2531	8	-3.6856	0.065027	0.056013	0.813139	191	0	-3.6856
Chrna4	20	0.59863	0.91902	1.0	2532	6	-3.4733	0.86856	0.82982	0.968006	2448	0	-3.4733
Ostm1	19	0.59901	0.9143	1.0	2533	9	-3.7172	0.72759	0.66394	0.924572	2028	0	-3.7172
Slc5a6	20	0.59961	0.91957	1.0	2534	7	-3.3408	0.41626	0.35972	0.866293	1180	0	-3.3408
Grik4	20	0.6013	0.92052	1.0	2535	8	-3.8041	0.62067	0.54954	0.899395	1731	0	-3.8041
Olfr110	20	0.60193	0.92083	1.0	2536	9	-3.7528	0.16348	0.15709	0.866293	473	0	-3.7528
Olfr683	16	0.60248	0.90797	1.0	2537	7	-3.7554	0.37382	0.32649	0.866293	1067	0	-3.7554
Pcdhga11	18	0.60335	0.91478	1.0	2538	6	-3.6817	0.72879	0.65959	0.924572	2041	0	-3.6817
Chrna9	20	0.60392	0.9214	1.0	2539	8	-3.4055	0.27095	0.26609	0.866293	769	0	-3.4055
Psg18	20	0.60392	0.9214	1.0	2540	9	-3.6682	0.30654	0.28885	0.866293	871	0	-3.6682
Olfr715	15	0.60452	0.90155	1.0	2541	6	-3.5172	0.28246	0.25181	0.866293	798	0	-3.5172
Itgae	20	0.6055	0.92201	1.0	2542	9	-3.6711	0.29661	0.28134	0.866293	839	0	-3.6711
Gm13769	4	0.60674	0.76637	1.0	2543	2	-3.788	0.80194	0.77695	0.957944	2255	0	-3.788
Olfr828	20	0.60693	0.92241	1.0	2544	6	-3.7081	0.034819	0.029587	0.66405	95	0	-3.7081
Slc17a9	20	0.60726	0.92253	1.0	2545	9	-3.7929	0.53963	0.48021	0.896706	1516	0	-3.7929
Npr3	19	0.60766	0.91789	1.0	2546	8	-3.0817	0.60993	0.5439	0.899395	1696	0	-3.0817
Npsr1	20	0.60836	0.92287	1.0	2547	5	-3.4531	0.86037	0.81765	0.963581	2423	0	-3.4531
Scara5	20	0.60959	0.92324	1.0	2548	8	-3.6291	0.85394	0.808	0.960893	2405	0	-3.6291
H2-Oa	20	0.61019	0.92344	1.0	2549	7	-3.3742	0.83874	0.79483	0.958809	2361	0	-3.3742
Olfr329-ps	20	0.61053	0.92349	1.0	2550	8	-3.5914	0.043621	0.031475	0.66405	125	0	-3.5914
App	20	0.61294	0.92419	1.0	2551	9	-3.6761	0.39445	0.34661	0.866293	1130	0	-3.6761
Slitrk3	20	0.61356	0.92443	1.0	2552	8	-3.6756	0.063499	0.052354	0.802217	178	0	-3.6756
Tmem62	20	0.61382	0.92471	1.0	2553	8	-3.7074	0.75916	0.68957	0.926117	2134	0	-3.7074
Cd209g	18	0.61431	0.91954	1.0	2554	8	-3.6472	0.91041	0.8826	0.975897	2579	0	-3.6472
Olfr748	20	0.61687	0.92605	1.0	2555	8	-3.6227	0.015347	0.012127	0.66405	40	0	-3.6227
Sprn	20	0.61736	0.92655	1.0	2556	7	-3.1803	0.02837	0.027702	0.66405	75	0	-3.1803
Cdh9	20	0.61952	0.92691	1.0	2557	7	-3.5402	0.62879	0.56089	0.899395	1746	0	-3.5402
Olfr15	16	0.62038	0.91382	1.0	2558	6	-3.7762	0.0088732	0.0081567	0.66405	26	0	-3.7762
Atrn	20	0.62166	0.92767	1.0	2559	7	-3.7701	0.5928	0.52434	0.896706	1656	0	-3.7701
Ceacam10	20	0.62192	0.92776	1.0	2560	9	-3.7477	0.99434	0.99041	0.996332	2840	0	-3.7477
Olfr578	20	0.62276	0.92805	1.0	2561	7	-3.3351	0.33902	0.31168	0.866293	964	0	-3.3351
Lpar4	20	0.62376	0.92829	1.0	2562	7	-3.6527	0.17033	0.16239	0.866293	482	0	-3.6527
Kremen1	20	0.62376	0.92829	1.0	2563	8	-3.732	0.10073	0.086208	0.813139	300	0	-3.732
Nlgn2	18	0.62519	0.92341	1.0	2564	8	-3.7419	0.31108	0.28534	0.866293	876	0	-3.7419
H2-Q1	18	0.62581	0.92355	1.0	2565	7	-3.2946	0.25505	0.2466	0.866293	726	0	-3.2946
Olfr401	20	0.62615	0.92903	1.0	2566	9	-3.8203	0.715	0.6491	0.924572	1998	0	-3.8203
Ccr1	20	0.62615	0.92903	1.0	2567	9	-3.7696	0.5232	0.4613	0.895048	1477	0	-3.7696
Olfr167	20	0.6272	0.92926	1.0	2568	9	-3.8203	0.7654	0.69763	0.930788	2143	0	-3.8203
Gabrg3	20	0.62726	0.92932	1.0	2569	8	-3.7015	0.56849	0.50592	0.896706	1598	0	-3.7015
Gm8909	20	0.62726	0.92932	1.0	2570	9	-3.5482	0.60038	0.52631	0.896706	1677	0	-3.5482
Tlr8	20	0.62874	0.92974	1.0	2571	4	-3.4625	0.5312	0.47143	0.896706	1492	0	-3.4625
Sgcb	18	0.62946	0.92493	1.0	2572	6	-3.666	0.94008	0.91979	0.986556	2661	0	-3.666
Olfr1016	19	0.63031	0.92713	1.0	2573	9	-3.8298	0.13997	0.14419	0.866293	401	0	-3.8298
Olfr657	20	0.63033	0.93041	1.0	2574	9	-3.6283	0.26103	0.25703	0.866293	733	0	-3.6283
Chrnb3	20	0.63198	0.93107	1.0	2575	6	-3.6554	0.18756	0.18575	0.866293	528	0	-3.6554
Itgb1	20	0.63255	0.93117	1.0	2576	7	-3.5353	0.3756	0.33858	0.866293	1079	0	-3.5353
Olfr1022	19	0.63326	0.92831	1.0	2577	8	-3.6951	0.566	0.50456	0.896706	1579	0	-3.6951
Glra3	18	0.63435	0.92616	1.0	2578	4	-3.2403	0.20275	0.19366	0.866293	568	0	-3.2403
Olfr821	20	0.6345	0.93193	1.0	2579	9	-3.8198	0.61285	0.53717	0.899395	1704	0	-3.8198
Olfr1052	20	0.63579	0.9329	1.0	2580	6	-3.2565	0.33902	0.31168	0.866293	984	0	-3.2565
Olfr299	19	0.63629	0.92937	1.0	2581	7	-3.6333	0.7341	0.66795	0.924572	2047	0	-3.6333
Tmem106b	20	0.63655	0.9331	1.0	2582	7	-3.4206	0.51332	0.44432	0.880877	1447	0	-3.4206
Ghr	20	0.63765	0.93327	1.0	2583	9	-3.6629	0.63668	0.56458	0.899395	1768	0	-3.6629
Olfr465-ps1	19	0.63775	0.93025	1.0	2584	6	-3.545	0.25933	0.25614	0.866293	729	0	-3.545
H2-M10.3	20	0.63776	0.93345	1.0	2585	8	-3.7548	0.51332	0.44432	0.880877	1444	0	-3.7548
Tm4sf1	20	0.63824	0.93364	1.0	2586	9	-3.5948	0.56849	0.50592	0.896706	1592	0	-3.5948
Mrgprg	20	0.63896	0.93381	1.0	2587	7	-3.6712	0.83874	0.79483	0.958809	2358	0	-3.6712
Cntn2	20	0.64092	0.93441	1.0	2588	7	-3.559	0.1393	0.14346	0.866293	392	0	-3.559
H2-Q4	20	0.64209	0.93472	1.0	2589	6	-3.409	0.1553	0.15371	0.866293	440	0	-3.409
Olfr263	20	0.6423	0.93483	1.0	2590	7	-3.3055	0.17809	0.17421	0.866293	505	0	-3.3055
Dcstamp	20	0.6423	0.93483	1.0	2591	9	-3.6866	0.90855	0.8767	0.973615	2573	0	-3.6866
Slc39a14	19	0.64415	0.93237	1.0	2592	7	-3.5964	0.047084	0.033855	0.66405	135	0	-3.5964
Gm884	20	0.64483	0.93593	1.0	2593	7	-3.4332	0.5312	0.47143	0.896706	1495	0	-3.4332
Slc18a3	20	0.64764	0.93675	1.0	2594	9	-3.8411	0.26103	0.25703	0.866293	746	0	-3.8411
Olfr1189	20	0.64912	0.93723	1.0	2595	7	-3.5843	0.015347	0.012127	0.66405	45	0	-3.5843
Olfr1444	20	0.64952	0.93733	1.0	2596	7	-3.6511	0.17033	0.16239	0.866293	490	0	-3.6511
Olfr137	18	0.64952	0.93133	1.0	2597	7	-3.7915	0.59797	0.52697	0.896706	1663	0	-3.7915
Olfr1423	19	0.65041	0.93471	1.0	2598	9	-3.6775	0.78275	0.72547	0.938186	2204	0	-3.6775
Pcdhga10	18	0.65136	0.93174	1.0	2599	5	-3.5976	0.33681	0.30244	0.866293	957	0	-3.5976
Slco1c1	20	0.6529	0.93876	1.0	2600	6	-3.3447	0.057232	0.042961	0.709724	163	0	-3.3447
Tm9sf3	19	0.65348	0.93595	1.0	2601	9	-3.5172	0.23936	0.23574	0.866293	673	0	-3.5172
Hcar1	20	0.65416	0.93902	1.0	2602	8	-3.7895	0.085278	0.074865	0.813139	245	0	-3.7895
Htr2c	20	0.65528	0.93906	1.0	2603	6	-3.4199	0.26103	0.25703	0.866293	735	0	-3.4199
Ptger4	20	0.6566	0.93971	1.0	2604	5	-3.4453	0.44298	0.3892	0.867081	1257	0	-3.4453
Htr1f	18	0.65947	0.93466	1.0	2605	6	-3.5362	0.37348	0.3227	0.866293	1060	0	-3.5362
Olfr924	20	0.65948	0.94063	1.0	2606	7	-3.4295	0.085278	0.074865	0.813139	241	0	-3.4295
Synb	4	0.65998	0.80369	1.0	2607	2	-3.5594	0.264	0.22679	0.866293	751	0	-3.5594
Grin2c	20	0.66217	0.94115	1.0	2608	7	-3.7796	0.5232	0.4613	0.895048	1466	0	-3.7796
Tmem95	20	0.66235	0.94121	1.0	2609	8	-3.7831	0.068329	0.058147	0.813139	195	0	-3.7831
Gnrhr	19	0.66235	0.93883	1.0	2610	7	-3.5984	0.58162	0.50949	0.896706	1629	0	-3.5984
Olfr1270	19	0.66406	0.9394	1.0	2611	9	-3.818	0.54997	0.4893	0.896706	1545	0	-3.818
Npy4r	20	0.66658	0.94211	1.0	2612	8	-3.694	0.41626	0.35972	0.866293	1172	0	-3.694
Slc19a1	18	0.66947	0.93792	1.0	2613	8	-3.7984	0.051659	0.039206	0.709724	154	0	-3.7984
Epcam	20	0.66971	0.94315	1.0	2614	7	-3.7053	0.47569	0.40533	0.867081	1323	0	-3.7053
Olfr547	16	0.67051	0.93341	1.0	2615	4	-3.4243	0.39724	0.33751	0.866293	1140	0	-3.4243
Glra4	20	0.67238	0.94386	1.0	2616	5	-3.0506	0.6877	0.61078	0.905623	1928	0	-3.0506
Olfr77	20	0.673	0.94408	1.0	2617	9	-3.6422	0.074063	0.065784	0.813139	213	0	-3.6422
Cd59a	18	0.67378	0.9398	1.0	2618	8	-3.7795	0.72231	0.65176	0.924572	2012	0	-3.7795
Prom1	20	0.67428	0.94442	1.0	2619	6	-3.6127	0.62879	0.56089	0.899395	1740	0	-3.6127
Olfr300-ps1	20	0.67607	0.94491	1.0	2620	7	-3.2826	0.13308	0.13653	0.866293	377	0	-3.2826
Olfr170	20	0.67661	0.94506	1.0	2621	9	-3.7951	0.29661	0.28134	0.866293	829	0	-3.7951
Ptprc	20	0.67661	0.94506	1.0	2622	9	-3.5927	0.74561	0.68052	0.926117	2090	0	-3.5927
Olfr430	20	0.67661	0.94506	1.0	2623	9	-3.6474	0.085278	0.074865	0.813139	251	0	-3.6474
Olfr166	20	0.6769	0.94526	1.0	2624	8	-3.6246	0.13308	0.13653	0.866293	372	0	-3.6246
Olfr1046	20	0.67736	0.94541	1.0	2625	5	-3.4892	0.3664	0.3303	0.866293	1045	0	-3.4892
Slamf6	20	0.67814	0.94553	1.0	2626	8	-3.4372	0.47569	0.40533	0.867081	1330	0	-3.4372
Olfr1454	20	0.67941	0.94577	1.0	2627	6	-3.4409	0.4052	0.35185	0.866293	1156	0	-3.4409
Olfr1271	20	0.67947	0.94578	1.0	2628	9	-3.6119	0.83464	0.79168	0.958809	2352	0	-3.6119
Slc5a12	18	0.6802	0.94188	1.0	2629	8	-3.6113	0.24754	0.24381	0.866293	693	0	-3.6113
Atp1a2	20	0.6803	0.94594	1.0	2630	7	-3.5342	0.49445	0.42222	0.86939	1374	0	-3.5342
Vmn1r67	20	0.68099	0.94611	1.0	2631	8	-3.4211	0.5928	0.52434	0.896706	1659	0	-3.4211
Atp1b4	20	0.68129	0.9464	1.0	2632	8	-3.3434	0.39445	0.34661	0.866293	1131	0	-3.3434
Cybb	20	0.68129	0.9464	1.0	2633	7	-3.6369	0.75201	0.68475	0.926117	2113	0	-3.6369
Tshr	20	0.68138	0.94644	1.0	2634	9	-3.7216	0.39445	0.34661	0.866293	1138	0	-3.7216
Olfr747	19	0.6819	0.94562	1.0	2635	5	-3.4227	0.64297	0.56429	0.899395	1787	0	-3.4227
Calcrl	20	0.68324	0.9468	1.0	2636	8	-3.7361	0.50401	0.43179	0.873969	1415	0	-3.7361
Tmem37	20	0.68403	0.9471	1.0	2637	7	-3.5223	0.3756	0.33858	0.866293	1087	0	-3.5223
Tmem158	20	0.6864	0.94761	1.0	2638	8	-3.5488	0.72267	0.65809	0.924572	2016	0	-3.5488
Igsf8	20	0.6864	0.94761	1.0	2639	9	-3.821	0.33902	0.31168	0.866293	975	0	-3.821
Slc24a5	20	0.68691	0.94771	1.0	2640	8	-3.7174	0.84699	0.80235	0.958809	2392	0	-3.7174
Ccr3	20	0.68736	0.948	1.0	2641	9	-3.4557	0.45319	0.39543	0.867081	1279	0	-3.4557
Ermap	20	0.68896	0.94831	1.0	2642	7	-3.6349	0.034819	0.029587	0.66405	101	0	-3.6349
Lrrc4b	18	0.6896	0.94471	1.0	2643	8	-3.6775	0.64916	0.57347	0.899395	1812	0	-3.6775
S1pr1	20	0.69361	0.94979	1.0	2644	9	-3.7719	0.87655	0.83914	0.969203	2461	0	-3.7719
Olfr1093	20	0.69418	0.95002	1.0	2645	8	-3.6665	0.63668	0.56458	0.899395	1759	0	-3.6665
Tlr7	20	0.69584	0.95058	1.0	2646	8	-3.5719	0.17809	0.17421	0.866293	516	0	-3.5719
Olfr678	19	0.69593	0.94968	1.0	2647	7	-3.4772	0.49548	0.42854	0.873969	1393	0	-3.4772
Tnfsf18	20	0.69756	0.95122	1.0	2648	9	-3.7885	0.88301	0.84511	0.969203	2487	0	-3.7885
Skint7	20	0.69805	0.95144	1.0	2649	8	-3.7221	0.19543	0.19061	0.866293	563	0	-3.7221
Olfr1257	20	0.69846	0.95173	1.0	2650	8	-3.755	0.81342	0.76362	0.954947	2290	0	-3.755
Dag1	20	0.70136	0.95244	1.0	2651	5	-3.4028	0.33902	0.31168	0.866293	980	0	-3.4028
Olfr307	19	0.70391	0.95153	1.0	2652	8	-3.7255	0.67963	0.60484	0.905623	1890	0	-3.7255
Ebp	20	0.70609	0.95409	1.0	2653	8	-3.7453	0.9339	0.91089	0.984375	2645	0	-3.7453
Slc38a11	19	0.70709	0.95266	1.0	2654	8	-3.7255	0.23029	0.2268	0.866293	643	0	-3.7255
Serinc3	19	0.70709	0.95266	1.0	2655	8	-3.5703	0.68822	0.61895	0.906861	1934	0	-3.5703
Cd160	20	0.70718	0.95438	1.0	2656	7	-3.5368	0.27903	0.26927	0.866293	792	0	-3.5368
Umodl1	19	0.70725	0.95275	1.0	2657	8	-3.7175	0.72759	0.66394	0.924572	2029	0	-3.7175
Trabd2b	20	0.70786	0.95452	1.0	2658	7	-3.6363	0.02837	0.027702	0.66405	78	0	-3.6363
Ace2	20	0.70892	0.95486	1.0	2659	9	-3.5526	0.76782	0.70156	0.934322	2153	0	-3.5526
Ifngr1	20	0.712	0.956	1.0	2660	9	-3.7797	0.085278	0.074865	0.813139	248	0	-3.7797
Slc38a9	20	0.712	0.956	1.0	2661	9	-3.7841	0.27095	0.26609	0.866293	763	0	-3.7841
Slco4a1	20	0.71323	0.95642	1.0	2662	7	-3.6218	0.46119	0.39792	0.867081	1300	0	-3.6218
Mc1r	20	0.7137	0.95648	1.0	2663	8	-3.5508	0.0014951	1.7322e-06	0.00055	5	0	-3.5508
Dsc1	18	0.71394	0.95309	1.0	2664	5	-3.2604	0.015888	0.010921	0.66405	51	0	-3.2604
Chrm2	20	0.71467	0.95678	1.0	2665	8	-3.5836	0.27095	0.26609	0.866293	772	0	-3.5836
Olfr1090	20	0.71491	0.95701	1.0	2666	7	-3.4957	0.0048099	0.0040965	0.468713	14	0	-3.4957
Htr2b	20	0.71493	0.95706	1.0	2667	5	-3.2227	0.10073	0.086208	0.813139	295	0	-3.2227
Gpr22	19	0.71577	0.95517	1.0	2668	8	-3.5687	0.16254	0.15626	0.866293	458	0	-3.5687
Dsg2	20	0.71867	0.95821	1.0	2669	8	-3.7829	0.9493	0.93194	0.990147	2689	0	-3.7829
Olfr1459	20	0.71914	0.95826	1.0	2670	5	-3.2965	0.48364	0.41142	0.867081	1356	0	-3.2965
Olfr484	20	0.72012	0.95834	1.0	2671	7	-3.4208	0.29661	0.28134	0.866293	841	0	-3.4208
P2ry14	20	0.72027	0.9584	1.0	2672	6	-3.4806	0.66851	0.59175	0.905623	1861	0	-3.4806
Olfr1507	20	0.72027	0.9584	1.0	2673	7	-3.475	0.085278	0.074865	0.813139	252	0	-3.475
Tas2r125	19	0.72044	0.95644	1.0	2674	8	-3.774	0.69654	0.63245	0.917888	1942	0	-3.774
Olfr926	18	0.72129	0.95536	1.0	2675	6	-3.2001	0.6908	0.62498	0.911323	1936	0	-3.2001
P2ry10	18	0.72218	0.95573	1.0	2676	6	-3.3291	0.50249	0.44568	0.880877	1402	0	-3.3291
Adam23	20	0.72242	0.95904	1.0	2677	9	-3.5997	0.8049	0.74821	0.946182	2261	0	-3.5997
Olfr485	20	0.72518	0.9599	1.0	2678	7	-3.5982	0.87273	0.83515	0.969203	2455	0	-3.5982
Gm49368	2	0.72613	0.73332	1.0	2679	1	-3.3656	0.23788	0.21494	0.866293	665	0	-3.3656
Gml2	19	0.72627	0.95806	1.0	2680	8	-3.6251	0.28413	0.2703	0.866293	799	0	-3.6251
Olfr1137	19	0.72965	0.95885	1.0	2681	8	-3.7496	0.94706	0.9292	0.989074	2684	0	-3.7496
Slc37a4	20	0.73121	0.96173	1.0	2682	9	-3.6023	0.31749	0.29769	0.866293	916	0	-3.6023
Cd9	20	0.73142	0.96186	1.0	2683	9	-3.6257	0.73419	0.66673	0.924572	2053	0	-3.6257
Atp1b3	18	0.73359	0.95992	1.0	2684	7	-3.3997	0.31108	0.28534	0.866293	879	0	-3.3997
Cd47	18	0.73359	0.95992	1.0	2685	7	-3.2565	0.077088	0.068611	0.813139	223	0	-3.2565
Olfr429	20	0.73391	0.96249	1.0	2686	8	-3.6586	0.22257	0.21208	0.866293	622	0	-3.6586
Olfr301	19	0.73595	0.96078	1.0	2687	5	-3.666	0.23029	0.2268	0.866293	642	0	-3.666
Olfr76	20	0.7363	0.96317	1.0	2688	5	-3.5284	0.15954	0.1553	0.866293	453	0	-3.5284
Vcam1	20	0.7377	0.96345	1.0	2689	6	-3.4845	0.5312	0.47143	0.896706	1499	0	-3.4845
Cd33	20	0.73784	0.9636	1.0	2690	7	-3.5166	0.41626	0.35972	0.866293	1176	0	-3.5166
Tmem9	18	0.73831	0.96128	1.0	2691	8	-3.7405	0.31976	0.2893	0.866293	921	0	-3.7405
Psg27	18	0.73954	0.96156	1.0	2692	7	-3.5974	0.31976	0.2893	0.866293	923	0	-3.5974
Cd86	20	0.73956	0.96396	1.0	2693	6	-3.5585	0.41626	0.35972	0.866293	1175	0	-3.5585
Olfr1222	20	0.74057	0.96422	1.0	2694	7	-3.6074	0.14676	0.15042	0.866293	424	0	-3.6074
Tlr5	20	0.74077	0.96439	1.0	2695	9	-3.805	0.65467	0.5762	0.899395	1822	0	-3.805
Olfr487	20	0.74139	0.96463	1.0	2696	8	-3.4367	0.17809	0.17421	0.866293	504	0	-3.4367
Muc15	20	0.74139	0.96463	1.0	2697	8	-3.3148	0.0495	0.035317	0.66405	150	0	-3.3148
Olfr38	20	0.74356	0.96517	1.0	2698	8	-3.777	0.011079	0.01015	0.66405	29	0	-3.777
Slc35f4	20	0.74388	0.96521	1.0	2699	7	-3.6174	0.91892	0.89005	0.97762	2599	0	-3.6174
Tas2r108	20	0.74436	0.96552	1.0	2700	9	-3.7044	0.0495	0.035317	0.66405	140	0	-3.7044
Olfr270	20	0.74444	0.96568	1.0	2701	6	-3.4242	0.23155	0.22498	0.866293	663	0	-3.4242
Fpr-rs6	20	0.74533	0.96593	1.0	2702	7	-3.5259	0.49445	0.42222	0.86939	1379	0	-3.5259
Il1rapl1	20	0.74668	0.96617	1.0	2703	7	-3.6736	0.3756	0.33858	0.866293	1078	0	-3.6736
Tmigd1	18	0.74757	0.96373	1.0	2704	6	-3.4172	0.41916	0.36398	0.866293	1199	0	-3.4172
Tmem154	18	0.74797	0.96392	1.0	2705	6	-3.1958	0.22833	0.2242	0.866293	639	0	-3.1958
Olfr1246	20	0.7493	0.9671	1.0	2706	5	-3.3076	0.44298	0.3892	0.867081	1256	0	-3.3076
Olfr878	20	0.75005	0.96727	1.0	2707	8	-3.6972	0.011079	0.01015	0.66405	30	0	-3.6972
Olfr1152	20	0.75232	0.9676	1.0	2708	6	-3.6263	0.30654	0.28885	0.866293	873	0	-3.6263
Ano3	20	0.75483	0.96814	1.0	2709	4	-3.3958	0.0021589	1.7322e-06	0.00055	8	0	-3.3958
Sgce	20	0.75511	0.9682	1.0	2710	5	-3.4907	0.4052	0.35185	0.866293	1155	0	-3.4907
Slc29a1	20	0.75539	0.9683	1.0	2711	7	-3.156	0.47569	0.40533	0.867081	1324	0	-3.156
Olfr11	20	0.75604	0.96838	1.0	2712	6	-3.4472	0.54814	0.49095	0.896706	1535	0	-3.4472
Slc12a2	20	0.75833	0.96882	1.0	2713	6	-3.6702	0.085278	0.074865	0.813139	242	0	-3.6702
Zdhhc11	18	0.76102	0.96743	1.0	2714	6	-3.6191	0.13311	0.13733	0.866293	381	0	-3.6191
Olfr1502	20	0.76581	0.97054	1.0	2715	8	-3.4674	0.715	0.6491	0.924572	1991	0	-3.4674
Olfr173	20	0.76707	0.97096	1.0	2716	5	-3.3611	0.085278	0.074865	0.813139	253	0	-3.3611
Kcna3	20	0.76709	0.97104	1.0	2717	8	-3.6655	0.11298	0.098748	0.837456	333	0	-3.6655
Olfr867	20	0.76727	0.97111	1.0	2718	6	-3.37	0.02837	0.027702	0.66405	89	0	-3.37
Olfr320	20	0.76794	0.97124	1.0	2719	8	-3.5355	0.5928	0.52434	0.896706	1647	0	-3.5355
Olfr187	20	0.76881	0.97151	1.0	2720	6	-3.572	0.58465	0.52137	0.896706	1632	0	-3.572
Olfr519	20	0.77046	0.97177	1.0	2721	7	-3.0178	0.11298	0.098748	0.837456	323	0	-3.0178
Mfsd6	20	0.77061	0.97188	1.0	2722	7	-3.6315	0.56849	0.50592	0.896706	1584	0	-3.6315
Glipr1	20	0.77337	0.97228	1.0	2723	8	-3.6234	0.65467	0.5762	0.899395	1826	0	-3.6234
Cd163	20	0.77355	0.97233	1.0	2724	6	-3.2816	0.77746	0.71952	0.936424	2192	0	-3.2816
Pmepa1	20	0.77356	0.97243	1.0	2725	7	-3.6711	0.5928	0.52434	0.896706	1648	0	-3.6711
Olfr918	20	0.77561	0.97273	1.0	2726	8	-3.7222	0.77746	0.71952	0.936424	2201	0	-3.7222
Clrn2	18	0.77562	0.97003	1.0	2727	7	-3.7947	0.38398	0.33011	0.866293	1096	0	-3.7947
Fpr-rs4	20	0.77623	0.97288	1.0	2728	8	-3.4019	0.043621	0.031475	0.66405	128	0	-3.4019
Olfr1008	18	0.77747	0.97024	1.0	2729	4	-3.5617	0.3931	0.34109	0.866293	1116	0	-3.5617
Cntn6	18	0.77747	0.97024	1.0	2730	7	-3.2278	0.025569	0.025218	0.66405	74	0	-3.2278
Cldn12	18	0.77823	0.97033	1.0	2731	7	-3.2699	0.35396	0.31256	0.866293	1010	0	-3.2699
Mc2r	20	0.77858	0.97338	1.0	2732	6	-3.6013	0.79952	0.74218	0.943567	2251	0	-3.6013
Mpzl1	20	0.77988	0.97344	1.0	2733	8	-3.7071	0.35761	0.32045	0.866293	1023	0	-3.7071
Cdh10	20	0.77988	0.97344	1.0	2734	6	-3.7225	0.51332	0.44432	0.880877	1445	0	-3.7225
Olfr874	20	0.78016	0.97348	1.0	2735	6	-3.3461	0.29661	0.28134	0.866293	845	0	-3.3461
Olfr738	20	0.78076	0.97378	1.0	2736	6	-3.5547	0.079456	0.071269	0.813139	233	0	-3.5547
Cd28	18	0.78284	0.97115	1.0	2737	5	-3.2739	0.31108	0.28534	0.866293	878	0	-3.2739
Grid1	18	0.78502	0.97156	1.0	2738	6	-3.4857	0.35396	0.31256	0.866293	1013	0	-3.4857
Tas2r139	20	0.78591	0.97461	1.0	2739	8	-3.629	0.27903	0.26927	0.866293	790	0	-3.629
H2-DMa	20	0.78867	0.97515	1.0	2740	7	-3.5032	0.19543	0.19061	0.866293	555	0	-3.5032
Olfr146	20	0.78867	0.97515	1.0	2741	7	-3.7407	0.27903	0.26927	0.866293	783	0	-3.7407
Dsg1c	20	0.7898	0.97538	1.0	2742	7	-3.6582	0.64591	0.56997	0.899395	1807	0	-3.6582
Olfr322	20	0.79355	0.97613	1.0	2743	6	-3.2902	0.063499	0.052354	0.802217	186	0	-3.2902
Ceacam13	20	0.79476	0.97648	1.0	2744	7	-3.3977	0.58465	0.52137	0.896706	1640	0	-3.3977
Clec2e	16	0.79564	0.9699	1.0	2745	6	-3.5397	0.72948	0.66892	0.924572	2045	0	-3.5397
Tmem182	19	0.79949	0.97604	1.0	2746	8	-3.6392	0.041486	0.030051	0.66405	121	0	-3.6392
Atp13a3	18	0.80048	0.97422	1.0	2747	7	-3.7382	0.80204	0.75779	0.951145	2256	0	-3.7382
Ceacam1	20	0.80514	0.97869	1.0	2748	8	-3.671	0.50401	0.43179	0.873969	1412	0	-3.671
Olfr1118	19	0.80663	0.97753	1.0	2749	8	-3.4369	0.58162	0.50949	0.896706	1628	0	-3.4369
Corin	18	0.8067	0.97549	1.0	2750	6	-3.2193	0.3633	0.31766	0.866293	1040	0	-3.2193
Olfr724	14	0.81082	0.97	1.0	2751	5	-3.3771	0.019944	0.019492	0.66405	54	0	-3.3771
Skint8	20	0.81298	0.97977	1.0	2752	5	-3.5458	0.53963	0.48021	0.896706	1511	0	-3.5458
Olfr692	20	0.81364	0.97984	1.0	2753	7	-3.4972	0.41626	0.35972	0.866293	1187	0	-3.4972
Pcdhga12	19	0.8146	0.9789	1.0	2754	3	-3.4542	0.63582	0.55904	0.899395	1753	0	-3.4542
Olfr815	16	0.81956	0.97484	1.0	2755	5	-3.5384	0.10341	0.10666	0.866293	306	0	-3.5384
Fpr1	20	0.81977	0.98091	1.0	2756	7	-3.5835	0.75916	0.68957	0.926117	2124	0	-3.5835
Gm5724	20	0.82126	0.98105	1.0	2757	6	-3.4052	0.72861	0.66247	0.924572	2036	0	-3.4052
Plet1	18	0.82183	0.97818	1.0	2758	5	-3.4762	0.41916	0.36398	0.866293	1197	0	-3.4762
Ephb6	20	0.82221	0.98137	1.0	2759	7	-3.5242	0.48364	0.41142	0.867081	1343	0	-3.5242
Olfr1099	18	0.82476	0.97872	1.0	2760	6	-3.5974	0.23834	0.23552	0.866293	667	0	-3.5974
Olfr1076	19	0.82681	0.98129	1.0	2761	7	-3.3992	0.71032	0.64569	0.924572	1985	0	-3.3992
Olfr183	20	0.82821	0.9822	1.0	2762	5	-3.1584	0.24082	0.23599	0.866293	680	0	-3.1584
Grpr	20	0.83035	0.98269	1.0	2763	7	-3.5508	0.11298	0.098748	0.837456	336	0	-3.5508
Olfr786	18	0.83383	0.9803	1.0	2764	7	-3.6719	0.75361	0.69168	0.92809	2115	0	-3.6719
Npy1r	20	0.83515	0.98349	1.0	2765	6	-3.3687	0.74561	0.68052	0.926117	2096	0	-3.3687
Olfr196	17	0.83629	0.98057	1.0	2766	6	-3.2736	0.11431	0.11851	0.866293	340	0	-3.2736
Olfr55	15	0.83663	0.97693	1.0	2767	3	-3.3064	0.49738	0.42822	0.873969	1395	0	-3.3064
Gpr173	18	0.84255	0.98184	1.0	2768	5	-3.5954	0.27142	0.25741	0.866293	775	0	-3.5954
Olfr459	20	0.84307	0.98482	1.0	2769	7	-3.3175	0.57781	0.51524	0.896706	1617	0	-3.3175
Tas2r110	20	0.8455	0.9851	1.0	2770	8	-3.7271	0.23155	0.22498	0.866293	655	0	-3.7271
Adcy6	20	0.84554	0.98517	1.0	2771	7	-3.3203	0.70677	0.63534	0.917888	1977	0	-3.3203
Gm20489	10	0.84653	0.96549	1.0	2772	2	-3.6581	0.44116	0.37577	0.866293	1255	0	-3.6581
Tmem9b	18	0.84775	0.98291	1.0	2773	4	-3.6307	0.34549	0.30998	0.866293	990	0	-3.6307
Olfr190	20	0.85087	0.98595	1.0	2774	8	-3.5513	0.18756	0.18575	0.866293	536	0	-3.5513
Olfr1053	18	0.85111	0.98347	1.0	2775	4	-2.8935	0.21104	0.20519	0.866293	594	0	-2.8935
Olfr56	20	0.85276	0.98621	1.0	2776	5	-3.2163	0.0495	0.035317	0.66405	138	0	-3.2163
Lim2	20	0.85452	0.98653	1.0	2777	5	-3.3146	0.47569	0.40533	0.867081	1327	0	-3.3146
Olfr161	20	0.85821	0.98714	1.0	2778	6	-3.4339	0.23155	0.22498	0.866293	651	0	-3.4339
Olfr1065	20	0.86248	0.98782	1.0	2779	6	-3.4417	0.25023	0.24514	0.866293	698	0	-3.4417
Lyve1	20	0.86329	0.98793	1.0	2780	7	-3.7555	0.51332	0.44432	0.880877	1441	0	-3.7555
Tmprss11d	20	0.86397	0.98817	1.0	2781	6	-3.4079	0.88626	0.84954	0.970034	2500	0	-3.4079
Olfr193	12	0.8648	0.97593	1.0	2782	4	-3.687	0.39606	0.34514	0.866293	1139	0	-3.687
Gm5155	20	0.86575	0.9883	1.0	2783	4	-3.5438	0.79952	0.74218	0.943567	2239	0	-3.5438
Kcnmb4	19	0.8671	0.9868	1.0	2784	4	-3.3075	0.32519	0.29979	0.866293	929	0	-3.3075
Gm43720	11	0.86751	0.9741	1.0	2785	4	-3.5731	0.91304	0.88496	0.976926	2587	0	-3.5731
Mrgpra3	19	0.86811	0.98689	1.0	2786	4	-3.5465	0.77687	0.7185	0.936424	2181	0	-3.5465
Crb3	18	0.86813	0.98649	1.0	2787	5	-3.1776	0.28068	0.26417	0.866293	795	0	-3.1776
Olfr1564	19	0.87188	0.98746	1.0	2788	6	-3.3992	0.43643	0.38101	0.866293	1251	0	-3.3992
Parm1	20	0.87303	0.98936	1.0	2789	7	-3.5944	0.10073	0.086208	0.813139	277	0	-3.5944
Olfr1310	20	0.87404	0.98947	1.0	2790	6	-3.5	0.24082	0.23599	0.866293	676	0	-3.5
Slc46a3	20	0.87934	0.99	1.0	2791	6	-3.3288	0.14676	0.15042	0.866293	410	0	-3.3288
Olfr1085	13	0.88018	0.98191	1.0	2792	3	-3.4658	0.36605	0.30757	0.866293	1041	0	-3.4658
Olfr832	20	0.8857	0.9908	1.0	2793	7	-3.5638	0.3756	0.33858	0.866293	1071	0	-3.5638
Tas2r107	20	0.88601	0.99084	1.0	2794	7	-3.5104	0.17809	0.17421	0.866293	517	0	-3.5104
Bves	20	0.8865	0.99086	1.0	2795	6	-3.5235	0.074063	0.065784	0.813139	216	0	-3.5235
Olfr1048	20	0.88892	0.99104	1.0	2796	6	-3.5725	0.22257	0.21208	0.866293	633	0	-3.5725
Olfr1303	19	0.88899	0.98978	1.0	2797	7	-3.6983	0.40034	0.34604	0.866293	1141	0	-3.6983
Olfr1062	18	0.89057	0.9896	1.0	2798	3	-3.4027	0.091133	0.078808	0.813139	257	0	-3.4027
Olfr985	20	0.89192	0.99138	1.0	2799	6	-3.3788	0.77058	0.70786	0.935616	2156	0	-3.3788
Pcdhga9	18	0.89392	0.99001	1.0	2800	6	-3.5967	0.25505	0.2466	0.866293	725	0	-3.5967
Psg23	20	0.89482	0.99176	1.0	2801	7	-3.4141	0.41626	0.35972	0.866293	1181	0	-3.4141
Olfr846	20	0.89659	0.99189	1.0	2802	5	-3.5482	0.31749	0.29769	0.866293	893	0	-3.5482
Epha6	20	0.89784	0.99208	1.0	2803	7	-3.5206	0.42586	0.37133	0.866293	1209	0	-3.5206
Olfr350	19	0.8989	0.99128	1.0	2804	7	-3.5066	0.14814	0.14778	0.866293	427	0	-3.5066
Gml	20	0.89999	0.99235	1.0	2805	5	-3.6561	0.49445	0.42222	0.86939	1367	0	-3.6561
Il21r	20	0.90166	0.99251	1.0	2806	6	-3.5515	0.74561	0.68052	0.926117	2097	0	-3.5515
Olfr402	17	0.90432	0.99051	1.0	2807	5	-3.6592	0.0021174	1.7322e-06	0.00055	7	0	-3.6592
Olfr1136	18	0.90442	0.99123	1.0	2808	6	-3.5884	0.4342	0.36992	0.866293	1243	0	-3.5884
Olfr745	20	0.90471	0.99286	1.0	2809	7	-3.7376	0.28642	0.27379	0.866293	814	0	-3.7376
Olfr1163	20	0.90694	0.99304	1.0	2810	6	-3.3015	0.03947	0.031471	0.66405	111	0	-3.3015
Fpr3	20	0.90697	0.99306	1.0	2811	4	-3.1254	0.085278	0.074865	0.813139	247	0	-3.1254
Olfr779	9	0.90727	0.97737	1.0	2812	2	-3.6866	0.63998	0.59071	0.905623	1781	0	-3.6866
Olfr1389	19	0.90805	0.99254	1.0	2813	5	-3.3064	0.41676	0.36606	0.866293	1189	0	-3.3064
Slc3a1	20	0.9113	0.99349	1.0	2814	6	-3.2574	0.90855	0.8767	0.973615	2575	0	-3.2574
Fcrl5	20	0.91261	0.99364	1.0	2815	6	-3.2372	0.60038	0.52631	0.896706	1676	0	-3.2372
Aqp8	20	0.914	0.99374	1.0	2816	7	-3.4359	0.32919	0.30467	0.866293	935	0	-3.4359
Olfr995	20	0.91584	0.99392	1.0	2817	6	-3.6576	0.17809	0.17421	0.866293	513	0	-3.6576
Grm3	17	0.91602	0.9921	1.0	2818	6	-3.7735	0.93642	0.91644	0.986009	2656	0	-3.7735
Olfr1031	18	0.91608	0.99261	1.0	2819	5	-3.2513	0.3633	0.31766	0.866293	1039	0	-3.2513
Olfr958	20	0.91681	0.99403	1.0	2820	6	-3.4778	0.20391	0.19553	0.866293	579	0	-3.4778
Olfr936	17	0.91701	0.99223	1.0	2821	6	-3.1145	0.14078	0.13667	0.866293	404	0	-3.1145
H2-M9	20	0.9173	0.9941	1.0	2822	5	-3.5627	0.25023	0.24514	0.866293	712	0	-3.5627
Tas2r104	20	0.91911	0.99423	1.0	2823	6	-3.5068	0.27095	0.26609	0.866293	758	0	-3.5068
Chrna5	19	0.92156	0.9941	1.0	2824	5	-3.3075	0.12157	0.12383	0.866293	345	0	-3.3075
Kl	20	0.92469	0.99479	1.0	2825	7	-3.6421	0.16348	0.15709	0.866293	461	0	-3.6421
Cnnm3	20	0.92815	0.99507	1.0	2826	6	-3.5627	0.27903	0.26927	0.866293	787	0	-3.5627
Olfr1462	20	0.9338	0.99562	1.0	2827	7	-3.6034	0.38457	0.34135	0.866293	1103	0	-3.6034
Olfr584	20	0.93466	0.99567	1.0	2828	7	-3.6874	0.057232	0.042961	0.709724	161	0	-3.6874
Plxna3	20	0.93487	0.99575	1.0	2829	5	-3.5319	0.88301	0.84511	0.969203	2495	0	-3.5319
Tas2r103	20	0.93636	0.99588	1.0	2830	5	-3.3635	0.31749	0.29769	0.866293	915	0	-3.3635
Pcdhb3	20	0.93769	0.99604	1.0	2831	6	-3.5111	0.21389	0.20215	0.866293	602	0	-3.5111
Pilrb2	20	0.93828	0.99609	1.0	2832	4	-3.2941	0.27903	0.26927	0.866293	793	0	-3.2941
Gm44579	4	0.93864	0.94255	1.0	2833	0	-2.5155	0.084708	0.073804	0.813139	238	0	-2.5155
Tas2r130	20	0.94125	0.99643	1.0	2834	6	-3.3986	0.063499	0.052354	0.802217	181	0	-3.3986
Olfr935	19	0.94253	0.99592	1.0	2835	6	-3.3261	0.070494	0.063291	0.813139	207	0	-3.3261
Olfr1193	18	0.94294	0.99568	1.0	2836	5	-3.5314	0.85501	0.81319	0.963184	2409	0	-3.5314
Lhfpl5	18	0.9462	0.99603	1.0	2837	5	-2.972	0.41916	0.36398	0.866293	1192	0	-2.972
Asic5	20	0.95111	0.99708	1.0	2838	4	-3.4645	0.32919	0.30467	0.866293	937	0	-3.4645
Olfr486	20	0.95477	0.99737	1.0	2839	5	-3.2331	0.16348	0.15709	0.866293	474	0	-3.2331
Olfr1436	19	0.9587	0.99736	1.0	2840	5	-3.5133	0.18664	0.18354	0.866293	525	0	-3.5133
Ubac2	17	0.96163	0.99692	1.0	2841	5	-3.6572	0.83104	0.78856	0.958809	2339	0	-3.6572
Tmx3	20	0.96368	0.99798	1.0	2842	5	-3.5168	0.78403	0.72546	0.938186	2208	0	-3.5168
Olfr1354	16	0.96396	0.997	1.0	2843	4	-3.4687	0.45451	0.39973	0.867081	1288	0	-3.4687
Olfr26	20	0.9645	0.99802	1.0	2844	6	-3.2604	0.51332	0.44432	0.880877	1432	0	-3.2604
Olfr722	19	0.96758	0.99812	1.0	2845	5	-3.4986	0.19478	0.18813	0.866293	547	0	-3.4986
Pcdh9	20	0.9699	0.99834	1.0	2846	6	-3.4631	0.91892	0.89005	0.97762	2598	0	-3.4631
Olfr288	4	0.97244	0.97617	1.0	2847	0	-2.7494	0.12383	0.099928	0.844953	357	0	-2.7494
Olfr802	20	0.97511	0.99872	1.0	2848	6	-3.5126	0.45319	0.39543	0.867081	1282	0	-3.5126
Il2ra	17	0.97625	0.99833	1.0	2849	2	-2.8504	0.0094251	0.0087734	0.66405	27	0	-2.8504
Cdh8	20	0.97724	0.99885	1.0	2850	5	-3.126	0.13612	0.1382	0.866293	383	0	-3.126
Olfr582	20	0.97825	0.99889	1.0	2851	4	-3.1451	0.64591	0.56997	0.899395	1806	0	-3.1451
Olfr8	15	0.97862	0.998	1.0	2852	2	-3.1166	0.25878	0.23915	0.866293	728	0	-3.1166
P2rx3	20	0.98645	0.99934	1.0	2853	4	-3.3725	0.63668	0.56458	0.899395	1766	0	-3.3725
Lnpep	20	0.98798	0.99943	1.0	2854	5	-3.5858	0.54814	0.49095	0.896706	1534	0	-3.5858
Olfr1039	20	0.9914	0.9996	1.0	2855	5	-3.3403	0.079456	0.071269	0.813139	230	0	-3.3403
Olfr1040	20	0.99309	0.9997	1.0	2856	2	-3.281	0.10073	0.086208	0.813139	303	0	-3.281
Ror2	20	0.99584	0.99981	1.0	2857	4	-3.3292	0.82135	0.77563	0.957151	2318	0	-3.3292
