id	num	neg|score	neg|p-value	neg|fdr	neg|rank	neg|goodsgrna	neg|lfc	pos|score	pos|p-value	pos|fdr	pos|rank	pos|goodsgrna	pos|lfc
Scn4b	20	5.3516e-06	6.0625e-05	0.111386	1	17	-4.7105	0.94191	0.92066	0.982358	2678	0	-4.7105
Ntm	18	1.1023e-05	7.7947e-05	0.111386	2	9	-3.9192	0.089355	0.077129	0.803873	251	0	-3.9192
Olfr978	18	1.6182e-05	0.00013338	0.127063	3	11	-4.5447	0.16787	0.16205	0.859701	472	0	-4.5447
Gdpd5	20	1.6546e-05	0.0001888	0.134901	4	14	-4.5628	0.88925	0.85077	0.965529	2520	0	-4.5628
Klrb1	19	2.8235e-05	0.00031698	0.181188	5	11	-3.9569	0.41685	0.36097	0.859701	1185	0	-3.9569
Adrb1	20	4.8583e-05	0.00048674	0.229844	6	16	-4.4427	0.82491	0.77542	0.950724	2323	0	-4.4427
H2-Ob	20	5.5976e-05	0.00056295	0.229844	7	15	-4.7134	0.58349	0.51911	0.893438	1632	0	-4.7134
Tnfrsf13b	18	0.00013637	0.0012194	0.435644	8	15	-4.6158	0.93999	0.91919	0.982358	2674	0	-4.6158
Pth2r	19	0.00015791	0.0014948	0.474697	9	13	-4.2249	0.29984	0.28257	0.859701	839	0	-4.2249
Pcdhb12	20	0.00017305	0.0017096	0.488614	10	17	-4.3206	0.99873	0.99796	0.999613	2851	0	-4.3206
Itga9	20	0.00025126	0.002503	0.609571	11	13	-4.115	0.84582	0.79654	0.952925	2391	0	-4.115
Rgma	20	0.00031663	0.0030261	0.609571	12	15	-4.4898	0.59842	0.52812	0.893438	1678	0	-4.4898
Asic4	20	0.00033106	0.0031213	0.609571	13	13	-4.2459	0.69267	0.61215	0.899961	1941	0	-4.2459
Cdh3	19	0.00033644	0.00313	0.609571	14	16	-4.5989	0.9777	0.96723	0.991919	2785	0	-4.5989
Svopl	20	0.00034271	0.0031993	0.609571	15	16	-4.3475	0.93571	0.91191	0.979893	2656	0	-4.3475
Cdhr3	20	0.00037596	0.0034712	0.612988	16	16	-4.5735	0.95765	0.94125	0.98828	2722	0	-4.5735
Lrfn1	20	0.00039402	0.0036462	0.612988	17	15	-4.5538	0.97687	0.96713	0.991919	2783	0	-4.5538
Plxnb1	20	0.00049859	0.0044118	0.643894	18	13	-3.9426	0.97847	0.96904	0.991919	2791	0	-3.9426
Trpv4	20	0.0005591	0.0049245	0.643894	19	17	-4.2702	0.69267	0.61215	0.899961	1925	0	-4.2702
Susd3	20	0.00062848	0.0055706	0.643894	20	13	-4.5499	0.99315	0.98845	0.995419	2838	0	-4.5499
Lamp1	20	0.00063236	0.0056382	0.643894	21	15	-4.5574	0.82491	0.77542	0.950724	2326	0	-4.5574
Pcdha1	16	0.00065867	0.0050873	0.643894	22	10	-4.0216	0.338	0.29371	0.859701	975	0	-4.0216
Epha3	20	0.00067138	0.005898	0.643894	23	11	-4.0536	0.44002	0.383	0.859701	1252	0	-4.0536
Caly	19	0.00067283	0.0057629	0.643894	24	14	-4.4812	0.45084	0.3856	0.860965	1294	0	-4.4812
Gprc5b	20	0.00070325	0.0062479	0.643894	25	13	-4.3975	0.14275	0.14149	0.859701	399	0	-4.3975
Olfr323	18	0.0007478	0.0061821	0.643894	26	9	-3.9703	0.028485	0.025208	0.691901	81	0	-3.9703
Ror1	20	0.0008193	0.0070828	0.643894	27	9	-3.8393	0.068796	0.052273	0.754525	198	0	-3.8393
Tnfrsf11a	20	0.00083445	0.0071798	0.643894	28	12	-4.2627	0.14591	0.14675	0.859701	402	0	-4.2627
Ephb3	20	0.0008347	0.0071902	0.643894	29	14	-4.5835	0.92118	0.89243	0.975355	2617	0	-4.5835
Calcr	20	0.00083914	0.0072387	0.643894	30	14	-4.5639	0.69267	0.61215	0.899961	1938	0	-4.5639
Agtr1a	20	0.00087299	0.0074898	0.643894	31	15	-4.6154	0.48999	0.4163	0.864664	1366	0	-4.6154
Slc1a4	19	0.00094594	0.007883	0.643894	32	9	-3.7172	0.67399	0.5958	0.899961	1884	0	-3.7172
Erbb4	20	0.00096586	0.0083195	0.643894	33	9	-3.5871	0.41746	0.35853	0.859701	1186	0	-3.5871
Fam174a	20	0.00097753	0.0083888	0.643894	34	16	-4.4978	0.52942	0.46351	0.886569	1492	0	-4.4978
Edar	20	0.00099494	0.0085031	0.643894	35	17	-4.3071	0.73281	0.66504	0.921069	2049	0	-4.3071
Olfr202	20	0.0010315	0.008756	0.643894	36	12	-4.0623	0.75045	0.68359	0.921069	2110	0	-4.0623
Rrh	20	0.0010763	0.0090228	0.643894	37	15	-4.6305	0.76338	0.69193	0.921069	2151	0	-4.6305
Oxgr1	20	0.0010884	0.0090713	0.643894	38	8	-3.3863	0.42389	0.365	0.859701	1190	0	-3.3863
Cacna1i	20	0.0011222	0.0094177	0.643894	39	15	-4.4897	0.98521	0.97676	0.993161	2811	0	-4.4897
Plxnb2	20	0.0011517	0.0096983	0.643894	40	11	-4.1152	0.48999	0.4163	0.864664	1375	0	-4.1152
Tmem8b	20	0.001163	0.0097988	0.643894	41	7	-3.6421	0.91094	0.87867	0.971091	2588	0	-3.6421
Cdh24	19	0.0011704	0.0096394	0.643894	42	13	-4.5971	0.84003	0.79057	0.952925	2370	0	-4.5971
5830411N06Rik	20	0.0012376	0.010597	0.643894	43	14	-4.319	0.55412	0.49492	0.893438	1557	0	-4.319
Sv2a	20	0.0012376	0.010597	0.643894	44	13	-4.2879	0.45989	0.39802	0.864664	1301	0	-4.2879
Tspan17	20	0.0012799	0.010937	0.643894	45	11	-4.2042	0.88588	0.84568	0.964081	2500	0	-4.2042
Notch1	20	0.0012881	0.011004	0.643894	46	12	-4.411	0.79311	0.72986	0.932053	2242	0	-4.411
Cckbr	20	0.0013423	0.011368	0.643894	47	9	-3.8109	0.46789	0.40051	0.864664	1321	0	-3.8109
Opn5	20	0.0013881	0.011583	0.643894	48	13	-4.3103	0.90804	0.87616	0.971091	2578	0	-4.3103
Tspan18	20	0.0014081	0.011652	0.643894	49	8	-3.6367	0.68002	0.60323	0.899961	1904	0	-3.6367
Il27ra	20	0.0014168	0.011767	0.643894	50	11	-4.1383	0.97536	0.9657	0.991919	2777	0	-4.1383
Prnp	20	0.0014172	0.011767	0.643894	51	11	-4.0226	0.21084	0.20193	0.859701	591	0	-4.0226
Tmem132e	19	0.0014754	0.011805	0.643894	52	8	-3.7175	0.3108	0.28814	0.859701	869	0	-3.7175
Astn1	20	0.0014951	0.012283	0.643894	53	16	-4.4964	0.18468	0.17743	0.859701	515	0	-4.4964
Lrfn4	20	0.0015174	0.012452	0.643894	54	9	-3.6434	0.25691	0.25121	0.859701	738	0	-3.6434
Slc31a1	18	0.0015436	0.012054	0.643894	55	10	-4.6247	0.20901	0.19965	0.859701	585	0	-4.6247
H2-Q2	20	0.0015683	0.012737	0.643894	56	15	-4.5096	0.061936	0.04659	0.727615	183	0	-4.5096
P2rx6	20	0.0016148	0.013012	0.643894	57	14	-4.5614	0.96657	0.95208	0.98923	2747	0	-4.5614
Acvr2b	18	0.0017714	0.013506	0.643894	58	14	-4.2351	0.97428	0.96237	0.991868	2774	0	-4.2351
Cntnap1	20	0.0017835	0.014075	0.643894	59	14	-4.4998	0.98972	0.98291	0.994396	2824	0	-4.4998
Olfr1217	20	0.0017904	0.014117	0.643894	60	13	-4.3708	0.2851	0.27517	0.859701	806	0	-4.3708
Upk1b	20	0.0018209	0.014301	0.643894	61	12	-4.0478	0.75656	0.68714	0.921069	2124	0	-4.0478
Fgfr1	20	0.001827	0.014344	0.643894	62	14	-4.4018	0.99894	0.99823	0.999613	2852	0	-4.4018
Cdcp1	20	0.0019167	0.015021	0.643894	63	14	-4.295	0.80328	0.74299	0.93627	2259	0	-4.295
Sppl2c	20	0.0019364	0.015203	0.643894	64	13	-4.5002	0.85474	0.80574	0.953537	2413	0	-4.5002
Mmp17	20	0.0020273	0.015653	0.643894	65	9	-3.5843	0.48231	0.41025	0.864664	1348	0	-3.5843
Layn	20	0.0020426	0.015775	0.643894	66	13	-4.1986	0.86754	0.82401	0.961085	2451	0	-4.1986
D430041D05Rik	20	0.0021337	0.016343	0.643894	67	14	-4.3233	0.94191	0.92066	0.982358	2677	0	-4.3233
Grid2	20	0.0021424	0.016412	0.643894	68	7	-3.587	0.080532	0.069392	0.803873	233	0	-3.587
Hbegf	18	0.0021425	0.015984	0.643894	69	13	-4.4487	0.90512	0.87334	0.971091	2559	0	-4.4487
Slc38a1	20	0.0021487	0.01645	0.643894	70	10	-3.8876	0.67388	0.59325	0.899961	1875	0	-3.8876
P2ry12	20	0.0021589	0.01652	0.643894	71	12	-4.2134	0.50996	0.43412	0.86643	1441	0	-4.2134
Acvr1c	20	0.0021674	0.016577	0.643894	72	15	-4.4018	0.73868	0.66927	0.921069	2072	0	-4.4018
Cnnm4	20	0.0021802	0.016658	0.643894	73	10	-3.8839	0.32417	0.30044	0.859701	916	0	-3.8839
Olfr297	20	0.0022027	0.016817	0.643894	74	15	-4.22	0.9793	0.97013	0.991919	2793	0	-4.22
H2-K1	19	0.0022573	0.017448	0.656136	75	14	-4.2848	0.443	0.3833	0.859701	1266	0	-4.2848
Gja4	17	0.0024202	0.016897	0.643894	76	14	-4.323	0.90577	0.87833	0.971091	2566	0	-4.323
Podxl	20	0.0024649	0.018536	0.68799	77	9	-3.7501	0.15388	0.15369	0.859701	439	0	-3.7501
Olfr1511	20	0.0025671	0.019166	0.700934	78	16	-4.3333	0.03867	0.031271	0.691901	113	0	-4.3333
Ffar4	20	0.0026216	0.019542	0.700934	79	14	-4.4805	0.71961	0.6518	0.921069	2017	0	-4.4805
Abcc10	20	0.0027346	0.020164	0.700934	80	13	-4.4348	0.65127	0.57155	0.893599	1820	0	-4.4348
Slc5a5	20	0.0028095	0.020729	0.700934	81	14	-4.5015	0.77453	0.70948	0.929989	2175	0	-4.5015
Il23r	19	0.0028419	0.021359	0.700934	82	15	-4.3423	0.45084	0.3856	0.860965	1293	0	-4.3423
Grin3b	20	0.0028601	0.021141	0.700934	83	12	-4.2118	0.35532	0.31877	0.859701	1020	0	-4.2118
Nlgn3	20	0.0029101	0.021418	0.700934	84	10	-3.891	0.071433	0.054177	0.774183	205	0	-3.891
Astn2	20	0.0029383	0.021647	0.700934	85	9	-3.7515	0.52942	0.46351	0.886569	1485	0	-3.7515
Tmem235	19	0.00297	0.022147	0.700934	86	13	-4.2848	0.51929	0.45977	0.886569	1449	0	-4.2848
Fzd1	20	0.0030237	0.022353	0.700934	87	12	-4.4479	0.53747	0.47557	0.893018	1517	0	-4.4479
Ddr1	20	0.0031101	0.022828	0.700934	88	15	-4.1592	0.83016	0.78187	0.9521	2346	0	-4.1592
Abca4	20	0.0031538	0.023064	0.700934	89	10	-3.8006	0.10717	0.089726	0.803873	308	0	-3.8006
Kcnv2	20	0.0032869	0.024032	0.700934	90	10	-3.7778	0.98521	0.97676	0.993161	2810	0	-3.7778
Shisa7	20	0.0033077	0.024079	0.700934	91	15	-4.4123	0.65984	0.57781	0.893599	1841	0	-4.4123
Crb2	20	0.0033152	0.024134	0.700934	92	10	-3.9155	0.72701	0.66071	0.921069	2036	0	-3.9155
Ret	20	0.0034627	0.024972	0.700934	93	16	-4.2195	0.66722	0.58309	0.89596	1859	0	-4.2195
Olfr1465	20	0.0034852	0.025059	0.700934	94	7	-3.716	0.19408	0.19224	0.859701	540	0	-3.716
Il17rb	20	0.0035119	0.025263	0.700934	95	13	-4.4367	0.36478	0.32315	0.859701	1036	0	-4.4367
Slc45a4	20	0.0035257	0.025419	0.700934	96	15	-4.3398	0.69267	0.61215	0.899961	1934	0	-4.3398
Disp1	20	0.0035264	0.025419	0.700934	97	11	-3.9576	0.95087	0.933	0.986498	2700	0	-3.9576
Slc38a8	20	0.0035338	0.025437	0.700934	98	13	-4.4647	0.39239	0.34533	0.859701	1124	0	-4.4647
Pigr	20	0.0035362	0.025487	0.700934	99	16	-4.2436	0.2019	0.19707	0.859701	575	0	-4.2436
Tnfrsf8	20	0.0036192	0.025825	0.700934	100	12	-4.3317	0.40286	0.35196	0.859701	1152	0	-4.3317
Lrtm2	20	0.0036404	0.026005	0.700934	101	10	-3.8715	0.17698	0.16563	0.859701	508	0	-3.8715
Clstn1	20	0.0036715	0.026303	0.700934	102	11	-4.0388	0.34594	0.31441	0.859701	1004	0	-4.0388
Cmklr1	20	0.0037245	0.026576	0.700934	103	10	-3.7353	0.27708	0.27201	0.859701	778	0	-3.7353
Il2rb	20	0.0037592	0.026833	0.700934	104	14	-4.2234	0.87129	0.82978	0.963251	2455	0	-4.2234
Dpep3	20	0.003803	0.027141	0.700934	105	13	-4.2701	0.85474	0.80574	0.953537	2414	0	-4.2701
Adcy2	20	0.0038084	0.027176	0.700934	106	10	-3.9133	0.69267	0.61215	0.899961	1943	0	-3.9133
Chrna10	20	0.0038165	0.027179	0.700934	107	12	-4.077	0.97087	0.95811	0.990031	2761	0	-4.077
Lmbrd2	20	0.003905	0.027964	0.700934	108	14	-4.351	0.59842	0.52812	0.893438	1666	0	-4.351
Tmem255b	20	0.0039651	0.028215	0.700934	109	14	-4.4415	0.75045	0.68359	0.921069	2107	0	-4.4415
Gsg1	20	0.0039695	0.028258	0.700934	110	10	-3.8419	0.36478	0.32315	0.859701	1040	0	-3.8419
Fap	20	0.0039747	0.028329	0.700934	111	12	-4.0137	0.48231	0.41025	0.864664	1337	0	-4.0137
Cdh4	20	0.0040216	0.028684	0.700934	112	14	-4.3842	0.54571	0.48425	0.893438	1533	0	-4.3842
Serinc2	19	0.0040584	0.028721	0.700934	113	10	-3.9158	0.017074	0.011417	0.592062	44	0	-3.9158
Gprc5c	20	0.0040928	0.029095	0.700934	114	14	-4.1488	0.86332	0.8176	0.958403	2440	0	-4.1488
Megf9	20	0.0040979	0.029195	0.700934	115	16	-4.1516	0.52942	0.46351	0.886569	1481	0	-4.1516
Plxdc1	20	0.0041477	0.029434	0.700934	116	8	-3.5678	0.92923	0.9024	0.977657	2637	0	-3.5678
Mep1b	20	0.00421	0.029722	0.700934	117	14	-4.2929	0.81946	0.768	0.949373	2313	0	-4.2929
Pcdhgb1	18	0.004212	0.029284	0.700934	118	12	-4.1902	0.19193	0.18487	0.859701	537	0	-4.1902
Slc6a1	19	0.0042622	0.030159	0.700934	119	11	-3.9813	0.57169	0.5084	0.893438	1595	0	-3.9813
Olfr287	18	0.0042926	0.029703	0.700934	120	8	-3.6069	0.75241	0.68954	0.921069	2117	0	-3.6069
Il17re	20	0.0042945	0.030124	0.700934	121	13	-4.1698	0.98575	0.97718	0.993161	2812	0	-4.1698
Gpc5	20	0.0043281	0.030347	0.700934	122	13	-4.5073	0.94408	0.92315	0.982358	2682	0	-4.5073
Gjb3	20	0.0043479	0.030411	0.700934	123	12	-4.2034	0.04839	0.035147	0.691901	140	0	-4.2034
Gabra4	19	0.0044602	0.031316	0.715365	124	8	-3.5406	0.67399	0.5958	0.899961	1885	0	-3.5406
Slc6a18	20	0.0045093	0.031721	0.715365	125	12	-4.0985	0.66722	0.58309	0.89596	1858	0	-4.0985
Ly6g6c	20	0.0045855	0.03204	0.715365	126	15	-4.233	0.74465	0.67669	0.921069	2083	0	-4.233
Slc41a1	20	0.0045946	0.032073	0.715365	127	14	-4.3203	0.76947	0.69995	0.925282	2167	0	-4.3203
Pcdhac1	16	0.0045979	0.029396	0.700934	128	10	-4.1491	0.79126	0.7364	0.93627	2234	0	-4.1491
Ecscr	20	0.0047665	0.033157	0.715365	129	12	-4.3557	0.98972	0.98291	0.994396	2825	0	-4.3557
Plvap	20	0.0048064	0.033271	0.715365	130	13	-4.3094	0.62625	0.55119	0.893599	1743	0	-4.3094
Sv2c	20	0.0048099	0.03329	0.715365	131	7	-3.4296	0.11948	0.10222	0.827588	335	0	-3.4296
Pkd1	20	0.0048395	0.033649	0.717674	132	13	-4.3477	0.25691	0.25121	0.859701	731	0	-4.3477
Hrh1	20	0.0048482	0.033931	0.718335	133	13	-4.2638	0.44002	0.383	0.859701	1259	0	-4.2638
Gldn	18	0.004857	0.033127	0.715365	134	10	-4.2658	0.24422	0.2413	0.859701	687	0	-4.2658
Tmem204	20	0.0049313	0.034387	0.722627	135	13	-4.4229	0.99625	0.99347	0.996907	2846	0	-4.4229
Lypd2	19	0.0050889	0.035036	0.730903	136	10	-4.1677	0.38727	0.3379	0.859701	1109	0	-4.1677
9330182L06Rik	19	0.0052861	0.036141	0.748493	137	8	-3.535	0.73252	0.6671	0.921069	2043	0	-3.535
Dpp10	20	0.0053378	0.037479	0.763666	138	15	-4.4452	0.10717	0.089726	0.803873	303	0	-4.4452
Myadm	20	0.0053401	0.037503	0.763666	139	14	-4.3167	0.80328	0.74299	0.93627	2264	0	-4.3167
Tspan15	20	0.005362	0.037737	0.763666	140	11	-3.9416	0.98972	0.98291	0.994396	2823	0	-3.9416
Cd248	20	0.0053795	0.037943	0.763666	141	15	-4.314	0.97087	0.95811	0.990031	2760	0	-4.314
Olfr825	14	0.0054553	0.032951	0.715365	142	8	-3.9326	0.6796	0.61252	0.900041	1887	0	-3.9326
Mfsd12	20	0.0054716	0.038799	0.770877	143	13	-4.054	0.46789	0.40051	0.864664	1314	0	-4.054
Tmem132c	20	0.0055104	0.039086	0.770877	144	15	-4.3225	0.98102	0.97239	0.992174	2798	0	-4.3225
Olfr1466	20	0.005531	0.03911	0.770877	145	11	-4.2453	0.90255	0.86925	0.971091	2554	0	-4.2453
Tril	20	0.0057113	0.040125	0.776815	146	12	-3.8651	0.91393	0.88205	0.971822	2598	0	-3.8651
Slc13a4	20	0.0057503	0.04025	0.776815	147	14	-4.4248	0.99932	0.9989	0.999613	2854	0	-4.4248
Chrne	20	0.0058023	0.040936	0.776815	148	11	-3.916	0.93979	0.91815	0.982062	2672	0	-3.916
Slamf7	20	0.0058526	0.041132	0.776815	149	12	-4.4336	0.81946	0.768	0.949373	2312	0	-4.4336
Cdh18	20	0.0059143	0.04152	0.776815	150	10	-3.7005	0.22935	0.21836	0.859701	648	0	-3.7005
Pkd1l2	20	0.0059167	0.041539	0.776815	151	9	-3.7423	0.91878	0.88902	0.974241	2604	0	-3.7423
S1pr5	20	0.0059405	0.04165	0.776815	152	14	-4.457	0.73868	0.66927	0.921069	2068	0	-4.457
Spns2	17	0.0061147	0.040534	0.776815	153	9	-3.8794	0.091861	0.077971	0.803873	269	0	-3.8794
Olfr294	20	0.0061328	0.042377	0.776815	154	8	-3.4407	0.31285	0.29461	0.859701	880	0	-3.4407
Tnfrsf9	20	0.0061657	0.042401	0.776815	155	8	-3.6568	0.5005	0.42702	0.86643	1402	0	-3.6568
Cd177	20	0.0062782	0.042914	0.777975	156	12	-3.913	0.61874	0.5389	0.893599	1721	0	-3.913
Olfr658	20	0.006342	0.043245	0.777975	157	11	-4.011	0.73868	0.66927	0.921069	2062	0	-4.011
Treml2	20	0.0063513	0.043281	0.777975	158	12	-4.0336	0.42389	0.365	0.859701	1206	0	-4.0336
Pkdrej	17	0.0063611	0.042	0.776815	159	10	-4.1965	0.94434	0.92443	0.982358	2685	0	-4.1965
Adra1b	20	0.0064633	0.044127	0.78117	160	11	-4.1298	0.0316	0.027397	0.691901	95	0	-4.1298
Slc2a10	20	0.006491	0.044203	0.78117	161	11	-3.9697	0.78149	0.72043	0.929989	2222	0	-3.9697
Lrp5	20	0.006534	0.044279	0.78117	162	12	-4.1681	0.35125	0.31734	0.859701	1007	0	-4.1681
Flrt1	20	0.006661	0.044968	0.785011	163	15	-4.345	0.068796	0.052273	0.754525	195	0	-4.345
Htr7	20	0.0067301	0.045356	0.785011	164	7	-3.6343	0.35936	0.3202	0.859701	1028	0	-3.6343
Sppl2b	20	0.0067937	0.045595	0.785011	165	9	-3.8052	0.10717	0.089726	0.803873	300	0	-3.8052
Upk1a	18	0.0069856	0.045339	0.785011	166	11	-4.3063	0.8546	0.81097	0.95538	2412	0	-4.3063
Slc1a1	20	0.0070586	0.046737	0.787847	167	14	-4.3144	0.68488	0.60723	0.899961	1915	0	-4.3144
Olfr1221	20	0.0071216	0.047193	0.787847	168	15	-4.1507	0.77453	0.70948	0.929989	2174	0	-4.1507
Thsd7b	20	0.007124	0.047224	0.787847	169	11	-4.0498	0.77453	0.70948	0.929989	2172	0	-4.0498
Susd5	20	0.0072058	0.047553	0.787847	170	15	-4.3253	0.88588	0.84568	0.964081	2506	0	-4.3253
Asgr2	20	0.0072534	0.048036	0.787847	171	12	-4.4188	0.39239	0.34533	0.859701	1127	0	-4.4188
Npffr1	20	0.0072837	0.048279	0.787847	172	15	-4.355	0.92923	0.9024	0.977657	2640	0	-4.355
Gpr55	20	0.0073288	0.04844	0.787847	173	15	-4.1615	0.17698	0.16563	0.859701	498	0	-4.1615
Entpd3	19	0.0075662	0.049529	0.787847	174	15	-4.3621	0.96038	0.94441	0.98905	2731	0	-4.3621
Clec1b	20	0.0076412	0.049787	0.787847	175	12	-4.002	0.88588	0.84568	0.964081	2503	0	-4.002
Gpihbp1	20	0.0077333	0.050097	0.787847	176	14	-4.324	0.99641	0.99377	0.996907	2849	0	-4.324
Pcdha11	17	0.0078214	0.04871	0.787847	177	12	-3.9849	0.026924	0.023912	0.691901	77	0	-3.9849
Cdh15	20	0.0078425	0.050885	0.787847	178	15	-4.3148	0.98792	0.98079	0.994361	2815	0	-4.3148
Efna1	18	0.0079075	0.050226	0.787847	179	11	-4.2795	0.97589	0.96442	0.991919	2778	0	-4.2795
2900092C05Rik	18	0.0079132	0.050264	0.787847	180	10	-4.2912	0.84201	0.79739	0.952925	2377	0	-4.2912
Eda2r	20	0.0080193	0.051655	0.787847	181	11	-4.2212	0.044258	0.035144	0.691901	127	0	-4.2212
Ptger1	20	0.0080193	0.051655	0.787847	182	14	-4.1486	0.7114	0.63513	0.910402	1997	0	-4.1486
Oprl1	20	0.008045	0.05185	0.787847	183	11	-3.946	0.33621	0.30743	0.859701	954	0	-3.946
Sucnr1	20	0.0080575	0.052008	0.787847	184	6	-3.5658	0.22935	0.21836	0.859701	650	0	-3.5658
Gpr146	20	0.008189	0.05263	0.787847	185	11	-4.0003	0.83016	0.78187	0.9521	2339	0	-4.0003
Gp1bb	18	0.0081968	0.051977	0.787847	186	9	-3.8023	0.68159	0.61474	0.901239	1908	0	-3.8023
Olfr571	20	0.0082392	0.052801	0.787847	187	8	-3.7311	0.64205	0.56615	0.893599	1796	0	-3.7311
Anpep	20	0.0082626	0.052853	0.787847	188	10	-3.7631	0.44002	0.383	0.859701	1255	0	-3.7631
Sez6	20	0.008263	0.05289	0.787847	189	15	-4.4497	0.99932	0.9989	0.999613	2855	0	-4.4497
Sit1	20	0.0083307	0.053134	0.787847	190	11	-4.0338	0.76947	0.69995	0.925282	2164	0	-4.0338
Ldlr	20	0.0084106	0.053787	0.787847	191	12	-4.31	0.25691	0.25121	0.859701	717	0	-4.31
Trem1	20	0.0084218	0.053879	0.787847	192	13	-4.2574	0.73281	0.66504	0.921069	2054	0	-4.2574
Icam2	20	0.008444	0.053944	0.787847	193	12	-4.0818	0.87761	0.83657	0.964081	2474	0	-4.0818
Slc6a16	20	0.0085279	0.054575	0.787847	194	7	-3.3622	0.41327	0.35718	0.859701	1177	0	-3.3622
Stt3b	20	0.0085481	0.054594	0.787847	195	12	-3.9396	0.99315	0.98845	0.995419	2837	0	-3.9396
Slc9a6	20	0.0085481	0.054594	0.787847	196	11	-3.9397	0.78799	0.72634	0.930695	2226	0	-3.9397
Aoc3	18	0.0086142	0.054019	0.787847	197	14	-4.2625	0.99985	0.99979	1.0	2857	0	-4.2625
Treh	20	0.0086171	0.054973	0.787847	198	10	-3.6799	0.30301	0.28716	0.859701	850	0	-3.6799
Slc5a7	18	0.0087379	0.054876	0.787847	199	11	-4.1292	0.94756	0.92831	0.984462	2695	0	-4.1292
Plppr4	20	0.0087673	0.055923	0.791006	200	14	-4.4229	0.93111	0.90581	0.979345	2642	0	-4.4229
Sema6d	20	0.0087738	0.055961	0.791006	201	10	-3.8541	0.5005	0.42702	0.86643	1403	0	-3.8541
Sema4f	18	0.008816	0.055133	0.787847	202	10	-4.0291	0.54537	0.48305	0.893438	1526	0	-4.0291
Nipal2	20	0.0088288	0.056184	0.791006	203	8	-3.6654	0.12871	0.12019	0.859701	369	0	-3.6654
Tmem63a	20	0.0089028	0.056501	0.79157	204	8	-3.7242	0.17019	0.16034	0.859701	487	0	-3.7242
Gm5150	18	0.0091339	0.057135	0.796547	205	12	-4.4431	0.39123	0.33528	0.859701	1116	0	-4.4431
Clec2i	18	0.0092544	0.057478	0.797438	206	9	-4.0307	0.039922	0.032448	0.691901	116	0	-4.0307
Abca7	20	0.0092663	0.058789	0.804088	207	14	-4.3457	0.98792	0.98079	0.994361	2816	0	-4.3457
Cacna1g	20	0.0093158	0.059165	0.80521	208	9	-3.7925	0.080532	0.069392	0.803873	227	0	-3.7925
Slc8b1	18	0.0094754	0.058483	0.804088	209	11	-4.4443	0.90163	0.86978	0.971091	2551	0	-4.4443
Tpsg1	18	0.0095476	0.058801	0.804088	210	11	-4.1295	0.20106	0.19081	0.859701	558	0	-4.1295
Ptprg	20	0.0095627	0.060243	0.815987	211	15	-4.2257	0.8918	0.8553	0.968097	2526	0	-4.2257
Flrt2	20	0.0097624	0.061476	0.820162	212	11	-3.8961	0.66722	0.58309	0.89596	1863	0	-3.8961
Ephb1	20	0.0098175	0.061744	0.820162	213	10	-3.8224	0.81372	0.75798	0.944334	2300	0	-3.8224
Sema7a	20	0.009871	0.062047	0.820162	214	15	-4.2678	0.9918	0.98621	0.995259	2831	0	-4.2678
Tmem116	20	0.0099671	0.062642	0.820162	215	12	-4.4146	0.35532	0.31877	0.859701	1025	0	-4.4146
9430015G10Rik	20	0.010011	0.062782	0.820162	216	8	-3.3824	0.25691	0.25121	0.859701	733	0	-3.3824
Tmem108	20	0.010092	0.062934	0.820162	217	8	-3.6639	0.86754	0.82401	0.961085	2447	0	-3.6639
Tspan13	20	0.010178	0.063442	0.820162	218	15	-4.3386	0.32417	0.30044	0.859701	929	0	-4.3386
Adam29	20	0.010244	0.063617	0.820162	219	7	-3.331	0.11948	0.10222	0.827588	346	0	-3.331
Fat2	20	0.010287	0.063717	0.820162	220	12	-4.1602	0.32417	0.30044	0.859701	919	0	-4.1602
Htr6	20	0.010306	0.063731	0.820162	221	11	-4.0043	0.0067937	0.0078449	0.592062	19	0	-4.0043
Ccr6	20	0.010319	0.063896	0.820162	222	13	-4.1727	0.72701	0.66071	0.921069	2031	0	-4.1727
Ackr3	20	0.010338	0.063994	0.820162	223	11	-4.2151	0.30301	0.28716	0.859701	845	0	-4.2151
Bsg	20	0.010421	0.064421	0.821937	224	10	-4.0358	0.22074	0.20849	0.859701	615	0	-4.0358
Cx3cl1	20	0.010653	0.065307	0.829549	225	12	-4.2991	0.61251	0.53305	0.893438	1706	0	-4.2991
Slc5a1	19	0.01071	0.067471	0.831753	226	14	-4.336	0.77615	0.71314	0.929989	2186	0	-4.336
Gpr83	20	0.010816	0.066445	0.831753	227	13	-4.4406	0.42389	0.365	0.859701	1204	0	-4.4406
Kirrel2	19	0.010822	0.068186	0.831753	228	10	-3.8814	0.53575	0.47887	0.893438	1502	0	-3.8814
Serinc5	20	0.010954	0.066984	0.831753	229	15	-4.2654	0.61251	0.53305	0.893438	1700	0	-4.2654
L1cam	20	0.011065	0.067481	0.831753	230	14	-4.1623	0.97087	0.95811	0.990031	2762	0	-4.1623
Dchs1	20	0.011079	0.067518	0.831753	231	14	-4.2469	0.26737	0.26301	0.859701	756	0	-4.2469
Mfsd5	20	0.011121	0.067779	0.831753	232	13	-3.9178	0.42389	0.365	0.859701	1198	0	-3.9178
Slc34a1	20	0.011128	0.067817	0.831753	233	15	-4.1546	0.99641	0.99377	0.996907	2848	0	-4.1546
Slc12a3	19	0.011238	0.070265	0.831753	234	12	-4.1245	0.85346	0.80947	0.955301	2411	0	-4.1245
Axl	20	0.011436	0.069264	0.831753	235	8	-3.7211	0.074836	0.061776	0.803873	213	0	-3.7211
Mst1r	20	0.011548	0.069749	0.831753	236	12	-4.2029	0.34594	0.31441	0.859701	988	0	-4.2029
Itgad	20	0.011682	0.070511	0.831753	237	9	-3.7947	0.24757	0.24212	0.859701	707	0	-3.7947
Cd19	20	0.011709	0.070552	0.831753	238	12	-4.3756	0.94912	0.9297	0.985194	2699	0	-4.3756
Cd163l1	20	0.011737	0.070708	0.831753	239	12	-4.1806	0.97087	0.95811	0.990031	2758	0	-4.1806
Slc44a3	20	0.011862	0.071526	0.831753	240	12	-4.0061	0.38321	0.34119	0.859701	1089	0	-4.0061
Fgfr2	20	0.012066	0.072624	0.831753	241	10	-3.7905	0.36478	0.32315	0.859701	1045	0	-3.7905
Tnfrsf1a	20	0.012129	0.072998	0.831753	242	11	-4.085	0.86332	0.8176	0.958403	2437	0	-4.085
Ptprb	20	0.01214	0.073041	0.831753	243	14	-4.2675	0.81946	0.768	0.949373	2315	0	-4.2675
Gpm6a	20	0.012202	0.07358	0.831753	244	8	-3.5433	0.16235	0.15696	0.859701	456	0	-3.5433
Ptgdr	18	0.012235	0.070757	0.831753	245	11	-4.0406	0.95462	0.93699	0.987576	2711	0	-4.0406
Gabrq	20	0.012347	0.074221	0.831753	246	10	-3.793	0.48999	0.4163	0.864664	1358	0	-3.793
Olfr1356	20	0.012358	0.074327	0.831753	247	15	-4.0424	0.73868	0.66927	0.921069	2064	0	-4.0424
Nrp1	20	0.012358	0.074327	0.831753	248	15	-4.3071	0.44002	0.383	0.859701	1245	0	-4.3071
Cd164	17	0.012367	0.072238	0.831753	249	12	-4.402	0.99325	0.98923	0.995855	2839	0	-4.402
Itgb7	20	0.012394	0.074879	0.831753	250	9	-3.7928	0.58349	0.51911	0.893438	1634	0	-3.7928
Olfr1242	19	0.012443	0.074959	0.831753	251	10	-3.8958	0.29031	0.27555	0.859701	818	0	-3.8958
Hepacam	18	0.012524	0.074514	0.831753	252	11	-4.309	0.84201	0.79739	0.952925	2374	0	-4.309
Npr2	20	0.012547	0.075285	0.831753	253	9	-3.6472	0.30301	0.28716	0.859701	851	0	-3.6472
Sema4g	19	0.012604	0.075607	0.831753	254	11	-4.0329	0.98435	0.97529	0.993161	2804	0	-4.0329
Olfr714	19	0.012614	0.075726	0.831753	255	12	-4.4714	0.78092	0.71958	0.929989	2198	0	-4.4714
Crhr2	18	0.012641	0.075059	0.831753	256	10	-3.939	0.84201	0.79739	0.952925	2376	0	-3.939
Kcng4	20	0.012645	0.075939	0.831753	257	15	-4.1313	0.8918	0.8553	0.968097	2522	0	-4.1313
Adcy9	20	0.012717	0.076291	0.831753	258	13	-4.2977	0.7114	0.63513	0.910402	1996	0	-4.2977
Crhr1	20	0.01276	0.07654	0.831753	259	13	-4.4405	0.89543	0.85962	0.969328	2535	0	-4.4405
Slc10a6	20	0.012846	0.076875	0.831753	260	11	-3.9561	0.97536	0.9657	0.991919	2775	0	-3.9561
Mfsd8	18	0.012874	0.076428	0.831753	261	13	-4.3037	0.99181	0.98611	0.995259	2832	0	-4.3037
Gpr179	20	0.012957	0.077353	0.831753	262	12	-4.1119	0.70296	0.62185	0.901239	1962	0	-4.1119
Itm2b	20	0.012991	0.077529	0.831753	263	13	-4.3292	0.87547	0.83508	0.964081	2470	0	-4.3292
Piezo2	20	0.012997	0.07771	0.831753	264	10	-3.9128	0.69267	0.61215	0.899961	1935	0	-3.9128
Abcc2	20	0.013035	0.078108	0.831753	265	14	-4.2504	0.69267	0.61215	0.899961	1942	0	-4.2504
Cldnd1	20	0.013051	0.078212	0.831753	266	9	-3.6245	0.17698	0.16563	0.859701	499	0	-3.6245
Olfr993	20	0.013301	0.079099	0.831753	267	13	-4.3587	0.56322	0.50348	0.893438	1578	0	-4.3587
Slc44a1	20	0.013379	0.079726	0.831753	268	13	-4.1323	0.96962	0.95698	0.990031	2757	0	-4.1323
Slc10a5	20	0.01345	0.07983	0.831753	269	14	-4.2067	0.16235	0.15696	0.859701	461	0	-4.2067
Lrig1	20	0.013584	0.080318	0.831753	270	8	-3.4888	0.54571	0.48425	0.893438	1530	0	-3.4888
Gypa	20	0.013622	0.080429	0.831753	271	13	-4.1839	0.79311	0.72986	0.932053	2237	0	-4.1839
Gp6	18	0.013706	0.079878	0.831753	272	9	-3.8744	0.69841	0.63016	0.910402	1955	0	-3.8744
Pirb	20	0.013722	0.083772	0.831753	273	12	-4.1809	0.22074	0.20849	0.859701	623	0	-4.1809
Igdcc3	20	0.01374	0.083932	0.831753	274	15	-4.3359	0.85015	0.80138	0.952925	2408	0	-4.3359
Nalcn	20	0.013776	0.084299	0.831753	275	11	-3.9771	0.44002	0.383	0.859701	1244	0	-3.9771
Vmn1r237	20	0.013779	0.08432	0.831753	276	15	-4.3842	0.99731	0.99541	0.998209	2850	0	-4.3842
Ptpra	18	0.013823	0.080467	0.831753	277	10	-4.0538	0.6414	0.56632	0.893599	1772	0	-4.0538
Aplp2	20	0.013825	0.084489	0.831753	278	13	-3.9825	0.99894	0.99823	0.999613	2853	0	-3.9825
Pcdha8	15	0.013844	0.076326	0.831753	279	10	-4.073	0.87559	0.84279	0.964081	2471	0	-4.073
Cnr2	20	0.013863	0.084694	0.831753	280	15	-4.3206	0.71961	0.6518	0.921069	2013	0	-4.3206
Siglec15	17	0.013883	0.079191	0.831753	281	13	-4.3616	0.77842	0.72684	0.930695	2191	0	-4.3616
Ramp2	19	0.01391	0.084115	0.831753	282	11	-3.9392	0.29984	0.28257	0.859701	840	0	-3.9392
Jam3	20	0.013982	0.085341	0.831753	283	13	-4.1875	0.81372	0.75798	0.944334	2296	0	-4.1875
P2ry1	18	0.01403	0.081179	0.831753	284	13	-4.2914	0.82839	0.77737	0.9521	2337	0	-4.2914
Clec12b	20	0.01414	0.086239	0.831753	285	11	-4.0077	0.34594	0.31441	0.859701	997	0	-4.0077
Sorcs3	20	0.014168	0.086334	0.831753	286	15	-4.3482	0.9594	0.94363	0.988596	2728	0	-4.3482
Gpr176	19	0.014341	0.085295	0.831753	287	12	-4.2959	0.28032	0.26854	0.859701	796	0	-4.2959
Mdga1	20	0.014418	0.087408	0.831753	288	12	-4.3453	0.45989	0.39802	0.864664	1305	0	-4.3453
F11r	19	0.014437	0.085826	0.831753	289	14	-4.2523	0.37706	0.33128	0.859701	1077	0	-4.2523
Olfr730	20	0.014446	0.087645	0.831753	290	14	-4.1664	0.82491	0.77542	0.950724	2327	0	-4.1664
Slc15a1	19	0.014513	0.086459	0.831753	291	13	-4.2381	0.67399	0.5958	0.899961	1883	0	-4.2381
Ghrhr	20	0.014548	0.088071	0.831753	292	11	-4.0681	0.27708	0.27201	0.859701	782	0	-4.0681
Scnn1a	20	0.014605	0.08825	0.831753	293	11	-3.9736	0.19408	0.19224	0.859701	550	0	-3.9736
Ace	20	0.014607	0.088331	0.831753	294	11	-3.7354	0.0316	0.027397	0.691901	94	0	-3.7354
Chpt1	18	0.014628	0.084202	0.831753	295	9	-3.9833	0.055919	0.042725	0.727615	162	0	-3.9833
Gabrr1	20	0.014692	0.088716	0.831753	296	11	-3.8842	0.77453	0.70948	0.929989	2179	0	-3.8842
Olfr796	19	0.014708	0.086803	0.831753	297	11	-4.0096	0.52743	0.46836	0.892373	1477	0	-4.0096
Klri2	18	0.014722	0.084794	0.831753	298	9	-3.8292	0.082896	0.072054	0.803873	237	0	-3.8292
Olfr18	20	0.014814	0.089448	0.831753	299	15	-4.2059	0.21084	0.20193	0.859701	598	0	-4.2059
Tmem178b	20	0.014881	0.089804	0.831753	300	12	-4.1176	0.72701	0.66071	0.921069	2029	0	-4.1176
Lilra5	19	0.014897	0.087787	0.831753	301	8	-3.7917	0.4333	0.37707	0.859701	1236	0	-3.7917
Gabbr2	18	0.014949	0.085941	0.831753	302	12	-4.39	0.90777	0.8773	0.971091	2570	0	-4.39
Slc46a2	20	0.015019	0.090417	0.831753	303	9	-3.757	0.16235	0.15696	0.859701	467	0	-3.757
Megf10	19	0.015032	0.088532	0.831753	304	14	-4.1824	0.72332	0.65618	0.921069	2025	0	-4.1824
Fshr	20	0.015096	0.090512	0.831753	305	13	-4.1884	0.97847	0.96904	0.991919	2788	0	-4.1884
Slc14a2	20	0.015236	0.091089	0.831753	306	15	-3.9802	0.80328	0.74299	0.93627	2270	0	-3.9802
Avpr1b	20	0.015321	0.091558	0.831753	307	13	-4.2579	0.91878	0.88902	0.974241	2607	0	-4.2579
Abcg4	20	0.01544	0.091785	0.831753	308	11	-4.21	0.14591	0.14675	0.859701	410	0	-4.21
Npc1	20	0.015489	0.092286	0.831753	309	15	-4.0634	0.69267	0.61215	0.899961	1926	0	-4.0634
Slc12a7	20	0.015489	0.092286	0.831753	310	15	-4.0635	0.94568	0.92496	0.982358	2691	0	-4.0635
Slc1a6	20	0.015536	0.09244	0.831753	311	8	-3.784	0.22074	0.20849	0.859701	622	0	-3.784
Cd300c	20	0.015645	0.092987	0.831753	312	14	-4.1047	0.65984	0.57781	0.893599	1848	0	-4.1047
Pcdhgc4	18	0.015649	0.088977	0.831753	313	7	-3.3964	0.14738	0.14357	0.859701	424	0	-3.3964
Fat3	20	0.015829	0.093787	0.831753	314	11	-3.8997	0.6059	0.53009	0.893438	1694	0	-3.8997
Cdh13	20	0.015974	0.094463	0.831753	315	15	-4.0948	0.17019	0.16034	0.859701	477	0	-4.0948
Ceacam20	20	0.016002	0.094806	0.831753	316	8	-3.411	0.95272	0.93571	0.987576	2704	0	-3.411
Cldn10	20	0.016146	0.095256	0.831753	317	12	-4.0705	0.96865	0.95575	0.990031	2756	0	-4.0705
Amigo1	20	0.016318	0.095674	0.831753	318	13	-4.2748	0.69267	0.61215	0.899961	1944	0	-4.2748
Olfr198	20	0.016329	0.095831	0.831753	319	7	-3.6426	0.42389	0.365	0.859701	1200	0	-3.6426
Cntnap2	20	0.016348	0.096044	0.831753	320	14	-4.1921	0.061936	0.04659	0.727615	180	0	-4.1921
Scn8a	20	0.016463	0.096323	0.831753	321	10	-3.7526	0.31285	0.29461	0.859701	878	0	-3.7526
Gja1	20	0.016576	0.096988	0.831753	322	15	-4.1342	0.96096	0.94552	0.98913	2734	0	-4.1342
Adam20	20	0.016713	0.097536	0.831753	323	11	-3.8847	0.25691	0.25121	0.859701	737	0	-3.8847
Lgr6	18	0.016884	0.09482	0.831753	324	11	-4.071	0.47373	0.40157	0.864664	1325	0	-4.071
Olfr1500	20	0.01689	0.098293	0.831753	325	12	-4.3729	0.22935	0.21836	0.859701	642	0	-4.3729
Olr1	18	0.016945	0.095031	0.831753	326	8	-3.6984	0.65418	0.57538	0.893599	1827	0	-3.6984
Olfr1428	20	0.016984	0.098793	0.831753	327	13	-4.0498	0.98472	0.97629	0.993161	2806	0	-4.0498
Adra1d	20	0.01702	0.098859	0.831753	328	12	-4.2311	0.27708	0.27201	0.859701	785	0	-4.2311
Gpr25	20	0.017041	0.098863	0.831753	329	11	-3.9831	0.061936	0.04659	0.727615	178	0	-3.9831
Adam15	20	0.01705	0.098979	0.831753	330	15	-4.0955	0.84212	0.79474	0.952925	2378	0	-4.0955
Il20rb	19	0.017074	0.097498	0.831753	331	9	-3.6879	0.94492	0.92675	0.983529	2687	0	-3.6879
Mrc1	20	0.017188	0.099938	0.831753	332	13	-4.0338	0.62625	0.55119	0.893599	1752	0	-4.0338
Olfr239	16	0.01728	0.090999	0.831753	333	9	-3.963	0.72768	0.66385	0.921069	2040	0	-3.963
Gpnmb	20	0.017281	0.10033	0.831753	334	6	-3.5725	0.0044788	0.0078449	0.592062	12	0	-3.5725
Rnf150	20	0.017311	0.10065	0.831753	335	9	-3.7142	0.068796	0.052273	0.754525	200	0	-3.7142
Ms4a15	20	0.017354	0.10087	0.831753	336	13	-4.2742	0.77453	0.70948	0.929989	2177	0	-4.2742
Lrp11	20	0.017365	0.10099	0.831753	337	12	-4.1616	0.84212	0.79474	0.952925	2379	0	-4.1616
Ptprn2	19	0.017376	0.098733	0.831753	338	14	-4.2391	0.39741	0.34322	0.859701	1132	0	-4.2391
Pdgfrb	20	0.017415	0.10127	0.831753	339	12	-3.9626	0.83798	0.79156	0.952925	2364	0	-3.9626
Pcdha9	16	0.017432	0.091414	0.831753	340	7	-3.8107	0.92029	0.89607	0.97561	2611	0	-3.8107
Grin1	19	0.01744	0.098953	0.831753	341	14	-4.3435	0.99942	0.99891	0.999613	2856	0	-4.3435
Slc6a12	19	0.017443	0.099025	0.831753	342	10	-4.0288	0.79739	0.7419	0.93627	2246	0	-4.0288
Unc5d	20	0.017553	0.10186	0.831753	343	12	-4.3852	0.90551	0.87258	0.971091	2560	0	-4.3852
Spaca1	20	0.017607	0.10224	0.831753	344	14	-4.3544	0.027237	0.027394	0.691901	79	0	-4.3544
Chrng	20	0.017648	0.10237	0.831753	345	13	-4.0406	0.82491	0.77542	0.950724	2325	0	-4.0406
Olfr725	19	0.017696	0.099424	0.831753	346	9	-3.6789	0.87637	0.8372	0.964081	2472	0	-3.6789
Elfn2	20	0.017778	0.10273	0.831753	347	15	-4.1479	0.65984	0.57781	0.893599	1846	0	-4.1479
Cd300lf	20	0.017825	0.10308	0.832215	348	15	-4.1696	0.71961	0.6518	0.921069	2014	0	-4.1696
Tmem8	20	0.018034	0.10414	0.837677	349	9	-3.8257	0.71961	0.6518	0.921069	2010	0	-3.8257
Ptprj	20	0.018121	0.10434	0.837677	350	14	-4.374	0.85474	0.80574	0.953537	2417	0	-4.374
Lingo3	19	0.018335	0.10253	0.831753	351	12	-4.0747	0.36812	0.32728	0.859701	1055	0	-4.0747
Slc5a10	16	0.018397	0.095544	0.831753	352	9	-4.0624	0.65823	0.58916	0.899961	1835	0	-4.0624
Olfr1352	20	0.018493	0.1067	0.841965	353	12	-4.2958	0.56322	0.50348	0.893438	1567	0	-4.2958
Il22ra1	20	0.018493	0.1067	0.841965	354	12	-4.1924	0.95087	0.933	0.986498	2702	0	-4.1924
Olfr732	20	0.018525	0.10676	0.841965	355	10	-3.8844	0.11948	0.10222	0.827588	332	0	-3.8844
Ifnar2	18	0.018608	0.10123	0.831753	356	13	-4.2682	0.90998	0.88094	0.971822	2579	0	-4.2682
Abca5	20	0.018668	0.10705	0.841965	357	12	-4.2517	0.39239	0.34533	0.859701	1129	0	-4.2517
Muc3a	20	0.018781	0.10723	0.841965	358	14	-4.3477	0.32417	0.30044	0.859701	905	0	-4.3477
Olfr1443	20	0.018945	0.10839	0.842698	359	7	-3.6793	0.023505	0.019603	0.691901	71	0	-3.6793
Olfr791	20	0.01895	0.10841	0.842698	360	10	-3.995	0.17019	0.16034	0.859701	488	0	-3.995
Ly6d	20	0.018996	0.10852	0.842698	361	13	-4.1353	0.78149	0.72043	0.929989	2206	0	-4.1353
Pcdha5	14	0.01903	0.09693	0.831753	362	5	-3.1457	0.51283	0.44251	0.874234	1443	0	-3.1457
Chrna2	20	0.019072	0.1088	0.842698	363	12	-3.9989	0.5005	0.42702	0.86643	1394	0	-3.9989
Slc5a9	20	0.019202	0.10967	0.845249	364	8	-3.6921	0.51949	0.4466	0.874234	1457	0	-3.6921
Evc2	20	0.019271	0.1104	0.845249	365	10	-3.8866	0.77453	0.70948	0.929989	2178	0	-3.8866
Plxdc2	19	0.019312	0.10634	0.841965	366	12	-4.0705	0.51134	0.44778	0.87595	1442	0	-4.0705
Lingo4	19	0.019396	0.10688	0.841965	367	13	-4.3067	0.42354	0.36837	0.859701	1189	0	-4.3067
Tarm1	19	0.019405	0.10697	0.841965	368	14	-4.2486	0.54475	0.48717	0.893438	1524	0	-4.2486
Igf2r	20	0.019495	0.11132	0.845249	369	12	-4.2003	0.48999	0.4163	0.864664	1372	0	-4.2003
Vsig10	20	0.019581	0.11168	0.845249	370	11	-4.0641	0.57436	0.50986	0.893438	1608	0	-4.0641
Chrna3	20	0.019597	0.11172	0.845249	371	13	-4.1163	0.77722	0.71509	0.929989	2189	0	-4.1163
Upk2	20	0.019605	0.11174	0.845249	372	11	-4.1893	0.89924	0.86464	0.969454	2547	0	-4.1893
Cxcr3	20	0.01968	0.11189	0.845249	373	15	-4.0785	0.93789	0.91543	0.980259	2667	0	-4.0785
Gpc6	19	0.019714	0.108	0.842698	374	9	-3.7917	0.66126	0.58668	0.899961	1851	0	-3.7917
Pi16	20	0.019745	0.1122	0.845249	375	12	-4.0592	0.58349	0.51911	0.893438	1642	0	-4.0592
Dll4	20	0.01983	0.11247	0.845249	376	14	-4.2922	0.99594	0.99294	0.996907	2845	0	-4.2922
Clrn1	20	0.019924	0.1131	0.845249	377	11	-3.9282	0.59842	0.52812	0.893438	1668	0	-3.9282
Lrit1	20	0.019965	0.11333	0.845249	378	10	-3.8609	0.42389	0.365	0.859701	1192	0	-3.8609
Pcdh1	20	0.020147	0.11386	0.845249	379	9	-3.5874	0.11948	0.10222	0.827588	327	0	-3.5874
Drd5	20	0.020282	0.11443	0.847279	380	15	-4.0665	0.98472	0.97629	0.993161	2809	0	-4.0665
Slc34a3	20	0.020661	0.11622	0.856197	381	10	-4.0549	0.53747	0.47557	0.893018	1509	0	-4.0549
Gabrb3	18	0.020791	0.11007	0.845249	382	13	-4.1294	0.95692	0.94059	0.98828	2716	0	-4.1294
Gpr4	20	0.020902	0.11702	0.856197	383	13	-4.237	0.29267	0.27967	0.859701	823	0	-4.237
Olfr293	20	0.020948	0.11721	0.856197	384	12	-4.2975	0.70296	0.62185	0.901239	1973	0	-4.2975
Cldn7	20	0.020952	0.11728	0.856197	385	11	-4.316	0.87129	0.82978	0.963251	2461	0	-4.316
Olfr142	20	0.021096	0.11743	0.856197	386	11	-4.2151	0.061936	0.04659	0.727615	181	0	-4.2151
Gria1	19	0.02114	0.11386	0.845249	387	9	-3.7551	0.1549	0.15092	0.859701	448	0	-3.7551
Opn4	18	0.021158	0.11191	0.845249	388	11	-4.1654	0.76855	0.70671	0.929989	2157	0	-4.1654
Rgmb	20	0.021228	0.11784	0.856197	389	9	-3.6725	0.92696	0.89876	0.97593	2632	0	-3.6725
Flt1	20	0.021247	0.11803	0.856197	390	11	-3.9627	0.80328	0.74299	0.93627	2262	0	-3.9627
Lrp8	20	0.021439	0.11892	0.857513	391	13	-4.2631	0.91878	0.88902	0.974241	2606	0	-4.2631
Lilra6	20	0.021537	0.11915	0.857513	392	10	-3.968	0.27708	0.27201	0.859701	777	0	-3.968
P2rx7	18	0.021597	0.1136	0.845249	393	10	-3.9	0.88195	0.84623	0.964322	2493	0	-3.9
Epha4	20	0.021879	0.12078	0.857513	394	9	-3.6149	0.48231	0.41025	0.864664	1336	0	-3.6149
Tpra1	20	0.021949	0.12092	0.857513	395	14	-4.3229	0.83798	0.79156	0.952925	2367	0	-4.3229
Fzd8	19	0.022034	0.11746	0.856197	396	13	-4.1681	0.36812	0.32728	0.859701	1054	0	-4.1681
Pcdhb10	20	0.022204	0.12221	0.857513	397	9	-3.7406	0.7114	0.63513	0.910402	1998	0	-3.7406
Kcnk18	20	0.022311	0.12267	0.857513	398	14	-4.0861	0.82491	0.77542	0.950724	2319	0	-4.0861
Clcnka	20	0.02233	0.12275	0.857513	399	14	-4.1143	0.88588	0.84568	0.964081	2507	0	-4.1143
Slc10a3	20	0.022359	0.1229	0.857513	400	11	-4.0914	0.90255	0.86925	0.971091	2556	0	-4.0914
Mrvi1	17	0.022414	0.11969	0.857513	401	11	-4.082	0.26423	0.25178	0.859701	744	0	-4.082
Cacng1	20	0.022598	0.12351	0.857513	402	12	-4.2932	0.22935	0.21836	0.859701	649	0	-4.2932
Cd55	17	0.022642	0.12068	0.857513	403	8	-3.6787	0.31143	0.27989	0.859701	873	0	-3.6787
Gpr180	20	0.02271	0.12398	0.857513	404	12	-4.3235	0.21084	0.20193	0.859701	588	0	-4.3235
Zp3	20	0.022718	0.1241	0.857513	405	12	-4.1161	0.65984	0.57781	0.893599	1836	0	-4.1161
Gabrr3	20	0.022751	0.12419	0.857513	406	11	-3.9937	0.2019	0.19707	0.859701	564	0	-3.9937
Olfr782	9	0.022761	0.09536	0.831753	407	7	-4.5355	0.93268	0.91201	0.979893	2648	0	-4.5355
Gpr33	20	0.022855	0.12463	0.857513	408	10	-3.7804	0.64205	0.56615	0.893599	1787	0	-3.7804
Tnfrsf26	20	0.022869	0.12467	0.857513	409	14	-4.2382	0.35532	0.31877	0.859701	1023	0	-4.2382
Tmem145	18	0.023246	0.12279	0.857513	410	12	-4.2619	0.98122	0.9708	0.991919	2799	0	-4.2619
Tas1r1	20	0.023349	0.12667	0.857513	411	14	-4.0223	0.50996	0.43412	0.86643	1438	0	-4.0223
Pgap1	20	0.023434	0.12699	0.857513	412	10	-3.8022	0.84582	0.79654	0.952925	2389	0	-3.8022
Muc13	20	0.023489	0.12719	0.857513	413	13	-4.3391	0.97087	0.95811	0.990031	2765	0	-4.3391
Tnfsf13b	20	0.023505	0.12746	0.857513	414	9	-3.5946	0.78149	0.72043	0.929989	2216	0	-3.5946
Btn2a2	20	0.023623	0.12795	0.857513	415	11	-4.1011	0.30301	0.28716	0.859701	844	0	-4.1011
Ermp1	20	0.02377	0.12828	0.857513	416	12	-4.0133	0.14591	0.14675	0.859701	411	0	-4.0133
Fcgr4	16	0.023772	0.12086	0.857513	417	12	-3.998	0.97322	0.95839	0.990031	2772	0	-3.998
Tmprss6	20	0.023787	0.12837	0.857513	418	13	-4.2163	0.21084	0.20193	0.859701	602	0	-4.2163
Slc22a21	20	0.02379	0.12844	0.857513	419	14	-4.1294	0.068796	0.052273	0.754525	190	0	-4.1294
Lrrc37a	20	0.023838	0.12862	0.857513	420	12	-4.3547	0.78799	0.72634	0.930695	2231	0	-4.3547
Cadm1	20	0.023941	0.12913	0.857513	421	14	-4.1005	0.43317	0.37531	0.859701	1223	0	-4.1005
Rhag	20	0.023956	0.12928	0.857513	422	14	-4.2094	0.94568	0.92496	0.982358	2689	0	-4.2094
Tnfrsf25	20	0.02399	0.12934	0.857513	423	13	-4.3777	0.87947	0.83907	0.964081	2477	0	-4.3777
Cd320	18	0.024042	0.12599	0.857513	424	10	-4.3358	0.95462	0.93699	0.987576	2712	0	-4.3358
Cd6	20	0.024045	0.12948	0.857513	425	8	-3.5709	0.78149	0.72043	0.929989	2212	0	-3.5709
Htr4	20	0.024068	0.12952	0.857513	426	11	-3.936	0.74465	0.67669	0.921069	2096	0	-3.936
Slc1a5	18	0.024069	0.12614	0.857513	427	12	-4.1017	0.49257	0.42985	0.86643	1377	0	-4.1017
H2-M3	20	0.024112	0.12962	0.857513	428	13	-4.2527	0.52942	0.46351	0.886569	1484	0	-4.2527
Slco3a1	20	0.024307	0.13062	0.858082	429	13	-4.178	0.26737	0.26301	0.859701	753	0	-4.178
Slc16a7	19	0.024311	0.1293	0.857513	430	13	-4.1254	0.89368	0.8608	0.969328	2531	0	-4.1254
Olfr351	20	0.024341	0.13076	0.858082	431	12	-4.1914	0.68002	0.60323	0.899961	1897	0	-4.1914
Htr3a	20	0.024437	0.1309	0.858082	432	14	-4.067	0.96657	0.95208	0.98923	2750	0	-4.067
Olfr1224-ps1	19	0.024546	0.13006	0.858082	433	11	-4.051	0.95881	0.94311	0.988596	2725	0	-4.051
Atp13a1	20	0.024571	0.134	0.868705	434	10	-3.8797	0.22935	0.21836	0.859701	647	0	-3.8797
Olfr1042	18	0.02489	0.12937	0.857513	435	8	-3.5821	0.16079	0.15124	0.859701	450	0	-3.5821
Cntn1	20	0.024908	0.13553	0.868705	436	14	-4.1264	0.8321	0.78459	0.952925	2348	0	-4.1264
Slc11a1	20	0.025164	0.13626	0.868705	437	10	-3.823	0.80857	0.74898	0.94009	2279	0	-3.823
Celsr3	20	0.025176	0.13626	0.868705	438	14	-4.2211	0.93789	0.91543	0.980259	2666	0	-4.2211
Scn1b	20	0.025199	0.13642	0.868705	439	9	-3.5931	0.32417	0.30044	0.859701	926	0	-3.5931
Olfr1458	20	0.025233	0.13651	0.868705	440	13	-4.1637	0.64205	0.56615	0.893599	1797	0	-4.1637
Ldlrad3	20	0.025292	0.13663	0.868705	441	8	-3.4454	0.17019	0.16034	0.859701	482	0	-3.4454
Cd109	20	0.02532	0.13665	0.868705	442	10	-3.9332	0.80328	0.74299	0.93627	2260	0	-3.9332
Cckar	20	0.025367	0.13715	0.868705	443	14	-4.0848	0.88264	0.8429	0.964081	2497	0	-4.0848
Il1r2	20	0.025367	0.13715	0.868705	444	14	-4.2852	0.88925	0.85077	0.965529	2519	0	-4.2852
Selp	20	0.025635	0.13761	0.868705	445	10	-3.8054	0.69267	0.61215	0.899961	1931	0	-3.8054
Itgb5	20	0.02571	0.13786	0.868705	446	11	-3.9222	0.59038	0.52517	0.893438	1653	0	-3.9222
Slc28a1	20	0.025778	0.13789	0.868705	447	7	-3.6856	0.93333	0.90876	0.979345	2651	0	-3.6856
Tmem104	20	0.025893	0.13855	0.868705	448	14	-4.1048	0.87129	0.82978	0.963251	2456	0	-4.1048
Cdon	20	0.025914	0.13868	0.868705	449	11	-4.3244	0.37347	0.33295	0.859701	1071	0	-4.3244
P2rx4	20	0.025915	0.13874	0.868705	450	13	-4.1063	0.88588	0.84568	0.964081	2501	0	-4.1063
Shisa9	20	0.026096	0.13924	0.868705	451	13	-4.2774	0.068796	0.052273	0.754525	199	0	-4.2774
Mog	20	0.026102	0.13932	0.868705	452	8	-3.7436	0.37347	0.33295	0.859701	1061	0	-3.7436
Cspg5	20	0.026113	0.13932	0.868705	453	10	-3.8847	0.11948	0.10222	0.827588	344	0	-3.8847
Olfr470	20	0.026242	0.13959	0.868705	454	10	-3.879	0.29267	0.27967	0.859701	825	0	-3.879
Alppl2	20	0.026383	0.13981	0.868705	455	13	-4.2278	0.97536	0.9657	0.991919	2776	0	-4.2278
Abcc9	20	0.026427	0.13986	0.868705	456	12	-4.0265	0.23813	0.23118	0.859701	671	0	-4.0265
Gpr20	20	0.026536	0.14013	0.868705	457	14	-4.1257	0.94191	0.92066	0.982358	2676	0	-4.1257
Ano6	20	0.026616	0.14043	0.868705	458	10	-3.8013	0.62625	0.55119	0.893599	1755	0	-3.8013
Fam171a1	18	0.026656	0.13644	0.868705	459	12	-4.218	0.93584	0.91487	0.980259	2662	0	-4.218
Mxra8	20	0.027111	0.14215	0.871901	460	14	-4.2535	0.90551	0.87258	0.971091	2561	0	-4.2535
Gabrg2	20	0.027129	0.14246	0.871901	461	13	-3.9519	0.97312	0.96165	0.991483	2771	0	-3.9519
Lct	19	0.027176	0.14087	0.869544	462	10	-3.8677	0.9804	0.97035	0.991919	2797	0	-3.8677
Tmem132d	20	0.02721	0.14311	0.87211	463	14	-4.1179	0.57436	0.50986	0.893438	1621	0	-4.1179
Glp1r	19	0.027377	0.14257	0.871901	464	10	-3.886	0.24579	0.24135	0.859701	690	0	-3.886
Tenm1	19	0.027391	0.14277	0.871901	465	11	-4.3868	0.32247	0.29512	0.859701	901	0	-4.3868
H2-Q7	18	0.027417	0.13952	0.868705	466	8	-3.8192	0.87325	0.83452	0.964081	2463	0	-3.8192
Flt3l	20	0.027494	0.14405	0.875535	467	12	-3.9346	0.53747	0.47557	0.893018	1518	0	-3.9346
Flrt3	20	0.027633	0.14452	0.875535	468	12	-4.2578	0.73868	0.66927	0.921069	2073	0	-4.2578
Car14	20	0.027722	0.14459	0.875535	469	11	-3.9861	0.15388	0.15369	0.859701	436	0	-3.9861
Slc36a4	18	0.027885	0.14148	0.871426	470	8	-3.4525	0.50842	0.44997	0.876632	1419	0	-3.4525
Gpm6b	20	0.027981	0.14589	0.879811	471	10	-3.9687	0.39239	0.34533	0.859701	1121	0	-3.9687
Htr1a	20	0.028046	0.14616	0.879811	472	7	-3.5357	0.22074	0.20849	0.859701	612	0	-3.5357
Insr	20	0.028303	0.14695	0.879811	473	12	-4.1765	0.36478	0.32315	0.859701	1035	0	-4.1765
Ltk	20	0.02837	0.147	0.879811	474	14	-3.9701	0.73868	0.66927	0.921069	2075	0	-3.9701
Rhbdf2	20	0.028373	0.14705	0.879811	475	12	-4.0588	0.73868	0.66927	0.921069	2065	0	-4.0588
Slc24a3	20	0.028413	0.14746	0.879845	476	11	-4.0305	0.054241	0.038977	0.691901	151	0	-4.0305
Pigo	20	0.028653	0.14852	0.884334	477	14	-4.2372	0.0316	0.027397	0.691901	84	0	-4.2372
Cdh12	20	0.028912	0.14933	0.886088	478	12	-3.9813	0.91094	0.87867	0.971091	2587	0	-3.9813
Ssr1	20	0.028952	0.1497	0.886088	479	12	-3.88	0.080532	0.069392	0.803873	225	0	-3.88
Slc22a12	19	0.029129	0.15031	0.886088	480	14	-3.9322	0.33191	0.30198	0.859701	948	0	-3.9322
Ptk7	18	0.029219	0.14715	0.879811	481	8	-3.563	0.33529	0.29624	0.859701	951	0	-3.563
Mslnl	20	0.02945	0.15123	0.886088	482	14	-4.1399	0.73868	0.66927	0.921069	2069	0	-4.1399
Npbwr1	20	0.02945	0.15123	0.886088	483	14	-4.2166	0.96096	0.94552	0.98913	2733	0	-4.2166
Slc22a7	20	0.029467	0.1513	0.886088	484	14	-4.0211	0.023505	0.019603	0.691901	66	0	-4.0211
Tspan7	20	0.029794	0.15242	0.889321	485	10	-3.8744	0.94568	0.92496	0.982358	2690	0	-3.8744
1110032F04Rik	19	0.029924	0.15415	0.891039	486	7	-3.6158	0.019247	0.01142	0.592062	58	0	-3.6158
Bcam	18	0.029939	0.15048	0.886088	487	11	-4.2779	0.26775	0.25643	0.859701	765	0	-4.2779
Grik5	20	0.030007	0.15247	0.889321	488	13	-4.251	0.76715	0.69604	0.925243	2156	0	-4.251
Fkrp	19	0.030044	0.1547	0.891039	489	6	-3.2333	0.68437	0.60556	0.899961	1911	0	-3.2333
Slamf1	20	0.030307	0.15418	0.891039	490	9	-3.8266	0.88264	0.8429	0.964081	2495	0	-3.8266
Serinc4	20	0.030386	0.15439	0.891039	491	8	-3.6296	0.65127	0.57155	0.893599	1812	0	-3.6296
Rnf13	19	0.030546	0.15712	0.893063	492	6	-3.4542	0.82685	0.77939	0.9521	2335	0	-3.4542
Olfr357	20	0.030578	0.1551	0.891039	493	8	-3.4842	0.085889	0.074869	0.803873	246	0	-3.4842
Ctns	20	0.03067	0.15523	0.891039	494	10	-3.8906	0.81372	0.75798	0.944334	2299	0	-3.8906
Gm20518	6	0.03067	0.10192	0.831753	495	4	-4.2436	0.50268	0.45649	0.886569	1415	0	-4.2436
Car4	20	0.030682	0.15526	0.891039	496	13	-4.0792	0.25691	0.25121	0.859701	719	0	-4.0792
Gpr26	20	0.030778	0.15563	0.891337	497	13	-4.2477	0.18468	0.17743	0.859701	521	0	-4.2477
Trpv6	19	0.030835	0.15792	0.893063	498	11	-4.1254	0.7012	0.63518	0.910402	1958	0	-4.1254
Mfap3l	19	0.030868	0.15807	0.893063	499	10	-3.9288	0.4333	0.37707	0.859701	1237	0	-3.9288
Ddr2	20	0.030954	0.1562	0.892822	500	13	-3.9372	0.03867	0.031271	0.691901	110	0	-3.9372
Slc17a6	18	0.031085	0.15519	0.891039	501	12	-4.2029	0.23451	0.23004	0.859701	657	0	-4.2029
Mmp25	19	0.031127	0.15898	0.893063	502	10	-4.0147	0.013027	0.0094281	0.592062	34	0	-4.0147
Olfr1104	20	0.031393	0.15832	0.893063	503	13	-4.2234	0.48999	0.4163	0.864664	1369	0	-4.2234
Ccr10	20	0.031422	0.1584	0.893063	504	13	-4.272	0.83016	0.78187	0.9521	2345	0	-4.272
Plaur	20	0.03167	0.15889	0.893063	505	14	-4.2436	0.054241	0.038977	0.691901	145	0	-4.2436
Slc22a8	20	0.03167	0.15889	0.893063	506	14	-4.1938	0.44999	0.39183	0.86208	1282	0	-4.1938
Lrrn3	20	0.031693	0.15905	0.893063	507	10	-3.7657	0.17019	0.16034	0.859701	478	0	-3.7657
Cacng5	19	0.03173	0.16194	0.89409	508	9	-3.7544	0.20144	0.19401	0.859701	560	0	-3.7544
Elfn1	20	0.032009	0.16066	0.89409	509	10	-3.937	0.73281	0.66504	0.921069	2051	0	-3.937
Unc5b	20	0.032209	0.16124	0.89409	510	13	-4.209	0.0028222	0.004048	0.592062	8	0	-4.209
Trhr	20	0.032271	0.16147	0.89409	511	11	-4.0331	0.87947	0.83907	0.964081	2480	0	-4.0331
Scn2b	20	0.032271	0.16147	0.89409	512	12	-4.2147	0.21084	0.20193	0.859701	593	0	-4.2147
Mfap3	20	0.032422	0.16194	0.89409	513	12	-4.32	0.026751	0.027394	0.691901	76	0	-4.32
Ceacam12	20	0.032546	0.16223	0.89409	514	13	-4.115	0.96221	0.94696	0.98923	2736	0	-4.115
Hephl1	18	0.032553	0.16137	0.89409	515	11	-4.0291	0.59543	0.52534	0.893438	1659	0	-4.0291
Slc9a1	20	0.032567	0.1623	0.89409	516	12	-3.9942	0.97312	0.96165	0.991483	2770	0	-3.9942
Adipor2	20	0.032599	0.16272	0.89409	517	10	-3.7073	0.54571	0.48425	0.893438	1542	0	-3.7073
Pcdhb22	20	0.032778	0.16336	0.89409	518	12	-3.9142	0.2019	0.19707	0.859701	574	0	-3.9142
Cacng8	18	0.032843	0.16291	0.89409	519	12	-3.9569	0.61252	0.5342	0.893438	1709	0	-3.9569
Alcam	20	0.032848	0.1634	0.89409	520	9	-3.759	0.37347	0.33295	0.859701	1068	0	-3.759
Susd2	20	0.032889	0.16361	0.89409	521	11	-3.778	0.32417	0.30044	0.859701	932	0	-3.778
Gpr37	20	0.033372	0.1659	0.90243	522	9	-3.7462	0.27708	0.27201	0.859701	781	0	-3.7462
Raet1e	18	0.033424	0.16503	0.900083	523	13	-4.0628	0.37127	0.32289	0.859701	1058	0	-4.0628
Dll3	20	0.033676	0.16681	0.904625	524	14	-4.0127	0.57436	0.50986	0.893438	1603	0	-4.0127
Gjb1	20	0.033854	0.16777	0.906243	525	9	-3.6014	0.18468	0.17743	0.859701	524	0	-3.6014
Slc2a12	20	0.033885	0.1679	0.906243	526	11	-3.9025	0.87947	0.83907	0.964081	2482	0	-3.9025
Prph2	18	0.033905	0.16609	0.90243	527	12	-4.1253	0.72669	0.65467	0.921069	2027	0	-4.1253
Tmem171	20	0.033992	0.16831	0.906243	528	12	-4.2001	0.57436	0.50986	0.893438	1619	0	-4.2001
Tigit	20	0.034272	0.16936	0.906243	529	7	-3.613	0.80328	0.74299	0.93627	2256	0	-3.613
Slc39a9	20	0.034362	0.16936	0.906243	530	14	-4.1712	0.80857	0.74898	0.94009	2278	0	-4.1712
Best2	20	0.034472	0.17004	0.906243	531	12	-4.1269	0.92923	0.9024	0.977657	2635	0	-4.1269
Gpr137c	20	0.034472	0.17004	0.906243	532	9	-3.6391	0.10717	0.089726	0.803873	305	0	-3.6391
Cldn16	20	0.034717	0.17093	0.906243	533	13	-4.1953	0.85474	0.80574	0.953537	2415	0	-4.1953
Gm9733	20	0.034719	0.17106	0.906243	534	11	-3.9612	0.73281	0.66504	0.921069	2045	0	-3.9612
Calhm2	20	0.034719	0.17112	0.906243	535	12	-4.0398	0.017965	0.011808	0.592062	52	0	-4.0398
Fgfrl1	20	0.034719	0.17112	0.906243	536	11	-4.2091	0.98873	0.98138	0.994396	2820	0	-4.2091
Fndc5	19	0.034857	0.17397	0.912496	537	9	-3.7925	0.11386	0.098279	0.827588	323	0	-3.7925
Olfr267	20	0.034936	0.17144	0.906243	538	10	-3.7177	0.21084	0.20193	0.859701	601	0	-3.7177
Vipr1	20	0.034968	0.17155	0.906243	539	13	-4.3204	0.10717	0.089726	0.803873	298	0	-4.3204
Mfrp	18	0.035124	0.17062	0.906243	540	8	-3.5872	0.84201	0.79739	0.952925	2375	0	-3.5872
P2ry6	20	0.03548	0.17401	0.912496	541	13	-4.0962	0.65127	0.57155	0.893599	1808	0	-4.0962
Robo1	20	0.03548	0.17401	0.912496	542	9	-3.6471	0.51949	0.4466	0.874234	1465	0	-3.6471
Catsperg1	20	0.035542	0.17414	0.912496	543	9	-3.678	0.25691	0.25121	0.859701	722	0	-3.678
Vmn1r66	19	0.035553	0.17674	0.913433	544	11	-3.9075	0.84003	0.79057	0.952925	2371	0	-3.9075
Olfr1388	20	0.035931	0.17578	0.913433	545	14	-4.1899	0.10717	0.089726	0.803873	312	0	-4.1899
Slc39a10	20	0.03596	0.17597	0.913433	546	12	-4.0078	0.27708	0.27201	0.859701	784	0	-4.0078
Smo	20	0.035972	0.17611	0.913433	547	13	-4.1478	0.48999	0.4163	0.864664	1362	0	-4.1478
Gjc2	20	0.036048	0.17634	0.913433	548	9	-3.8174	0.50996	0.43412	0.86643	1429	0	-3.8174
Atp1a1	20	0.036129	0.17653	0.913433	549	13	-4.0013	0.84582	0.79654	0.952925	2386	0	-4.0013
Vstm4	18	0.036131	0.17433	0.912496	550	12	-4.1652	0.5364	0.47412	0.893018	1504	0	-4.1652
Vmn1r224	20	0.036134	0.17668	0.913433	551	8	-3.7985	0.085889	0.074869	0.803873	240	0	-3.7985
Psg21	12	0.036236	0.15092	0.886088	552	6	-4.2029	0.88015	0.84972	0.965529	2490	0	-4.2029
Gp1ba	20	0.036746	0.17826	0.915046	553	12	-4.2045	0.44999	0.39183	0.86208	1291	0	-4.2045
Adcy5	20	0.037196	0.1791	0.915046	554	10	-3.8762	0.98011	0.97144	0.991919	2794	0	-3.8762
Emp2	20	0.037258	0.17921	0.915046	555	9	-3.6848	0.68488	0.60723	0.899961	1914	0	-3.6848
Enpp1	20	0.037348	0.17973	0.915046	556	14	-4.04	0.041548	0.035144	0.691901	118	0	-4.04
Slc6a9	20	0.037355	0.18006	0.915046	557	13	-4.1593	0.56322	0.50348	0.893438	1581	0	-4.1593
H2-Q5	18	0.037371	0.17846	0.915046	558	9	-3.875	0.42558	0.3666	0.859701	1215	0	-3.875
Tlr2	20	0.037606	0.18086	0.915046	559	12	-4.0508	0.40286	0.35196	0.859701	1158	0	-4.0508
Olfr1034	20	0.03767	0.1809	0.915046	560	12	-4.0277	0.15388	0.15369	0.859701	433	0	-4.0277
Ptpro	20	0.037708	0.18106	0.915046	561	12	-4.0387	0.13395	0.13281	0.859701	378	0	-4.0387
Cldn3	20	0.037812	0.18122	0.915046	562	12	-4.1876	0.83398	0.78649	0.952925	2352	0	-4.1876
Epha8	20	0.038029	0.18261	0.920453	563	9	-3.7207	0.83398	0.78649	0.952925	2351	0	-3.7207
Ccrl2	19	0.038092	0.18567	0.924483	564	12	-4.2833	0.14679	0.14735	0.859701	421	0	-4.2833
Il15ra	20	0.038143	0.18313	0.920453	565	12	-4.0939	0.83398	0.78649	0.952925	2353	0	-4.0939
BC053393	20	0.038205	0.18363	0.920723	566	13	-4.1143	0.87947	0.83907	0.964081	2489	0	-4.1143
Gfra1	18	0.038384	0.18116	0.915046	567	10	-4.08	0.9818	0.97118	0.991919	2802	0	-4.08
Adra1a	20	0.038488	0.18441	0.922722	568	9	-3.6232	0.70296	0.62185	0.901239	1978	0	-3.6232
Scn4a	17	0.038745	0.17999	0.915046	569	10	-4.3743	0.51618	0.45507	0.885353	1445	0	-4.3743
Tdgf1	20	0.038816	0.18619	0.924802	570	11	-3.9761	0.080532	0.069392	0.803873	223	0	-3.9761
Drd3	18	0.038918	0.18467	0.922722	571	8	-3.6268	0.71329	0.64677	0.921069	1999	0	-3.6268
Agtr1b	20	0.03892	0.18695	0.924802	572	13	-4.295	0.26737	0.26301	0.859701	755	0	-4.295
Lmbr1l	20	0.038935	0.1871	0.924802	573	10	-3.8916	0.4756	0.40662	0.864664	1329	0	-3.8916
Efna5	20	0.038939	0.1871	0.924802	574	12	-4.1107	0.73281	0.66504	0.921069	2052	0	-4.1107
Ttyh3	20	0.038991	0.18735	0.924802	575	11	-3.935	0.91094	0.87867	0.971091	2589	0	-3.935
Aqp1	18	0.03907	0.18519	0.923678	576	12	-4.08	0.73304	0.66245	0.921069	2058	0	-4.08
Nrxn3	20	0.039285	0.18857	0.929208	577	11	-4.143	0.32417	0.30044	0.859701	908	0	-4.143
C3ar1	20	0.03963	0.19007	0.930313	578	11	-4.2835	0.67388	0.59325	0.899961	1876	0	-4.2835
Olfr180	20	0.039762	0.19041	0.930313	579	14	-4.1934	0.39239	0.34533	0.859701	1120	0	-4.1934
Bdkrb1	20	0.039762	0.19041	0.930313	580	14	-4.1291	0.32417	0.30044	0.859701	914	0	-4.1291
Gjb4	17	0.039794	0.18325	0.920453	581	12	-4.019	0.82495	0.77851	0.9521	2334	0	-4.019
Ccr8	20	0.03995	0.19165	0.930768	582	12	-4.2875	0.013708	0.0098282	0.592062	40	0	-4.2875
Rtn4r	20	0.04027	0.19296	0.930768	583	11	-3.9674	0.61251	0.53305	0.893438	1702	0	-3.9674
Ms4a6d	19	0.040303	0.19308	0.930768	584	8	-3.7459	0.48286	0.41132	0.864664	1352	0	-3.7459
Pcdhga2	18	0.040496	0.19026	0.930313	585	12	-4.1903	0.77963	0.72245	0.930695	2194	0	-4.1903
Slc38a5	20	0.040558	0.19358	0.930768	586	12	-4.156	0.64205	0.56615	0.893599	1789	0	-4.156
Ly6g6d	20	0.04058	0.19386	0.930768	587	9	-3.5702	0.87947	0.83907	0.964081	2484	0	-3.5702
Bst1	18	0.040615	0.19075	0.930313	588	7	-3.5423	0.089355	0.077129	0.803873	250	0	-3.5423
Slc26a1	19	0.040636	0.1941	0.930768	589	13	-4.0747	0.96382	0.94972	0.98923	2742	0	-4.0747
Folh1	18	0.040642	0.19075	0.930313	590	12	-4.2529	0.93147	0.90818	0.979345	2646	0	-4.2529
Pcdha6	15	0.0408	0.18007	0.915046	591	11	-4.1346	0.54619	0.46991	0.893018	1544	0	-4.1346
Mansc4	20	0.040851	0.19514	0.932371	592	14	-4.2351	0.098776	0.084119	0.803873	280	0	-4.2351
Grm7	20	0.040851	0.19541	0.932371	593	13	-4.1812	0.25691	0.25121	0.859701	724	0	-4.1812
S1pr3	20	0.040851	0.19541	0.932371	594	13	-4.1765	0.85015	0.80138	0.952925	2402	0	-4.1765
C5ar2	20	0.041105	0.19589	0.93257	595	11	-3.9396	0.48231	0.41025	0.864664	1340	0	-3.9396
Tmem140	20	0.041165	0.19629	0.93257	596	13	-4.22	0.72701	0.66071	0.921069	2037	0	-4.22
Msln	18	0.041217	0.19215	0.930768	597	8	-3.6807	0.79158	0.74068	0.93627	2235	0	-3.6807
Itga6	20	0.041369	0.19709	0.93257	598	10	-3.85	0.57436	0.50986	0.893438	1620	0	-3.85
Slc6a20b	20	0.041548	0.19792	0.933626	599	8	-3.6557	0.93789	0.91543	0.980259	2668	0	-3.6557
Sell	18	0.041692	0.19355	0.930768	600	6	-3.6666	0.096994	0.082189	0.803873	271	0	-3.6666
Siglec1	20	0.041998	0.19981	0.934197	601	12	-4.1217	0.17019	0.16034	0.859701	486	0	-4.1217
Atp2b4	20	0.042167	0.2004	0.934197	602	10	-3.9284	0.88588	0.84568	0.964081	2504	0	-3.9284
Olfr1414	20	0.042211	0.20061	0.934197	603	10	-3.8548	0.31285	0.29461	0.859701	876	0	-3.8548
Dcbld2	20	0.042291	0.20117	0.934197	604	12	-4.2588	0.71961	0.6518	0.921069	2012	0	-4.2588
Slc18a1	20	0.042371	0.20174	0.934197	605	13	-4.2751	0.12871	0.12019	0.859701	370	0	-4.2751
Suco	20	0.042505	0.20227	0.934197	606	11	-3.8615	0.25691	0.25121	0.859701	725	0	-3.8615
Dsg3	20	0.042506	0.20229	0.934197	607	9	-3.272	0.10717	0.089726	0.803873	306	0	-3.272
Sema4c	18	0.042654	0.19662	0.93257	608	7	-3.544	0.1765	0.17606	0.859701	494	0	-3.544
Cldn20	18	0.042696	0.19709	0.93257	609	10	-4.0216	0.66462	0.58482	0.898125	1854	0	-4.0216
Naaladl1	20	0.042722	0.20342	0.934197	610	12	-4.1718	0.76947	0.69995	0.925282	2159	0	-4.1718
Tm9sf1	16	0.042805	0.19275	0.930768	611	9	-4.0246	0.9389	0.91872	0.982309	2671	0	-4.0246
Tspan9	16	0.042805	0.19275	0.930768	612	9	-4.0238	0.54495	0.47378	0.893018	1525	0	-4.0238
Nup210	20	0.042824	0.20389	0.934197	613	9	-3.7439	0.74465	0.67669	0.921069	2090	0	-3.7439
Olfr675	19	0.042836	0.20178	0.934197	614	8	-3.4227	0.44734	0.38443	0.859701	1277	0	-3.4227
Cd300e	20	0.043028	0.20423	0.934197	615	9	-3.8109	0.61251	0.53305	0.893438	1705	0	-3.8109
Lrrc38	20	0.043167	0.20504	0.934197	616	11	-3.9205	0.34594	0.31441	0.859701	992	0	-3.9205
Sema4a	20	0.043167	0.20504	0.934197	617	12	-4.1798	0.48231	0.41025	0.864664	1344	0	-4.1798
Nmbr	18	0.043385	0.19796	0.933626	618	12	-4.1031	0.57397	0.49656	0.893438	1599	0	-4.1031
Dpep1	20	0.043392	0.20658	0.934197	619	13	-4.1771	0.83016	0.78187	0.9521	2340	0	-4.1771
Olfr221	20	0.043552	0.20773	0.934197	620	10	-3.9277	0.13973	0.13982	0.859701	390	0	-3.9277
Bcan	19	0.04363	0.20408	0.934197	621	9	-3.7925	0.087295	0.075553	0.803873	249	0	-3.7925
Igflr1	20	0.043834	0.20834	0.934197	622	8	-3.3705	0.15388	0.15369	0.859701	431	0	-3.3705
Olfr1357	20	0.044185	0.20909	0.934197	623	13	-4.1895	0.30301	0.28716	0.859701	847	0	-4.1895
Rxfp2	20	0.044185	0.20909	0.934197	624	12	-4.2183	0.017965	0.011808	0.592062	50	0	-4.2183
Olfr125	20	0.044185	0.20909	0.934197	625	12	-4.1836	0.97087	0.95811	0.990031	2763	0	-4.1836
Dsc2	19	0.044206	0.20609	0.934197	626	12	-4.3307	0.73252	0.6671	0.921069	2044	0	-4.3307
Slc44a4	20	0.044268	0.20927	0.934197	627	14	-4.1469	0.32417	0.30044	0.859701	925	0	-4.1469
Tmem178	20	0.044286	0.20949	0.934197	628	12	-4.0344	0.59038	0.52517	0.893438	1658	0	-4.0344
Slc24a2	20	0.044333	0.20995	0.934197	629	10	-3.9491	0.095306	0.080308	0.803873	270	0	-3.9491
Cachd1	20	0.044592	0.21036	0.934197	630	10	-3.8547	0.6059	0.53009	0.893438	1691	0	-3.8547
Olfr1506	4	0.044782	0.12437	0.857513	631	4	-4.1472	0.95522	0.95219	0.98923	2715	0	-4.1472
Adam33	20	0.044802	0.21085	0.934197	632	12	-4.0292	0.32417	0.30044	0.859701	915	0	-4.0292
Sstr5	20	0.044882	0.21119	0.934197	633	12	-3.9724	0.30301	0.28716	0.859701	849	0	-3.9724
Cldn9	20	0.044882	0.21119	0.934197	634	9	-3.6963	0.57436	0.50986	0.893438	1606	0	-3.6963
Mmp14	20	0.044906	0.21119	0.934197	635	12	-4.1246	0.98743	0.97995	0.994361	2814	0	-4.1246
Slc36a3	20	0.044948	0.21133	0.934197	636	9	-3.7725	0.97617	0.96644	0.991919	2780	0	-3.7725
Scap	18	0.044949	0.20579	0.934197	637	10	-3.9496	0.89001	0.85439	0.968097	2521	0	-3.9496
Slc1a2	20	0.045297	0.21222	0.934197	638	12	-3.9254	0.82491	0.77542	0.950724	2328	0	-3.9254
Gpr63	17	0.045316	0.20502	0.934197	639	8	-3.5984	0.2064	0.20234	0.859701	583	0	-3.5984
Lrrc15	20	0.045372	0.21257	0.934197	640	9	-3.7061	0.44999	0.39183	0.86208	1286	0	-3.7061
Slc6a17	20	0.045481	0.21265	0.934197	641	11	-4.1535	0.24757	0.24212	0.859701	699	0	-4.1535
Pdcd1	19	0.045492	0.20985	0.934197	642	12	-4.0881	0.7012	0.63518	0.910402	1960	0	-4.0881
Tas2r137	18	0.045515	0.20729	0.934197	643	11	-3.8982	0.33529	0.29624	0.859701	950	0	-3.8982
Olfr435	20	0.045561	0.21348	0.934197	644	13	-4.1541	0.51949	0.4466	0.874234	1456	0	-4.1541
Abcb4	20	0.045619	0.21367	0.934197	645	10	-3.8811	0.50996	0.43412	0.86643	1431	0	-3.8811
Clec5a	20	0.045691	0.21396	0.934197	646	7	-3.6071	0.10717	0.089726	0.803873	304	0	-3.6071
Itgb3	20	0.045992	0.21436	0.934197	647	13	-4.1969	0.61874	0.5389	0.893599	1720	0	-4.1969
H2-T10	18	0.046009	0.20844	0.934197	648	8	-3.7111	0.5255	0.46806	0.892373	1476	0	-3.7111
Amigo3	20	0.046061	0.21452	0.934197	649	11	-4.2657	0.96379	0.94914	0.98923	2740	0	-4.2657
Olfr93	20	0.046137	0.21475	0.934197	650	9	-3.7498	0.92696	0.89876	0.97593	2628	0	-3.7498
Ntsr1	18	0.046279	0.20988	0.934197	651	11	-3.9477	0.0070085	0.007301	0.592062	20	0	-3.9477
Clca4b	20	0.046337	0.2154	0.935591	652	13	-4.2239	0.64205	0.56615	0.893599	1782	0	-4.2239
Cd37	20	0.046513	0.21705	0.939889	653	14	-4.1595	0.70296	0.62185	0.901239	1977	0	-4.1595
Sorcs2	17	0.046592	0.20875	0.934197	654	11	-4.0011	0.51618	0.45507	0.885353	1446	0	-4.0011
Trpv5	20	0.046644	0.21749	0.940392	655	9	-3.5618	0.97205	0.95992	0.991133	2766	0	-3.5618
Sstr4	19	0.046648	0.2138	0.934197	656	12	-4.1126	0.33191	0.30198	0.859701	947	0	-4.1126
Lpar2	20	0.047367	0.22122	0.941619	657	11	-4.0806	0.73281	0.66504	0.921069	2048	0	-4.0806
Npr1	18	0.047487	0.21585	0.936109	658	11	-4.1741	0.64631	0.57054	0.893599	1801	0	-4.1741
Bst2	20	0.047519	0.22147	0.941619	659	12	-3.9941	0.58349	0.51911	0.893438	1638	0	-3.9941
Olfr1211	20	0.047585	0.22172	0.941619	660	10	-3.9225	0.65127	0.57155	0.893599	1810	0	-3.9225
Tmem211	20	0.047676	0.22183	0.941619	661	13	-4.1917	0.73868	0.66927	0.921069	2066	0	-4.1917
Gpr3	19	0.047684	0.21842	0.941557	662	7	-3.5645	0.39741	0.34322	0.859701	1133	0	-3.5645
Nrxn2	19	0.047687	0.21842	0.941557	663	10	-4.1126	0.71459	0.6483	0.921069	2000	0	-4.1126
Gabra5	20	0.047733	0.22195	0.941619	664	11	-3.9522	0.37347	0.33295	0.859701	1073	0	-3.9522
Tgfbr3	20	0.04778	0.222	0.941619	665	8	-3.7795	0.36478	0.32315	0.859701	1048	0	-3.7795
Faim2	20	0.047857	0.22262	0.941619	666	14	-4.1678	0.82491	0.77542	0.950724	2320	0	-4.1678
Epha1	20	0.048209	0.22426	0.941619	667	11	-3.993	0.22074	0.20849	0.859701	617	0	-3.993
Kiss1r	20	0.048246	0.22444	0.941619	668	11	-3.9676	0.89543	0.85962	0.969328	2536	0	-3.9676
F2rl2	20	0.048287	0.22476	0.941619	669	14	-4.1128	0.83798	0.79156	0.952925	2362	0	-4.1128
Cxcr5	19	0.048315	0.21979	0.941619	670	9	-3.845	0.67399	0.5958	0.899961	1886	0	-3.845
Olfr1457	20	0.048549	0.22595	0.941619	671	8	-3.7152	0.76947	0.69995	0.925282	2160	0	-3.7152
Jag2	20	0.048582	0.22615	0.941619	672	13	-4.0632	0.54571	0.48425	0.893438	1534	0	-4.0632
Cd4	20	0.048582	0.22615	0.941619	673	13	-4.2297	0.69267	0.61215	0.899961	1939	0	-4.2297
Crim1	20	0.048582	0.22615	0.941619	674	13	-4.018	0.054241	0.038977	0.691901	155	0	-4.018
Tas2r119	20	0.048837	0.22679	0.941619	675	11	-3.9576	0.75656	0.68714	0.921069	2118	0	-3.9576
Eva1c	20	0.048932	0.22694	0.941619	676	10	-3.8584	0.2851	0.27517	0.859701	805	0	-3.8584
Tenm4	20	0.049005	0.2272	0.941619	677	14	-4.0983	0.20592	0.19869	0.859701	581	0	-4.0983
Olfr1206	20	0.04936	0.23077	0.941619	678	11	-4.0812	0.97087	0.95811	0.990031	2759	0	-4.0812
Gm11127	18	0.04938	0.22192	0.941619	679	6	-3.4831	0.39123	0.33528	0.859701	1117	0	-3.4831
Il31ra	20	0.049446	0.231	0.941619	680	12	-4.1405	0.77453	0.70948	0.929989	2181	0	-4.1405
P2ry2	20	0.049446	0.231	0.941619	681	13	-4.2881	0.35532	0.31877	0.859701	1014	0	-4.2881
Erbb3	19	0.049448	0.22392	0.941619	682	11	-4.1193	0.73874	0.67044	0.921069	2077	0	-4.1193
Dsc3	20	0.049698	0.2317	0.941619	683	12	-3.908	0.29267	0.27967	0.859701	829	0	-3.908
Ptprz1	20	0.049773	0.23177	0.941619	684	11	-3.9727	0.23813	0.23118	0.859701	678	0	-3.9727
P2ry4	20	0.049813	0.23187	0.941619	685	12	-4.1624	0.96096	0.94552	0.98913	2732	0	-4.1624
Cd27	18	0.050093	0.22455	0.941619	686	9	-3.8452	0.77963	0.72245	0.930695	2195	0	-3.8452
Gabrr2	20	0.050241	0.23384	0.941619	687	10	-3.8296	0.70296	0.62185	0.901239	1963	0	-3.8296
Psg16	16	0.050253	0.21269	0.934197	688	8	-3.6691	0.025361	0.022579	0.691901	75	0	-3.6691
Unc5c	20	0.050315	0.23406	0.941619	689	13	-4.1911	0.69267	0.61215	0.899961	1924	0	-4.1911
Gpc4	18	0.050378	0.22537	0.941619	690	7	-3.3886	0.77415	0.71303	0.929989	2170	0	-3.3886
Avpr1a	20	0.050452	0.23415	0.941619	691	13	-4.2773	0.10717	0.089726	0.803873	307	0	-4.2773
Klri1	18	0.050615	0.22574	0.941619	692	11	-4.2467	0.81412	0.76301	0.947295	2301	0	-4.2467
Olfr403	12	0.050645	0.20202	0.934197	693	9	-4.0569	0.95722	0.93876	0.98821	2718	0	-4.0569
Olfr1469	16	0.050751	0.21378	0.934197	694	10	-4.1933	0.6706	0.60364	0.899961	1867	0	-4.1933
D130043K22Rik	20	0.050766	0.23488	0.941619	695	11	-4.0085	0.44002	0.383	0.859701	1251	0	-4.0085
Ltbr	20	0.050835	0.23488	0.941619	696	10	-3.8443	0.73868	0.66927	0.921069	2074	0	-3.8443
Grin2a	20	0.050872	0.23509	0.941619	697	14	-4.0743	0.70296	0.62185	0.901239	1972	0	-4.0743
Enpp4	19	0.05096	0.22846	0.941619	698	11	-4.0618	0.39741	0.34322	0.859701	1134	0	-4.0618
Mchr1	20	0.051125	0.23621	0.941619	699	9	-3.653	0.13395	0.13281	0.859701	380	0	-3.653
Pcdhga4	18	0.051334	0.22787	0.941619	700	11	-4.3192	0.77963	0.72245	0.930695	2193	0	-4.3192
Slc2a2	20	0.051399	0.2367	0.941619	701	8	-3.7258	0.9924	0.9875	0.995419	2834	0	-3.7258
Cdh16	20	0.051553	0.23712	0.941619	702	11	-4.1183	0.76338	0.69193	0.921069	2144	0	-4.1183
Cadm4	20	0.051579	0.23744	0.941619	703	8	-3.4416	0.62625	0.55119	0.893599	1736	0	-3.4416
Olfr648	20	0.05174	0.23967	0.941619	704	11	-3.9383	0.38321	0.34119	0.859701	1101	0	-3.9383
Olfr1209	20	0.05174	0.23967	0.941619	705	12	-4.2538	0.32417	0.30044	0.859701	910	0	-4.2538
Olfr1268-ps1	20	0.05181	0.2401	0.941619	706	13	-4.3008	0.46789	0.40051	0.864664	1315	0	-4.3008
1810055G02Rik	20	0.05181	0.2401	0.941619	707	10	-4.0853	0.90551	0.87258	0.971091	2564	0	-4.0853
Tmprss5	19	0.051933	0.23094	0.941619	708	11	-4.1838	0.21925	0.20957	0.859701	610	0	-4.1838
Ifnlr1	20	0.051985	0.2406	0.941619	709	10	-3.8237	0.87947	0.83907	0.964081	2486	0	-3.8237
Lrrtm3	20	0.052017	0.24066	0.941619	710	10	-3.8588	0.96379	0.94914	0.98923	2741	0	-3.8588
Fzd9	20	0.052021	0.24103	0.941619	711	14	-3.95	0.017965	0.011808	0.592062	56	0	-3.95
Olfr982	20	0.052021	0.24103	0.941619	712	14	-3.9215	0.95765	0.94125	0.98828	2720	0	-3.9215
Olfr1325	20	0.052031	0.24134	0.941619	713	10	-3.7554	0.10717	0.089726	0.803873	313	0	-3.7554
Tmeff1	19	0.05205	0.23112	0.941619	714	10	-3.9288	0.52743	0.46836	0.892373	1479	0	-3.9288
Gpr119	20	0.052095	0.24167	0.941619	715	9	-3.8099	0.37347	0.33295	0.859701	1072	0	-3.8099
Gpbar1	20	0.052126	0.24167	0.941619	716	12	-4.0118	0.044258	0.035144	0.691901	126	0	-4.0118
Slc26a5	20	0.052182	0.24167	0.941619	717	11	-4.1343	0.83798	0.79156	0.952925	2365	0	-4.1343
Adam22	18	0.0522	0.23024	0.941619	718	10	-3.9842	0.20901	0.19965	0.859701	586	0	-3.9842
Insrr	20	0.052345	0.24182	0.941619	719	12	-4.0123	0.55789	0.50129	0.893438	1565	0	-4.0123
Nkain1	20	0.052347	0.24182	0.941619	720	13	-4.0575	0.85891	0.81057	0.955301	2425	0	-4.0575
Csf1	20	0.052403	0.24183	0.941619	721	12	-3.9387	0.22074	0.20849	0.859701	618	0	-3.9387
Lrp4	20	0.052554	0.24282	0.941619	722	9	-3.6946	0.62625	0.55119	0.893599	1750	0	-3.6946
Qrfpr	20	0.05293	0.24437	0.941619	723	11	-4.1937	0.89543	0.85962	0.969328	2537	0	-4.1937
Olfr168	20	0.053101	0.24468	0.941619	724	12	-4.1463	0.71961	0.6518	0.921069	2011	0	-4.1463
Enpp6	20	0.053294	0.24591	0.941619	725	10	-4.0035	0.95272	0.93571	0.987576	2706	0	-4.0035
Olfr829	20	0.053513	0.24665	0.941619	726	10	-3.869	0.17019	0.16034	0.859701	490	0	-3.869
Cd5	20	0.05361	0.24669	0.941619	727	8	-3.422	0.85891	0.81057	0.955301	2430	0	-3.422
Il6ra	18	0.053656	0.23441	0.941619	728	12	-4.2665	0.59543	0.52534	0.893438	1660	0	-4.2665
Tspan5	20	0.054101	0.24834	0.941619	729	14	-4.1896	0.9594	0.94363	0.988596	2727	0	-4.1896
Antxr1	20	0.054306	0.24873	0.941619	730	11	-4.001	0.56322	0.50348	0.893438	1583	0	-4.001
Pecam1	20	0.054374	0.24897	0.941619	731	11	-4.1322	0.40286	0.35196	0.859701	1148	0	-4.1322
H2-T3	19	0.05452	0.23883	0.941619	732	11	-4.2652	0.273	0.26436	0.859701	771	0	-4.2652
Gjb2	20	0.054613	0.24955	0.941619	733	12	-3.9874	0.65127	0.57155	0.893599	1824	0	-3.9874
Slc4a7	20	0.054714	0.25006	0.941619	734	10	-3.6811	0.6059	0.53009	0.893438	1686	0	-3.6811
Olfr1463	20	0.054819	0.25009	0.941619	735	9	-3.8015	0.30301	0.28716	0.859701	848	0	-3.8015
Olfr688	16	0.05488	0.22553	0.941619	736	10	-4.2038	0.2593	0.24469	0.859701	741	0	-4.2038
Rxfp1	20	0.055003	0.25025	0.941619	737	12	-4.0374	0.70296	0.62185	0.901239	1968	0	-4.0374
Taar8b	16	0.055101	0.22572	0.941619	738	9	-4.1734	0.91578	0.89107	0.975355	2601	0	-4.1734
Fzd2	20	0.055141	0.25058	0.941619	739	13	-4.1645	0.97312	0.96165	0.991483	2769	0	-4.1645
Pcdh10	20	0.055166	0.2508	0.941619	740	12	-4.1167	0.22074	0.20849	0.859701	627	0	-4.1167
Panx2	20	0.055174	0.25107	0.941619	741	11	-3.9478	0.19408	0.19224	0.859701	553	0	-3.9478
Acp2	20	0.055186	0.2512	0.941619	742	10	-3.6779	0.15388	0.15369	0.859701	435	0	-3.6779
Cd38	20	0.055281	0.25147	0.941619	743	14	-3.9605	0.75656	0.68714	0.921069	2125	0	-3.9605
Mpz	20	0.055281	0.25147	0.941619	744	14	-4.1608	0.0021589	0.0040446	0.592062	6	0	-4.1608
Olfr78	20	0.055281	0.25147	0.941619	745	14	-3.9138	0.38321	0.34119	0.859701	1094	0	-3.9138
Emp3	20	0.055506	0.25238	0.941619	746	13	-4.107	0.90551	0.87258	0.971091	2563	0	-4.107
Gm15448	20	0.055943	0.25291	0.941619	747	11	-4.0812	0.67388	0.59325	0.899961	1881	0	-4.0812
Grik3	20	0.056067	0.25339	0.941619	748	13	-4.2351	0.41327	0.35718	0.859701	1176	0	-4.2351
Lrp12	20	0.056078	0.25349	0.941619	749	9	-3.8337	0.38321	0.34119	0.859701	1104	0	-3.8337
Slc4a10	20	0.056131	0.25349	0.941619	750	10	-3.8812	0.48999	0.4163	0.864664	1360	0	-3.8812
Gpr45	20	0.056133	0.25352	0.941619	751	10	-3.8081	0.96782	0.95396	0.989621	2754	0	-3.8081
Slc24a4	20	0.0562	0.25396	0.941619	752	10	-4.0105	0.95765	0.94125	0.98828	2721	0	-4.0105
Slc26a6	20	0.056243	0.25413	0.941619	753	8	-3.7736	0.89543	0.85962	0.969328	2538	0	-3.7736
Nrn1l	20	0.056395	0.25473	0.941619	754	9	-3.6857	0.45989	0.39802	0.864664	1303	0	-3.6857
Olfr1438-ps1	20	0.056685	0.25509	0.941619	755	10	-3.8898	0.59038	0.52517	0.893438	1656	0	-3.8898
Slc22a17	20	0.05676	0.25576	0.941619	756	9	-3.7104	0.25691	0.25121	0.859701	732	0	-3.7104
Duox1	20	0.05682	0.25581	0.941619	757	10	-3.8527	0.9902	0.98372	0.994857	2826	0	-3.8527
Atp13a2	20	0.056878	0.2563	0.941619	758	11	-4.1793	0.013708	0.0098282	0.592062	42	0	-4.1793
Slc13a2	20	0.057703	0.25824	0.941619	759	8	-3.4949	0.22935	0.21836	0.859701	654	0	-3.4949
Cd276	20	0.057756	0.25868	0.941619	760	13	-4.116	0.81946	0.768	0.949373	2311	0	-4.116
Olfr160	18	0.05776	0.24549	0.941619	761	9	-3.9003	0.072779	0.0633	0.803873	206	0	-3.9003
Pcdhga3	18	0.057961	0.24598	0.941619	762	7	-3.6429	0.62111	0.54052	0.893599	1728	0	-3.6429
Ptpru	20	0.057966	0.25942	0.941619	763	11	-4.0239	0.59842	0.52812	0.893438	1675	0	-4.0239
Olfr94	20	0.058017	0.25956	0.941619	764	11	-3.9767	0.80328	0.74299	0.93627	2272	0	-3.9767
H2-T22	20	0.058273	0.26051	0.941619	765	7	-3.5712	0.010421	0.0078484	0.592062	28	0	-3.5712
Gpr1	19	0.058432	0.25001	0.941619	766	12	-3.985	0.2277	0.22184	0.859701	637	0	-3.985
Slc6a13	19	0.058447	0.25075	0.941619	767	13	-4.2425	0.80897	0.75945	0.944928	2285	0	-4.2425
Tspan11	19	0.058493	0.2511	0.941619	768	13	-3.965	0.9307	0.90854	0.979345	2641	0	-3.965
Pcdhga5	18	0.058528	0.24803	0.941619	769	10	-4.0233	0.34348	0.30524	0.859701	980	0	-4.0233
Mrgpra1	19	0.058888	0.25209	0.941619	770	8	-3.7172	0.07123	0.059427	0.803873	204	0	-3.7172
Piezo1	20	0.059032	0.26206	0.941619	771	13	-4.1686	0.44002	0.383	0.859701	1249	0	-4.1686
Slc2a5	20	0.059032	0.26206	0.941619	772	12	-4.1955	0.63413	0.56247	0.893599	1763	0	-4.1955
Nrn1	20	0.059032	0.26206	0.941619	773	13	-4.2356	0.5005	0.42702	0.86643	1386	0	-4.2356
Grm2	20	0.059032	0.26206	0.941619	774	11	-4.0311	0.20565	0.19869	0.859701	580	0	-4.0311
Slc7a4	20	0.059055	0.26231	0.941619	775	10	-3.8506	0.068796	0.052273	0.754525	189	0	-3.8506
Adam25	18	0.059182	0.25034	0.941619	776	11	-4.1738	0.90777	0.8773	0.971091	2571	0	-4.1738
Tnfrsf4	20	0.059228	0.26239	0.941619	777	11	-4.1616	0.36478	0.32315	0.859701	1049	0	-4.1616
Ifngr2	20	0.059244	0.26257	0.941619	778	13	-4.01	0.023505	0.019603	0.691901	67	0	-4.01
Gpr39	20	0.059281	0.26268	0.941619	779	8	-3.0775	0.044258	0.035144	0.691901	128	0	-3.0775
Lrit2	20	0.059313	0.26268	0.941619	780	9	-3.771	0.61251	0.53305	0.893438	1699	0	-3.771
Nradd	20	0.059603	0.26316	0.941619	781	11	-4.2334	0.091672	0.078451	0.803873	259	0	-4.2334
Fam189b	20	0.0599	0.26431	0.941619	782	9	-3.7873	0.5005	0.42702	0.86643	1395	0	-3.7873
Npy2r	18	0.059928	0.25254	0.941619	783	9	-3.7447	0.68159	0.61474	0.901239	1907	0	-3.7447
Slc52a2	20	0.059934	0.26432	0.941619	784	10	-3.8166	0.78149	0.72043	0.929989	2213	0	-3.8166
Olfr1036	20	0.060191	0.26508	0.941619	785	11	-4.2785	0.37347	0.33295	0.859701	1064	0	-4.2785
Trem2	18	0.060205	0.2532	0.941619	786	10	-4.156	0.64631	0.57054	0.893599	1803	0	-4.156
Slc6a7	20	0.060214	0.26552	0.941619	787	10	-3.8365	0.34594	0.31441	0.859701	1005	0	-3.8365
Cdh2	20	0.060271	0.2656	0.941619	788	9	-3.7931	0.99066	0.98458	0.995027	2828	0	-3.7931
Sorcs1	20	0.060271	0.2656	0.941619	789	10	-3.872	0.32417	0.30044	0.859701	921	0	-3.872
Drd2	20	0.060493	0.26572	0.941619	790	12	-4.1079	0.99142	0.98568	0.995259	2829	0	-4.1079
Cd14	16	0.060573	0.24619	0.941619	791	7	-3.6119	0.62997	0.55544	0.893599	1757	0	-3.6119
Slc5a11	20	0.060635	0.26586	0.941619	792	13	-4.2108	0.49488	0.42114	0.86643	1379	0	-4.2108
Dpp6	20	0.060635	0.26586	0.941619	793	12	-4.1231	0.94568	0.92496	0.982358	2692	0	-4.1231
Olfr1415	20	0.06084	0.26648	0.941619	794	6	-3.5348	0.017965	0.011808	0.592062	48	0	-3.5348
Olfr66	19	0.060987	0.25699	0.941619	795	9	-3.8045	0.0023662	0.00366	0.592062	7	0	-3.8045
Celsr1	20	0.061143	0.26797	0.941619	796	13	-4.0446	0.31285	0.29461	0.859701	877	0	-4.0446
Slc22a3	20	0.061154	0.26805	0.941619	797	11	-3.9131	0.58349	0.51911	0.893438	1637	0	-3.9131
Ntsr2	20	0.061245	0.26816	0.941619	798	11	-4.2494	0.11948	0.10222	0.827588	347	0	-4.2494
Tmem106a	19	0.061287	0.25821	0.941619	799	13	-4.0509	0.25588	0.25288	0.859701	715	0	-4.0509
Syp	20	0.061301	0.26857	0.941619	800	10	-3.8553	0.44999	0.39183	0.86208	1280	0	-3.8553
Il6st	20	0.061363	0.26857	0.941619	801	12	-4.0971	0.51949	0.4466	0.874234	1466	0	-4.0971
Fzd6	20	0.061467	0.26885	0.941619	802	5	-3.16	0.23813	0.23118	0.859701	674	0	-3.16
Ms4a1	20	0.061878	0.26953	0.942866	803	11	-4.0249	0.68002	0.60323	0.899961	1895	0	-4.0249
Opalin	18	0.062275	0.25894	0.941619	804	6	-3.6869	0.23451	0.23004	0.859701	658	0	-3.6869
F2rl3	20	0.062415	0.27116	0.943439	805	13	-4.2059	0.0316	0.027397	0.691901	91	0	-4.2059
Nfam1	18	0.062618	0.26218	0.941619	806	12	-4.0538	0.65418	0.57538	0.893599	1828	0	-4.0538
Olfr285	18	0.062618	0.26218	0.941619	807	12	-4.0401	0.42558	0.3666	0.859701	1209	0	-4.0401
Folr2	20	0.062892	0.27213	0.943439	808	11	-3.9108	0.71961	0.6518	0.921069	2016	0	-3.9108
Olfr1267-ps1	20	0.063079	0.27243	0.943439	809	11	-4.2607	0.78149	0.72043	0.929989	2203	0	-4.2607
Gpr6	20	0.063087	0.2727	0.943439	810	11	-4.2492	0.81946	0.768	0.949373	2309	0	-4.2492
Tspan1	18	0.063168	0.26516	0.941619	811	10	-4.1032	0.5364	0.47412	0.893018	1506	0	-4.1032
Impg2	20	0.063301	0.27304	0.943439	812	8	-3.7345	0.46414	0.39927	0.864664	1310	0	-3.7345
Olfr750	20	0.063394	0.27363	0.943439	813	10	-3.9811	0.83222	0.78459	0.952925	2349	0	-3.9811
Ano9	18	0.063435	0.2655	0.941619	814	12	-4.1143	0.55214	0.48896	0.893438	1548	0	-4.1143
Gpr161	20	0.063507	0.27379	0.943439	815	13	-4.0921	0.87129	0.82978	0.963251	2462	0	-4.0921
Dscaml1	20	0.063588	0.27388	0.943439	816	11	-4.2215	0.71961	0.6518	0.921069	2015	0	-4.2215
Ptchd4	20	0.063669	0.27393	0.943439	817	11	-3.9693	0.41327	0.35718	0.859701	1164	0	-3.9693
Rpn1	20	0.063708	0.27399	0.943439	818	13	-4.1212	0.0316	0.027397	0.691901	89	0	-4.1212
Cxcr6	18	0.06391	0.26702	0.941619	819	11	-4.1202	0.97821	0.96629	0.991919	2787	0	-4.1202
Ceacam19	18	0.064004	0.26711	0.941619	820	11	-4.0597	0.79722	0.74777	0.94009	2244	0	-4.0597
Grm4	19	0.064121	0.26721	0.941619	821	7	-3.7936	0.37706	0.33128	0.859701	1076	0	-3.7936
Ager	20	0.064159	0.27618	0.949852	822	12	-4.0486	0.48999	0.4163	0.864664	1363	0	-4.0486
Unc93a	15	0.064386	0.26214	0.941619	823	8	-3.9392	0.89287	0.86284	0.969454	2527	0	-3.9392
Slc6a6	20	0.064592	0.27679	0.950489	824	10	-3.9365	0.79774	0.73623	0.93627	2249	0	-3.9365
Ceacam3	18	0.064673	0.26813	0.941619	825	9	-3.81	0.60332	0.52891	0.893438	1680	0	-3.81
Gjb6	20	0.064717	0.27703	0.950489	826	11	-3.8609	0.68488	0.60723	0.899961	1913	0	-3.8609
Olfr552	20	0.065094	0.2775	0.950964	827	10	-3.9244	0.36478	0.32315	0.859701	1046	0	-3.9244
Olfr1467	20	0.06552	0.27875	0.952105	828	11	-3.9663	0.85015	0.80138	0.952925	2397	0	-3.9663
Kel	19	0.065606	0.27055	0.943439	829	7	-3.6	0.62785	0.55118	0.893599	1756	0	-3.6
Pcdhac2	17	0.065807	0.27105	0.943439	830	10	-4.2654	0.23237	0.23041	0.859701	655	0	-4.2654
Cnr1	18	0.065812	0.27051	0.943439	831	11	-3.8659	0.94407	0.92425	0.982358	2680	0	-3.8659
Epor	20	0.06583	0.27963	0.952105	832	10	-3.8611	0.068796	0.052273	0.754525	196	0	-3.8611
Kir3dl1	20	0.066049	0.28	0.952105	833	11	-3.8838	0.50996	0.43412	0.86643	1424	0	-3.8838
Olfr308	20	0.066096	0.28032	0.952105	834	7	-3.4767	0.36478	0.32315	0.859701	1038	0	-3.4767
Shisa4	20	0.066151	0.28089	0.952105	835	9	-3.6513	0.013708	0.0098282	0.592062	38	0	-3.6513
Fpr-rs3	20	0.066422	0.28154	0.952105	836	12	-3.9422	0.76947	0.69995	0.925282	2162	0	-3.9422
Epha7	20	0.0666	0.28165	0.952105	837	11	-4.0148	0.94912	0.9297	0.985194	2698	0	-4.0148
Cdhr2	20	0.066774	0.28192	0.952105	838	11	-4	0.80857	0.74898	0.94009	2284	0	-4
Lrrc4c	20	0.067169	0.28271	0.952105	839	9	-3.6779	0.91094	0.87867	0.971091	2582	0	-3.6779
Olfr449	20	0.067179	0.28291	0.952105	840	11	-3.9674	0.50996	0.43412	0.86643	1427	0	-3.9674
Gpr149	20	0.067238	0.28316	0.952105	841	12	-4.0686	0.93789	0.91543	0.980259	2665	0	-4.0686
Olfr641	20	0.067301	0.28361	0.952105	842	12	-4.2051	0.80857	0.74898	0.94009	2283	0	-4.2051
Olfr1269	16	0.067668	0.26788	0.941619	843	10	-4.294	0.49506	0.43524	0.867659	1380	0	-4.294
Gpr141	20	0.067676	0.2842	0.952105	844	10	-3.7948	0.2019	0.19707	0.859701	563	0	-3.7948
Itgb2l	20	0.067676	0.2842	0.952105	845	10	-3.8797	0.46789	0.40051	0.864664	1322	0	-3.8797
Cdh17	20	0.068015	0.28498	0.952105	846	13	-4.1965	0.56322	0.50348	0.893438	1575	0	-4.1965
Slc18a2	18	0.068091	0.28009	0.952105	847	11	-4.0804	0.61252	0.5342	0.893438	1708	0	-4.0804
Esyt3	20	0.068103	0.28539	0.952105	848	10	-3.8236	0.51949	0.4466	0.874234	1472	0	-3.8236
Gipr	20	0.068304	0.28568	0.952105	849	12	-4.051	0.90804	0.87616	0.971091	2573	0	-4.051
Grin2d	20	0.068329	0.28583	0.952105	850	10	-3.8655	0.56322	0.50348	0.893438	1577	0	-3.8655
Ano5	20	0.068948	0.28689	0.953289	851	12	-4.1476	0.91878	0.88902	0.974241	2608	0	-4.1476
Tspan2	18	0.069109	0.28223	0.952105	852	10	-3.9432	0.16787	0.16205	0.859701	475	0	-3.9432
Slc7a5	19	0.069188	0.28551	0.952105	853	10	-3.878	0.89368	0.8608	0.969328	2530	0	-3.878
Ntrk2	20	0.069218	0.28785	0.953289	854	12	-4.1442	0.57436	0.50986	0.893438	1616	0	-4.1442
Sctr	20	0.069218	0.28785	0.953289	855	13	-4.1345	0.12871	0.12019	0.859701	364	0	-4.1345
Olfr151	20	0.069218	0.28785	0.953289	856	11	-4.1911	0.36478	0.32315	0.859701	1039	0	-4.1911
Ffar2	18	0.06957	0.28335	0.952105	857	10	-4.172	0.30844	0.28167	0.859701	867	0	-4.172
Olfr195	20	0.069906	0.29321	0.962278	858	9	-3.6809	0.085889	0.074869	0.803873	242	0	-3.6809
Gucy2c	20	0.069926	0.29335	0.962278	859	10	-3.8191	0.92397	0.8955	0.975363	2618	0	-3.8191
Gjb5	19	0.070016	0.28698	0.953289	860	12	-4.1436	0.78662	0.7265	0.930695	2224	0	-4.1436
Fndc9	17	0.070067	0.28505	0.952105	861	9	-3.7855	0.76031	0.70191	0.927439	2135	0	-3.7855
Tmx4	18	0.070129	0.28568	0.952105	862	10	-3.8591	0.24422	0.2413	0.859701	685	0	-3.8591
Olfr1234	20	0.070298	0.29445	0.962278	863	8	-3.5335	0.38321	0.34119	0.859701	1106	0	-3.5335
Ly6k	20	0.070348	0.29465	0.962278	864	9	-3.697	0.64205	0.56615	0.893599	1781	0	-3.697
Cdh6	20	0.070348	0.29465	0.962278	865	9	-3.844	0.84582	0.79654	0.952925	2388	0	-3.844
Olfr1047	20	0.070381	0.29466	0.962278	866	9	-3.6096	0.7114	0.63513	0.910402	1993	0	-3.6096
Atp2b2	20	0.070518	0.29495	0.962278	867	11	-3.8398	0.92118	0.89243	0.975355	2615	0	-3.8398
Nrg4	19	0.070951	0.29237	0.962278	868	10	-3.9118	0.48286	0.41132	0.864664	1354	0	-3.9118
Rnf130	19	0.070968	0.29239	0.962278	869	13	-4.1145	0.57169	0.5084	0.893438	1594	0	-4.1145
Slc39a4	20	0.071149	0.29713	0.965129	870	11	-4.2057	0.56322	0.50348	0.893438	1579	0	-4.2057
Dcbld1	18	0.071271	0.28925	0.955823	871	6	-3.4935	0.38113	0.32791	0.859701	1085	0	-3.4935
Gpa33	20	0.071388	0.29742	0.965129	872	13	-4.1629	0.53747	0.47557	0.893018	1521	0	-4.1629
Pcdhga7	18	0.071444	0.28929	0.955823	873	11	-4.1542	0.067611	0.056314	0.79676	188	0	-4.1542
Shisa8	18	0.071554	0.28968	0.956	874	8	-3.7413	0.27739	0.26304	0.859701	793	0	-3.7413
Chrnb1	20	0.071743	0.29806	0.965129	875	12	-4.0432	0.45989	0.39802	0.864664	1306	0	-4.0432
Slc52a3	20	0.071862	0.29834	0.965129	876	13	-4.1306	0.91393	0.88205	0.971822	2595	0	-4.1306
Znrf4	20	0.072053	0.29881	0.965129	877	12	-3.9472	0.93789	0.91543	0.980259	2669	0	-3.9472
Gpr18	20	0.072175	0.2989	0.965129	878	12	-4.2217	0.68488	0.60723	0.899961	1918	0	-4.2217
Cdh23	20	0.072247	0.29945	0.965129	879	13	-4.0513	0.59842	0.52812	0.893438	1671	0	-4.0513
Tmem63c	20	0.072362	0.29987	0.965129	880	12	-4.0184	0.87947	0.83907	0.964081	2481	0	-4.0184
Tnfrsf18	20	0.072536	0.30027	0.96533	881	11	-4.1823	0.010092	0.0078484	0.592062	27	0	-4.1823
Ano7	20	0.072981	0.30116	0.966663	882	10	-3.7647	0.56322	0.50348	0.893438	1582	0	-3.7647
Atp1a4	18	0.073044	0.29293	0.962278	883	12	-4.0076	0.7456	0.68329	0.921069	2101	0	-4.0076
Slc29a2	20	0.073088	0.30206	0.967805	884	12	-4.1528	0.69267	0.61215	0.899961	1933	0	-4.1528
Slc22a29	20	0.073164	0.30249	0.968118	885	13	-4.1689	0.27254	0.2704	0.859701	769	0	-4.1689
Slc22a15	19	0.07331	0.29974	0.965129	886	7	-3.8016	0.4333	0.37707	0.859701	1234	0	-3.8016
Efna3	20	0.073455	0.30322	0.96817	887	12	-4.211	0.15388	0.15369	0.859701	437	0	-4.211
Kir3dl2	20	0.073634	0.30338	0.96817	888	11	-3.8608	0.27708	0.27201	0.859701	774	0	-3.8608
Slc22a27	20	0.073897	0.30363	0.96817	889	10	-3.8245	0.85891	0.81057	0.955301	2428	0	-3.8245
Slc2a6	20	0.074333	0.3065	0.96817	890	8	-3.6211	0.88588	0.84568	0.964081	2511	0	-3.6211
Ackr2	20	0.074398	0.30682	0.96817	891	13	-3.9088	0.85015	0.80138	0.952925	2407	0	-3.9088
Oprd1	20	0.074413	0.30714	0.96817	892	9	-3.7182	0.40286	0.35196	0.859701	1145	0	-3.7182
Psca	20	0.074432	0.30729	0.96817	893	11	-4.0801	0.48999	0.4163	0.864664	1373	0	-4.0801
Olfr452	20	0.074689	0.30751	0.96817	894	10	-3.746	0.62625	0.55119	0.893599	1748	0	-3.746
Cdh22	20	0.074733	0.30784	0.96817	895	12	-4.0927	0.69267	0.61215	0.899961	1940	0	-4.0927
Pilrb1	20	0.074836	0.30815	0.96817	896	8	-3.7121	0.2019	0.19707	0.859701	573	0	-3.7121
Ly75	20	0.074852	0.30827	0.96817	897	13	-4.1546	0.32417	0.30044	0.859701	906	0	-4.1546
Itga5	20	0.07539	0.31126	0.970609	898	9	-3.6183	0.96657	0.95208	0.98923	2751	0	-3.6183
Cr2	20	0.075417	0.31133	0.970609	899	13	-4.1019	0.93111	0.90581	0.979345	2644	0	-4.1019
Gm42957	18	0.075562	0.29723	0.965129	900	10	-4.0984	0.38113	0.32791	0.859701	1086	0	-4.0984
Itgb2	20	0.075707	0.31234	0.970609	901	10	-3.9167	0.48999	0.4163	0.864664	1371	0	-3.9167
Otoa	19	0.075947	0.30794	0.96817	902	8	-3.7069	0.2277	0.22184	0.859701	638	0	-3.7069
Mip	18	0.075979	0.29786	0.965129	903	11	-4.2572	0.93147	0.90818	0.979345	2647	0	-4.2572
Lrp1	20	0.07607	0.31276	0.970609	904	7	-3.7921	0.18468	0.17743	0.859701	523	0	-3.7921
Cd83	18	0.076256	0.299	0.965129	905	10	-3.9467	0.81412	0.76301	0.947295	2304	0	-3.9467
Tmem150a	20	0.076481	0.31369	0.970609	906	10	-3.6468	0.4756	0.40662	0.864664	1332	0	-3.6468
Olfr3	20	0.076569	0.31398	0.970609	907	10	-4.0354	0.0074542	0.0078449	0.592062	22	0	-4.0354
Siglecf	20	0.076759	0.31422	0.970609	908	12	-4.1981	0.68002	0.60323	0.899961	1888	0	-4.1981
Pcdhgc3	18	0.076914	0.30136	0.966663	909	10	-4.1057	0.97679	0.9652	0.991919	2782	0	-4.1057
Ednra	20	0.077407	0.31499	0.970609	910	10	-3.9604	0.080532	0.069392	0.803873	234	0	-3.9604
Notch3	19	0.077628	0.31271	0.970609	911	9	-3.8287	0.35865	0.31928	0.859701	1027	0	-3.8287
Slc16a12	20	0.077751	0.31764	0.970609	912	12	-4.1359	0.83398	0.78649	0.952925	2350	0	-4.1359
Gprc5d	20	0.077825	0.31784	0.970609	913	11	-4.0102	0.19408	0.19224	0.859701	547	0	-4.0102
Csf3r	20	0.078225	0.3184	0.970609	914	9	-3.6715	0.16235	0.15696	0.859701	458	0	-3.6715
Ptprt	20	0.078327	0.31847	0.970609	915	12	-4.0034	0.68002	0.60323	0.899961	1890	0	-4.0034
Itga4	20	0.078426	0.31847	0.970609	916	9	-3.6958	0.31285	0.29461	0.859701	884	0	-3.6958
Spint2	18	0.078541	0.30644	0.96817	917	10	-4.1844	0.81412	0.76301	0.947295	2302	0	-4.1844
Pcdh12	20	0.078588	0.31847	0.970609	918	11	-4.0152	0.27708	0.27201	0.859701	788	0	-4.0152
Clec2d	18	0.078643	0.30657	0.96817	919	8	-3.4778	0.8956	0.8623	0.969454	2541	0	-3.4778
Lrp6	18	0.07892	0.3074	0.96817	920	9	-3.7041	0.90777	0.8773	0.971091	2567	0	-3.7041
Csmd2	20	0.078988	0.31956	0.970609	921	12	-4.08	0.72701	0.66071	0.921069	2035	0	-4.08
Gjd2	20	0.079017	0.31976	0.970609	922	9	-3.6534	0.03867	0.031271	0.691901	112	0	-3.6534
Tacr2	20	0.079119	0.31993	0.970609	923	10	-3.8674	0.53747	0.47557	0.893018	1514	0	-3.8674
Slc10a1	20	0.079262	0.32039	0.970609	924	11	-3.9256	0.15388	0.15369	0.859701	428	0	-3.9256
Slc12a9	20	0.079456	0.32053	0.970609	925	12	-3.9878	0.044258	0.035144	0.691901	123	0	-3.9878
Adam2	19	0.079734	0.31915	0.970609	926	9	-3.7578	0.94492	0.92675	0.983529	2686	0	-3.7578
Cd209f	20	0.08001	0.32179	0.970609	927	10	-4.0504	0.54571	0.48425	0.893438	1527	0	-4.0504
Scn3b	18	0.08003	0.31003	0.970609	928	10	-3.7697	0.65418	0.57538	0.893599	1829	0	-3.7697
Oprk1	20	0.080071	0.32223	0.970609	929	6	-3.31	0.22935	0.21836	0.859701	653	0	-3.31
Epha2	19	0.080435	0.32119	0.970609	930	13	-3.9189	0.641	0.56071	0.893599	1770	0	-3.9189
Kcnmb2	18	0.080976	0.31206	0.970609	931	8	-3.7016	0.12669	0.12786	0.859701	360	0	-3.7016
Gpr137	18	0.08103	0.3121	0.970609	932	8	-3.5604	0.76269	0.69965	0.925282	2137	0	-3.5604
Bdkrb2	20	0.081277	0.32462	0.970609	933	12	-4.1836	0.95463	0.93782	0.987576	2714	0	-4.1836
Cd96	20	0.081309	0.32479	0.970609	934	10	-4.0762	0.64205	0.56615	0.893599	1783	0	-4.0762
Kirrel3	18	0.081376	0.31262	0.970609	935	10	-4.1831	0.80564	0.75791	0.944334	2276	0	-4.1831
Fzd7	20	0.081429	0.32506	0.970609	936	12	-4.0941	0.24757	0.24212	0.859701	703	0	-4.0941
Tmem132a	20	0.081429	0.32506	0.970609	937	12	-4.1139	0.55412	0.49492	0.893438	1562	0	-4.1139
Olfr464	20	0.081546	0.32608	0.970609	938	13	-4.0237	0.96657	0.95208	0.98923	2746	0	-4.0237
Abcg5	20	0.081546	0.32608	0.970609	939	13	-4.007	0.75045	0.68359	0.921069	2106	0	-4.007
Olfr494	20	0.081605	0.32645	0.970609	940	10	-3.5007	0.6059	0.53009	0.893438	1688	0	-3.5007
Aplp1	18	0.081665	0.31392	0.970609	941	10	-4.038	0.1082	0.093912	0.827588	320	0	-4.038
Il17rd	20	0.08192	0.32681	0.970609	942	11	-3.9256	0.66722	0.58309	0.89596	1865	0	-3.9256
Mrgpra2b	8	0.082096	0.25614	0.941619	943	6	-4.2196	0.95965	0.94875	0.98923	2730	0	-4.2196
Ackr1	20	0.082138	0.32692	0.970609	944	12	-4.0767	0.92397	0.8955	0.975363	2623	0	-4.0767
Itga2	20	0.082522	0.32738	0.970609	945	13	-4.1162	0.77453	0.70948	0.929989	2184	0	-4.1162
Il17rc	20	0.082525	0.32751	0.970609	946	12	-3.9995	0.97087	0.95811	0.990031	2764	0	-3.9995
Pkd1l1	20	0.082555	0.32767	0.970609	947	10	-3.8707	0.59842	0.52812	0.893438	1669	0	-3.8707
Itm2c	19	0.082559	0.32663	0.970609	948	7	-3.8287	0.091053	0.077335	0.803873	253	0	-3.8287
Ntng2	19	0.082581	0.32663	0.970609	949	10	-3.985	0.7012	0.63518	0.910402	1956	0	-3.985
Slc4a8	20	0.082803	0.32864	0.970609	950	12	-3.9935	0.71961	0.6518	0.921069	2009	0	-3.9935
Cldn6	19	0.082817	0.32687	0.970609	951	10	-3.8837	0.72055	0.65261	0.921069	2023	0	-3.8837
Olfr446	20	0.082873	0.32909	0.970609	952	12	-4.0362	0.59842	0.52812	0.893438	1662	0	-4.0362
Nmur2	20	0.083205	0.32973	0.970609	953	13	-4.0476	0.98917	0.98193	0.994396	2821	0	-4.0476
Lamp5	20	0.083205	0.32973	0.970609	954	13	-3.9848	0.58349	0.51911	0.893438	1630	0	-3.9848
Pkd2l1	20	0.08329	0.33006	0.970609	955	9	-3.5249	0.85891	0.81057	0.955301	2426	0	-3.5249
H2-M1	20	0.083461	0.33038	0.970609	956	11	-4.0358	0.87947	0.83907	0.964081	2488	0	-4.0358
Gabrd	19	0.08358	0.32879	0.970609	957	11	-4.2486	0.6929	0.61884	0.901239	1951	0	-4.2486
Vmn1r227	20	0.083625	0.3307	0.970609	958	8	-3.6642	0.98011	0.97144	0.991919	2796	0	-3.6642
Ptprf	20	0.083736	0.33086	0.970609	959	11	-4.018	0.23813	0.23118	0.859701	679	0	-4.018
Cd300c2	20	0.083926	0.33107	0.970609	960	12	-4.2156	0.10717	0.089726	0.803873	310	0	-4.2156
Abca1	19	0.083985	0.32941	0.970609	961	12	-4.0724	0.91352	0.88533	0.973927	2594	0	-4.0724
Slc43a3	20	0.08405	0.33139	0.970609	962	10	-3.8791	0.03867	0.031271	0.691901	108	0	-3.8791
Gprc5a	20	0.084114	0.33189	0.970609	963	12	-4.1019	0.4756	0.40662	0.864664	1330	0	-4.1019
Adam30	20	0.084114	0.33189	0.970609	964	12	-4.1499	0.098776	0.084119	0.803873	282	0	-4.1499
Cuzd1	20	0.084114	0.33189	0.970609	965	13	-4.1676	0.97847	0.96904	0.991919	2790	0	-4.1676
Olfr1461	20	0.084183	0.33249	0.970609	966	13	-4.0044	0.62625	0.55119	0.893599	1735	0	-4.0044
Slc16a6	20	0.084494	0.33305	0.970609	967	9	-3.7056	0.58349	0.51911	0.893438	1639	0	-3.7056
Cd69	20	0.084502	0.33312	0.970609	968	8	-3.5821	0.62625	0.55119	0.893599	1749	0	-3.5821
Sdc1	20	0.084643	0.33339	0.970609	969	13	-4.0632	0.96657	0.95208	0.98923	2748	0	-4.0632
Pdgfra	20	0.08482	0.33366	0.970609	970	9	-3.6426	0.2851	0.27517	0.859701	800	0	-3.6426
Cldn1	19	0.084839	0.33258	0.970609	971	7	-3.7172	0.79739	0.7419	0.93627	2245	0	-3.7172
Slc6a3	18	0.084955	0.32313	0.970609	972	10	-4.1953	0.27153	0.25909	0.859701	768	0	-4.1953
Cacng7	20	0.085431	0.33519	0.970609	973	8	-3.4601	0.017965	0.011808	0.592062	53	0	-3.4601
Nt5e	20	0.085465	0.33519	0.970609	974	10	-3.9878	0.99577	0.99266	0.996907	2844	0	-3.9878
Clstn2	20	0.085499	0.33519	0.970609	975	13	-3.9472	0.85015	0.80138	0.952925	2406	0	-3.9472
Slc8a3	20	0.085791	0.33607	0.970609	976	13	-4.1071	0.70296	0.62185	0.901239	1976	0	-4.1071
Megf8	20	0.085862	0.33629	0.970609	977	11	-4.2016	0.03867	0.031271	0.691901	114	0	-4.2016
Pcdhb1	20	0.085889	0.33642	0.970609	978	10	-3.8572	0.5005	0.42702	0.86643	1388	0	-3.8572
Olfr453	20	0.085931	0.33642	0.970609	979	12	-3.9268	0.82491	0.77542	0.950724	2330	0	-3.9268
Crlf2	18	0.086532	0.32895	0.970609	980	10	-4.0209	0.73304	0.66245	0.921069	2059	0	-4.0209
Olfr237-ps1	20	0.087	0.33883	0.970609	981	11	-4.2022	0.44002	0.383	0.859701	1242	0	-4.2022
Icos	20	0.087005	0.33887	0.970609	982	12	-3.9576	0.35532	0.31877	0.859701	1019	0	-3.9576
Gm12169	18	0.087024	0.33057	0.970609	983	11	-3.9583	0.97679	0.9652	0.991919	2781	0	-3.9583
Flvcr1	20	0.087205	0.3393	0.970609	984	9	-3.8152	0.74465	0.67669	0.921069	2092	0	-3.8152
Epha10	20	0.087278	0.33946	0.970609	985	9	-3.7736	0.92696	0.89876	0.97593	2630	0	-3.7736
Gpr156	20	0.087305	0.34007	0.970609	986	10	-3.8021	0.31285	0.29461	0.859701	887	0	-3.8021
Pcdha3	15	0.087318	0.32232	0.970609	987	7	-3.7735	0.36133	0.31174	0.859701	1030	0	-3.7735
Pilra	20	0.087375	0.3401	0.970609	988	7	-3.6957	0.0316	0.027397	0.691901	88	0	-3.6957
Olfr986	20	0.087375	0.3401	0.970609	989	11	-4.1644	0.23813	0.23118	0.859701	681	0	-4.1644
Cntn5	20	0.087586	0.34024	0.970609	990	12	-4.0053	0.69267	0.61215	0.899961	1945	0	-4.0053
Cd59b	20	0.087777	0.34054	0.970609	991	9	-3.6537	0.56322	0.50348	0.893438	1586	0	-3.6537
Pkhd1	20	0.08834	0.34131	0.970609	992	12	-4.126	0.86754	0.82401	0.961085	2445	0	-4.126
Olfr1451	20	0.088522	0.34163	0.970609	993	10	-3.7384	0.22074	0.20849	0.859701	630	0	-3.7384
Stim1	20	0.088522	0.34163	0.970609	994	13	-3.996	0.50996	0.43412	0.86643	1435	0	-3.996
Grin3a	20	0.088633	0.34175	0.970609	995	6	-3.4669	0.92696	0.89876	0.97593	2631	0	-3.4669
Scnn1g	20	0.088723	0.34188	0.970609	996	12	-4.005	0.0316	0.027397	0.691901	90	0	-4.005
Emcn	20	0.088868	0.34261	0.970609	997	10	-3.4641	0.67388	0.59325	0.899961	1882	0	-3.4641
Olfr409-ps1	18	0.088944	0.33642	0.970609	998	9	-3.8746	0.43324	0.36901	0.859701	1232	0	-3.8746
Cdhr1	20	0.088956	0.34277	0.970609	999	9	-3.7288	0.48231	0.41025	0.864664	1341	0	-3.7288
Pcdhb8	17	0.089008	0.33695	0.970609	1000	6	-3.5565	0.19103	0.18263	0.859701	535	0	-3.5565
Itgal	20	0.089274	0.34322	0.970609	1001	13	-4.1297	0.94408	0.92315	0.982358	2681	0	-4.1297
Slc38a2	20	0.089274	0.34322	0.970609	1002	13	-4.1041	0.5005	0.42702	0.86643	1405	0	-4.1041
Procr	20	0.089336	0.34363	0.970609	1003	11	-3.8704	0.60891	0.53009	0.893438	1696	0	-3.8704
Olfr733	19	0.089371	0.34493	0.970609	1004	12	-4.0853	0.29031	0.27555	0.859701	821	0	-4.0853
Csf1r	18	0.089422	0.33749	0.970609	1005	9	-3.9749	0.70731	0.63998	0.916362	1986	0	-3.9749
Vasn	20	0.08966	0.3437	0.970609	1006	10	-3.9096	0.41327	0.35718	0.859701	1172	0	-3.9096
Nrp2	20	0.089792	0.34431	0.970609	1007	8	-3.4815	0.83016	0.78187	0.9521	2343	0	-3.4815
Trpv2	19	0.089849	0.34526	0.970609	1008	10	-3.8232	0.97392	0.96298	0.991919	2773	0	-3.8232
Lair1	20	0.090457	0.34526	0.970609	1009	6	-3.4912	0.75656	0.68714	0.921069	2123	0	-3.4912
H2-M2	20	0.090567	0.34538	0.970609	1010	13	-3.9896	0.22074	0.20849	0.859701	614	0	-3.9896
Pcdha4	3	0.090928	0.20247	0.934197	1011	2	-4.2702	0.13256	0.10914	0.859701	373	0	-4.2702
Amn	18	0.091005	0.34241	0.970609	1012	11	-3.9525	0.99497	0.99147	0.996705	2843	0	-3.9525
Pdcd1lg2	20	0.091135	0.34671	0.97338	1013	13	-4.0944	0.86332	0.8176	0.958403	2441	0	-4.0944
Pcdha7	16	0.091208	0.34265	0.970609	1014	9	-4.0187	0.83575	0.79197	0.952925	2360	0	-4.0187
Itfg1	20	0.091784	0.34848	0.973866	1015	11	-4.2008	0.098776	0.084119	0.803873	283	0	-4.2008
Slc5a8	20	0.091784	0.34848	0.973866	1016	12	-4.1875	0.16235	0.15696	0.859701	466	0	-4.1875
Jam2	17	0.091981	0.34876	0.973866	1017	11	-3.985	0.76661	0.71228	0.929989	2155	0	-3.985
Unc93b1	20	0.092001	0.3508	0.973866	1018	10	-3.9509	0.72701	0.66071	0.921069	2032	0	-3.9509
Olfr631	20	0.092172	0.35137	0.973866	1019	13	-4.0506	0.78149	0.72043	0.929989	2202	0	-4.0506
Gpr157	20	0.092172	0.35137	0.973866	1020	13	-4.0319	0.88264	0.8429	0.964081	2494	0	-4.0319
Olfr728	19	0.092206	0.35164	0.973866	1021	7	-3.7364	0.83523	0.78613	0.952925	2359	0	-3.7364
Pld5	18	0.092301	0.34831	0.973866	1022	12	-4.0563	0.26775	0.25643	0.859701	766	0	-4.0563
Ank	17	0.092506	0.3498	0.973866	1023	9	-3.8966	0.5317	0.46955	0.893018	1501	0	-3.8966
Slc7a3	19	0.092605	0.3527	0.973866	1024	12	-4.1396	0.76423	0.70361	0.929266	2154	0	-4.1396
Pkd2	20	0.092758	0.3524	0.973866	1025	11	-4.0393	0.098776	0.084119	0.803873	286	0	-4.0393
Slamf8	18	0.09276	0.34867	0.973866	1026	9	-3.8334	0.14738	0.14357	0.859701	423	0	-3.8334
Rnf43	20	0.092842	0.35265	0.973866	1027	12	-4.1144	0.94408	0.92315	0.982358	2684	0	-4.1144
Pigt	20	0.092878	0.35283	0.973866	1028	13	-3.9701	0.51949	0.4466	0.874234	1461	0	-3.9701
Gpr152	19	0.092962	0.35363	0.973866	1029	11	-4.1193	0.92863	0.90582	0.979345	2634	0	-4.1193
Ednrb	17	0.092999	0.35073	0.973866	1030	10	-3.9571	0.83445	0.78868	0.952925	2357	0	-3.9571
Ptprr	20	0.09318	0.35311	0.973866	1031	8	-3.5397	0.18468	0.17743	0.859701	526	0	-3.5397
Tspan4	20	0.093301	0.35344	0.973866	1032	11	-3.9017	0.57436	0.50986	0.893438	1610	0	-3.9017
Slc5a4a	20	0.09336	0.35374	0.973866	1033	12	-4.0959	0.2851	0.27517	0.859701	810	0	-4.0959
Gja3	20	0.093564	0.35404	0.973866	1034	12	-4.0548	0.52942	0.46351	0.886569	1488	0	-4.0548
Slc40a1	20	0.093658	0.35467	0.974667	1035	13	-4.1018	0.023505	0.019603	0.691901	65	0	-4.1018
Ptprk	20	0.093958	0.35525	0.975314	1036	8	-3.5355	0.26737	0.26301	0.859701	758	0	-3.5355
Sgcd	18	0.094136	0.35251	0.973866	1037	10	-3.9206	0.55214	0.48896	0.893438	1547	0	-3.9206
Olfr295	19	0.094648	0.35633	0.976314	1038	12	-4.1692	0.61527	0.54562	0.893599	1712	0	-4.1692
Eng	20	0.094681	0.35655	0.976314	1039	12	-4.0089	0.71961	0.6518	0.921069	2018	0	-4.0089
Adam11	20	0.094786	0.35816	0.97954	1040	11	-3.9054	0.22074	0.20849	0.859701	616	0	-3.9054
Slc23a1	20	0.095023	0.35892	0.979749	1041	13	-3.9974	0.16235	0.15696	0.859701	468	0	-3.9974
Lypd8	20	0.095023	0.35892	0.979749	1042	13	-4.0317	0.40286	0.35196	0.859701	1147	0	-4.0317
Olfr330	19	0.09508	0.35664	0.976314	1043	9	-3.7011	0.058932	0.044807	0.727615	167	0	-3.7011
Flt4	20	0.095399	0.36121	0.982256	1044	11	-3.9335	0.89543	0.85962	0.969328	2532	0	-3.9335
Slc39a5	20	0.0954	0.36121	0.982256	1045	11	-4.0873	0.16235	0.15696	0.859701	469	0	-4.0873
Susd4	20	0.095595	0.36166	0.982537	1046	12	-4.0344	0.35532	0.31877	0.859701	1024	0	-4.0344
Entpd1	20	0.095681	0.36231	0.983353	1047	10	-3.7873	0.33621	0.30743	0.859701	972	0	-3.7873
Rgr	18	0.095791	0.35988	0.980486	1048	7	-3.6557	0.65418	0.57538	0.893599	1830	0	-3.6557
Psg25	20	0.095869	0.36328	0.984522	1049	8	-3.6288	0.68002	0.60323	0.899961	1898	0	-3.6288
Abca6	20	0.096068	0.36373	0.984522	1050	9	-3.7269	0.67388	0.59325	0.899961	1878	0	-3.7269
Tacr1	20	0.096204	0.36402	0.984522	1051	11	-4.0715	0.90804	0.87616	0.971091	2577	0	-4.0715
Tpcn1	20	0.096273	0.36433	0.984522	1052	13	-4.2029	0.013708	0.0098282	0.592062	37	0	-4.2029
Plxna4	20	0.096345	0.36446	0.984522	1053	12	-4.0998	0.73281	0.66504	0.921069	2055	0	-4.0998
Tmc7	20	0.096869	0.36512	0.9852	1054	12	-4.0006	0.098776	0.084119	0.803873	277	0	-4.0006
Adcy7	20	0.096931	0.36547	0.9852	1055	12	-4.0004	0.5005	0.42702	0.86643	1390	0	-4.0004
Slc17a8	20	0.097058	0.3658	0.9852	1056	13	-4.0647	0.98792	0.98079	0.994361	2818	0	-4.0647
Cd48	20	0.097389	0.36609	0.9852	1057	7	-3.5855	0.33621	0.30743	0.859701	968	0	-3.5855
Tectb	20	0.097569	0.36657	0.985554	1058	10	-3.9403	0.14591	0.14675	0.859701	403	0	-3.9403
Slc41a2	20	0.097804	0.36698	0.985753	1059	12	-4.0625	0.30301	0.28716	0.859701	846	0	-4.0625
Pcdh20	20	0.098441	0.36827	0.988272	1060	12	-4.0769	0.32417	0.30044	0.859701	927	0	-4.0769
Ginm1	19	0.099155	0.36886	0.988701	1061	8	-3.6775	0.24579	0.24135	0.859701	689	0	-3.6775
Tnfsf11	20	0.099242	0.37033	0.988701	1062	13	-3.9896	0.72701	0.66071	0.921069	2030	0	-3.9896
Fcgr1	20	0.099242	0.37033	0.988701	1063	13	-4.1424	0.36478	0.32315	0.859701	1043	0	-4.1424
Cdhr5	20	0.099529	0.37077	0.988701	1064	10	-3.7378	0.023505	0.019603	0.691901	69	0	-3.7378
Podxl2	18	0.099816	0.37039	0.988701	1065	11	-4.1607	0.32638	0.29215	0.859701	942	0	-4.1607
Heph	20	0.099998	0.37102	0.988701	1066	12	-4.008	0.87129	0.82978	0.963251	2458	0	-4.008
Clec9a	18	0.1	0.3712	0.988701	1067	12	-4.0547	0.31757	0.2882	0.859701	897	0	-4.0547
Olfr1205	20	0.10061	0.37283	0.992123	1068	12	-4.0216	0.38321	0.34119	0.859701	1103	0	-4.0216
Itgav	20	0.1008	0.37348	0.992698	1069	12	-4.1324	0.73868	0.66927	0.921069	2076	0	-4.1324
Rnf149	20	0.10103	0.37374	0.992698	1070	9	-3.5519	0.044258	0.035144	0.691901	124	0	-3.5519
Lypd6b	20	0.10125	0.37434	0.993367	1071	12	-4.1739	0.85015	0.80138	0.952925	2399	0	-4.1739
Ece1	20	0.10138	0.37639	0.995059	1072	13	-4.1623	0.8918	0.8553	0.968097	2523	0	-4.1623
Olfr1033	17	0.1015	0.37041	0.988701	1073	9	-4.0028	0.073492	0.065013	0.803873	208	0	-4.0028
Rprml	20	0.1016	0.37703	0.995059	1074	13	-4.0296	0.56322	0.50348	0.893438	1587	0	-4.0296
Casr	20	0.10167	0.3787	0.995059	1075	7	-3.41	0.17698	0.16563	0.859701	510	0	-3.41
Gpr34	20	0.10193	0.37899	0.995059	1076	6	-3.4312	0.69267	0.61215	0.899961	1947	0	-3.4312
Clcnkb	20	0.10193	0.37899	0.995059	1077	8	-3.5906	0.65127	0.57155	0.893599	1818	0	-3.5906
Pkhd1l1	20	0.10193	0.37899	0.995059	1078	6	-3.2685	0.22074	0.20849	0.859701	620	0	-3.2685
Neto2	20	0.10196	0.37899	0.995059	1079	11	-4.0131	0.21084	0.20193	0.859701	596	0	-4.0131
Adra2a	20	0.10218	0.37913	0.995059	1080	10	-3.8883	0.19408	0.19224	0.859701	546	0	-3.8883
Gm14226	19	0.10224	0.3802	0.995059	1081	10	-3.907	0.4584	0.39164	0.86208	1298	0	-3.907
Sorl1	18	0.10226	0.37551	0.995059	1082	10	-4.0954	0.71962	0.65001	0.921069	2019	0	-4.0954
Tspan14	18	0.10227	0.37602	0.995059	1083	7	-3.4695	0.1765	0.17606	0.859701	495	0	-3.4695
Slc15a4	20	0.10255	0.37947	0.995059	1084	12	-4.0186	0.98472	0.97629	0.993161	2807	0	-4.0186
Grin2b	20	0.10266	0.38007	0.995059	1085	10	-3.8707	0.41327	0.35718	0.859701	1163	0	-3.8707
Slc22a5	20	0.1027	0.38025	0.995059	1086	11	-4.166	0.81372	0.75798	0.944334	2298	0	-4.166
Cd226	20	0.1027	0.38055	0.995059	1087	9	-3.695	0.79774	0.73623	0.93627	2248	0	-3.695
Olfr566	20	0.10294	0.38156	0.996668	1088	11	-3.984	0.23813	0.23118	0.859701	667	0	-3.984
Il10rb	8	0.10309	0.30548	0.96817	1089	5	-4.2776	0.58914	0.53852	0.893599	1648	0	-4.2776
Cd101	20	0.1031	0.38186	0.996668	1090	12	-4.0631	0.92397	0.8955	0.975363	2622	0	-4.0631
Pcdhga8	15	0.10331	0.35956	0.980486	1091	10	-4.082	0.98176	0.9718	0.991932	2801	0	-4.082
Opn1mw	20	0.10343	0.38258	0.997558	1092	9	-3.8246	0.87947	0.83907	0.964081	2476	0	-3.8246
Olfr1245	20	0.10373	0.38332	0.997558	1093	7	-3.5273	0.04839	0.035147	0.691901	141	0	-3.5273
Olfr723	19	0.10419	0.38523	0.99907	1094	7	-3.524	0.56485	0.50239	0.893438	1590	0	-3.524
Itga7	20	0.10424	0.38398	0.997558	1095	11	-3.9017	0.26737	0.26301	0.859701	752	0	-3.9017
Slc6a2	20	0.10429	0.38403	0.997558	1096	11	-4.1363	0.64205	0.56615	0.893599	1794	0	-4.1363
Tmem213	20	0.1043	0.38429	0.997558	1097	12	-4.1488	0.57436	0.50986	0.893438	1602	0	-4.1488
Otop1	20	0.10457	0.38672	1.0	1098	13	-4.064	0.32417	0.30044	0.859701	933	0	-4.064
Qsox2	19	0.1048	0.38578	0.999601	1099	11	-4.035	0.12269	0.11531	0.859701	356	0	-4.035
Slc9a3	20	0.10496	0.38916	1.0	1100	12	-4.084	0.94408	0.92315	0.982358	2683	0	-4.084
Itgax	18	0.10534	0.38403	0.997558	1101	9	-3.7943	0.71962	0.65001	0.921069	2020	0	-3.7943
Il2rg	10	0.10538	0.32845	0.970609	1102	7	-4.0306	0.67106	0.61867	0.901239	1868	0	-4.0306
Unc5a	20	0.10582	0.39178	1.0	1103	11	-4.1555	0.81372	0.75798	0.944334	2290	0	-4.1555
Sele	19	0.10594	0.38773	1.0	1104	10	-3.9497	0.57968	0.51132	0.893438	1625	0	-3.9497
Nagpa	20	0.10603	0.39242	1.0	1105	10	-3.8643	0.098776	0.084119	0.803873	287	0	-3.8643
Slc4a1	20	0.10616	0.3925	1.0	1106	12	-4.0227	0.54571	0.48425	0.893438	1531	0	-4.0227
Olfr17	20	0.10627	0.3925	1.0	1107	12	-4.0855	0.93333	0.90876	0.979345	2649	0	-4.0855
Vstm5	20	0.10627	0.39261	1.0	1108	10	-3.9268	0.95463	0.93782	0.987576	2713	0	-3.9268
Olfr681	18	0.10653	0.38738	1.0	1109	6	-3.4414	0.24422	0.2413	0.859701	688	0	-3.4414
Slc11a2	19	0.10656	0.38941	1.0	1110	11	-4.1254	0.8618	0.82072	0.960923	2431	0	-4.1254
Gabre	20	0.10693	0.39391	1.0	1111	9	-3.5843	0.92923	0.9024	0.977657	2636	0	-3.5843
Olfr1448	20	0.10703	0.3955	1.0	1112	7	-3.3949	0.18468	0.17743	0.859701	516	0	-3.3949
Tnfrsf1b	20	0.1072	0.39572	1.0	1113	12	-4.1778	0.41327	0.35718	0.859701	1179	0	-4.1778
Nipal4	20	0.10722	0.39597	1.0	1114	12	-4.0618	0.92397	0.8955	0.975363	2620	0	-4.0618
Efnb1	20	0.10731	0.39651	1.0	1115	7	-3.6422	0.54571	0.48425	0.893438	1528	0	-3.6422
Gpr88	18	0.1074	0.38854	1.0	1116	10	-3.9952	0.39123	0.33528	0.859701	1113	0	-3.9952
Cd1d1	16	0.10748	0.38024	0.995059	1117	6	-3.4353	0.78096	0.7265	0.930695	2201	0	-3.4353
Mtnr1a	20	0.10784	0.39745	1.0	1118	13	-4.0068	0.0054716	0.0078449	0.592062	15	0	-4.0068
Abcg3	20	0.10784	0.39745	1.0	1119	13	-4.0593	0.98472	0.97629	0.993161	2808	0	-4.0593
Slc5a4b	20	0.10803	0.39849	1.0	1120	10	-3.895	0.48999	0.4163	0.864664	1364	0	-3.895
Lingo1	20	0.10805	0.39875	1.0	1121	10	-3.9404	0.87129	0.82978	0.963251	2454	0	-3.9404
Efna2	20	0.10853	0.39969	1.0	1122	10	-3.8886	0.31285	0.29461	0.859701	888	0	-3.8886
Catsperg2	20	0.10865	0.39989	1.0	1123	12	-4.0595	0.0061328	0.0078449	0.592062	17	0	-4.0595
Pcdh15	20	0.10878	0.4004	1.0	1124	12	-4.0029	0.74465	0.67669	0.921069	2098	0	-4.0029
Cln3	20	0.10896	0.40067	1.0	1125	11	-3.9811	0.67388	0.59325	0.899961	1879	0	-3.9811
Sema6a	20	0.10911	0.40067	1.0	1126	7	-3.593	0.71961	0.6518	0.921069	2007	0	-3.593
Olfr462	20	0.10939	0.40131	1.0	1127	11	-3.9588	0.27708	0.27201	0.859701	783	0	-3.9588
Mmp16	20	0.10965	0.40144	1.0	1128	6	-3.3431	0.78149	0.72043	0.929989	2204	0	-3.3431
Sstr2	20	0.10971	0.40176	1.0	1129	12	-4.041	0.97687	0.96713	0.991919	2784	0	-4.041
Fcrl6	20	0.10972	0.40181	1.0	1130	9	-3.7876	0.86754	0.82401	0.961085	2450	0	-3.7876
Sidt1	20	0.10976	0.40203	1.0	1131	13	-4.056	0.5005	0.42702	0.86643	1404	0	-4.056
Sdk1	20	0.10976	0.40203	1.0	1132	12	-4.0461	0.48999	0.4163	0.864664	1367	0	-4.0461
Slc22a1	18	0.10986	0.39543	1.0	1133	7	-3.7203	0.38113	0.32791	0.859701	1082	0	-3.7203
Cldn11	20	0.10989	0.40218	1.0	1134	10	-3.8901	0.074836	0.061776	0.803873	215	0	-3.8901
Aqp2	20	0.10997	0.40243	1.0	1135	12	-4.1718	0.4756	0.40662	0.864664	1327	0	-4.1718
Ttyh1	20	0.10997	0.40243	1.0	1136	11	-4.1667	0.67388	0.59325	0.899961	1873	0	-4.1667
Slc29a4	20	0.10997	0.40243	1.0	1137	11	-4.1768	0.81709	0.76432	0.948511	2307	0	-4.1768
Ncam2	20	0.11008	0.40254	1.0	1138	12	-4.0211	0.64205	0.56615	0.893599	1774	0	-4.0211
Lhfpl4	20	0.11017	0.40303	1.0	1139	13	-4.09	0.81946	0.768	0.949373	2308	0	-4.09
Negr1	20	0.1104	0.40361	1.0	1140	10	-3.7458	0.89924	0.86464	0.969454	2543	0	-3.7458
Olfr1251	20	0.11051	0.40393	1.0	1141	8	-3.3831	0.14591	0.14675	0.859701	407	0	-3.3831
Neo1	20	0.11059	0.40408	1.0	1142	12	-3.9433	0.72701	0.66071	0.921069	2034	0	-3.9433
Olfr568	20	0.11068	0.40422	1.0	1143	11	-4.1606	0.22074	0.20849	0.859701	625	0	-4.1606
Pcdh19	20	0.11075	0.40452	1.0	1144	10	-3.7166	0.098776	0.084119	0.803873	285	0	-3.7166
Gabra2	20	0.11089	0.40485	1.0	1145	10	-3.7928	0.11948	0.10222	0.827588	342	0	-3.7928
Erbb2	20	0.11133	0.40547	1.0	1146	10	-3.8271	0.75045	0.68359	0.921069	2105	0	-3.8271
Hfe	18	0.1114	0.39821	1.0	1147	11	-4.084	0.84663	0.80288	0.952925	2394	0	-4.084
H2-Q6	18	0.1114	0.39821	1.0	1148	11	-4.1315	0.42558	0.3666	0.859701	1210	0	-4.1315
Olfr154	20	0.11163	0.40594	1.0	1149	11	-3.9738	0.15388	0.15369	0.859701	438	0	-3.9738
Alpl	18	0.11168	0.40039	1.0	1150	10	-4.0685	0.76269	0.69965	0.925282	2138	0	-4.0685
Olfr930	20	0.11173	0.40626	1.0	1151	13	-4.0191	0.68488	0.60723	0.899961	1912	0	-4.0191
Pcdh8	20	0.11244	0.40801	1.0	1152	11	-4.0083	0.7114	0.63513	0.910402	1990	0	-4.0083
Npc1l1	20	0.11271	0.40839	1.0	1153	11	-3.9801	0.94568	0.92496	0.982358	2693	0	-3.9801
Ccr1l1	19	0.1128	0.40413	1.0	1154	10	-3.9322	0.0516	0.037363	0.691901	144	0	-3.9322
Slco5a1	20	0.11298	0.40868	1.0	1155	12	-3.946	0.71961	0.6518	0.921069	2008	0	-3.946
Slco1a1	20	0.11302	0.40896	1.0	1156	13	-4.0573	0.80857	0.74898	0.94009	2280	0	-4.0573
Tmem114	20	0.1133	0.41043	1.0	1157	10	-3.8752	0.44002	0.383	0.859701	1246	0	-3.8752
Cd164l2	20	0.11357	0.41106	1.0	1158	12	-4.0402	0.93333	0.90876	0.979345	2654	0	-4.0402
Olfr767	18	0.11363	0.4048	1.0	1159	9	-3.8497	0.32638	0.29215	0.859701	940	0	-3.8497
Lynx1	20	0.11395	0.41165	1.0	1160	12	-4.0081	0.82491	0.77542	0.950724	2331	0	-4.0081
Sstr3	20	0.11418	0.41242	1.0	1161	12	-3.9613	0.39239	0.34533	0.859701	1130	0	-3.9613
Gpr107	20	0.1142	0.41282	1.0	1162	11	-3.8447	0.32417	0.30044	0.859701	918	0	-3.8447
Olfr1138	20	0.11446	0.41311	1.0	1163	8	-3.3973	0.61874	0.5389	0.893599	1724	0	-3.3973
Clec12a	20	0.11482	0.41356	1.0	1164	11	-3.9577	0.82491	0.77542	0.950724	2324	0	-3.9577
Olfr292	20	0.11505	0.41386	1.0	1165	8	-3.3928	0.0316	0.027397	0.691901	98	0	-3.3928
Tlr9	18	0.11509	0.40907	1.0	1166	9	-3.6213	0.19193	0.18487	0.859701	536	0	-3.6213
Slc37a1	20	0.11509	0.41386	1.0	1167	8	-3.6962	0.73868	0.66927	0.921069	2067	0	-3.6962
Qsox1	20	0.11523	0.41458	1.0	1168	13	-3.9487	0.86754	0.82401	0.961085	2446	0	-3.9487
Olfr273	20	0.11523	0.41458	1.0	1169	13	-4.049	0.22935	0.21836	0.859701	644	0	-4.049
Glra1	20	0.11523	0.41458	1.0	1170	13	-3.9357	0.22074	0.20849	0.859701	613	0	-3.9357
Vmn1r234	20	0.11555	0.41558	1.0	1171	9	-3.7004	0.03867	0.031271	0.691901	107	0	-3.7004
Mrc2	20	0.11564	0.41591	1.0	1172	10	-3.9033	0.27708	0.27201	0.859701	776	0	-3.9033
Olfr298	18	0.116	0.41092	1.0	1173	8	-3.4509	0.22586	0.22121	0.859701	635	0	-3.4509
S1pr2	20	0.1164	0.41693	1.0	1174	12	-4.1588	0.75045	0.68359	0.921069	2108	0	-4.1588
Cd244a	20	0.11671	0.41746	1.0	1175	11	-4.1387	0.83016	0.78187	0.9521	2344	0	-4.1387
Slc2a1	20	0.11684	0.41799	1.0	1176	7	-3.5994	0.88588	0.84568	0.964081	2510	0	-3.5994
Olfr68	18	0.11706	0.41235	1.0	1177	8	-3.8295	0.60332	0.52891	0.893438	1681	0	-3.8295
Slc4a5	20	0.11726	0.41879	1.0	1178	7	-3.622	0.054241	0.038977	0.691901	152	0	-3.622
Ptprm	20	0.11727	0.41892	1.0	1179	12	-4.1175	0.0064633	0.0078449	0.592062	18	0	-4.1175
Mansc1	20	0.11731	0.41948	1.0	1180	13	-3.9828	0.68002	0.60323	0.899961	1900	0	-3.9828
Clec14a	18	0.11735	0.41429	1.0	1181	12	-3.9585	0.5364	0.47412	0.893018	1505	0	-3.9585
Ackr4	20	0.11742	0.4199	1.0	1182	11	-4.1132	0.27708	0.27201	0.859701	790	0	-4.1132
Asgr1	18	0.11757	0.41562	1.0	1183	11	-3.9505	0.43324	0.36901	0.859701	1230	0	-3.9505
Acvr2a	19	0.11762	0.41552	1.0	1184	10	-4.1965	0.11386	0.098279	0.827588	324	0	-4.1965
BC035947	20	0.11771	0.42034	1.0	1185	9	-3.7067	0.7114	0.63513	0.910402	1994	0	-3.7067
Olfr697	20	0.11773	0.42049	1.0	1186	12	-4.1532	0.061936	0.04659	0.727615	171	0	-4.1532
Mrgpre	20	0.11773	0.42049	1.0	1187	13	-4.0506	0.74465	0.67669	0.921069	2084	0	-4.0506
Npffr2	20	0.11801	0.4209	1.0	1188	7	-3.361	0.35532	0.31877	0.859701	1011	0	-3.361
Slc7a1	18	0.11803	0.41727	1.0	1189	8	-3.7212	0.21712	0.21109	0.859701	609	0	-3.7212
Cd79a	18	0.11835	0.41791	1.0	1190	9	-3.9168	0.90998	0.88094	0.971822	2580	0	-3.9168
Ntrk1	20	0.1184	0.42166	1.0	1191	9	-3.6335	0.68488	0.60723	0.899961	1921	0	-3.6335
Havcr1	20	0.11858	0.42169	1.0	1192	12	-4.0386	0.0038165	0.0078449	0.592062	11	0	-4.0386
Gfra4	17	0.11862	0.41129	1.0	1193	7	-3.7172	0.97218	0.95851	0.990031	2767	0	-3.7172
Gpr158	20	0.11869	0.42181	1.0	1194	12	-4.0448	0.061936	0.04659	0.727615	177	0	-4.0448
Csf2rb	20	0.11881	0.42228	1.0	1195	13	-4.0312	0.2019	0.19707	0.859701	570	0	-4.0312
Tmem217	20	0.11881	0.42228	1.0	1196	13	-3.9714	0.93468	0.91036	0.979893	2655	0	-3.9714
Lpar6	20	0.11892	0.42261	1.0	1197	9	-3.7358	0.2019	0.19707	0.859701	567	0	-3.7358
Gpc3	18	0.11924	0.42086	1.0	1198	11	-4.0966	0.42558	0.3666	0.859701	1213	0	-4.0966
Tenm2	20	0.11933	0.42401	1.0	1199	7	-3.4737	0.64205	0.56615	0.893599	1793	0	-3.4737
Slc39a6	20	0.12	0.42539	1.0	1200	9	-3.6499	0.59038	0.52517	0.893438	1649	0	-3.6499
Fndc4	20	0.12064	0.4265	1.0	1201	11	-3.9715	0.011408	0.0078484	0.592062	32	0	-3.9715
Olfr224	20	0.121	0.42872	1.0	1202	13	-4.0102	0.80328	0.74299	0.93627	2268	0	-4.0102
Atp6v0a2	20	0.121	0.42872	1.0	1203	13	-4.0296	0.67388	0.59325	0.899961	1877	0	-4.0296
Crb1	20	0.121	0.42872	1.0	1204	13	-4.1298	0.85015	0.80138	0.952925	2404	0	-4.1298
Olfr1135	20	0.121	0.42872	1.0	1205	13	-3.9463	0.0316	0.027397	0.691901	100	0	-3.9463
Adam39	20	0.12117	0.42964	1.0	1206	10	-3.8876	0.35532	0.31877	0.859701	1017	0	-3.8876
Cr1l	18	0.12127	0.42403	1.0	1207	6	-3.6671	0.32638	0.29215	0.859701	935	0	-3.6671
Cd300ld4	3	0.12171	0.26196	0.941619	1208	3	-4.035	0.87829	0.87292	0.971091	2475	0	-4.035
Lrtm1	18	0.12201	0.42575	1.0	1209	9	-3.8412	0.88037	0.8437	0.964081	2491	0	-3.8412
Lman2	18	0.12203	0.42575	1.0	1210	10	-3.7786	0.22586	0.22121	0.859701	633	0	-3.7786
Slc15a5	20	0.12264	0.43283	1.0	1211	11	-3.9661	0.12871	0.12019	0.859701	365	0	-3.9661
Ptgdr2	20	0.12272	0.4332	1.0	1212	12	-3.8985	0.12871	0.12019	0.859701	363	0	-3.8985
Pcdhga6	16	0.12295	0.40915	1.0	1213	10	-4.0597	0.7393	0.67954	0.921069	2079	0	-4.0597
Cdh20	20	0.1231	0.43457	1.0	1214	11	-3.8909	0.074836	0.061776	0.803873	216	0	-3.8909
Lmbrd1	20	0.12326	0.43521	1.0	1215	13	-3.9495	0.59038	0.52517	0.893438	1651	0	-3.9495
Gpr108	20	0.1233	0.43576	1.0	1216	10	-3.862	0.43317	0.37531	0.859701	1225	0	-3.862
Slc8a2	20	0.12344	0.43595	1.0	1217	10	-3.8865	0.83798	0.79156	0.952925	2369	0	-3.8865
Olfr685	18	0.12392	0.43104	1.0	1218	8	-3.7904	0.62111	0.54052	0.893599	1726	0	-3.7904
Neto1	20	0.12408	0.43694	1.0	1219	11	-4.1046	0.73281	0.66504	0.921069	2053	0	-4.1046
Olfr1259	19	0.12422	0.43011	1.0	1220	10	-3.907	0.058932	0.044807	0.727615	166	0	-3.907
Olfr1258	20	0.12448	0.43779	1.0	1221	11	-3.9797	0.78149	0.72043	0.929989	2208	0	-3.9797
Gcgr	20	0.12454	0.43805	1.0	1222	12	-4.0421	0.11948	0.10222	0.827588	341	0	-4.0421
Mrgprf	20	0.12455	0.43819	1.0	1223	11	-3.8957	0.48231	0.41025	0.864664	1349	0	-3.8957
Mamdc4	20	0.12483	0.43871	1.0	1224	12	-4.0958	0.87129	0.82978	0.963251	2457	0	-4.0958
Slc32a1	20	0.12484	0.43876	1.0	1225	11	-4.1292	0.34594	0.31441	0.859701	1002	0	-4.1292
Rtn4rl1	20	0.12493	0.43904	1.0	1226	13	-4.0208	0.46789	0.40051	0.864664	1318	0	-4.0208
Oprm1	20	0.12497	0.43937	1.0	1227	12	-4.1359	0.64205	0.56615	0.893599	1795	0	-4.1359
Mcam	20	0.12497	0.43937	1.0	1228	11	-4.1697	0.67019	0.58572	0.899025	1866	0	-4.1697
Muc4	20	0.12522	0.43947	1.0	1229	12	-3.9989	0.87947	0.83907	0.964081	2485	0	-3.9989
Lrig3	19	0.12537	0.43319	1.0	1230	9	-3.8417	0.83523	0.78613	0.952925	2358	0	-3.8417
Myadml2	20	0.12544	0.43967	1.0	1231	9	-3.8069	0.25691	0.25121	0.859701	736	0	-3.8069
Scn10a	20	0.12544	0.43975	1.0	1232	8	-3.6382	0.21084	0.20193	0.859701	594	0	-3.6382
Slc19a3	20	0.12571	0.44015	1.0	1233	12	-4.1211	0.80857	0.74898	0.94009	2281	0	-4.1211
Adrb3	20	0.12571	0.44015	1.0	1234	11	-4.0742	0.74465	0.67669	0.921069	2093	0	-4.0742
Ush2a	20	0.12594	0.4418	1.0	1235	7	-3.4973	0.76947	0.69995	0.925282	2163	0	-3.4973
Cntnap3	20	0.12594	0.4418	1.0	1236	7	-3.4888	0.76338	0.69193	0.921069	2147	0	-3.4888
Drd4	20	0.12666	0.44394	1.0	1237	11	-3.8818	0.11948	0.10222	0.827588	340	0	-3.8818
Olfr488	20	0.12688	0.44439	1.0	1238	9	-3.6361	0.56322	0.50348	0.893438	1569	0	-3.6361
Unc93a2	5	0.12709	0.30652	0.96817	1239	4	-4.1838	0.9019	0.88891	0.974241	2552	0	-4.1838
Olfr587-ps1	20	0.12715	0.44505	1.0	1240	13	-4.0391	0.63413	0.56247	0.893599	1759	0	-4.0391
Vtcn1	20	0.12736	0.44567	1.0	1241	10	-3.7871	0.55412	0.49492	0.893438	1560	0	-3.7871
Mertk	20	0.1274	0.44576	1.0	1242	8	-3.725	0.44002	0.383	0.859701	1257	0	-3.725
Tspan6	18	0.12761	0.4387	1.0	1243	9	-3.8691	0.32638	0.29215	0.859701	938	0	-3.8691
Clca2	19	0.12761	0.43693	1.0	1244	12	-4.0972	0.443	0.3833	0.859701	1268	0	-4.0972
Ngfr	20	0.12769	0.44616	1.0	1245	10	-3.729	0.53747	0.47557	0.893018	1520	0	-3.729
Olfr508	20	0.12778	0.44616	1.0	1246	8	-3.6395	0.62625	0.55119	0.893599	1744	0	-3.6395
Abcc1	20	0.12828	0.44703	1.0	1247	10	-3.8572	0.75656	0.68714	0.921069	2121	0	-3.8572
Ntrk3	20	0.12842	0.44727	1.0	1248	12	-4.1409	0.80328	0.74299	0.93627	2265	0	-4.1409
Olfr1387	20	0.12859	0.44775	1.0	1249	12	-4.0087	0.64205	0.56615	0.893599	1798	0	-4.0087
Cspg4	20	0.12859	0.44775	1.0	1250	12	-4.0612	0.98792	0.98079	0.994361	2817	0	-4.0612
Lrrtm2	19	0.12867	0.4392	1.0	1251	8	-3.4601	0.18534	0.18465	0.859701	533	0	-3.4601
Olfr444	20	0.12884	0.44854	1.0	1252	9	-3.7661	0.84582	0.79654	0.952925	2390	0	-3.7661
Tmem225	18	0.12901	0.44068	1.0	1253	11	-4.0231	0.84663	0.80288	0.952925	2392	0	-4.0231
Olfr753-ps1	18	0.12905	0.44068	1.0	1254	4	-3.2517	0.70731	0.63998	0.916362	1987	0	-3.2517
Slc2a13	19	0.12924	0.44113	1.0	1255	12	-3.9781	0.80897	0.75945	0.944928	2286	0	-3.9781
Olfr362	18	0.1294	0.44083	1.0	1256	11	-3.9702	0.68917	0.62368	0.902974	1923	0	-3.9702
Npy5r	20	0.12979	0.45209	1.0	1257	13	-3.8933	0.013708	0.0098282	0.592062	43	0	-3.8933
H2-M5	20	0.12979	0.45209	1.0	1258	13	-4.02	0.85703	0.80798	0.955005	2421	0	-4.02
Pcdhb2	20	0.12989	0.45264	1.0	1259	12	-4.0202	0.75045	0.68359	0.921069	2112	0	-4.0202
Olfr145	19	0.13006	0.44465	1.0	1260	11	-3.9352	0.19285	0.18947	0.859701	539	0	-3.9352
Tmem219	18	0.13023	0.44225	1.0	1261	9	-3.8032	0.49257	0.42985	0.86643	1378	0	-3.8032
Umod	20	0.13034	0.45381	1.0	1262	10	-3.8338	0.30301	0.28716	0.859701	865	0	-3.8338
Lrfn2	20	0.13039	0.45398	1.0	1263	11	-3.8832	0.93333	0.90876	0.979345	2650	0	-3.8832
Lrp3	20	0.13078	0.45413	1.0	1264	11	-4.0102	0.39239	0.34533	0.859701	1119	0	-4.0102
Olfr706	20	0.13078	0.45413	1.0	1265	11	-4.1383	0.64205	0.56615	0.893599	1799	0	-4.1383
Tnfrsf17	20	0.13081	0.45437	1.0	1266	12	-4.0725	0.074836	0.061776	0.803873	212	0	-4.0725
Olfr111	20	0.13081	0.45437	1.0	1267	12	-4.0549	0.58349	0.51911	0.893438	1636	0	-4.0549
Lsmem1	20	0.1309	0.45453	1.0	1268	10	-3.8204	0.023505	0.019603	0.691901	73	0	-3.8204
Ryk	20	0.13095	0.45476	1.0	1269	11	-3.9498	0.56322	0.50348	0.893438	1589	0	-3.9498
Olfr765	18	0.13102	0.4427	1.0	1270	7	-3.5554	0.70377	0.63433	0.910402	1983	0	-3.5554
Slco1a4	19	0.13102	0.44662	1.0	1271	10	-3.8794	0.68437	0.60556	0.899961	1910	0	-3.8794
Sypl	18	0.13142	0.44334	1.0	1272	11	-4.0708	0.95462	0.93699	0.987576	2710	0	-4.0708
Boc	19	0.13172	0.44847	1.0	1273	10	-4.0747	0.58712	0.51327	0.893438	1647	0	-4.0747
Klrb1c	15	0.13188	0.4261	1.0	1274	6	-3.4911	0.19964	0.19548	0.859701	554	0	-3.4911
Olfr1499	20	0.13206	0.45687	1.0	1275	9	-3.7139	0.5005	0.42702	0.86643	1389	0	-3.7139
Scn9a	20	0.13216	0.45694	1.0	1276	9	-3.7974	0.59842	0.52812	0.893438	1677	0	-3.7974
Slc28a2	18	0.13233	0.4448	1.0	1277	10	-4.1058	0.43324	0.36901	0.859701	1231	0	-4.1058
Alpi	20	0.13336	0.45918	1.0	1278	11	-3.966	0.17019	0.16034	0.859701	479	0	-3.966
Fcamr	20	0.13336	0.45918	1.0	1279	9	-3.6927	0.11948	0.10222	0.827588	339	0	-3.6927
Tmco3	20	0.13351	0.4598	1.0	1280	10	-3.8628	0.78799	0.72634	0.930695	2227	0	-3.8628
H2-DMb2	20	0.13355	0.46005	1.0	1281	8	-3.7253	0.52942	0.46351	0.886569	1483	0	-3.7253
Abca9	20	0.13405	0.46081	1.0	1282	10	-3.934	0.75045	0.68359	0.921069	2109	0	-3.934
Atraid	20	0.13411	0.46092	1.0	1283	8	-3.7111	0.82491	0.77542	0.950724	2322	0	-3.7111
Abcc4	20	0.13447	0.46157	1.0	1284	12	-4.0806	0.87129	0.82978	0.963251	2460	0	-4.0806
Prom2	20	0.13461	0.4618	1.0	1285	12	-4.1078	0.48231	0.41025	0.864664	1347	0	-4.1078
Grm5	20	0.1349	0.46242	1.0	1286	10	-3.7942	0.34594	0.31441	0.859701	994	0	-3.7942
Olfr1087	20	0.1349	0.46242	1.0	1287	10	-3.9428	0.74196	0.67266	0.921069	2081	0	-3.9428
Gm14548	18	0.13595	0.45313	1.0	1288	11	-4.0138	0.85107	0.80705	0.954299	2409	0	-4.0138
Vnn1	20	0.13607	0.46648	1.0	1289	10	-3.8462	0.70296	0.62185	0.901239	1961	0	-3.8462
Klrb1f	20	0.13622	0.46685	1.0	1290	7	-3.7218	0.37347	0.33295	0.859701	1063	0	-3.7218
Prima1	20	0.13654	0.46708	1.0	1291	6	-3.2667	0.50606	0.4329	0.86643	1417	0	-3.2667
Clca4a	20	0.13679	0.46746	1.0	1292	10	-3.9678	0.10717	0.089726	0.803873	309	0	-3.9678
Pira2	9	0.13683	0.38723	1.0	1293	4	-3.6542	0.80354	0.76896	0.950142	2274	0	-3.6542
Slc20a2	20	0.13683	0.46784	1.0	1294	10	-3.7909	0.76947	0.69995	0.925282	2166	0	-3.7909
Susd1	20	0.13692	0.46819	1.0	1295	10	-3.8853	0.51949	0.4466	0.874234	1455	0	-3.8853
Alk	19	0.13692	0.45993	1.0	1296	10	-4.0665	0.77615	0.71314	0.929989	2188	0	-4.0665
Slc46a1	20	0.13731	0.46898	1.0	1297	10	-3.9343	0.098776	0.084119	0.803873	274	0	-3.9343
Milr1	20	0.13733	0.46904	1.0	1298	9	-3.5534	0.69267	0.61215	0.899961	1928	0	-3.5534
Slc1a7	19	0.13739	0.46072	1.0	1299	12	-4.0665	0.33685	0.30465	0.859701	973	0	-4.0665
Hcar2	20	0.13739	0.46911	1.0	1300	8	-3.5317	0.23813	0.23118	0.859701	673	0	-3.5317
Tacstd2	20	0.13739	0.46911	1.0	1301	6	-3.2908	0.31285	0.29461	0.859701	889	0	-3.2908
Tmem150b	20	0.13777	0.46919	1.0	1302	11	-3.94	0.51949	0.4466	0.874234	1463	0	-3.94
Cd22	20	0.13795	0.46926	1.0	1303	11	-3.8147	0.53747	0.47557	0.893018	1519	0	-3.8147
Tnfsf15	20	0.13801	0.46962	1.0	1304	10	-3.8623	0.43317	0.37531	0.859701	1222	0	-3.8623
Frrs1	20	0.13815	0.46962	1.0	1305	10	-3.8464	0.39239	0.34533	0.859701	1122	0	-3.8464
Slc3a2	20	0.1385	0.46986	1.0	1306	11	-3.912	0.68002	0.60323	0.899961	1892	0	-3.912
Atp1b2	20	0.13865	0.47054	1.0	1307	11	-4.0826	0.68002	0.60323	0.899961	1902	0	-4.0826
Cd1d2	16	0.13894	0.43899	1.0	1308	5	-3.516	0.34724	0.2984	0.859701	1006	0	-3.516
Abca3	20	0.1393	0.47317	1.0	1309	11	-3.9417	0.8918	0.8553	0.968097	2524	0	-3.9417
Lrrn4	20	0.13944	0.47348	1.0	1310	9	-3.8172	0.001827	0.0040446	0.592062	5	0	-3.8172
Adam28	20	0.13944	0.47348	1.0	1311	9	-3.7467	0.23813	0.23118	0.859701	670	0	-3.7467
Gpr183	20	0.1396	0.47368	1.0	1312	11	-3.8891	0.59038	0.52517	0.893438	1652	0	-3.8891
Olfr39	20	0.1396	0.47368	1.0	1313	12	-3.9438	0.81372	0.75798	0.944334	2291	0	-3.9438
Olfr286	20	0.13994	0.47391	1.0	1314	9	-3.6793	0.52942	0.46351	0.886569	1497	0	-3.6793
Olfr305	20	0.13994	0.47391	1.0	1315	9	-3.7831	0.41327	0.35718	0.859701	1170	0	-3.7831
Olfr620	19	0.14011	0.46668	1.0	1316	12	-3.9519	0.50155	0.4308	0.86643	1412	0	-3.9519
Itga11	19	0.14016	0.46734	1.0	1317	11	-4.047	0.99246	0.9871	0.995419	2835	0	-4.047
Raet1d	18	0.14028	0.46135	1.0	1318	9	-3.9253	0.37127	0.32289	0.859701	1060	0	-3.9253
Slc22a28	17	0.14063	0.45507	1.0	1319	9	-4.0304	0.45462	0.38438	0.859701	1297	0	-4.0304
Slc26a4	20	0.14068	0.4749	1.0	1320	12	-4.1246	0.03867	0.031271	0.691901	105	0	-4.1246
Aqp5	20	0.14074	0.47499	1.0	1321	11	-3.9719	0.26737	0.26301	0.859701	757	0	-3.9719
Slc2a7	20	0.14074	0.47506	1.0	1322	11	-4.1432	0.38321	0.34119	0.859701	1092	0	-4.1432
Olfr1247	20	0.14122	0.4762	1.0	1323	12	-4.0163	0.18468	0.17743	0.859701	522	0	-4.0163
Csf2ra	20	0.14149	0.47673	1.0	1324	11	-4.0334	0.27708	0.27201	0.859701	779	0	-4.0334
Fam174b	20	0.14189	0.47754	1.0	1325	10	-3.6846	0.25691	0.25121	0.859701	721	0	-3.6846
Olfr1229	19	0.14215	0.47062	1.0	1326	10	-3.9623	0.25588	0.25288	0.859701	714	0	-3.9623
Stab1	20	0.14227	0.47803	1.0	1327	11	-4.0978	0.85891	0.81057	0.955301	2427	0	-4.0978
Htr3b	20	0.14266	0.47883	1.0	1328	7	-3.5005	0.32417	0.30044	0.859701	907	0	-3.5005
Jag1	20	0.14295	0.47965	1.0	1329	11	-3.9214	0.10717	0.089726	0.803873	317	0	-3.9214
Olfr635	20	0.14303	0.47994	1.0	1330	5	-3.0842	0.04839	0.035147	0.691901	135	0	-3.0842
Adora3	20	0.14303	0.48002	1.0	1331	12	-4.1117	0.86754	0.82401	0.961085	2449	0	-4.1117
Fcgr3	20	0.14311	0.48063	1.0	1332	11	-4.0183	0.054241	0.038977	0.691901	160	0	-4.0183
Cnnm2	19	0.14312	0.47239	1.0	1333	6	-3.3556	0.58712	0.51327	0.893438	1644	0	-3.3556
Pcdhga1	14	0.14322	0.44145	1.0	1334	5	-3.6469	0.91335	0.88784	0.974241	2593	0	-3.6469
Slc22a16	19	0.14408	0.4738	1.0	1335	10	-3.7749	0.78092	0.71958	0.929989	2200	0	-3.7749
Slc17a1	20	0.14427	0.48258	1.0	1336	11	-4.0764	0.44999	0.39183	0.86208	1289	0	-4.0764
Olfr2	19	0.14438	0.47423	1.0	1337	8	-3.6275	0.3108	0.28814	0.859701	870	0	-3.6275
Slamf9	20	0.14456	0.4831	1.0	1338	11	-4.0606	0.56322	0.50348	0.893438	1584	0	-4.0606
Dagla	20	0.14456	0.4831	1.0	1339	12	-3.98	0.82491	0.77542	0.950724	2321	0	-3.98
H2-M10.1	20	0.14476	0.48315	1.0	1340	8	-3.4715	0.11948	0.10222	0.827588	353	0	-3.4715
Abcb1a	20	0.14476	0.48315	1.0	1341	9	-3.7393	0.17698	0.16563	0.859701	507	0	-3.7393
Pik3ip1	20	0.14489	0.48326	1.0	1342	12	-4.0506	0.97797	0.96858	0.991919	2786	0	-4.0506
Apcdd1	20	0.14512	0.4837	1.0	1343	10	-3.8089	0.5005	0.42702	0.86643	1383	0	-3.8089
Nrros	20	0.1455	0.48429	1.0	1344	8	-3.7295	0.83798	0.79156	0.952925	2368	0	-3.7295
Olfr1153	20	0.14566	0.48462	1.0	1345	8	-3.4263	0.31285	0.29461	0.859701	885	0	-3.4263
Slc7a6	20	0.14616	0.48505	1.0	1346	10	-3.8298	0.91393	0.88205	0.971822	2597	0	-3.8298
Prss21	20	0.14623	0.48624	1.0	1347	11	-4.1206	0.46789	0.40051	0.864664	1317	0	-4.1206
Scn11a	20	0.14639	0.48663	1.0	1348	11	-4.0602	0.5005	0.42702	0.86643	1409	0	-4.0602
Itgb6	19	0.14673	0.47892	1.0	1349	12	-3.9983	0.95726	0.94121	0.98828	2719	0	-3.9983
Adra2b	20	0.14688	0.48717	1.0	1350	12	-4.0928	0.33621	0.30743	0.859701	959	0	-4.0928
Eda	20	0.14705	0.48724	1.0	1351	11	-3.9771	0.73868	0.66927	0.921069	2070	0	-3.9771
Tspan3	19	0.14706	0.48094	1.0	1352	10	-3.886	0.29031	0.27555	0.859701	822	0	-3.886
Kcns1	18	0.1476	0.47339	1.0	1353	9	-3.9743	0.7456	0.68329	0.921069	2099	0	-3.9743
Olfr1416	20	0.1478	0.48886	1.0	1354	10	-3.8089	0.38321	0.34119	0.859701	1100	0	-3.8089
Dsg1a	19	0.14804	0.48162	1.0	1355	8	-3.5319	0.20144	0.19401	0.859701	559	0	-3.5319
Plxna1	20	0.14805	0.48894	1.0	1356	11	-4.088	0.00016622	1.7322e-06	0.001238	1	1	-4.088
Il13ra2	20	0.14814	0.48903	1.0	1357	8	-3.5446	0.17019	0.16034	0.859701	481	0	-3.5446
Casd1	20	0.14822	0.48912	1.0	1358	10	-3.8546	0.51949	0.4466	0.874234	1469	0	-3.8546
Olfr1199	20	0.1485	0.48966	1.0	1359	12	-3.9591	0.94739	0.92723	0.983671	2694	0	-3.9591
Cpd	20	0.14873	0.48997	1.0	1360	12	-4.0071	0.22935	0.21836	0.859701	641	0	-4.0071
Abcc5	20	0.14873	0.48997	1.0	1361	12	-4.1114	0.34594	0.31441	0.859701	998	0	-4.1114
Cd93	20	0.14875	0.49031	1.0	1362	11	-3.9573	0.009433	0.0078484	0.592062	26	0	-3.9573
Tcirg1	20	0.14875	0.49031	1.0	1363	12	-3.9633	0.68002	0.60323	0.899961	1905	0	-3.9633
Lpl	20	0.14884	0.4906	1.0	1364	10	-3.8643	0.24757	0.24212	0.859701	706	0	-3.8643
Fcgr2b	20	0.14884	0.4906	1.0	1365	11	-3.9653	0.64205	0.56615	0.893599	1785	0	-3.9653
Mag	17	0.14907	0.47166	1.0	1366	9	-3.8677	0.52502	0.46376	0.886569	1474	0	-3.8677
Ghsr	20	0.14931	0.49167	1.0	1367	11	-4.0609	0.74465	0.67669	0.921069	2097	0	-4.0609
Vmn1r71	20	0.14985	0.49252	1.0	1368	8	-3.6047	0.32417	0.30044	0.859701	904	0	-3.6047
Olfr1098	20	0.1499	0.4926	1.0	1369	5	-3.2481	0.44999	0.39183	0.86208	1283	0	-3.2481
Pcdhb15	19	0.15016	0.48572	1.0	1370	7	-3.4295	0.443	0.3833	0.859701	1270	0	-3.4295
Acvr1b	20	0.15019	0.49322	1.0	1371	10	-3.8672	0.52942	0.46351	0.886569	1482	0	-3.8672
Olfr1426	20	0.15021	0.49341	1.0	1372	12	-4.0807	0.31285	0.29461	0.859701	882	0	-4.0807
Grm8	20	0.1511	0.4946	1.0	1373	11	-3.8814	0.26737	0.26301	0.859701	751	0	-3.8814
Pcsk5	20	0.15117	0.49488	1.0	1374	12	-3.9877	0.95272	0.93571	0.987576	2707	0	-3.9877
Adra2c	16	0.1515	0.46551	1.0	1375	6	-3.6977	0.00066474	1.7322e-06	0.001238	3	0	-3.6977
Slco2b1	20	0.15164	0.49619	1.0	1376	8	-3.4746	0.11948	0.10222	0.827588	334	0	-3.4746
Tyr	20	0.15168	0.49629	1.0	1377	11	-4.0809	0.62625	0.55119	0.893599	1741	0	-4.0809
P2rx1	20	0.15173	0.49642	1.0	1378	12	-3.9972	0.87547	0.83508	0.964081	2466	0	-3.9972
Lypd1	20	0.15186	0.49665	1.0	1379	11	-3.8605	0.061936	0.04659	0.727615	184	0	-3.8605
Slco1b2	20	0.15202	0.49676	1.0	1380	7	-3.3741	0.023505	0.019603	0.691901	64	0	-3.3741
Olfr152	20	0.15203	0.49683	1.0	1381	11	-3.9582	0.42389	0.365	0.859701	1201	0	-3.9582
Slc17a5	20	0.15255	0.49731	1.0	1382	8	-3.4681	0.54571	0.48425	0.893438	1538	0	-3.4681
Cd300lg	19	0.15262	0.4887	1.0	1383	12	-4.0519	0.77615	0.71314	0.929989	2187	0	-4.0519
Olfr1045	20	0.15301	0.49775	1.0	1384	11	-3.8945	0.76338	0.69193	0.921069	2141	0	-3.8945
Gpr153	20	0.15303	0.49797	1.0	1385	9	-3.7811	0.88925	0.85077	0.965529	2518	0	-3.7811
Mc5r	20	0.15365	0.4987	1.0	1386	9	-3.8126	0.81372	0.75798	0.944334	2295	0	-3.8126
Gria2	20	0.15379	0.49905	1.0	1387	12	-4.0968	0.91614	0.88493	0.973869	2602	0	-4.0968
Olfr13	20	0.15416	0.50149	1.0	1388	11	-3.9673	0.64205	0.56615	0.893599	1778	0	-3.9673
Olfr1293-ps	20	0.15437	0.50174	1.0	1389	9	-3.6827	0.44002	0.383	0.859701	1243	0	-3.6827
Lypd4	19	0.15438	0.49229	1.0	1390	8	-3.6983	0.046027	0.033571	0.691901	131	0	-3.6983
Dlk2	20	0.15477	0.5022	1.0	1391	10	-3.8491	0.36478	0.32315	0.859701	1041	0	-3.8491
Olfr211	18	0.15512	0.48691	1.0	1392	10	-3.9001	0.41611	0.36053	0.859701	1182	0	-3.9001
Ramp3	19	0.15531	0.49349	1.0	1393	10	-3.8623	0.26961	0.26297	0.859701	767	0	-3.8623
Olfr1095	19	0.15545	0.49356	1.0	1394	10	-3.8677	0.77615	0.71314	0.929989	2185	0	-3.8677
Pcdhb9	19	0.15545	0.49356	1.0	1395	12	-4.0974	0.77089	0.70952	0.929989	2169	0	-4.0974
Olfr695	18	0.15552	0.48758	1.0	1396	10	-4.1094	0.63521	0.55608	0.893599	1768	0	-4.1094
Gpr162	18	0.15561	0.48776	1.0	1397	9	-3.787	0.38113	0.32791	0.859701	1087	0	-3.787
Gpr37l1	18	0.15561	0.48776	1.0	1398	8	-3.7728	0.44063	0.37486	0.859701	1265	0	-3.7728
Fgfr3	20	0.15565	0.50355	1.0	1399	10	-3.798	0.12871	0.12019	0.859701	368	0	-3.798
Ptgir	20	0.15572	0.50355	1.0	1400	11	-3.9758	0.44002	0.383	0.859701	1250	0	-3.9758
Olfr933	20	0.15584	0.50399	1.0	1401	8	-3.3834	0.2851	0.27517	0.859701	799	0	-3.3834
Plppr5	20	0.15599	0.50422	1.0	1402	8	-3.4198	0.78799	0.72634	0.930695	2232	0	-3.4198
Ccr7	20	0.15615	0.5046	1.0	1403	8	-3.4202	0.41327	0.35718	0.859701	1174	0	-3.4202
Chrm1	20	0.15645	0.50506	1.0	1404	11	-3.9954	0.92397	0.8955	0.975363	2624	0	-3.9954
S1pr4	20	0.15651	0.50521	1.0	1405	9	-3.7509	0.39239	0.34533	0.859701	1126	0	-3.7509
Il1rl2	20	0.15657	0.50536	1.0	1406	10	-3.8787	0.64205	0.56615	0.893599	1786	0	-3.8787
Serinc1	18	0.15661	0.48896	1.0	1407	7	-3.7816	0.42558	0.3666	0.859701	1218	0	-3.7816
Tmem231	20	0.15672	0.50537	1.0	1408	10	-3.8685	0.62625	0.55119	0.893599	1747	0	-3.8685
Spns3	18	0.15686	0.48914	1.0	1409	8	-3.7143	0.50842	0.44997	0.876632	1420	0	-3.7143
Eqtn	20	0.157	0.50538	1.0	1410	7	-3.4052	0.59842	0.52812	0.893438	1665	0	-3.4052
Slc47a1	20	0.15702	0.50556	1.0	1411	9	-3.7442	0.78149	0.72043	0.929989	2221	0	-3.7442
Pear1	18	0.15732	0.48992	1.0	1412	11	-4.0831	0.58015	0.50218	0.893438	1628	0	-4.0831
Cd80	20	0.15742	0.50658	1.0	1413	8	-3.7053	0.76338	0.69193	0.921069	2153	0	-3.7053
Avpr2	20	0.15776	0.50667	1.0	1414	12	-4.0233	0.96518	0.95095	0.98923	2745	0	-4.0233
Olfr1255	20	0.15798	0.50694	1.0	1415	10	-3.8262	0.84212	0.79474	0.952925	2383	0	-3.8262
Slc22a14	20	0.15843	0.50771	1.0	1416	11	-3.8466	0.23813	0.23118	0.859701	675	0	-3.8466
Catsperd	20	0.15843	0.50771	1.0	1417	9	-3.4156	0.95272	0.93571	0.987576	2705	0	-3.4156
Ncmap	18	0.15868	0.49258	1.0	1418	8	-3.6495	0.7456	0.68329	0.921069	2100	0	-3.6495
Islr2	20	0.15947	0.50885	1.0	1419	10	-3.7951	0.33621	0.30743	0.859701	969	0	-3.7951
Mfsd6l	19	0.1598	0.50211	1.0	1420	10	-3.9015	0.20144	0.19401	0.859701	561	0	-3.9015
Fzd5	20	0.16052	0.51062	1.0	1421	8	-3.7172	0.68002	0.60323	0.899961	1901	0	-3.7172
Olfr147	20	0.16102	0.51152	1.0	1422	9	-3.7603	0.15388	0.15369	0.859701	444	0	-3.7603
Osmr	18	0.16123	0.49653	1.0	1423	8	-3.7851	0.30844	0.28167	0.859701	866	0	-3.7851
Upk3a	20	0.16127	0.51169	1.0	1424	11	-3.9372	0.62625	0.55119	0.893599	1740	0	-3.9372
Prlhr	20	0.16214	0.51304	1.0	1425	12	-3.9487	0.98232	0.97347	0.992566	2803	0	-3.9487
Abcc3	20	0.16235	0.51322	1.0	1426	8	-3.5508	0.37347	0.33295	0.859701	1070	0	-3.5508
Slc39a8	20	0.16282	0.51372	1.0	1427	12	-4.0696	0.69267	0.61215	0.899961	1932	0	-4.0696
Olfr169	18	0.16346	0.50013	1.0	1428	8	-3.5493	0.63521	0.55608	0.893599	1767	0	-3.5493
Rnft1	20	0.16362	0.51454	1.0	1429	11	-3.8401	0.13973	0.13982	0.859701	396	0	-3.8401
H13	20	0.16373	0.51469	1.0	1430	10	-3.9482	0.24757	0.24212	0.859701	705	0	-3.9482
Acvrl1	20	0.16394	0.51492	1.0	1431	9	-3.774	0.61251	0.53305	0.893438	1704	0	-3.774
Olfr1079	20	0.16397	0.515	1.0	1432	7	-3.7203	0.16235	0.15696	0.859701	459	0	-3.7203
Vmn1r225	17	0.16414	0.50004	1.0	1433	9	-3.8958	0.026924	0.023912	0.691901	78	0	-3.8958
Furin	20	0.16419	0.515	1.0	1434	10	-3.8507	0.13973	0.13982	0.859701	389	0	-3.8507
Tfpi	20	0.16432	0.51504	1.0	1435	9	-3.5065	0.061936	0.04659	0.727615	173	0	-3.5065
Epha5	20	0.16434	0.51529	1.0	1436	12	-4.0363	0.9594	0.94363	0.988596	2729	0	-4.0363
Tenm3	18	0.16442	0.50148	1.0	1437	7	-3.5101	0.38113	0.32791	0.859701	1083	0	-3.5101
Slc14a1	20	0.16472	0.51598	1.0	1438	12	-4.0756	0.52942	0.46351	0.886569	1494	0	-4.0756
Ceacam5	20	0.16472	0.51598	1.0	1439	12	-4.088	0.85474	0.80574	0.953537	2419	0	-4.088
Olfr91	20	0.16533	0.51661	1.0	1440	11	-4.0128	0.098776	0.084119	0.803873	284	0	-4.0128
Slc43a2	20	0.1654	0.51664	1.0	1441	10	-3.9087	0.59842	0.52812	0.893438	1670	0	-3.9087
Cd70	18	0.16541	0.50246	1.0	1442	8	-3.7758	0.86895	0.8289	0.963251	2453	0	-3.7758
Slc16a5	20	0.16554	0.51698	1.0	1443	6	-3.4714	0.50996	0.43412	0.86643	1439	0	-3.4714
Klrk1	20	0.16592	0.51726	1.0	1444	12	-4.0079	0.008444	0.0078449	0.592062	23	0	-4.0079
Olfr96	18	0.16599	0.50307	1.0	1445	7	-3.7786	0.39123	0.33528	0.859701	1115	0	-3.7786
Gpr182	20	0.16638	0.51865	1.0	1446	9	-3.5484	0.085889	0.074869	0.803873	244	0	-3.5484
Slc28a3	20	0.16706	0.51918	1.0	1447	11	-3.9571	0.45989	0.39802	0.864664	1300	0	-3.9571
Tacr3	20	0.16706	0.51918	1.0	1448	10	-4.0077	0.91393	0.88205	0.971822	2599	0	-4.0077
Emb	20	0.16709	0.51955	1.0	1449	11	-4.0904	0.63413	0.56247	0.893599	1762	0	-4.0904
Cacna1c	20	0.16754	0.52108	1.0	1450	9	-3.7913	0.59842	0.52812	0.893438	1672	0	-3.7913
Atp1a3	20	0.16796	0.52145	1.0	1451	10	-3.9006	0.86332	0.8176	0.958403	2433	0	-3.9006
Scarf1	20	0.16817	0.52207	1.0	1452	9	-3.5453	0.61251	0.53305	0.893438	1701	0	-3.5453
Scn3a	20	0.16879	0.52223	1.0	1453	6	-3.228	0.17698	0.16563	0.859701	503	0	-3.228
Tas1r2	20	0.16907	0.52276	1.0	1454	9	-3.7016	0.25691	0.25121	0.859701	728	0	-3.7016
Slc2a8	20	0.16909	0.52312	1.0	1455	11	-3.9706	0.14591	0.14675	0.859701	400	0	-3.9706
Psg29	20	0.16909	0.52312	1.0	1456	9	-3.743	0.03867	0.031271	0.691901	104	0	-3.743
F2r	20	0.16935	0.52361	1.0	1457	9	-3.5877	0.18468	0.17743	0.859701	532	0	-3.5877
Cd200r1	18	0.16939	0.5102	1.0	1458	8	-3.7556	0.98947	0.98221	0.994396	2822	0	-3.7556
Slc45a2	20	0.16942	0.52368	1.0	1459	9	-3.6967	0.38321	0.34119	0.859701	1088	0	-3.6967
Slc5a2	20	0.16942	0.52368	1.0	1460	10	-3.8438	0.70296	0.62185	0.901239	1970	0	-3.8438
Lepr	19	0.1696	0.52195	1.0	1461	12	-4.0293	0.41685	0.36097	0.859701	1184	0	-4.0293
Olfr47	20	0.16968	0.52396	1.0	1462	11	-4.075	0.38875	0.34259	0.859701	1112	0	-4.075
Olfr1058	20	0.17024	0.52458	1.0	1463	12	-4.0273	0.14591	0.14675	0.859701	408	0	-4.0273
1700017D01Rik	20	0.17024	0.52458	1.0	1464	12	-3.9028	0.4756	0.40662	0.864664	1328	0	-3.9028
Clec4g	20	0.17024	0.52458	1.0	1465	12	-4.0398	0.9946	0.99061	0.99619	2841	0	-4.0398
Antxr2	20	0.17036	0.52497	1.0	1466	9	-3.7698	0.22935	0.21836	0.859701	645	0	-3.7698
Slc2a9	18	0.17038	0.51079	1.0	1467	10	-3.927	0.13963	0.14045	0.859701	386	0	-3.927
Slc17a7	20	0.17076	0.52539	1.0	1468	11	-3.9785	0.79774	0.73623	0.93627	2250	0	-3.9785
Olfr994	18	0.17099	0.5124	1.0	1469	7	-3.7712	0.81011	0.7612	0.946701	2288	0	-3.7712
Flt3	20	0.17122	0.526	1.0	1470	12	-4.116	0.9946	0.99061	0.99619	2842	0	-4.116
Olfr876	20	0.17126	0.52621	1.0	1471	7	-3.7832	0.68002	0.60323	0.899961	1899	0	-3.7832
Lrrn2	20	0.17141	0.52694	1.0	1472	12	-3.9075	0.74465	0.67669	0.921069	2086	0	-3.9075
Gper1	20	0.17194	0.52744	1.0	1473	9	-3.6831	0.68488	0.60723	0.899961	1919	0	-3.6831
Olfr638	20	0.17209	0.52745	1.0	1474	8	-3.7203	0.87947	0.83907	0.964081	2478	0	-3.7203
Slc4a4	20	0.17215	0.52745	1.0	1475	9	-3.7874	0.25691	0.25121	0.859701	729	0	-3.7874
Slc19a2	20	0.17215	0.52754	1.0	1476	12	-3.9275	0.12871	0.12019	0.859701	371	0	-3.9275
Slc36a1	20	0.17245	0.52782	1.0	1477	10	-3.9313	0.04839	0.035147	0.691901	134	0	-3.9313
Pcdhgb2	18	0.17262	0.51679	1.0	1478	5	-3.4433	0.76855	0.70671	0.929989	2158	0	-3.4433
Clec2h	16	0.17272	0.50513	1.0	1479	8	-3.9268	0.87674	0.8403	0.964081	2473	0	-3.9268
Ly6e	20	0.17296	0.52837	1.0	1480	10	-3.8785	0.5005	0.42702	0.86643	1397	0	-3.8785
Ptprn	18	0.17313	0.51815	1.0	1481	6	-3.6579	0.21712	0.21109	0.859701	606	0	-3.6579
Cd180	20	0.17384	0.5294	1.0	1482	9	-3.7249	0.78149	0.72043	0.929989	2215	0	-3.7249
Mtnr1b	20	0.17395	0.52964	1.0	1483	10	-4.0212	0.62625	0.55119	0.893599	1753	0	-4.0212
Amhr2	20	0.17395	0.52964	1.0	1484	11	-4.0503	0.44002	0.383	0.859701	1254	0	-4.0503
Il12rb1	20	0.174	0.52991	1.0	1485	10	-3.846	0.40286	0.35196	0.859701	1139	0	-3.846
Rhbdl2	20	0.17408	0.53006	1.0	1486	11	-3.9642	0.54571	0.48425	0.893438	1536	0	-3.9642
Slc51a	20	0.17408	0.53018	1.0	1487	12	-3.9054	0.007124	0.0078449	0.592062	21	0	-3.9054
5330417C22Rik	19	0.17409	0.53012	1.0	1488	9	-3.7965	0.92863	0.90582	0.979345	2633	0	-3.7965
Olfr689	18	0.17414	0.51896	1.0	1489	10	-3.9228	0.20106	0.19081	0.859701	557	0	-3.9228
Tmem132b	20	0.17438	0.53049	1.0	1490	11	-3.9956	0.35532	0.31877	0.859701	1022	0	-3.9956
Slc12a4	20	0.1746	0.53076	1.0	1491	9	-3.6351	0.023505	0.019603	0.691901	60	0	-3.6351
Cd274	18	0.17462	0.51937	1.0	1492	9	-3.5707	0.67321	0.59808	0.899961	1869	0	-3.5707
Gm5868	18	0.17531	0.5198	1.0	1493	8	-3.6488	0.36135	0.31656	0.859701	1031	0	-3.6488
Mrgpra6	20	0.17573	0.5335	1.0	1494	11	-4.0727	0.54571	0.48425	0.893438	1541	0	-4.0727
Olfr95	20	0.17613	0.53395	1.0	1495	12	-3.9486	0.83398	0.78649	0.952925	2354	0	-3.9486
Ntng1	20	0.17621	0.53416	1.0	1496	11	-3.9201	0.64205	0.56615	0.893599	1777	0	-3.9201
Sort1	20	0.17621	0.53416	1.0	1497	7	-3.2805	0.001163	1.7322e-06	0.001238	4	0	-3.2805
Olfr518	20	0.17633	0.53426	1.0	1498	11	-4.0236	0.59842	0.52812	0.893438	1663	0	-4.0236
Mrgpra2a	8	0.17651	0.44539	1.0	1499	3	-3.6874	0.22304	0.18486	0.859701	631	0	-3.6874
Adora2b	20	0.17655	0.5344	1.0	1500	11	-3.9672	0.65127	0.57155	0.893599	1821	0	-3.9672
Olfr726	18	0.17669	0.52402	1.0	1501	9	-3.7965	0.91259	0.88419	0.973426	2590	0	-3.7965
Chrna6	19	0.17695	0.5369	1.0	1502	10	-3.8079	0.54475	0.48717	0.893438	1522	0	-3.8079
Muc3	20	0.17712	0.53573	1.0	1503	11	-3.912	0.0051408	0.0078449	0.592062	14	0	-3.912
Adam18	20	0.17736	0.5358	1.0	1504	10	-3.8428	0.57436	0.50986	0.893438	1609	0	-3.8428
Olfr316	20	0.17736	0.5358	1.0	1505	10	-3.7486	0.90255	0.86925	0.971091	2557	0	-3.7486
Olfr1225	20	0.17771	0.53677	1.0	1506	11	-3.9493	0.81372	0.75798	0.944334	2292	0	-3.9493
Igsf9b	20	0.17823	0.53748	1.0	1507	9	-3.844	0.58349	0.51911	0.893438	1635	0	-3.844
Cx3cr1	20	0.17848	0.538	1.0	1508	11	-3.9833	0.13395	0.13281	0.859701	377	0	-3.9833
Olfr16	20	0.17891	0.53838	1.0	1509	6	-3.5513	0.24757	0.24212	0.859701	695	0	-3.5513
Fzd10	19	0.17895	0.53957	1.0	1510	10	-4.0052	0.29031	0.27555	0.859701	820	0	-4.0052
Cntnap4	20	0.17902	0.53859	1.0	1511	12	-3.9581	0.77453	0.70948	0.929989	2183	0	-3.9581
Ccr2	20	0.1791	0.53895	1.0	1512	8	-3.7561	0.64205	0.56615	0.893599	1784	0	-3.7561
Olfr1434	18	0.17973	0.53006	1.0	1513	7	-3.816	0.21712	0.21109	0.859701	607	0	-3.816
Cd46	19	0.18038	0.54133	1.0	1514	8	-3.5291	0.4584	0.39164	0.86208	1299	0	-3.5291
Cd34	20	0.18039	0.54013	1.0	1515	11	-3.874	0.14933	0.152	0.859701	426	0	-3.874
Tm4sf5	20	0.18043	0.5404	1.0	1516	9	-3.7022	0.65984	0.57781	0.893599	1838	0	-3.7022
Abca13	20	0.1807	0.5409	1.0	1517	11	-3.9055	0.25691	0.25121	0.859701	739	0	-3.9055
Slc6a19	20	0.18075	0.54124	1.0	1518	12	-4.0721	0.4756	0.40662	0.864664	1335	0	-4.0721
Il7r	20	0.18077	0.54154	1.0	1519	6	-3.3627	0.68002	0.60323	0.899961	1894	0	-3.3627
Olfr412	20	0.18098	0.54176	1.0	1520	12	-4.0775	0.61874	0.5389	0.893599	1716	0	-4.0775
Nphs1	20	0.18183	0.54243	1.0	1521	12	-3.9597	0.5005	0.42702	0.86643	1382	0	-3.9597
Gramd1b	20	0.18183	0.54243	1.0	1522	12	-4.0357	0.17698	0.16563	0.859701	501	0	-4.0357
Pmel	20	0.18183	0.54243	1.0	1523	12	-3.9569	0.38321	0.34119	0.859701	1095	0	-3.9569
Gpr139	20	0.18188	0.5431	1.0	1524	9	-3.2577	0.41327	0.35718	0.859701	1178	0	-3.2577
P2rx2	18	0.18246	0.53355	1.0	1525	8	-3.7538	0.64631	0.57054	0.893599	1802	0	-3.7538
Olfr1214	20	0.18246	0.54387	1.0	1526	10	-3.8534	0.31285	0.29461	0.859701	875	0	-3.8534
Cadm2	20	0.18253	0.54397	1.0	1527	10	-3.8927	0.46789	0.40051	0.864664	1311	0	-3.8927
Rhcg	19	0.1828	0.54684	1.0	1528	10	-3.9703	0.80897	0.75945	0.944928	2287	0	-3.9703
Bace1	20	0.18373	0.54571	1.0	1529	8	-3.743	0.017965	0.011808	0.592062	54	0	-3.743
Cd63	20	0.18378	0.54571	1.0	1530	10	-3.8539	0.39239	0.34533	0.859701	1128	0	-3.8539
Musk	20	0.184	0.54627	1.0	1531	10	-3.7455	0.26737	0.26301	0.859701	759	0	-3.7455
Prrt3	19	0.18418	0.54863	1.0	1532	8	-3.5703	0.7012	0.63518	0.910402	1959	0	-3.5703
Malrd1	18	0.18419	0.53515	1.0	1533	9	-3.7262	0.41611	0.36053	0.859701	1181	0	-3.7262
Cacng2	18	0.18438	0.53548	1.0	1534	11	-3.9857	0.25324	0.24954	0.859701	711	0	-3.9857
Olfr1054	20	0.18444	0.5467	1.0	1535	8	-3.4002	0.04839	0.035147	0.691901	142	0	-3.4002
Tas2r118	20	0.18482	0.54765	1.0	1536	8	-3.6432	0.25691	0.25121	0.859701	727	0	-3.6432
Tpbgl	19	0.18483	0.54908	1.0	1537	7	-3.6775	0.26525	0.26156	0.859701	748	0	-3.6775
Slc36a2	20	0.18511	0.54834	1.0	1538	12	-4.0067	0.64205	0.56615	0.893599	1790	0	-4.0067
H2-M10.5	20	0.18511	0.54834	1.0	1539	12	-4.0027	0.32417	0.30044	0.859701	912	0	-4.0027
Olfr646	20	0.18511	0.54834	1.0	1540	12	-3.9413	0.17698	0.16563	0.859701	509	0	-3.9413
Adcyap1r1	20	0.18512	0.54859	1.0	1541	11	-4.0791	0.75656	0.68714	0.921069	2119	0	-4.0791
Cldn18	20	0.18512	0.54859	1.0	1542	11	-4.059	0.88264	0.8429	0.964081	2496	0	-4.059
Gabrp	18	0.1853	0.53711	1.0	1543	11	-3.9715	0.77415	0.71303	0.929989	2171	0	-3.9715
Il5ra	20	0.18535	0.54863	1.0	1544	7	-3.3573	0.11948	0.10222	0.827588	354	0	-3.3573
Gpr31b	7	0.18541	0.43853	1.0	1545	3	-3.545	0.85631	0.82335	0.961085	2420	0	-3.545
Asic1	20	0.18557	0.549	1.0	1546	10	-3.9706	0.36478	0.32315	0.859701	1042	0	-3.9706
Slitrk1	20	0.18557	0.549	1.0	1547	12	-4.0131	0.78799	0.72634	0.930695	2225	0	-4.0131
Slc1a3	20	0.18557	0.549	1.0	1548	11	-3.8001	0.22074	0.20849	0.859701	619	0	-3.8001
Vmn1r232	20	0.18646	0.55076	1.0	1549	8	-3.537	0.76338	0.69193	0.921069	2143	0	-3.537
Ptchd1	18	0.18715	0.53978	1.0	1550	7	-3.483	0.082896	0.072054	0.803873	238	0	-3.483
Tnfrsf23	20	0.18736	0.55205	1.0	1551	11	-4.0813	0.61874	0.5389	0.893599	1717	0	-4.0813
Art3	18	0.18737	0.54037	1.0	1552	11	-3.8398	0.29716	0.27515	0.859701	838	0	-3.8398
Gpr143	20	0.1882	0.55342	1.0	1553	10	-3.8103	0.97312	0.96165	0.991483	2768	0	-3.8103
Olfr503	20	0.18847	0.55401	1.0	1554	8	-3.6112	0.13973	0.13982	0.859701	394	0	-3.6112
Pcdh7	20	0.18873	0.55435	1.0	1555	11	-3.9838	0.75656	0.68714	0.921069	2126	0	-3.9838
Cysltr1	20	0.18879	0.55454	1.0	1556	10	-3.8544	0.63413	0.56247	0.893599	1761	0	-3.8544
Lrrc32	19	0.18897	0.55634	1.0	1557	10	-3.7965	0.65509	0.57637	0.893599	1834	0	-3.7965
Cdh26	20	0.18948	0.5572	1.0	1558	10	-3.8286	0.54571	0.48425	0.893438	1529	0	-3.8286
Olfr1262	18	0.1898	0.54348	1.0	1559	9	-3.6844	0.51662	0.46002	0.886569	1448	0	-3.6844
Olfr24	20	0.1899	0.55779	1.0	1560	12	-3.9614	0.75656	0.68714	0.921069	2127	0	-3.9614
Psg26	20	0.1899	0.55779	1.0	1561	12	-3.9627	0.32417	0.30044	0.859701	923	0	-3.9627
Scn2a	20	0.1899	0.55779	1.0	1562	12	-3.9523	0.39239	0.34533	0.859701	1125	0	-3.9523
Olfr701	20	0.19025	0.55857	1.0	1563	9	-3.6263	0.21084	0.20193	0.859701	599	0	-3.6263
Dirc2	20	0.19043	0.55905	1.0	1564	10	-3.7605	0.11948	0.10222	0.827588	345	0	-3.7605
Olfr1077-ps1	20	0.19082	0.55952	1.0	1565	10	-3.6837	0.61874	0.5389	0.893599	1725	0	-3.6837
Scn1a	19	0.191	0.5597	1.0	1566	11	-3.9906	0.1549	0.15092	0.859701	446	0	-3.9906
Fpr-rs7	20	0.1914	0.5599	1.0	1567	8	-3.642	0.5005	0.42702	0.86643	1396	0	-3.642
Olfr186	20	0.19169	0.55997	1.0	1568	11	-4.0198	0.7114	0.63513	0.910402	1991	0	-4.0198
Olfr576	20	0.19169	0.55997	1.0	1569	10	-3.7251	0.32417	0.30044	0.859701	931	0	-3.7251
Ttyh2	20	0.19237	0.56126	1.0	1570	9	-3.8358	0.32417	0.30044	0.859701	903	0	-3.8358
Gm21973	13	0.1924	0.51874	1.0	1571	7	-4.1548	0.71999	0.66041	0.921069	2021	0	-4.1548
Olfr691	20	0.19248	0.56148	1.0	1572	6	-3.5711	0.32417	0.30044	0.859701	930	0	-3.5711
H2-Bl	20	0.19248	0.56148	1.0	1573	11	-3.9879	0.25691	0.25121	0.859701	723	0	-3.9879
Olfr1220	20	0.19248	0.56148	1.0	1574	11	-3.8411	0.55412	0.49492	0.893438	1553	0	-3.8411
Kcnmb1	20	0.19294	0.56209	1.0	1575	9	-3.6559	0.044258	0.035144	0.691901	129	0	-3.6559
H2-M10.6	20	0.19345	0.56273	1.0	1576	12	-3.99	0.16235	0.15696	0.859701	452	0	-3.99
Tas2r105	19	0.19362	0.56305	1.0	1577	8	-3.6592	0.4333	0.37707	0.859701	1233	0	-3.6592
Tbxa2r	18	0.19425	0.55297	1.0	1578	9	-3.8935	0.5364	0.47412	0.893018	1508	0	-3.8935
Dner	20	0.19457	0.56483	1.0	1579	12	-3.9376	0.90255	0.86925	0.971091	2553	0	-3.9376
Nkain3	20	0.19457	0.56483	1.0	1580	12	-4.0638	0.92696	0.89876	0.97593	2627	0	-4.0638
Olfr1122	18	0.19462	0.55346	1.0	1581	10	-3.9481	0.43324	0.36901	0.859701	1229	0	-3.9481
Ptgfr	20	0.19487	0.56597	1.0	1582	12	-3.9898	0.11948	0.10222	0.827588	337	0	-3.9898
Olfr171	15	0.1949	0.53679	1.0	1583	9	-3.9698	0.023794	0.020912	0.691901	74	0	-3.9698
Slc15a2	20	0.195	0.56635	1.0	1584	10	-3.883	0.67388	0.59325	0.899961	1874	0	-3.883
Olfr1161	20	0.19516	0.56659	1.0	1585	5	-3.5012	0.65984	0.57781	0.893599	1850	0	-3.5012
Clec1a	20	0.19543	0.56725	1.0	1586	8	-3.6856	0.62625	0.55119	0.893599	1742	0	-3.6856
Pcdhb11	20	0.19571	0.56726	1.0	1587	9	-3.3336	0.40286	0.35196	0.859701	1149	0	-3.3336
Gprc6a	18	0.19585	0.55513	1.0	1588	10	-4.0796	0.8956	0.8623	0.969454	2542	0	-4.0796
Pttg1ip	18	0.19587	0.55525	1.0	1589	10	-3.8858	0.80132	0.75268	0.943491	2253	0	-3.8858
Hyal2	20	0.19605	0.56741	1.0	1590	8	-3.6821	0.7114	0.63513	0.910402	1992	0	-3.6821
Klrb1a	16	0.1961	0.54572	1.0	1591	6	-3.5087	0.31206	0.27718	0.859701	874	0	-3.5087
Folr1	20	0.19611	0.56752	1.0	1592	8	-3.7702	0.93789	0.91543	0.980259	2664	0	-3.7702
Chrnb2	20	0.1962	0.56769	1.0	1593	11	-4.0597	0.18468	0.17743	0.859701	525	0	-4.0597
Slc12a8	20	0.19623	0.56785	1.0	1594	10	-3.7348	0.10717	0.089726	0.803873	299	0	-3.7348
Slc5a3	20	0.19624	0.56793	1.0	1595	11	-3.8556	0.38321	0.34119	0.859701	1105	0	-3.8556
Lingo2	18	0.19626	0.55556	1.0	1596	9	-3.8469	0.42558	0.3666	0.859701	1212	0	-3.8469
Pcdh11x	20	0.19679	0.56873	1.0	1597	10	-3.8495	0.61251	0.53305	0.893438	1697	0	-3.8495
Olfr90	17	0.19747	0.55102	1.0	1598	10	-3.9703	0.77842	0.72684	0.930695	2190	0	-3.9703
Ptprd	19	0.19838	0.56924	1.0	1599	8	-3.7925	0.38727	0.3379	0.859701	1107	0	-3.7925
Olfr493	20	0.19902	0.57249	1.0	1600	9	-3.6974	0.8918	0.8553	0.968097	2525	0	-3.6974
Olfr414	16	0.19937	0.55148	1.0	1601	10	-3.9501	0.2593	0.24469	0.859701	740	0	-3.9501
Fat4	20	0.19962	0.5732	1.0	1602	9	-3.4793	0.34594	0.31441	0.859701	990	0	-3.4793
Syna	20	0.19976	0.57357	1.0	1603	10	-3.8482	0.2851	0.27517	0.859701	808	0	-3.8482
Met	19	0.1999	0.57047	1.0	1604	10	-4.0972	0.273	0.26436	0.859701	770	0	-4.0972
Gpr160	20	0.1999	0.57374	1.0	1605	11	-3.8728	0.068796	0.052273	0.754525	194	0	-3.8728
Evi2b	4	0.20009	0.39009	1.0	1606	1	-3.2457	0.16679	0.13916	0.859701	471	0	-3.2457
Ephb4	20	0.20079	0.57467	1.0	1607	12	-4.0254	0.82491	0.77542	0.950724	2317	0	-4.0254
Vsig8	20	0.20142	0.57588	1.0	1608	8	-3.4999	0.50996	0.43412	0.86643	1437	0	-3.4999
Itgb4	20	0.20142	0.57641	1.0	1609	12	-3.9504	0.40286	0.35196	0.859701	1140	0	-3.9504
Slc34a2	20	0.2015	0.5768	1.0	1610	11	-3.9891	0.5005	0.42702	0.86643	1406	0	-3.9891
Nipal1	20	0.20173	0.57703	1.0	1611	10	-3.6821	0.14591	0.14675	0.859701	405	0	-3.6821
Vipr2	19	0.20183	0.57378	1.0	1612	6	-3.4601	0.1021	0.086188	0.803873	292	0	-3.4601
Brs3	18	0.20193	0.56525	1.0	1613	7	-3.7455	0.68917	0.62368	0.902974	1922	0	-3.7455
Tmem30a	20	0.20324	0.57916	1.0	1614	8	-3.6272	0.074836	0.061776	0.803873	210	0	-3.6272
Ereg	20	0.20328	0.57926	1.0	1615	5	-3.4001	0.57436	0.50986	0.893438	1605	0	-3.4001
Glrb	19	0.20333	0.57542	1.0	1616	7	-3.5804	0.47253	0.40094	0.864664	1324	0	-3.5804
Igsf1	20	0.20336	0.57935	1.0	1617	10	-3.7914	0.61874	0.5389	0.893599	1722	0	-3.7914
Gm37388	19	0.20339	0.57553	1.0	1618	11	-4.0691	0.89368	0.8608	0.969328	2528	0	-4.0691
Enpp5	20	0.20378	0.57979	1.0	1619	11	-3.9653	0.33621	0.30743	0.859701	964	0	-3.9653
Olfr296-ps1	20	0.20386	0.58001	1.0	1620	9	-3.6584	0.82491	0.77542	0.950724	2333	0	-3.6584
Slc6a8	17	0.20392	0.56155	1.0	1621	10	-4.0171	0.30293	0.27616	0.859701	842	0	-4.0171
Olfr248	20	0.20414	0.58034	1.0	1622	9	-3.7964	0.61874	0.5389	0.893599	1715	0	-3.7964
Celsr2	20	0.20485	0.58143	1.0	1623	9	-3.5905	0.56322	0.50348	0.893438	1570	0	-3.5905
Cdh7	20	0.20487	0.5817	1.0	1624	12	-3.9945	0.92397	0.8955	0.975363	2625	0	-3.9945
Nkain2	20	0.20487	0.5817	1.0	1625	12	-3.9099	0.78149	0.72043	0.929989	2210	0	-3.9099
Slc9a2	20	0.20487	0.5817	1.0	1626	12	-3.9522	0.94568	0.92496	0.982358	2688	0	-3.9522
Olfr1453	18	0.20606	0.57091	1.0	1627	9	-3.9352	0.93584	0.91487	0.980259	2661	0	-3.9352
Cntn3	20	0.20609	0.58343	1.0	1628	8	-3.6703	0.88925	0.85077	0.965529	2516	0	-3.6703
Lrp1b	20	0.20628	0.58358	1.0	1629	10	-3.9928	0.17019	0.16034	0.859701	483	0	-3.9928
Tlr6	20	0.20635	0.58397	1.0	1630	7	-3.6877	0.72701	0.66071	0.921069	2038	0	-3.6877
Lrrc24	20	0.20645	0.58406	1.0	1631	12	-4.0108	0.091672	0.078451	0.803873	263	0	-4.0108
Ptch1	20	0.20645	0.58406	1.0	1632	8	-3.5711	0.17698	0.16563	0.859701	500	0	-3.5711
Olfr510	20	0.20667	0.58444	1.0	1633	11	-4.0319	0.92923	0.9024	0.977657	2638	0	-4.0319
Cd84	18	0.20674	0.5716	1.0	1634	7	-3.4684	0.28658	0.26976	0.859701	813	0	-3.4684
Gdpd2	18	0.20713	0.57227	1.0	1635	11	-4.0067	0.72669	0.65467	0.921069	2028	0	-4.0067
Zfyve27	20	0.20738	0.58602	1.0	1636	11	-3.8776	0.13973	0.13982	0.859701	395	0	-3.8776
Frem2	20	0.2077	0.58637	1.0	1637	11	-3.8876	0.79311	0.72986	0.932053	2238	0	-3.8876
Ggt7	20	0.20782	0.5866	1.0	1638	7	-3.6827	0.0316	0.027397	0.691901	92	0	-3.6827
Ulbp1	20	0.20815	0.58711	1.0	1639	9	-3.8232	0.054241	0.038977	0.691901	150	0	-3.8232
Olfr43	12	0.20823	0.5433	1.0	1640	7	-4.0497	0.4393	0.37176	0.859701	1240	0	-4.0497
Thy1	20	0.20836	0.58719	1.0	1641	9	-3.7207	0.10717	0.089726	0.803873	296	0	-3.7207
Btc	17	0.20856	0.57012	1.0	1642	6	-3.5066	0.68041	0.61132	0.899961	1906	0	-3.5066
F3	20	0.20858	0.58727	1.0	1643	10	-3.8064	0.074836	0.061776	0.803873	214	0	-3.8064
Gabra1	20	0.20892	0.58755	1.0	1644	11	-4.0175	0.89543	0.85962	0.969328	2533	0	-4.0175
Nrcam	20	0.20907	0.58776	1.0	1645	9	-3.7358	0.74465	0.67669	0.921069	2089	0	-3.7358
Adam17	20	0.2094	0.58815	1.0	1646	11	-4.044	0.85891	0.81057	0.955301	2429	0	-4.044
Cd2	20	0.20955	0.5883	1.0	1647	9	-3.4236	0.080532	0.069392	0.803873	228	0	-3.4236
P2ry13	20	0.20958	0.58845	1.0	1648	11	-3.8016	0.40286	0.35196	0.859701	1150	0	-3.8016
Olfr1212	20	0.20958	0.58845	1.0	1649	9	-3.7503	0.56322	0.50348	0.893438	1572	0	-3.7503
Mas1	20	0.20978	0.58882	1.0	1650	10	-3.7608	0.080532	0.069392	0.803873	232	0	-3.7608
Itga2b	20	0.2105	0.58986	1.0	1651	11	-4.0224	0.55412	0.49492	0.893438	1558	0	-4.0224
Olfr835	20	0.21078	0.59133	1.0	1652	8	-3.4759	0.23813	0.23118	0.859701	666	0	-3.4759
Olfr73	20	0.21078	0.59133	1.0	1653	11	-3.9714	0.72701	0.66071	0.921069	2039	0	-3.9714
Pla2r1	20	0.2109	0.59155	1.0	1654	10	-3.9545	0.32417	0.30044	0.859701	922	0	-3.9545
Duox2	20	0.21108	0.59171	1.0	1655	9	-3.621	0.6059	0.53009	0.893438	1689	0	-3.621
Cdhr4	20	0.2112	0.59214	1.0	1656	9	-3.6562	0.62625	0.55119	0.893599	1746	0	-3.6562
Mpl	20	0.2115	0.59219	1.0	1657	8	-3.3486	0.19408	0.19224	0.859701	541	0	-3.3486
Tecta	20	0.21158	0.59219	1.0	1658	10	-3.8557	0.67388	0.59325	0.899961	1872	0	-3.8557
Hepacam2	18	0.21164	0.57866	1.0	1659	10	-3.9519	0.7456	0.68329	0.921069	2102	0	-3.9519
Bmpr2	20	0.21167	0.59233	1.0	1660	7	-3.4206	0.45989	0.39802	0.864664	1302	0	-3.4206
Olfr1219	19	0.21174	0.58632	1.0	1661	9	-3.7551	0.18534	0.18465	0.859701	534	0	-3.7551
Abca2	20	0.21177	0.59248	1.0	1662	9	-3.7881	0.37762	0.3398	0.859701	1079	0	-3.7881
Sppl2a	20	0.21182	0.59294	1.0	1663	7	-3.7832	0.79774	0.73623	0.93627	2247	0	-3.7832
Plxnb3	20	0.21228	0.59327	1.0	1664	12	-3.929	0.38321	0.34119	0.859701	1096	0	-3.929
D430019H16Rik	18	0.21255	0.57974	1.0	1665	9	-3.8557	0.20106	0.19081	0.859701	555	0	-3.8557
Heg1	20	0.21259	0.5938	1.0	1666	12	-3.9096	0.48999	0.4163	0.864664	1359	0	-3.9096
Olfr1080	15	0.21262	0.56555	1.0	1667	7	-3.843	0.96357	0.94718	0.98923	2737	0	-3.843
Psg19	18	0.21301	0.58007	1.0	1668	6	-3.5555	0.51662	0.46002	0.886569	1447	0	-3.5555
Zan	20	0.21348	0.59496	1.0	1669	11	-4.0296	0.99212	0.98687	0.995419	2833	0	-4.0296
Fas	20	0.21348	0.59496	1.0	1670	10	-3.7449	0.5005	0.42702	0.86643	1392	0	-3.7449
Sema5a	20	0.21379	0.5952	1.0	1671	9	-3.815	0.074836	0.061776	0.803873	218	0	-3.815
Olfr220	18	0.21444	0.58304	1.0	1672	8	-3.7554	0.1837	0.18052	0.859701	511	0	-3.7554
Olfr262	20	0.21449	0.59557	1.0	1673	10	-3.9469	0.33621	0.30743	0.859701	971	0	-3.9469
Slco1a5	20	0.21495	0.59557	1.0	1674	11	-3.8853	0.76338	0.69193	0.921069	2145	0	-3.8853
Lpar3	20	0.21499	0.59566	1.0	1675	10	-3.8155	0.11948	0.10222	0.827588	350	0	-3.8155
Olfr1510	20	0.21515	0.59575	1.0	1676	5	-3.0036	0.26737	0.26301	0.859701	761	0	-3.0036
Lrig2	20	0.21517	0.59608	1.0	1677	12	-3.9414	0.42389	0.365	0.859701	1202	0	-3.9414
Epgn	20	0.21517	0.59608	1.0	1678	12	-3.9149	0.92118	0.89243	0.975355	2616	0	-3.9149
Slc22a4	20	0.21517	0.59608	1.0	1679	12	-3.9953	0.78149	0.72043	0.929989	2220	0	-3.9953
Slco6d1	20	0.21586	0.59717	1.0	1680	10	-3.8554	0.4756	0.40662	0.864664	1333	0	-3.8554
Phex	19	0.21624	0.59306	1.0	1681	9	-3.7936	0.84902	0.8028	0.952925	2395	0	-3.7936
Gm36028	18	0.21662	0.58806	1.0	1682	11	-3.9808	0.34348	0.30524	0.859701	979	0	-3.9808
Olfr437	20	0.217	0.59961	1.0	1683	11	-3.8408	0.37741	0.3398	0.859701	1078	0	-3.8408
Ceacam11	18	0.21721	0.58916	1.0	1684	11	-3.9953	0.50842	0.44997	0.876632	1422	0	-3.9953
Aplnr	18	0.21745	0.59027	1.0	1685	9	-3.9236	0.14738	0.14357	0.859701	422	0	-3.9236
Olfr1097	18	0.21807	0.59097	1.0	1686	7	-3.6137	0.20901	0.19965	0.859701	584	0	-3.6137
Cxcr1	19	0.21825	0.59473	1.0	1687	7	-3.4802	0.443	0.3833	0.859701	1267	0	-3.4802
Gsg1l2	20	0.21851	0.60144	1.0	1688	11	-4.0272	0.78149	0.72043	0.929989	2205	0	-4.0272
H2-M11	20	0.21864	0.60152	1.0	1689	7	-3.7562	0.18468	0.17743	0.859701	520	0	-3.7562
Ffar3	20	0.21884	0.60208	1.0	1690	12	-3.9532	0.95765	0.94125	0.98828	2723	0	-3.9532
Agtr2	20	0.21894	0.60348	1.0	1691	10	-3.7736	0.023505	0.019603	0.691901	68	0	-3.7736
Abca12	20	0.21928	0.60358	1.0	1692	8	-3.7053	0.46789	0.40051	0.864664	1313	0	-3.7053
Olfr495	20	0.21971	0.60406	1.0	1693	11	-3.9363	0.77453	0.70948	0.929989	2173	0	-3.9363
Olfr65	20	0.22045	0.60457	1.0	1694	9	-3.7022	0.98175	0.9729	0.992348	2800	0	-3.7022
Gpr87	20	0.22129	0.60573	1.0	1695	12	-3.929	0.35532	0.31877	0.859701	1018	0	-3.929
Csmd1	20	0.22129	0.60573	1.0	1696	12	-3.9262	0.61251	0.53305	0.893438	1707	0	-3.9262
Opn3	20	0.22203	0.60652	1.0	1697	9	-3.6647	0.88925	0.85077	0.965529	2515	0	-3.6647
Pcdhb6	20	0.22205	0.60681	1.0	1698	9	-3.7537	0.29267	0.27967	0.859701	836	0	-3.7537
Mc4r	18	0.22213	0.59873	1.0	1699	7	-3.8057	0.85107	0.80705	0.954299	2410	0	-3.8057
Cd300a	18	0.22217	0.59873	1.0	1700	9	-3.8901	0.10201	0.083914	0.803873	289	0	-3.8901
Cd55b	18	0.22234	0.59881	1.0	1701	11	-3.808	0.21712	0.21109	0.859701	608	0	-3.808
Igsf3	20	0.22247	0.60739	1.0	1702	9	-3.709	0.57436	0.50986	0.893438	1612	0	-3.709
Lpar1	20	0.22323	0.6079	1.0	1703	7	-3.7358	0.80328	0.74299	0.93627	2266	0	-3.7358
Olfr1232	20	0.2233	0.60819	1.0	1704	12	-3.9013	0.20618	0.19869	0.859701	582	0	-3.9013
Flvcr2	20	0.22378	0.6089	1.0	1705	10	-3.8774	0.80328	0.74299	0.93627	2261	0	-3.8774
Il17ra	19	0.22453	0.60552	1.0	1706	9	-3.7467	0.443	0.3833	0.859701	1269	0	-3.7467
Gpr62	20	0.22455	0.60983	1.0	1707	10	-3.9022	0.34594	0.31441	0.859701	989	0	-3.9022
Dpp4	19	0.22463	0.60564	1.0	1708	10	-3.985	0.273	0.26436	0.859701	773	0	-3.985
Efnb2	18	0.22488	0.60215	1.0	1709	9	-3.6983	0.067611	0.056314	0.79676	187	0	-3.6983
Olfr790	20	0.22545	0.61029	1.0	1710	11	-3.8893	0.091672	0.078451	0.803873	255	0	-3.8893
Olfr520	20	0.22566	0.61088	1.0	1711	10	-3.7995	0.52942	0.46351	0.886569	1498	0	-3.7995
Vmn1r226	20	0.22571	0.61116	1.0	1712	9	-3.8424	0.93571	0.91191	0.979893	2657	0	-3.8424
Psen1	20	0.22596	0.61135	1.0	1713	11	-4.001	0.86332	0.8176	0.958403	2438	0	-4.001
Gpr61	20	0.22596	0.61135	1.0	1714	9	-3.6197	0.48999	0.4163	0.864664	1361	0	-3.6197
Olfr478	20	0.22615	0.61162	1.0	1715	10	-3.8488	0.51949	0.4466	0.874234	1467	0	-3.8488
Lifr	20	0.22622	0.61179	1.0	1716	9	-3.4221	0.22074	0.20849	0.859701	629	0	-3.4221
Adora2a	20	0.22623	0.61188	1.0	1717	11	-3.9734	0.11948	0.10222	0.827588	343	0	-3.9734
Tspan31	20	0.22642	0.61213	1.0	1718	10	-3.8915	0.61874	0.5389	0.893599	1723	0	-3.8915
Scarf2	20	0.22675	0.61255	1.0	1719	12	-4.0156	0.89924	0.86464	0.969454	2546	0	-4.0156
Pqlc2	20	0.22675	0.61255	1.0	1720	12	-3.9189	0.91393	0.88205	0.971822	2596	0	-3.9189
Opcml	20	0.22696	0.61301	1.0	1721	10	-3.7343	0.19408	0.19224	0.859701	549	0	-3.7343
Tas1r3	20	0.22735	0.61341	1.0	1722	8	-3.6882	0.88925	0.85077	0.965529	2513	0	-3.6882
Cd302	20	0.22802	0.61399	1.0	1723	6	-3.4718	0.90804	0.87616	0.971091	2575	0	-3.4718
Gabbr1	20	0.22802	0.61399	1.0	1724	10	-3.8399	0.86754	0.82401	0.961085	2452	0	-3.8399
Olfr1032	18	0.22811	0.60784	1.0	1725	7	-3.5899	0.48295	0.41365	0.864664	1355	0	-3.5899
Olfr1508	20	0.22891	0.61543	1.0	1726	11	-3.9896	0.69267	0.61215	0.899961	1930	0	-3.9896
Olfr1424	20	0.22912	0.61601	1.0	1727	10	-3.8171	0.44002	0.383	0.859701	1241	0	-3.8171
Daglb	19	0.22944	0.61215	1.0	1728	10	-3.8677	0.71459	0.6483	0.921069	2002	0	-3.8677
Olfr850	20	0.22998	0.61786	1.0	1729	12	-3.916	0.098776	0.084119	0.803873	288	0	-3.916
Olfr419	20	0.23014	0.61863	1.0	1730	7	-3.667	0.89543	0.85962	0.969328	2540	0	-3.667
Tmprss15	18	0.23021	0.6133	1.0	1731	8	-3.6263	0.96431	0.95129	0.98923	2743	0	-3.6263
Olfr1291-ps1	20	0.23039	0.61873	1.0	1732	10	-3.7584	0.29267	0.27967	0.859701	824	0	-3.7584
Olfr671	20	0.23064	0.61882	1.0	1733	11	-3.8798	0.091672	0.078451	0.803873	265	0	-3.8798
Ano2	20	0.23084	0.61899	1.0	1734	11	-3.8796	0.2019	0.19707	0.859701	569	0	-3.8796
Olfr679	20	0.23091	0.61908	1.0	1735	4	-3.2825	0.10717	0.089726	0.803873	293	0	-3.2825
Tmem245	18	0.23168	0.6148	1.0	1736	10	-3.967	0.57397	0.49656	0.893438	1600	0	-3.967
Olfr69	20	0.23186	0.62003	1.0	1737	8	-3.4294	0.22074	0.20849	0.859701	624	0	-3.4294
Cldn8	19	0.23244	0.61689	1.0	1738	7	-3.5964	0.11386	0.098279	0.827588	325	0	-3.5964
Olfr178	20	0.23298	0.62223	1.0	1739	4	-3.2645	0.065839	0.050373	0.754525	185	0	-3.2645
Cdh11	20	0.23308	0.62264	1.0	1740	11	-3.9797	0.96782	0.95396	0.989621	2755	0	-3.9797
Olfr74	20	0.23465	0.625	1.0	1741	6	-3.6073	0.66722	0.58309	0.89596	1860	0	-3.6073
Gm14085	20	0.23465	0.625	1.0	1742	7	-3.6032	0.31285	0.29461	0.859701	890	0	-3.6032
Slc33a1	20	0.23469	0.62561	1.0	1743	8	-3.7205	0.44999	0.39183	0.86208	1279	0	-3.7205
Tmem161a	18	0.23532	0.62004	1.0	1744	8	-3.541	0.06002	0.046143	0.727615	169	0	-3.541
Slc6a4	19	0.23533	0.62155	1.0	1745	9	-3.843	0.57968	0.51132	0.893438	1626	0	-3.843
Tspan33	20	0.23552	0.62654	1.0	1746	9	-3.612	0.41327	0.35718	0.859701	1173	0	-3.612
Olfr1084	20	0.23566	0.62809	1.0	1747	12	-3.8745	0.78149	0.72043	0.929989	2209	0	-3.8745
Cfc1	20	0.23566	0.62809	1.0	1748	12	-4.0069	0.04839	0.035147	0.691901	137	0	-4.0069
Kcnmb3	20	0.23566	0.62809	1.0	1749	12	-3.8906	0.66722	0.58309	0.89596	1864	0	-3.8906
Ms4a6c	20	0.23609	0.62878	1.0	1750	8	-3.4059	0.30301	0.28716	0.859701	854	0	-3.4059
Cadm3	20	0.23609	0.62878	1.0	1751	11	-3.853	0.25691	0.25121	0.859701	718	0	-3.853
Olfr589	20	0.23659	0.62991	1.0	1752	6	-3.4096	0.11948	0.10222	0.827588	331	0	-3.4096
Siglecg	18	0.23666	0.62232	1.0	1753	10	-4.0109	0.55214	0.48896	0.893438	1550	0	-4.0109
Cd151	20	0.23728	0.63191	1.0	1754	9	-3.5258	0.30301	0.28716	0.859701	857	0	-3.5258
Galr3	20	0.23773	0.63321	1.0	1755	11	-3.9555	0.92397	0.8955	0.975363	2619	0	-3.9555
Abcc12	20	0.23787	0.63356	1.0	1756	10	-3.8074	0.40286	0.35196	0.859701	1138	0	-3.8074
Slc6a20a	20	0.23833	0.63369	1.0	1757	10	-3.8014	0.65984	0.57781	0.893599	1840	0	-3.8014
Tpo	20	0.23864	0.6337	1.0	1758	6	-3.5275	0.17698	0.16563	0.859701	502	0	-3.5275
Kit	20	0.23922	0.63537	1.0	1759	10	-3.6304	0.69267	0.61215	0.899961	1927	0	-3.6304
Il1r1	20	0.23923	0.63577	1.0	1760	8	-3.6468	0.81372	0.75798	0.944334	2297	0	-3.6468
Olfr843	20	0.23967	0.63643	1.0	1761	10	-3.8671	0.19408	0.19224	0.859701	542	0	-3.8671
Olfr1252	20	0.2397	0.63643	1.0	1762	10	-3.8082	0.10717	0.089726	0.803873	318	0	-3.8082
Lrrc3b	20	0.24033	0.63686	1.0	1763	8	-3.6125	0.73281	0.66504	0.921069	2047	0	-3.6125
Olfr1028	20	0.24082	0.63904	1.0	1764	6	-3.6087	0.93571	0.91191	0.979893	2659	0	-3.6087
Pcdhb13	20	0.24083	0.63915	1.0	1765	10	-3.9443	0.99625	0.99347	0.996907	2847	0	-3.9443
Lypd3	20	0.24143	0.63938	1.0	1766	11	-3.923	0.99276	0.98799	0.995419	2836	0	-3.923
Klrg1	20	0.24146	0.63941	1.0	1767	11	-3.7467	0.96657	0.95208	0.98923	2749	0	-3.7467
Sectm1b	20	0.24172	0.63994	1.0	1768	10	-3.6268	0.58349	0.51911	0.893438	1643	0	-3.6268
Slitrk5	18	0.24204	0.62921	1.0	1769	9	-3.8873	0.62111	0.54052	0.893599	1727	0	-3.8873
Gm13723	20	0.24215	0.6406	1.0	1770	10	-3.8655	0.78149	0.72043	0.929989	2207	0	-3.8655
Slc26a2	20	0.24279	0.64123	1.0	1771	11	-3.891	0.22935	0.21836	0.859701	652	0	-3.891
Hcrtr2	20	0.24279	0.64123	1.0	1772	11	-3.999	0.50996	0.43412	0.86643	1425	0	-3.999
Olfr1309	20	0.24291	0.64142	1.0	1773	9	-3.6718	0.21084	0.20193	0.859701	595	0	-3.6718
Mpzl2	20	0.2433	0.64159	1.0	1774	11	-3.9954	0.9594	0.94363	0.988596	2726	0	-3.9954
Gpr65	20	0.2433	0.64159	1.0	1775	10	-3.6329	0.33621	0.30743	0.859701	953	0	-3.6329
H2-M10.2	20	0.24388	0.64362	1.0	1776	11	-3.8965	0.66722	0.58309	0.89596	1861	0	-3.8965
Gpr101	20	0.24388	0.64362	1.0	1777	9	-3.7985	0.24757	0.24212	0.859701	702	0	-3.7985
Kremen2	20	0.24409	0.64435	1.0	1778	11	-3.978	0.52942	0.46351	0.886569	1486	0	-3.978
Il18r1	19	0.24423	0.63292	1.0	1779	9	-3.8194	0.24579	0.24135	0.859701	691	0	-3.8194
Olfr181	16	0.24468	0.62131	1.0	1780	8	-3.708	0.43482	0.36659	0.859701	1239	0	-3.708
Tm4sf4	20	0.24504	0.64525	1.0	1781	12	-3.9043	0.0316	0.027397	0.691901	86	0	-3.9043
Ccr4	20	0.24504	0.64525	1.0	1782	12	-3.9533	0.57436	0.50986	0.893438	1611	0	-3.9533
Lrit3	20	0.24504	0.64525	1.0	1783	12	-3.988	0.57436	0.50986	0.893438	1622	0	-3.988
Spn	20	0.24504	0.64525	1.0	1784	12	-3.9925	0.21084	0.20193	0.859701	592	0	-3.9925
Ncr1	20	0.24504	0.64525	1.0	1785	12	-3.9718	0.48999	0.4163	0.864664	1368	0	-3.9718
Hrh3	20	0.24504	0.64525	1.0	1786	12	-3.9465	0.97617	0.96644	0.991919	2779	0	-3.9465
Cd300ld	20	0.24533	0.64592	1.0	1787	10	-3.8744	0.041867	0.035144	0.691901	119	0	-3.8744
Ugt8a	20	0.24541	0.64607	1.0	1788	10	-3.8397	0.86332	0.8176	0.958403	2436	0	-3.8397
Igsf6	18	0.24555	0.63338	1.0	1789	7	-3.5235	0.34348	0.30524	0.859701	978	0	-3.5235
Adam7	20	0.24572	0.64637	1.0	1790	9	-3.5987	0.054241	0.038977	0.691901	154	0	-3.5987
Htr2a	20	0.24604	0.64702	1.0	1791	11	-3.9958	0.24757	0.24212	0.859701	708	0	-3.9958
Olfr1446	20	0.24604	0.64702	1.0	1792	11	-4.0175	0.26737	0.26301	0.859701	760	0	-4.0175
Sidt2	20	0.24604	0.64702	1.0	1793	11	-3.9093	0.44999	0.39183	0.86208	1288	0	-3.9093
Ncstn	20	0.24622	0.64738	1.0	1794	9	-3.7366	0.24757	0.24212	0.859701	701	0	-3.7366
Olfr1241	20	0.24622	0.64738	1.0	1795	10	-3.9291	0.40286	0.35196	0.859701	1146	0	-3.9291
Gm9573	19	0.24721	0.63802	1.0	1796	10	-3.948	0.4333	0.37707	0.859701	1235	0	-3.948
Pcdhb4	20	0.2473	0.64821	1.0	1797	9	-3.6974	0.6059	0.53009	0.893438	1687	0	-3.6974
Slc15a3	20	0.24763	0.6484	1.0	1798	9	-3.7983	0.23813	0.23118	0.859701	676	0	-3.7983
Olfr1202	18	0.24778	0.63692	1.0	1799	9	-3.7802	0.9614	0.94632	0.98923	2735	0	-3.7802
Ptger2	20	0.24877	0.64908	1.0	1800	9	-3.6978	0.14591	0.14675	0.859701	401	0	-3.6978
Atrnl1	20	0.24902	0.64959	1.0	1801	12	-3.8857	0.29267	0.27967	0.859701	828	0	-3.8857
Fgfr4	20	0.24903	0.65005	1.0	1802	10	-3.9011	0.50996	0.43412	0.86643	1434	0	-3.9011
Adrb2	20	0.24935	0.65025	1.0	1803	11	-3.9917	0.70296	0.62185	0.901239	1964	0	-3.9917
Scn7a	20	0.24935	0.65025	1.0	1804	11	-3.8996	0.54571	0.48425	0.893438	1535	0	-3.8996
Pcdha12	16	0.24998	0.62977	1.0	1805	9	-3.9648	0.74324	0.6861	0.921069	2082	0	-3.9648
Duoxa1	20	0.25037	0.65172	1.0	1806	10	-3.9515	0.55412	0.49492	0.893438	1556	0	-3.9515
Dll1	20	0.25039	0.65186	1.0	1807	9	-3.8014	0.33621	0.30743	0.859701	962	0	-3.8014
Lmbr1	20	0.25086	0.65222	1.0	1808	8	-3.3699	0.14905	0.152	0.859701	425	0	-3.3699
Pcdhb18	20	0.25178	0.65453	1.0	1809	9	-3.8192	0.70296	0.62185	0.901239	1975	0	-3.8192
Mfsd11	20	0.25178	0.65453	1.0	1810	9	-3.6047	0.14591	0.14675	0.859701	406	0	-3.6047
Gpc1	19	0.25218	0.64432	1.0	1811	9	-3.7917	0.14679	0.14735	0.859701	420	0	-3.7917
Slc2a4	20	0.2526	0.65549	1.0	1812	9	-3.5717	0.41327	0.35718	0.859701	1171	0	-3.5717
Dlk1	20	0.25368	0.65674	1.0	1813	10	-3.8377	0.76338	0.69193	0.921069	2139	0	-3.8377
Taar2	20	0.25368	0.65674	1.0	1814	10	-3.8694	0.15388	0.15369	0.859701	430	0	-3.8694
Olfr813	20	0.25384	0.65705	1.0	1815	7	-3.507	0.14591	0.14675	0.859701	404	0	-3.507
Prtg	20	0.25387	0.65713	1.0	1816	10	-3.8294	0.11948	0.10222	0.827588	336	0	-3.8294
Cd40lg	20	0.25465	0.6576	1.0	1817	10	-3.8178	0.75656	0.68714	0.921069	2129	0	-3.8178
Slc22a30	19	0.25532	0.64736	1.0	1818	8	-3.74	0.32247	0.29512	0.859701	902	0	-3.74
Olfr218	20	0.25567	0.65798	1.0	1819	8	-3.3471	0.061936	0.04659	0.727615	182	0	-3.3471
Otop2	20	0.25567	0.65798	1.0	1820	11	-3.9051	0.23813	0.23118	0.859701	683	0	-3.9051
Olfr92	20	0.25603	0.65862	1.0	1821	7	-3.5211	0.17019	0.16034	0.859701	485	0	-3.5211
Olfr1013	18	0.25603	0.64757	1.0	1822	10	-3.908	0.77963	0.72245	0.930695	2192	0	-3.908
Cd300ld2	20	0.2562	0.65873	1.0	1823	10	-3.82	0.81946	0.768	0.949373	2310	0	-3.82
Ptprs	20	0.25638	0.6589	1.0	1824	10	-3.9319	0.0048099	0.0078449	0.592062	13	0	-3.9319
Olfr1015	20	0.25685	0.66038	1.0	1825	10	-3.9268	0.30301	0.28716	0.859701	852	0	-3.9268
Fasl	20	0.25691	0.66089	1.0	1826	9	-3.7398	0.70296	0.62185	0.901239	1982	0	-3.7398
Cd200r3	19	0.25703	0.64903	1.0	1827	11	-3.9288	0.38727	0.3379	0.859701	1110	0	-3.9288
Tnfsf4	19	0.25703	0.64903	1.0	1828	11	-3.9288	0.3108	0.28814	0.859701	868	0	-3.9288
Pcdhb5	20	0.25711	0.66147	1.0	1829	8	-3.627	0.023505	0.019603	0.691901	61	0	-3.627
Ptgfrn	20	0.25713	0.66163	1.0	1830	10	-3.9108	0.69267	0.61215	0.899961	1936	0	-3.9108
Itga10	18	0.25715	0.64905	1.0	1831	8	-3.6498	0.63521	0.55608	0.893599	1766	0	-3.6498
Lrfn3	20	0.2577	0.66173	1.0	1832	11	-3.9831	0.7114	0.63513	0.910402	1989	0	-3.9831
Olfr845	20	0.2577	0.66173	1.0	1833	11	-3.9932	0.78149	0.72043	0.929989	2219	0	-3.9932
Adam8	20	0.2577	0.66173	1.0	1834	11	-4.0001	0.89924	0.86464	0.969454	2548	0	-4.0001
Olfr1497	19	0.25803	0.65182	1.0	1835	6	-3.3699	0.57169	0.5084	0.893438	1596	0	-3.3699
Nmur1	20	0.2586	0.6631	1.0	1836	9	-3.7261	0.67388	0.59325	0.899961	1880	0	-3.7261
Psg22	20	0.25866	0.66319	1.0	1837	6	-3.7053	0.52942	0.46351	0.886569	1499	0	-3.7053
Olfr516	15	0.2588	0.63468	1.0	1838	4	-3.5731	0.16272	0.15636	0.859701	470	0	-3.5731
Olfr1111	20	0.25901	0.66341	1.0	1839	8	-3.6674	0.32417	0.30044	0.859701	911	0	-3.6674
Olfr222	18	0.25902	0.65186	1.0	1840	9	-3.6606	0.58015	0.50218	0.893438	1629	0	-3.6606
Olfr720	20	0.25906	0.66389	1.0	1841	10	-3.7936	0.091672	0.078451	0.803873	258	0	-3.7936
Pam	20	0.25928	0.66428	1.0	1842	7	-3.52	0.11948	0.10222	0.827588	328	0	-3.52
Chl1	20	0.25966	0.66433	1.0	1843	7	-3.6968	0.2019	0.19707	0.859701	568	0	-3.6968
Tlr1	18	0.26002	0.65258	1.0	1844	5	-3.1873	0.31757	0.2882	0.859701	895	0	-3.1873
Olfr1452-ps1	20	0.26076	0.66503	1.0	1845	8	-3.6189	0.52942	0.46351	0.886569	1480	0	-3.6189
Pvr	20	0.26116	0.6663	1.0	1846	11	-3.9797	0.65127	0.57155	0.893599	1816	0	-3.9797
Tex101	20	0.26116	0.6663	1.0	1847	10	-3.9051	0.64205	0.56615	0.893599	1792	0	-3.9051
Gfy	20	0.26116	0.6663	1.0	1848	10	-3.8435	0.98575	0.97718	0.993161	2813	0	-3.8435
Olfr447	20	0.26116	0.6663	1.0	1849	11	-3.9093	0.46789	0.40051	0.864664	1320	0	-3.9093
Olfr506	19	0.26122	0.65722	1.0	1850	6	-3.4837	0.65509	0.57637	0.893599	1833	0	-3.4837
Mfsd2b	20	0.26141	0.66641	1.0	1851	11	-3.8728	0.21084	0.20193	0.859701	600	0	-3.8728
Olfr1289	20	0.2626	0.66749	1.0	1852	10	-3.8856	0.34594	0.31441	0.859701	987	0	-3.8856
Cacng6	18	0.26317	0.65713	1.0	1853	10	-3.7885	0.20106	0.19081	0.859701	556	0	-3.7885
Icosl	19	0.26325	0.65844	1.0	1854	7	-3.7011	0.13323	0.13373	0.859701	374	0	-3.7011
Slc38a4	20	0.26327	0.6678	1.0	1855	7	-3.5079	0.34594	0.31441	0.859701	1003	0	-3.5079
Olfr498	19	0.2634	0.65923	1.0	1856	11	-3.9288	0.21096	0.20017	0.859701	604	0	-3.9288
Dcc	20	0.26413	0.66892	1.0	1857	11	-3.9981	0.34594	0.31441	0.859701	991	0	-3.9981
Lrrn1	20	0.26476	0.66957	1.0	1858	6	-3.3017	0.44002	0.383	0.859701	1256	0	-3.3017
Sema6b	20	0.26491	0.67016	1.0	1859	10	-3.8534	0.93571	0.91191	0.979893	2658	0	-3.8534
Selplg	20	0.26589	0.67094	1.0	1860	10	-3.7058	0.5005	0.42702	0.86643	1410	0	-3.7058
Slc13a3	20	0.26737	0.67205	1.0	1861	6	-3.292	0.90255	0.86925	0.971091	2555	0	-3.292
Pcdhb17	20	0.26771	0.67221	1.0	1862	9	-3.8501	0.65984	0.57781	0.893599	1839	0	-3.8501
Nrxn1	18	0.26772	0.66224	1.0	1863	8	-3.8424	0.1765	0.17606	0.859701	496	0	-3.8424
Il9r	20	0.26819	0.67276	1.0	1864	9	-3.6048	0.65127	0.57155	0.893599	1822	0	-3.6048
Fpr2	20	0.2686	0.67313	1.0	1865	9	-3.7528	0.80328	0.74299	0.93627	2258	0	-3.7528
Izumo3	20	0.26935	0.67483	1.0	1866	10	-3.7	0.91094	0.87867	0.971091	2585	0	-3.7
Gabrb2	20	0.26935	0.67483	1.0	1867	11	-3.9927	0.90804	0.87616	0.971091	2576	0	-3.9927
Olfr666	18	0.26936	0.66343	1.0	1868	8	-3.6971	0.16787	0.16205	0.859701	473	0	-3.6971
Gpr171	18	0.26984	0.66467	1.0	1869	8	-3.7037	0.45447	0.38408	0.859701	1296	0	-3.7037
Olfr557	20	0.2699	0.67552	1.0	1870	10	-3.8423	0.91094	0.87867	0.971091	2581	0	-3.8423
Olfr854	20	0.27009	0.67561	1.0	1871	11	-3.8172	0.76338	0.69193	0.921069	2149	0	-3.8172
Abcb1b	20	0.27131	0.67717	1.0	1872	8	-3.5815	0.43317	0.37531	0.859701	1228	0	-3.5815
Itga8	18	0.27242	0.67071	1.0	1873	9	-3.7617	0.65418	0.57538	0.893599	1831	0	-3.7617
Slc12a5	20	0.27251	0.67892	1.0	1874	10	-3.8562	0.023505	0.019603	0.691901	63	0	-3.8562
Slc30a1	20	0.27251	0.67892	1.0	1875	9	-3.843	0.54571	0.48425	0.893438	1543	0	-3.843
Olfr109	20	0.27255	0.67911	1.0	1876	9	-3.6139	0.17698	0.16563	0.859701	505	0	-3.6139
Lman2l	20	0.27279	0.67923	1.0	1877	10	-3.8227	0.92397	0.8955	0.975363	2621	0	-3.8227
Tgfa	19	0.27287	0.67293	1.0	1878	7	-3.5906	0.1021	0.086188	0.803873	290	0	-3.5906
Cxcr4	20	0.27313	0.6793	1.0	1879	10	-3.9423	0.37347	0.33295	0.859701	1074	0	-3.9423
Rho	20	0.27313	0.6793	1.0	1880	11	-3.9871	0.91094	0.87867	0.971091	2583	0	-3.9871
Slc7a14	20	0.27327	0.67955	1.0	1881	10	-3.8299	0.40286	0.35196	0.859701	1142	0	-3.8299
Mill2	20	0.27329	0.67955	1.0	1882	9	-3.6967	0.85015	0.80138	0.952925	2398	0	-3.6967
Sdk2	19	0.27375	0.67438	1.0	1883	9	-3.6951	0.1277	0.12705	0.859701	362	0	-3.6951
Atp2b3	20	0.27394	0.68022	1.0	1884	10	-3.8672	0.0316	0.027397	0.691901	93	0	-3.8672
Dgcr2	6	0.27403	0.54291	1.0	1885	3	-3.7315	0.72067	0.67563	0.921069	2024	0	-3.7315
Kcnj4	20	0.27463	0.6808	1.0	1886	6	-3.1119	0.44999	0.39183	0.86208	1285	0	-3.1119
Steap4	20	0.27565	0.68183	1.0	1887	11	-4.0204	0.16235	0.15696	0.859701	465	0	-4.0204
Lag3	20	0.27565	0.68183	1.0	1888	11	-3.9702	0.44002	0.383	0.859701	1258	0	-3.9702
Cxcl16	20	0.27573	0.68215	1.0	1889	7	-3.5108	0.03867	0.031271	0.691901	111	0	-3.5108
Tgoln1	20	0.27603	0.68296	1.0	1890	8	-3.7058	0.16235	0.15696	0.859701	454	0	-3.7058
Evi2a	17	0.27619	0.66883	1.0	1891	10	-3.9519	0.96672	0.953	0.989621	2752	0	-3.9519
Prlr	19	0.27657	0.67751	1.0	1892	10	-4.0293	0.6484	0.56593	0.893599	1804	0	-4.0293
Olfr1014	19	0.27704	0.67822	1.0	1893	9	-3.7459	0.90792	0.87824	0.971091	2572	0	-3.7459
Olfr1494	19	0.27718	0.67878	1.0	1894	11	-3.8964	0.59991	0.52189	0.893438	1679	0	-3.8964
Pcdhgb7	18	0.27772	0.67699	1.0	1895	7	-3.5917	0.83787	0.79143	0.952925	2361	0	-3.5917
Vmn1r229	20	0.27794	0.68453	1.0	1896	9	-3.7795	0.22935	0.21836	0.859701	651	0	-3.7795
Rtn4rl2	20	0.27829	0.68494	1.0	1897	9	-3.5034	0.23813	0.23118	0.859701	677	0	-3.5034
Olfr1490	20	0.27915	0.68535	1.0	1898	11	-3.9636	0.66722	0.58309	0.89596	1856	0	-3.9636
Ros1	20	0.27928	0.68567	1.0	1899	11	-3.8442	0.11948	0.10222	0.827588	338	0	-3.8442
Dct	18	0.2794	0.67931	1.0	1900	10	-3.9511	0.5004	0.44162	0.874234	1381	0	-3.9511
Dsg1b	19	0.27951	0.68047	1.0	1901	9	-3.5089	0.17632	0.17053	0.859701	492	0	-3.5089
Adam32	20	0.27954	0.6861	1.0	1902	10	-3.8012	0.054241	0.038977	0.691901	157	0	-3.8012
Chrna7	20	0.27962	0.68655	1.0	1903	11	-4.0054	0.65127	0.57155	0.893599	1817	0	-4.0054
Gsg1l	20	0.28046	0.68857	1.0	1904	9	-3.6511	0.70296	0.62185	0.901239	1969	0	-3.6511
Olfr1495	20	0.28085	0.68891	1.0	1905	7	-3.3554	0.15388	0.15369	0.859701	441	0	-3.3554
Olfr749	20	0.28147	0.68902	1.0	1906	8	-3.6584	0.96379	0.94914	0.98923	2738	0	-3.6584
Efnb3	19	0.28182	0.68223	1.0	1907	9	-3.7173	0.058932	0.044807	0.727615	168	0	-3.7173
Nrg1	20	0.28184	0.68935	1.0	1908	10	-3.8529	0.83798	0.79156	0.952925	2366	0	-3.8529
Slc16a1	20	0.2829	0.69085	1.0	1909	11	-3.9821	0.56322	0.50348	0.893438	1580	0	-3.9821
Plp1	20	0.28304	0.69136	1.0	1910	7	-3.4678	0.85015	0.80138	0.952925	2401	0	-3.4678
Acvr1	18	0.2832	0.68431	1.0	1911	9	-3.7898	0.56744	0.49368	0.893438	1592	0	-3.7898
Clec2g	20	0.28382	0.6922	1.0	1912	9	-3.6769	0.93333	0.90876	0.979345	2652	0	-3.6769
Fam171b	20	0.28428	0.6928	1.0	1913	9	-3.7798	0.25691	0.25121	0.859701	720	0	-3.7798
Robo3	20	0.28477	0.69298	1.0	1914	11	-3.7696	0.098776	0.084119	0.803873	275	0	-3.7696
Olfr1230	18	0.28546	0.68698	1.0	1915	9	-3.854	0.62111	0.54052	0.893599	1730	0	-3.854
Vsig2	19	0.28634	0.68999	1.0	1916	10	-3.9864	0.081775	0.072014	0.803873	235	0	-3.9864
Reck	20	0.28691	0.69649	1.0	1917	8	-3.8102	0.13395	0.13281	0.859701	376	0	-3.8102
Stab2	18	0.2875	0.68835	1.0	1918	8	-3.7123	0.33529	0.29624	0.859701	952	0	-3.7123
Olfr1491	20	0.28754	0.69726	1.0	1919	9	-3.5506	0.054241	0.038977	0.691901	146	0	-3.5506
Izumo1r	20	0.28775	0.69762	1.0	1920	11	-4.0054	0.79311	0.72986	0.932053	2241	0	-4.0054
Shisa6	20	0.28937	0.69877	1.0	1921	10	-3.8557	0.41327	0.35718	0.859701	1165	0	-3.8557
Vmn1r233	19	0.28996	0.6957	1.0	1922	11	-4.0073	0.046027	0.033571	0.691901	133	0	-4.0073
Tie1	20	0.28996	0.69895	1.0	1923	10	-3.8607	0.80328	0.74299	0.93627	2263	0	-3.8607
Olfr1204	20	0.29051	0.69938	1.0	1924	6	-3.5258	0.16235	0.15696	0.859701	464	0	-3.5258
Cd82	18	0.29124	0.69171	1.0	1925	9	-3.8506	0.26775	0.25643	0.859701	764	0	-3.8506
Chrm3	20	0.29167	0.70056	1.0	1926	10	-3.7754	0.41327	0.35718	0.859701	1175	0	-3.7754
Prn	5	0.2919	0.53606	1.0	1927	3	-4.1009	0.61307	0.57625	0.893599	1711	0	-4.1009
Tas2r114	16	0.29203	0.67801	1.0	1928	7	-3.7798	0.56948	0.49345	0.893438	1593	0	-3.7798
Olfr231	19	0.29222	0.69844	1.0	1929	11	-3.9352	0.95881	0.94311	0.988596	2724	0	-3.9352
Robo2	20	0.29252	0.70092	1.0	1930	9	-3.7657	0.33621	0.30743	0.859701	956	0	-3.7657
Icam1	20	0.29252	0.70092	1.0	1931	9	-3.5511	0.65984	0.57781	0.893599	1844	0	-3.5511
Tmem63b	20	0.29379	0.7015	1.0	1932	8	-3.4436	0.62625	0.55119	0.893599	1737	0	-3.4436
Olfr1274-ps	20	0.29465	0.7025	1.0	1933	9	-3.6799	0.34594	0.31441	0.859701	982	0	-3.6799
Amigo2	18	0.29493	0.69535	1.0	1934	10	-3.9541	0.62111	0.54052	0.893599	1729	0	-3.9541
Tek	20	0.29545	0.70373	1.0	1935	10	-3.7758	0.75656	0.68714	0.921069	2122	0	-3.7758
Taar5	17	0.29555	0.69116	1.0	1936	6	-3.4129	0.32004	0.28359	0.859701	899	0	-3.4129
Gas1	20	0.29605	0.70482	1.0	1937	10	-3.8552	0.65127	0.57155	0.893599	1826	0	-3.8552
Muc16	19	0.29609	0.70234	1.0	1938	11	-3.9189	0.94288	0.92393	0.982358	2679	0	-3.9189
Olfr434	20	0.29673	0.70598	1.0	1939	7	-3.5568	0.65984	0.57781	0.893599	1849	0	-3.5568
Pcdhb20	20	0.2968	0.70717	1.0	1940	9	-3.839	0.35532	0.31877	0.859701	1013	0	-3.839
Txndc15	16	0.29701	0.68367	1.0	1941	8	-3.8881	0.1507	0.14577	0.859701	427	0	-3.8881
Clec7a	16	0.29712	0.68388	1.0	1942	9	-3.9591	0.71087	0.64661	0.921069	1988	0	-3.9591
Tmprss11e	20	0.29738	0.70734	1.0	1943	11	-3.9392	0.21084	0.20193	0.859701	603	0	-3.9392
Sgca	20	0.29753	0.70758	1.0	1944	9	-3.6993	0.78149	0.72043	0.929989	2217	0	-3.6993
Lgr5	19	0.2976	0.70475	1.0	1945	7	-3.7735	0.79207	0.73278	0.935363	2236	0	-3.7735
Cdh5	20	0.29781	0.70826	1.0	1946	11	-3.9495	0.080532	0.069392	0.803873	231	0	-3.9495
Olfr826	11	0.298	0.64909	1.0	1947	5	-3.7364	0.41801	0.35696	0.859701	1187	0	-3.7364
Gm21970	7	0.29805	0.58811	1.0	1948	2	-3.4459	0.78028	0.73842	0.93627	2196	0	-3.4459
Crtam	20	0.29843	0.70907	1.0	1949	11	-3.9994	0.23813	0.23118	0.859701	669	0	-3.9994
Olfr1141	20	0.29873	0.70931	1.0	1950	9	-3.7545	0.30301	0.28716	0.859701	859	0	-3.7545
Ggt1	20	0.2991	0.70942	1.0	1951	8	-3.5764	0.80328	0.74299	0.93627	2254	0	-3.5764
Abcb11	20	0.30053	0.71093	1.0	1952	9	-3.816	0.87547	0.83508	0.964081	2468	0	-3.816
Btla	20	0.30071	0.71099	1.0	1953	10	-3.8204	0.5005	0.42702	0.86643	1391	0	-3.8204
Olfr318	20	0.3008	0.71104	1.0	1954	10	-3.7909	0.73868	0.66927	0.921069	2063	0	-3.7909
Cd200	18	0.30117	0.70302	1.0	1955	9	-3.8685	0.93584	0.91487	0.980259	2663	0	-3.8685
Gpr155	17	0.30159	0.70021	1.0	1956	8	-3.6592	0.37421	0.32092	0.859701	1075	0	-3.6592
Olfr1101	20	0.30199	0.71306	1.0	1957	11	-3.8891	0.39641	0.34807	0.859701	1131	0	-3.8891
Cdh19	20	0.30199	0.71306	1.0	1958	11	-3.84	0.91278	0.88077	0.971822	2592	0	-3.84
Cd44	20	0.3026	0.71364	1.0	1959	9	-3.761	0.34594	0.31441	0.859701	999	0	-3.761
Gpr27	20	0.3026	0.71364	1.0	1960	11	-3.8742	0.32417	0.30044	0.859701	917	0	-3.8742
Ltb4r2	18	0.30333	0.70477	1.0	1961	8	-3.5261	0.56006	0.49183	0.893438	1566	0	-3.5261
Psg20	18	0.30343	0.70488	1.0	1962	8	-3.7034	0.84663	0.80288	0.952925	2393	0	-3.7034
Tnfsf8	20	0.30419	0.71466	1.0	1963	7	-3.6829	0.89924	0.86464	0.969454	2545	0	-3.6829
Olfr585	20	0.30453	0.71483	1.0	1964	11	-3.9308	0.085889	0.074869	0.803873	245	0	-3.9308
Tas2r117	20	0.30453	0.71483	1.0	1965	6	-3.3274	0.085889	0.074869	0.803873	239	0	-3.3274
Olfr700	20	0.30457	0.7151	1.0	1966	11	-3.9964	0.56322	0.50348	0.893438	1571	0	-3.9964
Olfr1155	20	0.30458	0.71522	1.0	1967	11	-3.8252	0.44999	0.39183	0.86208	1284	0	-3.8252
Lsamp	20	0.30506	0.7155	1.0	1968	8	-3.6325	0.6059	0.53009	0.893438	1684	0	-3.6325
Il18rap	20	0.30506	0.7155	1.0	1969	8	-3.4515	0.70296	0.62185	0.901239	1971	0	-3.4515
Igsf9	18	0.30544	0.70699	1.0	1970	9	-3.896	0.22586	0.22121	0.859701	632	0	-3.896
Tm4sf20	20	0.30586	0.7167	1.0	1971	9	-3.7928	0.86332	0.8176	0.958403	2435	0	-3.7928
Htr1b	16	0.30596	0.69432	1.0	1972	8	-3.752	0.32872	0.2878	0.859701	945	0	-3.752
Olfr640	20	0.30616	0.7175	1.0	1973	9	-3.6758	0.16235	0.15696	0.859701	463	0	-3.6758
Slc7a10	20	0.30616	0.7175	1.0	1974	10	-3.9043	0.32417	0.30044	0.859701	920	0	-3.9043
Tmem67	20	0.30724	0.71801	1.0	1975	8	-3.6972	0.10717	0.089726	0.803873	297	0	-3.6972
Mrgprd	20	0.30745	0.71818	1.0	1976	11	-3.9645	0.90551	0.87258	0.971091	2565	0	-3.9645
Ms4a6b	19	0.30852	0.71563	1.0	1977	10	-3.8964	0.54475	0.48717	0.893438	1523	0	-3.8964
Fcrl1	20	0.30878	0.71884	1.0	1978	10	-3.947	0.85474	0.80574	0.953537	2418	0	-3.947
Slc22a6	20	0.30963	0.72042	1.0	1979	11	-3.9756	0.51949	0.4466	0.874234	1459	0	-3.9756
Igf1r	20	0.31058	0.72131	1.0	1980	10	-3.9057	0.17019	0.16034	0.859701	480	0	-3.9057
Cldn15	18	0.31139	0.71381	1.0	1981	9	-3.7264	0.58015	0.50218	0.893438	1627	0	-3.7264
Slc13a1	18	0.31209	0.71428	1.0	1982	5	-3.4864	0.16787	0.16205	0.859701	474	0	-3.4864
Slc41a3	20	0.31229	0.72268	1.0	1983	11	-3.9302	0.84212	0.79474	0.952925	2382	0	-3.9302
Cd3g	20	0.31244	0.72291	1.0	1984	8	-3.6554	0.93333	0.90876	0.979345	2653	0	-3.6554
Sigirr	20	0.31244	0.72291	1.0	1985	8	-3.7775	0.57436	0.50986	0.893438	1615	0	-3.7775
Sema4b	20	0.31244	0.72291	1.0	1986	6	-3.6151	0.35532	0.31877	0.859701	1021	0	-3.6151
Slc44a2	20	0.31255	0.72335	1.0	1987	11	-3.9409	0.51949	0.4466	0.874234	1451	0	-3.9409
Slc12a1	20	0.31255	0.72335	1.0	1988	11	-3.9915	0.29267	0.27967	0.859701	831	0	-3.9915
Slc39a12	20	0.31263	0.72377	1.0	1989	9	-3.7744	0.59038	0.52517	0.893438	1654	0	-3.7744
Itga1	20	0.3132	0.7247	1.0	1990	10	-3.8091	0.61874	0.5389	0.893599	1719	0	-3.8091
Tyrp1	20	0.31353	0.72479	1.0	1991	9	-3.8425	0.44002	0.383	0.859701	1247	0	-3.8425
Olfr668	20	0.31414	0.72551	1.0	1992	10	-3.7321	0.14591	0.14675	0.859701	416	0	-3.7321
Hyal5	19	0.31436	0.72614	1.0	1993	7	-3.4605	0.52743	0.46836	0.892373	1478	0	-3.4605
Tas2r106	20	0.31462	0.7257	1.0	1994	9	-3.7676	0.24757	0.24212	0.859701	698	0	-3.7676
Olfr1191-ps1	18	0.31474	0.71734	1.0	1995	6	-3.4215	0.36135	0.31656	0.859701	1033	0	-3.4215
Olfr669	20	0.31527	0.72605	1.0	1996	8	-3.6931	0.35532	0.31877	0.859701	1012	0	-3.6931
Tas2r123	20	0.31552	0.72638	1.0	1997	10	-3.8697	0.40286	0.35196	0.859701	1157	0	-3.8697
Slc44a5	20	0.31599	0.72671	1.0	1998	10	-3.8354	0.11948	0.10222	0.827588	333	0	-3.8354
Sv2b	20	0.31606	0.72677	1.0	1999	10	-3.7147	0.044258	0.035144	0.691901	122	0	-3.7147
Scnn1b	20	0.31638	0.72739	1.0	2000	9	-3.6619	0.30301	0.28716	0.859701	843	0	-3.6619
Lilr4b	20	0.31687	0.72771	1.0	2001	6	-3.3291	0.77453	0.70948	0.929989	2182	0	-3.3291
Olfr721-ps1	18	0.3171	0.71978	1.0	2002	9	-3.937	0.039922	0.032448	0.691901	117	0	-3.937
Mme	20	0.31745	0.72789	1.0	2003	10	-3.8556	0.69267	0.61215	0.899961	1929	0	-3.8556
Olfr577	20	0.31745	0.72789	1.0	2004	9	-3.7662	0.29267	0.27967	0.859701	834	0	-3.7662
Olfr1195	20	0.31746	0.72802	1.0	2005	10	-3.9277	0.31285	0.29461	0.859701	883	0	-3.9277
Olfr469	15	0.31841	0.70565	1.0	2006	6	-3.6856	0.28847	0.25396	0.859701	816	0	-3.6856
Art1	19	0.31847	0.73075	1.0	2007	10	-3.9939	0.6484	0.56593	0.893599	1805	0	-3.9939
Olfr1216	19	0.31878	0.73139	1.0	2008	10	-3.948	0.81442	0.76629	0.949373	2305	0	-3.948
Tmeff2	19	0.31878	0.73139	1.0	2009	10	-3.985	0.74569	0.6752	0.921069	2104	0	-3.985
Klre1	20	0.31973	0.72991	1.0	2010	10	-3.8446	0.35532	0.31877	0.859701	1015	0	-3.8446
Olfr420	20	0.31973	0.72991	1.0	2011	9	-3.5683	0.31285	0.29461	0.859701	879	0	-3.5683
Itln1	20	0.32049	0.7306	1.0	2012	10	-3.9262	0.044258	0.035144	0.691901	130	0	-3.9262
Cd53	20	0.32074	0.7311	1.0	2013	9	-3.4788	0.70296	0.62185	0.901239	1965	0	-3.4788
Cacng4	20	0.32135	0.73159	1.0	2014	9	-3.764	0.89924	0.86464	0.969454	2550	0	-3.764
Vmn1r184	20	0.32164	0.73165	1.0	2015	5	-3.6369	0.74465	0.67669	0.921069	2091	0	-3.6369
Olfr19	20	0.32194	0.73208	1.0	2016	11	-3.8817	0.88925	0.85077	0.965529	2514	0	-3.8817
Adam9	18	0.32202	0.72508	1.0	2017	9	-3.8664	0.81412	0.76301	0.947295	2303	0	-3.8664
Vnn3	20	0.32256	0.73258	1.0	2018	10	-3.5724	0.03867	0.031271	0.691901	106	0	-3.5724
Olfr1512	20	0.32279	0.73264	1.0	2019	8	-3.7119	0.10717	0.089726	0.803873	314	0	-3.7119
Slc22a13b-ps	18	0.32483	0.72682	1.0	2020	8	-3.7013	0.92025	0.89499	0.975363	2610	0	-3.7013
Slc26a8	20	0.32551	0.73517	1.0	2021	7	-3.4093	0.22074	0.20849	0.859701	621	0	-3.4093
Olfr1006	18	0.32618	0.72833	1.0	2022	10	-3.9503	0.90777	0.8773	0.971091	2568	0	-3.9503
Rprm	17	0.32625	0.72635	1.0	2023	8	-3.845	0.32795	0.29216	0.859701	944	0	-3.845
Olfr1256	20	0.32637	0.73609	1.0	2024	10	-3.8232	0.51949	0.4466	0.874234	1450	0	-3.8232
Vmn1r228	19	0.32656	0.74004	1.0	2025	7	-3.7855	0.78092	0.71958	0.929989	2197	0	-3.7855
Gpc2	12	0.32669	0.6832	1.0	2026	4	-3.5174	0.073504	0.063303	0.803873	209	0	-3.5174
Olfr1425	20	0.32703	0.73694	1.0	2027	7	-3.6814	0.34594	0.31441	0.859701	986	0	-3.6814
Olfr1226	20	0.3271	0.73694	1.0	2028	9	-3.7811	0.65127	0.57155	0.893599	1811	0	-3.7811
Slc22a23	20	0.32737	0.73724	1.0	2029	10	-3.8964	0.9918	0.98621	0.995259	2830	0	-3.8964
Ptprh	20	0.32737	0.73724	1.0	2030	9	-3.7866	0.65984	0.57781	0.893599	1843	0	-3.7866
Cntn4	20	0.32879	0.7383	1.0	2031	7	-3.7502	0.52942	0.46351	0.886569	1489	0	-3.7502
Gfra2	20	0.32885	0.73836	1.0	2032	7	-3.6931	0.36478	0.32315	0.859701	1044	0	-3.6931
Olfr1038-ps	20	0.32927	0.7385	1.0	2033	11	-3.9402	0.6059	0.53009	0.893438	1683	0	-3.9402
Sdc2	20	0.32934	0.73899	1.0	2034	8	-3.7334	0.40286	0.35196	0.859701	1143	0	-3.7334
Slc16a4	20	0.32934	0.73899	1.0	2035	9	-3.8373	0.76338	0.69193	0.921069	2152	0	-3.8373
Ephb2	20	0.32972	0.73939	1.0	2036	9	-3.7022	0.74465	0.67669	0.921069	2094	0	-3.7022
Taar8c	12	0.32985	0.68624	1.0	2037	5	-3.703	0.66446	0.6111	0.899961	1853	0	-3.703
Gabra3	20	0.33056	0.73965	1.0	2038	8	-3.6769	0.58349	0.51911	0.893438	1633	0	-3.6769
Cxadr	20	0.33088	0.7399	1.0	2039	10	-3.8724	0.13395	0.13281	0.859701	383	0	-3.8724
Tyro3	17	0.33143	0.7296	1.0	2040	7	-3.6866	0.50543	0.44925	0.876632	1416	0	-3.6866
Muc1	20	0.33169	0.74046	1.0	2041	8	-3.7395	0.64205	0.56615	0.893599	1775	0	-3.7395
Olfr1264	20	0.33187	0.74066	1.0	2042	10	-3.8601	0.66722	0.58309	0.89596	1857	0	-3.8601
Vmn1r230	20	0.33187	0.74066	1.0	2043	11	-3.9403	0.78799	0.72634	0.930695	2228	0	-3.9403
Mdga2	20	0.33243	0.74186	1.0	2044	9	-3.7271	0.33621	0.30743	0.859701	965	0	-3.7271
Vmn1r185	20	0.33275	0.74208	1.0	2045	11	-3.9034	0.13395	0.13281	0.859701	382	0	-3.9034
Adam21	20	0.33283	0.74241	1.0	2046	11	-3.9488	0.054241	0.038977	0.691901	156	0	-3.9488
Taar9	19	0.33317	0.74654	1.0	2047	10	-3.886	0.4333	0.37707	0.859701	1238	0	-3.886
Egf	20	0.33403	0.74352	1.0	2048	11	-3.9391	0.68488	0.60723	0.899961	1917	0	-3.9391
Ptchd3	20	0.33416	0.74358	1.0	2049	10	-3.753	0.71961	0.6518	0.921069	2004	0	-3.753
Lrrc4	18	0.33416	0.73522	1.0	2050	8	-3.6898	0.13963	0.14045	0.859701	387	0	-3.6898
Olfr847	18	0.33421	0.73533	1.0	2051	8	-3.8169	0.22586	0.22121	0.859701	636	0	-3.8169
Pfpl	20	0.33437	0.74362	1.0	2052	11	-3.9052	0.88588	0.84568	0.964081	2508	0	-3.9052
Olfr693	20	0.33463	0.74389	1.0	2053	8	-3.7738	0.75656	0.68714	0.921069	2128	0	-3.7738
Olfr1049	12	0.33468	0.69548	1.0	2054	5	-3.7543	0.3558	0.29987	0.859701	1026	0	-3.7543
Olfr1240	20	0.33515	0.74477	1.0	2055	11	-3.954	0.54571	0.48425	0.893438	1540	0	-3.954
Gpr21	20	0.33559	0.74552	1.0	2056	9	-3.5003	0.11948	0.10222	0.827588	352	0	-3.5003
Spaca4	17	0.33563	0.73332	1.0	2057	7	-3.4459	0.14664	0.13952	0.859701	418	0	-3.4459
Olfr981	20	0.33578	0.74582	1.0	2058	10	-3.8481	0.51949	0.4466	0.874234	1464	0	-3.8481
Abca8b	20	0.3361	0.74622	1.0	2059	11	-3.9215	0.44999	0.39183	0.86208	1281	0	-3.9215
Tmem184a	13	0.33617	0.70212	1.0	2060	7	-3.9189	0.27959	0.24226	0.859701	795	0	-3.9189
Olfr490	20	0.33668	0.74713	1.0	2061	7	-3.3508	0.24757	0.24212	0.859701	697	0	-3.3508
Ffar1	20	0.33669	0.74728	1.0	2062	8	-3.4225	0.33621	0.30743	0.859701	958	0	-3.4225
Olfr1248	20	0.3382	0.74817	1.0	2063	8	-3.6754	0.51949	0.4466	0.874234	1454	0	-3.6754
Gpr17	20	0.33867	0.74938	1.0	2064	9	-3.5244	0.6059	0.53009	0.893438	1685	0	-3.5244
Olfr556	20	0.33873	0.74945	1.0	2065	10	-3.8962	0.2851	0.27517	0.859701	797	0	-3.8962
Cldn19	20	0.33907	0.75	1.0	2066	11	-3.922	0.89924	0.86464	0.969454	2544	0	-3.922
Olfr664	20	0.3391	0.75041	1.0	2067	10	-3.9316	0.36478	0.32315	0.859701	1051	0	-3.9316
Tmem26	20	0.33936	0.75047	1.0	2068	8	-3.7477	0.29267	0.27967	0.859701	833	0	-3.7477
Olfr319	19	0.33939	0.75171	1.0	2069	10	-3.8794	0.48286	0.41132	0.864664	1353	0	-3.8794
Olfr980	18	0.33964	0.742	1.0	2070	6	-3.2979	0.1837	0.18052	0.859701	513	0	-3.2979
Gypc	18	0.34026	0.74333	1.0	2071	9	-3.8418	0.072779	0.0633	0.803873	207	0	-3.8418
Slc35a5	20	0.34083	0.75153	1.0	2072	9	-3.7864	0.68002	0.60323	0.899961	1893	0	-3.7864
Slc26a3	20	0.342	0.75291	1.0	2073	9	-3.4788	0.061936	0.04659	0.727615	174	0	-3.4788
Siglech	20	0.34287	0.75386	1.0	2074	10	-3.8527	0.5005	0.42702	0.86643	1407	0	-3.8527
Tlr3	20	0.34347	0.75545	1.0	2075	11	-3.9387	0.15388	0.15369	0.859701	429	0	-3.9387
Slc22a2	19	0.34362	0.7554	1.0	2076	8	-3.6762	0.82685	0.77939	0.9521	2336	0	-3.6762
Sema6c	20	0.34401	0.75591	1.0	2077	9	-3.839	0.85015	0.80138	0.952925	2403	0	-3.839
Pcdhgb6	14	0.34422	0.72324	1.0	2078	7	-3.9178	0.81602	0.7706	0.950724	2306	0	-3.9178
Olfr1156	20	0.34461	0.75675	1.0	2079	7	-3.468	0.85474	0.80574	0.953537	2416	0	-3.468
Adam12	20	0.34473	0.75682	1.0	2080	9	-3.7027	0.44412	0.38687	0.86208	1273	0	-3.7027
Sgcz	20	0.34482	0.75697	1.0	2081	7	-3.2331	0.80328	0.74299	0.93627	2269	0	-3.2331
Sstr1	20	0.34555	0.7571	1.0	2082	11	-3.9549	0.42389	0.365	0.859701	1193	0	-3.9549
Gpr19	20	0.34561	0.75718	1.0	2083	9	-3.5617	0.79774	0.73623	0.93627	2251	0	-3.5617
Pkd1l3	20	0.34561	0.75718	1.0	2084	5	-3.6114	0.40286	0.35196	0.859701	1141	0	-3.6114
Olfr1066	20	0.34649	0.75759	1.0	2085	8	-3.5027	0.42389	0.365	0.859701	1196	0	-3.5027
Lpar5	20	0.34649	0.75759	1.0	2086	6	-3.4738	0.16235	0.15696	0.859701	453	0	-3.4738
Chrm5	18	0.34683	0.74876	1.0	2087	10	-3.8811	0.44708	0.37833	0.859701	1275	0	-3.8811
Slc23a2	20	0.34722	0.7583	1.0	2088	7	-3.5532	0.84582	0.79654	0.952925	2385	0	-3.5532
Olfr1002	19	0.34724	0.75845	1.0	2089	7	-3.7069	0.39741	0.34322	0.859701	1135	0	-3.7069
Olfr804	17	0.3475	0.74431	1.0	2090	8	-3.7544	0.11506	0.11518	0.859701	326	0	-3.7544
Ncam1	20	0.34814	0.75932	1.0	2091	11	-3.8932	0.9793	0.97013	0.991919	2792	0	-3.8932
Emp1	20	0.34814	0.75932	1.0	2092	11	-3.9441	0.92696	0.89876	0.97593	2629	0	-3.9441
Izumo1	20	0.34839	0.75967	1.0	2093	8	-3.3897	0.41327	0.35718	0.859701	1169	0	-3.3897
Taar8a	18	0.34974	0.75178	1.0	2094	8	-3.8276	0.862	0.81933	0.95969	2432	0	-3.8276
Olfr1261	18	0.35008	0.75194	1.0	2095	8	-3.3798	0.22586	0.22121	0.859701	634	0	-3.3798
Olfr875	20	0.35014	0.76086	1.0	2096	10	-3.9129	0.0316	0.027397	0.691901	83	0	-3.9129
Scarb1	20	0.35062	0.76122	1.0	2097	6	-3.1688	0.15388	0.15369	0.859701	440	0	-3.1688
Slco2a1	18	0.35069	0.75271	1.0	2098	9	-3.8482	0.6414	0.56632	0.893599	1773	0	-3.8482
Slc26a9	20	0.35147	0.76246	1.0	2099	8	-3.3238	0.44999	0.39183	0.86208	1278	0	-3.3238
Lgr4	20	0.35161	0.76262	1.0	2100	11	-3.9078	0.11948	0.10222	0.827588	349	0	-3.9078
M6pr	18	0.35188	0.75367	1.0	2101	8	-3.7638	0.28658	0.26976	0.859701	812	0	-3.7638
Olfr310	18	0.35237	0.75433	1.0	2102	6	-3.7206	0.5255	0.46806	0.892373	1475	0	-3.7206
Synpr	20	0.35266	0.7635	1.0	2103	11	-3.9073	0.82491	0.77542	0.950724	2332	0	-3.9073
Lamp2	20	0.35266	0.7635	1.0	2104	11	-3.9043	0.89543	0.85962	0.969328	2539	0	-3.9043
Il10ra	20	0.35345	0.76416	1.0	2105	8	-3.4449	0.37783	0.3398	0.859701	1080	0	-3.4449
Olfr716	20	0.35414	0.76513	1.0	2106	8	-3.7142	0.4756	0.40662	0.864664	1334	0	-3.7142
Olfr1029	17	0.35447	0.7487	1.0	2107	8	-3.5731	0.84196	0.79602	0.952925	2373	0	-3.5731
Nrg2	20	0.35492	0.76593	1.0	2108	10	-3.8577	0.90804	0.87616	0.971091	2574	0	-3.8577
Olfr1057	19	0.35554	0.76598	1.0	2109	10	-3.907	0.83071	0.78119	0.9521	2347	0	-3.907
Ptger3	20	0.35577	0.76652	1.0	2110	11	-3.9073	0.33621	0.30743	0.859701	955	0	-3.9073
Olfr172	20	0.35577	0.76652	1.0	2111	11	-3.7743	0.87947	0.83907	0.964081	2487	0	-3.7743
Icam5	20	0.35577	0.76652	1.0	2112	11	-3.9316	0.56322	0.50348	0.893438	1576	0	-3.9316
Prokr2	20	0.35577	0.76652	1.0	2113	11	-3.9009	0.98792	0.98079	0.994361	2819	0	-3.9009
Gm15922	11	0.35683	0.70476	1.0	2114	6	-3.9361	0.9847	0.97879	0.994361	2805	0	-3.9361
Lrrn4cl	20	0.35903	0.76998	1.0	2115	7	-3.2809	0.023505	0.019603	0.691901	70	0	-3.2809
Nipal3	20	0.35985	0.77146	1.0	2116	7	-3.5457	0.57436	0.50986	0.893438	1614	0	-3.5457
Esam	20	0.35989	0.77146	1.0	2117	9	-3.7289	0.38321	0.34119	0.859701	1090	0	-3.7289
Olfr624	20	0.36017	0.77146	1.0	2118	9	-3.821	0.68488	0.60723	0.899961	1920	0	-3.821
Bambi	19	0.36116	0.77019	1.0	2119	8	-3.6366	0.86602	0.82485	0.961424	2444	0	-3.6366
Gpr137b	18	0.36145	0.76307	1.0	2120	9	-3.794	0.33039	0.29346	0.859701	946	0	-3.794
Slc37a2	18	0.36153	0.76315	1.0	2121	10	-3.9473	0.32638	0.29215	0.859701	936	0	-3.9473
Olfr199	20	0.36192	0.77307	1.0	2122	9	-3.5887	0.21084	0.20193	0.859701	597	0	-3.5887
Plxnd1	20	0.36231	0.77348	1.0	2123	11	-3.9133	0.44393	0.38687	0.86208	1272	0	-3.9133
Drd1	19	0.36323	0.77159	1.0	2124	9	-3.8553	0.82254	0.77621	0.951285	2316	0	-3.8553
Tmem87b	20	0.36337	0.77429	1.0	2125	10	-3.9185	0.81372	0.75798	0.944334	2289	0	-3.9185
Slitrk4	20	0.36361	0.77481	1.0	2126	11	-3.9025	0.76947	0.69995	0.925282	2161	0	-3.9025
Olfr1223	20	0.36366	0.77487	1.0	2127	11	-3.8282	0.87947	0.83907	0.964081	2483	0	-3.8282
Olfr574	18	0.36381	0.76471	1.0	2128	10	-3.8995	0.12669	0.12786	0.859701	359	0	-3.8995
Chrnd	19	0.36439	0.77236	1.0	2129	7	-3.6291	0.84902	0.8028	0.952925	2396	0	-3.6291
Ccr5	19	0.36567	0.77294	1.0	2130	8	-3.7665	0.38727	0.3379	0.859701	1111	0	-3.7665
Omg	20	0.36604	0.77696	1.0	2131	11	-3.8997	0.027237	0.027394	0.691901	80	0	-3.8997
Dsg4	20	0.36604	0.77696	1.0	2132	11	-3.8396	0.82491	0.77542	0.950724	2318	0	-3.8396
Olfr1447	20	0.36604	0.77696	1.0	2133	11	-3.9366	0.74465	0.67669	0.921069	2088	0	-3.9366
Lrp2	20	0.36626	0.77726	1.0	2134	10	-3.9295	0.26737	0.26301	0.859701	762	0	-3.9295
Olfr713	20	0.3665	0.77762	1.0	2135	6	-3.4372	0.48231	0.41025	0.864664	1350	0	-3.4372
Olfr272	19	0.36761	0.7744	1.0	2136	8	-3.5582	0.042093	0.033567	0.691901	120	0	-3.5582
Gm13762	18	0.36822	0.76788	1.0	2137	8	-3.2999	0.16079	0.15124	0.859701	451	0	-3.2999
Bace2	20	0.36867	0.77961	1.0	2138	9	-3.755	0.080532	0.069392	0.803873	229	0	-3.755
Btn1a1	20	0.36876	0.77961	1.0	2139	9	-3.7402	0.35532	0.31877	0.859701	1016	0	-3.7402
Plxna2	20	0.36925	0.78013	1.0	2140	6	-3.4116	0.25691	0.25121	0.859701	730	0	-3.4116
Itgam	2	0.37067	0.47683	1.0	2141	1	-3.8873	0.4067	0.37189	0.859701	1160	0	-3.8873
Olfr492	20	0.37075	0.78124	1.0	2142	11	-3.6262	0.29267	0.27967	0.859701	830	0	-3.6262
H2-Eb2	20	0.37075	0.78124	1.0	2143	11	-3.9336	0.21084	0.20193	0.859701	590	0	-3.9336
Galr1	19	0.37114	0.77798	1.0	2144	9	-3.7069	0.38727	0.3379	0.859701	1108	0	-3.7069
Gria3	20	0.37172	0.78269	1.0	2145	10	-3.899	0.81372	0.75798	0.944334	2294	0	-3.899
Chrnb4	20	0.37224	0.78282	1.0	2146	7	-3.7506	0.78799	0.72634	0.930695	2230	0	-3.7506
Gria4	20	0.37224	0.78282	1.0	2147	8	-3.5761	0.59842	0.52812	0.893438	1664	0	-3.5761
Olfr834	17	0.37333	0.76465	1.0	2148	6	-3.2219	0.068879	0.060246	0.803873	201	0	-3.2219
Olfr1140	18	0.37368	0.77301	1.0	2149	10	-3.9492	0.1837	0.18052	0.859701	512	0	-3.9492
Il13ra1	20	0.37391	0.78385	1.0	2150	9	-3.8183	0.51949	0.4466	0.874234	1471	0	-3.8183
Olfr482	20	0.37391	0.78385	1.0	2151	9	-3.8134	0.67388	0.59325	0.899961	1871	0	-3.8134
Olfr684	20	0.37391	0.78385	1.0	2152	9	-3.7464	0.90551	0.87258	0.971091	2562	0	-3.7464
H2-DMb1	20	0.3745	0.78439	1.0	2153	10	-3.8099	0.69267	0.61215	0.899961	1937	0	-3.8099
Antxrl	20	0.3745	0.78439	1.0	2154	9	-3.7676	0.65127	0.57155	0.893599	1819	0	-3.7676
H2-Ab1	20	0.37475	0.78451	1.0	2155	10	-3.6496	0.68002	0.60323	0.899961	1889	0	-3.6496
Ceacam14	20	0.37497	0.78477	1.0	2156	9	-3.6581	0.48231	0.41025	0.864664	1342	0	-3.6581
Gm42416	6	0.37587	0.65798	1.0	2157	2	-3.1542	0.32695	0.2813	0.859701	943	0	-3.1542
Cd3d	18	0.376	0.77458	1.0	2158	9	-3.8722	0.48295	0.41365	0.864664	1357	0	-3.8722
Olfr441	18	0.376	0.77458	1.0	2159	8	-3.3953	0.44063	0.37486	0.859701	1261	0	-3.3953
Tas2r136	20	0.37623	0.78547	1.0	2160	8	-3.6566	0.29267	0.27967	0.859701	832	0	-3.6566
Tspan8	19	0.37636	0.78228	1.0	2161	9	-3.7255	0.53575	0.47887	0.893438	1503	0	-3.7255
Ajap1	20	0.37644	0.78555	1.0	2162	9	-3.5677	0.62625	0.55119	0.893599	1754	0	-3.5677
Tm9sf4	20	0.37646	0.78584	1.0	2163	11	-3.9115	0.34594	0.31441	0.859701	996	0	-3.9115
Olfr694	20	0.37688	0.78618	1.0	2164	4	-3.2044	0.085889	0.074869	0.803873	247	0	-3.2044
Grm6	20	0.37733	0.78679	1.0	2165	8	-3.6027	0.70296	0.62185	0.901239	1967	0	-3.6027
Olfr623	20	0.37794	0.78688	1.0	2166	5	-3.5152	0.42389	0.365	0.859701	1199	0	-3.5152
Olfr583	20	0.37808	0.78713	1.0	2167	8	-3.5775	0.57436	0.50986	0.893438	1617	0	-3.5775
Sez6l2	20	0.38	0.7888	1.0	2168	8	-3.8158	0.88588	0.84568	0.964081	2509	0	-3.8158
Olfr735	20	0.38	0.7888	1.0	2169	10	-3.8073	0.70296	0.62185	0.901239	1966	0	-3.8073
Slc6a15	20	0.38042	0.789	1.0	2170	8	-3.6953	0.79311	0.72986	0.932053	2239	0	-3.6953
Efna4	20	0.38084	0.78929	1.0	2171	11	-3.9061	0.69267	0.61215	0.899961	1950	0	-3.9061
Olfr177	20	0.38084	0.78929	1.0	2172	11	-3.9083	0.88588	0.84568	0.964081	2499	0	-3.9083
Thsd7a	20	0.38084	0.78929	1.0	2173	11	-3.9061	0.10717	0.089726	0.803873	301	0	-3.9061
Olfr514	20	0.38084	0.78929	1.0	2174	11	-3.9068	0.81946	0.768	0.949373	2314	0	-3.9068
Gpr82	20	0.38084	0.78929	1.0	2175	11	-3.9332	0.69267	0.61215	0.899961	1948	0	-3.9332
Cd200r2	17	0.38132	0.77112	1.0	2176	9	-3.8623	0.84196	0.79602	0.952925	2372	0	-3.8623
Olfr331	19	0.38156	0.78631	1.0	2177	5	-3.2057	0.56485	0.50239	0.893438	1591	0	-3.2057
Plxnc1	20	0.38271	0.79055	1.0	2178	9	-3.5982	0.5005	0.42702	0.86643	1408	0	-3.5982
Slitrk6	20	0.38314	0.79062	1.0	2179	7	-3.4646	0.4756	0.40662	0.864664	1331	0	-3.4646
Gabrg1	20	0.38416	0.79176	1.0	2180	11	-3.9347	0.013708	0.0098282	0.592062	41	0	-3.9347
Chrm4	19	0.3846	0.78807	1.0	2181	10	-3.8287	0.95409	0.93719	0.987576	2709	0	-3.8287
Ifnar1	20	0.38492	0.79248	1.0	2182	11	-3.9137	0.81372	0.75798	0.944334	2293	0	-3.9137
Trp53i13	20	0.38492	0.79248	1.0	2183	11	-3.8963	0.36478	0.32315	0.859701	1050	0	-3.8963
Lysmd3	20	0.38511	0.79324	1.0	2184	10	-3.74	0.5005	0.42702	0.86643	1398	0	-3.74
Tm9sf2	20	0.38511	0.79324	1.0	2185	9	-3.5712	0.40286	0.35196	0.859701	1155	0	-3.5712
Lypd5	18	0.38521	0.78198	1.0	2186	8	-3.7124	0.55214	0.48896	0.893438	1549	0	-3.7124
Vsig10l	19	0.38549	0.78847	1.0	2187	9	-3.845	0.17632	0.17053	0.859701	493	0	-3.845
Prnd	5	0.38589	0.63222	1.0	2188	3	-4.0147	0.57511	0.53413	0.893438	1623	0	-4.0147
C5ar1	20	0.38708	0.79545	1.0	2189	7	-3.7025	0.45989	0.39802	0.864664	1308	0	-3.7025
Olfr699	20	0.38744	0.79546	1.0	2190	9	-3.8331	0.99053	0.98424	0.995027	2827	0	-3.8331
Igdcc4	20	0.38783	0.79549	1.0	2191	11	-3.8969	0.50623	0.4329	0.86643	1418	0	-3.8969
Mr1	20	0.38783	0.79549	1.0	2192	11	-3.8084	0.023505	0.019603	0.691901	72	0	-3.8084
Gpr35	20	0.38783	0.79549	1.0	2193	11	-3.8809	0.77453	0.70948	0.929989	2180	0	-3.8809
Olfr1509	20	0.38783	0.79549	1.0	2194	11	-3.7343	0.14591	0.14675	0.859701	415	0	-3.7343
Lrrc52	20	0.38857	0.79665	1.0	2195	10	-3.9232	0.96518	0.95095	0.98923	2744	0	-3.9232
Tlr4	20	0.38875	0.79688	1.0	2196	7	-3.1855	0.091672	0.078451	0.803873	256	0	-3.1855
Taar1	19	0.38896	0.79165	1.0	2197	9	-3.5582	0.273	0.26436	0.859701	772	0	-3.5582
Olfr1254	19	0.38896	0.79165	1.0	2198	9	-3.5399	0.93145	0.90925	0.979513	2645	0	-3.5399
Olfr502	19	0.38915	0.79191	1.0	2199	10	-3.9011	0.47253	0.40094	0.864664	1323	0	-3.9011
Ano1	20	0.38953	0.79753	1.0	2200	11	-3.8751	0.46789	0.40051	0.864664	1312	0	-3.8751
Ceacam2	20	0.39021	0.79776	1.0	2201	7	-3.3821	0.061936	0.04659	0.727615	179	0	-3.3821
Slc10a2	20	0.39053	0.79797	1.0	2202	9	-3.6467	0.53747	0.47557	0.893018	1511	0	-3.6467
Gpr12	20	0.39058	0.79855	1.0	2203	10	-3.9221	0.4756	0.40662	0.864664	1326	0	-3.9221
Olfr31	20	0.39154	0.79943	1.0	2204	10	-3.8569	0.93111	0.90581	0.979345	2643	0	-3.8569
Slc7a2	20	0.39197	0.79965	1.0	2205	9	-3.5291	0.061936	0.04659	0.727615	175	0	-3.5291
Egfr	20	0.39197	0.79965	1.0	2206	8	-3.5565	0.2019	0.19707	0.859701	572	0	-3.5565
Cd74	20	0.39205	0.80011	1.0	2207	11	-3.9263	0.56322	0.50348	0.893438	1568	0	-3.9263
Opn1sw	20	0.39205	0.80011	1.0	2208	11	-3.8818	0.71961	0.6518	0.921069	2005	0	-3.8818
Ldlrad4	20	0.39205	0.80011	1.0	2209	11	-3.882	0.92696	0.89876	0.97593	2626	0	-3.882
Lhfpl1	20	0.39205	0.80011	1.0	2210	11	-3.8876	0.55412	0.49492	0.893438	1555	0	-3.8876
Atg9a	20	0.39212	0.80058	1.0	2211	9	-3.7843	0.33621	0.30743	0.859701	966	0	-3.7843
Pcdhgc5	18	0.39254	0.78756	1.0	2212	10	-3.9156	0.59543	0.52534	0.893438	1661	0	-3.9156
Olfr1513	19	0.39341	0.79462	1.0	2213	10	-3.8919	0.57968	0.51132	0.893438	1624	0	-3.8919
Olfr354	19	0.39362	0.79479	1.0	2214	9	-3.8287	0.36812	0.32728	0.859701	1053	0	-3.8287
Cd40	20	0.3942	0.80279	1.0	2215	6	-3.6676	0.89924	0.86464	0.969454	2549	0	-3.6676
Olfr704	20	0.39543	0.80345	1.0	2216	7	-3.4758	0.0316	0.027397	0.691901	96	0	-3.4758
Olfr592	20	0.39585	0.80383	1.0	2217	10	-3.7453	0.62625	0.55119	0.893599	1745	0	-3.7453
Scarb2	20	0.39636	0.80457	1.0	2218	11	-3.7594	0.86754	0.82401	0.961085	2448	0	-3.7594
Slc51b	20	0.39706	0.8053	1.0	2219	10	-3.8398	0.97847	0.96904	0.991919	2789	0	-3.8398
Slc43a1	20	0.39737	0.80601	1.0	2220	7	-3.4609	0.55412	0.49492	0.893438	1561	0	-3.4609
Olfr228	20	0.39764	0.80623	1.0	2221	8	-3.5035	0.091672	0.078451	0.803873	266	0	-3.5035
Rnf128	18	0.3986	0.79317	1.0	2222	8	-3.7022	0.034871	0.028828	0.691901	102	0	-3.7022
Igsf11	20	0.39953	0.80721	1.0	2223	11	-3.8721	0.5005	0.42702	0.86643	1400	0	-3.8721
Olfr1228	20	0.39953	0.80721	1.0	2224	11	-3.8974	0.013708	0.0098282	0.592062	39	0	-3.8974
Galr2	20	0.40021	0.80801	1.0	2225	10	-3.8482	0.19408	0.19224	0.859701	548	0	-3.8482
Olfr1265	18	0.40096	0.79558	1.0	2226	6	-3.5172	0.25324	0.24954	0.859701	709	0	-3.5172
Il4ra	20	0.40098	0.80854	1.0	2227	10	-3.904	0.42389	0.365	0.859701	1205	0	-3.904
Tnfrsf21	20	0.40138	0.80902	1.0	2228	11	-3.874	0.5005	0.42702	0.86643	1411	0	-3.874
Xcr1	20	0.4021	0.80925	1.0	2229	7	-3.3776	0.04839	0.035147	0.691901	136	0	-3.3776
Slc16a8	20	0.40285	0.8101	1.0	2230	10	-3.895	0.50996	0.43412	0.86643	1436	0	-3.895
Cntfr	19	0.40287	0.80055	1.0	2231	7	-3.5463	0.62318	0.54932	0.893599	1732	0	-3.5463
Oxtr	20	0.40316	0.81036	1.0	2232	8	-3.6593	0.2851	0.27517	0.859701	801	0	-3.6593
Disp2	19	0.40354	0.80088	1.0	2233	9	-3.7175	0.26525	0.26156	0.859701	747	0	-3.7175
Olfr1123	18	0.40384	0.79813	1.0	2234	9	-3.8834	0.096994	0.082189	0.803873	272	0	-3.8834
Fras1	20	0.40571	0.81324	1.0	2235	8	-3.5319	0.50996	0.43412	0.86643	1433	0	-3.5319
Gjc3	20	0.40604	0.8136	1.0	2236	10	-3.81	0.30301	0.28716	0.859701	856	0	-3.81
Psg28	17	0.40605	0.79176	1.0	2237	5	-3.1648	0.29413	0.26979	0.859701	837	0	-3.1648
Dscam	20	0.4063	0.81389	1.0	2238	10	-3.8087	0.70296	0.62185	0.901239	1979	0	-3.8087
Plppr1	20	0.40691	0.81402	1.0	2239	7	-3.5593	0.65127	0.57155	0.893599	1815	0	-3.5593
Olfr1272	20	0.40691	0.81402	1.0	2240	8	-3.4087	0.75656	0.68714	0.921069	2131	0	-3.4087
Olfr1260	20	0.40691	0.81402	1.0	2241	9	-3.7976	0.38321	0.34119	0.859701	1099	0	-3.7976
C130060K24Rik	20	0.40691	0.81402	1.0	2242	9	-3.6711	0.35979	0.3202	0.859701	1029	0	-3.6711
Olfr417	20	0.40737	0.81409	1.0	2243	7	-3.6697	0.2851	0.27517	0.859701	798	0	-3.6697
Tas2r138	18	0.4074	0.80096	1.0	2244	8	-3.7795	0.79722	0.74777	0.94009	2243	0	-3.7795
Olfr328	20	0.40768	0.81426	1.0	2245	9	-3.7456	0.37347	0.33295	0.859701	1066	0	-3.7456
Olfr1493-ps1	18	0.4081	0.80166	1.0	2246	9	-3.8919	0.44708	0.37833	0.859701	1276	0	-3.8919
Atp4b	20	0.40834	0.81459	1.0	2247	10	-3.8265	0.53747	0.47557	0.893018	1515	0	-3.8265
Mpeg1	20	0.40871	0.81539	1.0	2248	10	-3.8757	0.64205	0.56615	0.893599	1776	0	-3.8757
Slco6c1	20	0.40871	0.81539	1.0	2249	10	-3.8883	0.36478	0.32315	0.859701	1047	0	-3.8883
Slc39a2	20	0.40968	0.81629	1.0	2250	8	-3.6077	0.65127	0.57155	0.893599	1813	0	-3.6077
Pcdha2	13	0.40972	0.77058	1.0	2251	7	-3.8641	0.88107	0.851	0.965529	2492	0	-3.8641
Tgfbr2	20	0.40992	0.81645	1.0	2252	7	-3.4549	0.46789	0.40051	0.864664	1316	0	-3.4549
Vldlr	20	0.4103	0.81656	1.0	2253	9	-3.7085	0.52942	0.46351	0.886569	1493	0	-3.7085
Gpr50	20	0.41049	0.8166	1.0	2254	9	-3.5515	0.54571	0.48425	0.893438	1532	0	-3.5515
Atp1b1	20	0.41076	0.81664	1.0	2255	11	-3.8329	0.14591	0.14675	0.859701	409	0	-3.8329
Olfr814	14	0.41133	0.78329	1.0	2256	4	-3.4795	0.57247	0.49385	0.893438	1598	0	-3.4795
Tas2r120	20	0.41184	0.81753	1.0	2257	9	-3.7378	0.074836	0.061776	0.803873	217	0	-3.7378
Vsig1	20	0.41222	0.81778	1.0	2258	8	-3.6818	0.068796	0.052273	0.754525	192	0	-3.6818
Tas2r115	18	0.41325	0.80502	1.0	2259	6	-3.542	0.1082	0.093912	0.827588	321	0	-3.542
Megf11	20	0.41331	0.81885	1.0	2260	8	-3.5029	0.13973	0.13982	0.859701	393	0	-3.5029
Olfr512	20	0.41538	0.81967	1.0	2261	8	-3.6547	0.14591	0.14675	0.859701	413	0	-3.6547
Scn5a	20	0.41538	0.81967	1.0	2262	9	-3.7463	0.56322	0.50348	0.893438	1588	0	-3.7463
Slco1a6	20	0.41768	0.82055	1.0	2263	9	-3.7465	0.76338	0.69193	0.921069	2146	0	-3.7465
Aqp4	20	0.421	0.822	1.0	2264	7	-3.5508	0.65984	0.57781	0.893599	1847	0	-3.5508
Ache	20	0.421	0.822	1.0	2265	6	-3.5642	0.57436	0.50986	0.893438	1607	0	-3.5642
Gabrb1	20	0.42103	0.82206	1.0	2266	7	-3.5338	0.054241	0.038977	0.691901	161	0	-3.5338
Msr1	20	0.42107	0.82214	1.0	2267	7	-3.5408	0.25691	0.25121	0.859701	735	0	-3.5408
Timd4	20	0.42281	0.82312	1.0	2268	10	-3.7965	0.080532	0.069392	0.803873	224	0	-3.7965
Ptcra	16	0.42343	0.80314	1.0	2269	8	-3.9233	0.338	0.29371	0.859701	974	0	-3.9233
Chrna1	20	0.42384	0.82367	1.0	2270	9	-3.5408	0.12871	0.12019	0.859701	367	0	-3.5408
Olfr410	18	0.42398	0.81313	1.0	2271	6	-3.5111	0.69512	0.62804	0.908376	1953	0	-3.5111
Olfr517	18	0.42413	0.81318	1.0	2272	8	-3.6861	0.5364	0.47412	0.893018	1507	0	-3.6861
Gp2	20	0.42441	0.82404	1.0	2273	10	-3.776	0.29267	0.27967	0.859701	826	0	-3.776
Olfr569	18	0.42582	0.81398	1.0	2274	8	-3.4083	0.44063	0.37486	0.859701	1262	0	-3.4083
Cd8a	20	0.42611	0.82464	1.0	2275	9	-3.7014	0.39239	0.34533	0.859701	1118	0	-3.7014
Olfr558	20	0.42705	0.82504	1.0	2276	8	-3.4487	0.074836	0.061776	0.803873	220	0	-3.4487
Vmn1r68	16	0.42793	0.80627	1.0	2277	8	-3.7571	0.17257	0.16639	0.859701	491	0	-3.7571
Pth1r	19	0.42797	0.81816	1.0	2278	8	-3.7544	0.29031	0.27555	0.859701	817	0	-3.7544
Slc6a5	20	0.42831	0.82537	1.0	2279	7	-3.4332	0.38321	0.34119	0.859701	1102	0	-3.4332
Olfr1082	11	0.42876	0.76509	1.0	2280	6	-3.9288	0.55383	0.48495	0.893438	1551	0	-3.9288
H2-M10.4	20	0.42948	0.82572	1.0	2281	10	-3.655	0.93979	0.91815	0.982062	2673	0	-3.655
Olfr715b	16	0.42996	0.80789	1.0	2282	5	-3.1145	0.20353	0.19981	0.859701	578	0	-3.1145
Clstn3	19	0.43065	0.82081	1.0	2283	9	-3.8484	0.71459	0.6483	0.921069	2003	0	-3.8484
Csf2rb2	20	0.43083	0.82736	1.0	2284	9	-3.765	0.56322	0.50348	0.893438	1574	0	-3.765
Zp1	20	0.43104	0.82738	1.0	2285	10	-3.7466	0.011079	0.0078484	0.592062	31	0	-3.7466
Sspn	18	0.43128	0.81812	1.0	2286	6	-3.4949	0.034871	0.028828	0.691901	101	0	-3.4949
Slc22a26	19	0.43166	0.82132	1.0	2287	8	-3.3809	0.29984	0.28257	0.859701	841	0	-3.3809
Hrh4	18	0.43201	0.8188	1.0	2288	8	-3.6409	0.61252	0.5342	0.893438	1710	0	-3.6409
Pcdhgb4	16	0.43243	0.80896	1.0	2289	6	-3.7945	0.62134	0.54239	0.893599	1731	0	-3.7945
Lrfn5	20	0.4337	0.82886	1.0	2290	10	-3.7815	0.30301	0.28716	0.859701	853	0	-3.7815
Olfr727	20	0.4337	0.82886	1.0	2291	10	-3.871	0.13973	0.13982	0.859701	398	0	-3.871
Vmn1r236	20	0.4337	0.82886	1.0	2292	10	-3.7988	0.19408	0.19224	0.859701	552	0	-3.7988
Hcrtr1	20	0.43417	0.82899	1.0	2293	8	-3.6577	0.87547	0.83508	0.964081	2469	0	-3.6577
Tnfrsf19	20	0.43443	0.8292	1.0	2294	7	-3.4725	0.83016	0.78187	0.9521	2341	0	-3.4725
Gm21985	5	0.43665	0.68169	1.0	2295	2	-3.7551	0.31092	0.2664	0.859701	872	0	-3.7551
Il20ra	17	0.43843	0.81896	1.0	2296	9	-3.907	0.32004	0.28359	0.859701	898	0	-3.907
Vmn1r231	20	0.43866	0.83203	1.0	2297	9	-3.4321	0.51949	0.4466	0.874234	1462	0	-3.4321
Thsd1	19	0.43885	0.82603	1.0	2298	10	-3.7936	0.6074	0.53425	0.893438	1695	0	-3.7936
Aqp9	19	0.43927	0.82645	1.0	2299	10	-3.9011	0.90507	0.87396	0.971091	2558	0	-3.9011
Sectm1a	18	0.43962	0.82336	1.0	2300	8	-3.6039	0.7578	0.69314	0.921824	2134	0	-3.6039
Olfr504	20	0.43968	0.83269	1.0	2301	9	-3.6453	0.23813	0.23118	0.859701	668	0	-3.6453
Tmem123	20	0.43968	0.83269	1.0	2302	10	-3.834	0.92118	0.89243	0.975355	2614	0	-3.834
Olfr1442	19	0.43973	0.82686	1.0	2303	10	-3.9015	0.62318	0.54932	0.893599	1733	0	-3.9015
Havcr2	20	0.44028	0.83298	1.0	2304	10	-3.8097	0.13395	0.13281	0.859701	381	0	-3.8097
Olfr141	20	0.44056	0.83329	1.0	2305	10	-3.8785	0.18468	0.17743	0.859701	517	0	-3.8785
Olfr71	20	0.441	0.83368	1.0	2306	9	-3.8018	0.61251	0.53305	0.893438	1698	0	-3.8018
Olfr1505	20	0.4422	0.83427	1.0	2307	8	-3.711	0.10717	0.089726	0.803873	315	0	-3.711
Gpr142	20	0.44241	0.83434	1.0	2308	4	-3.1271	0.56322	0.50348	0.893438	1573	0	-3.1271
Sema5b	20	0.44264	0.8344	1.0	2309	10	-3.853	0.85015	0.80138	0.952925	2400	0	-3.853
Lrrc19	20	0.44271	0.83463	1.0	2310	7	-3.5755	0.65984	0.57781	0.893599	1845	0	-3.5755
Olfr984	18	0.44492	0.82685	1.0	2311	9	-3.7887	0.45447	0.38408	0.859701	1295	0	-3.7887
Olfr275	19	0.44556	0.83109	1.0	2312	8	-3.5291	0.74569	0.6752	0.921069	2103	0	-3.5291
Olfr368	19	0.44564	0.83111	1.0	2313	10	-3.8623	0.13323	0.13373	0.859701	375	0	-3.8623
Tas2r116	20	0.4464	0.83757	1.0	2314	9	-3.6786	0.59038	0.52517	0.893438	1657	0	-3.6786
Olfr448	20	0.44803	0.83794	1.0	2315	8	-3.6578	0.10717	0.089726	0.803873	302	0	-3.6578
Cd52	20	0.44803	0.83794	1.0	2316	7	-3.2865	0.43317	0.37531	0.859701	1227	0	-3.2865
Olfr304	19	0.44927	0.83362	1.0	2317	7	-3.8097	0.24579	0.24135	0.859701	693	0	-3.8097
Trat1	18	0.44938	0.82983	1.0	2318	5	-3.4686	0.73304	0.66245	0.921069	2057	0	-3.4686
Ptprq	20	0.44955	0.83908	1.0	2319	8	-3.4424	0.18468	0.17743	0.859701	530	0	-3.4424
Olfr1250	16	0.4501	0.81904	1.0	2320	8	-3.7779	0.94831	0.93163	0.986498	2696	0	-3.7779
Olfr483	20	0.45033	0.83964	1.0	2321	9	-3.8109	0.68002	0.60323	0.899961	1896	0	-3.8109
Slc22a13	20	0.45093	0.8398	1.0	2322	7	-3.2705	0.2019	0.19707	0.859701	576	0	-3.2705
Areg	18	0.45244	0.83156	1.0	2323	8	-3.7703	0.75241	0.68954	0.921069	2116	0	-3.7703
Olfr729	20	0.45283	0.84078	1.0	2324	10	-3.849	0.68488	0.60723	0.899961	1916	0	-3.849
Il1rap	20	0.45343	0.8414	1.0	2325	7	-3.6441	0.48231	0.41025	0.864664	1338	0	-3.6441
Cpm	19	0.45353	0.83635	1.0	2326	10	-3.818	0.72055	0.65261	0.921069	2022	0	-3.818
Mfsd2a	20	0.45356	0.84144	1.0	2327	10	-3.8562	0.58349	0.51911	0.893438	1631	0	-3.8562
Slc6a11	20	0.45432	0.84159	1.0	2328	9	-3.7931	0.63413	0.56247	0.893599	1764	0	-3.7931
Kcnj12	17	0.45506	0.8309	1.0	2329	7	-3.6856	0.85783	0.8179	0.958403	2423	0	-3.6856
Nlgn1	20	0.45537	0.84225	1.0	2330	10	-3.7031	0.33621	0.30743	0.859701	970	0	-3.7031
Olfr1243	19	0.45698	0.83973	1.0	2331	8	-3.5512	0.8574	0.81536	0.958403	2422	0	-3.5512
Olfr979	18	0.45719	0.83622	1.0	2332	9	-3.6478	0.1765	0.17606	0.859701	497	0	-3.6478
Olfr63	20	0.45767	0.84349	1.0	2333	9	-3.845	0.74465	0.67669	0.921069	2085	0	-3.845
Vmn1r69	20	0.45824	0.84369	1.0	2334	9	-3.7093	0.098776	0.084119	0.803873	276	0	-3.7093
Fcgrt	20	0.45842	0.84382	1.0	2335	8	-3.7276	0.017965	0.011808	0.592062	57	0	-3.7276
Fat1	20	0.459	0.84435	1.0	2336	10	-3.8313	0.15388	0.15369	0.859701	434	0	-3.8313
Gm26938	13	0.46033	0.81047	1.0	2337	4	-3.111	0.42604	0.37078	0.859701	1220	0	-3.111
Nup210l	20	0.46048	0.84488	1.0	2338	9	-3.7545	0.64205	0.56615	0.893599	1780	0	-3.7545
Olfr497	20	0.46093	0.84537	1.0	2339	7	-3.7056	0.16235	0.15696	0.859701	462	0	-3.7056
Relt	20	0.46399	0.84727	1.0	2340	5	-3.4424	0.65127	0.57155	0.893599	1814	0	-3.4424
Slitrk2	20	0.46412	0.84736	1.0	2341	8	-3.2152	0.25691	0.25121	0.859701	726	0	-3.2152
Glra2	19	0.46419	0.84476	1.0	2342	10	-3.8837	0.058932	0.044807	0.727615	165	0	-3.8837
Cacng3	18	0.46476	0.84124	1.0	2343	7	-3.4876	0.95692	0.94059	0.98828	2717	0	-3.4876
Slc8a1	20	0.46589	0.84786	1.0	2344	9	-3.6918	0.18468	0.17743	0.859701	527	0	-3.6918
Adcy3	20	0.46604	0.84805	1.0	2345	10	-3.8357	0.89543	0.85962	0.969328	2534	0	-3.8357
Fzd3	20	0.46645	0.84868	1.0	2346	8	-3.8147	0.2019	0.19707	0.859701	571	0	-3.8147
Cd79b	20	0.4678	0.84928	1.0	2347	6	-3.5814	0.13395	0.13281	0.859701	379	0	-3.5814
Ly9	19	0.46859	0.84729	1.0	2348	8	-3.7069	0.55579	0.49329	0.893438	1564	0	-3.7069
Pcdhb16	20	0.46863	0.84988	1.0	2349	10	-3.7431	0.43317	0.37531	0.859701	1221	0	-3.7431
Gfral	18	0.47068	0.84503	1.0	2350	8	-3.697	0.44063	0.37486	0.859701	1264	0	-3.697
Kcnk5	20	0.47082	0.8507	1.0	2351	10	-3.7861	0.92118	0.89243	0.975355	2612	0	-3.7861
Cxcr2	20	0.47082	0.8507	1.0	2352	10	-3.8084	0.70296	0.62185	0.901239	1980	0	-3.8084
Grm1	20	0.47178	0.85199	1.0	2353	9	-3.7985	0.70296	0.62185	0.901239	1974	0	-3.7985
Ccr9	20	0.47309	0.85308	1.0	2354	9	-3.6497	0.52942	0.46351	0.886569	1495	0	-3.6497
H2-D1	16	0.4743	0.83348	1.0	2355	7	-3.8107	0.76225	0.71002	0.929989	2136	0	-3.8107
Olfr15	16	0.47479	0.8344	1.0	2356	6	-3.5424	0.010981	0.008058	0.592062	30	0	-3.5424
Dpep2	19	0.47485	0.85288	1.0	2357	9	-3.7855	0.41685	0.36097	0.859701	1183	0	-3.7855
Tnfrsf14	20	0.47532	0.85449	1.0	2358	10	-3.7661	0.12871	0.12019	0.859701	372	0	-3.7661
Ctla4	20	0.47532	0.85449	1.0	2359	10	-3.8704	0.6059	0.53009	0.893438	1690	0	-3.8704
Abcb9	20	0.47541	0.85476	1.0	2360	10	-3.889	0.58349	0.51911	0.893438	1640	0	-3.889
Gabra6	20	0.47581	0.85492	1.0	2361	9	-3.8553	0.80328	0.74299	0.93627	2255	0	-3.8553
Slc12a6	5	0.47659	0.71973	1.0	2362	2	-3.0595	0.4147	0.37045	0.859701	1180	0	-3.0595
Psen2	20	0.4776	0.85528	1.0	2363	10	-3.7071	0.37347	0.33295	0.859701	1065	0	-3.7071
Olfr271-ps1	20	0.47842	0.85598	1.0	2364	10	-3.8201	0.80328	0.74299	0.93627	2271	0	-3.8201
Olfr1020	19	0.47961	0.85575	1.0	2365	7	-3.6951	0.32247	0.29512	0.859701	900	0	-3.6951
Mcoln1	20	0.48063	0.8571	1.0	2366	10	-3.7323	0.84212	0.79474	0.952925	2380	0	-3.7323
Rell1	20	0.48142	0.85743	1.0	2367	5	-3.5751	0.51949	0.4466	0.874234	1468	0	-3.5751
Kcnj3	20	0.48142	0.85743	1.0	2368	8	-3.6505	0.44002	0.383	0.859701	1260	0	-3.6505
Adora1	18	0.48147	0.85146	1.0	2369	9	-3.7709	0.35267	0.31274	0.859701	1008	0	-3.7709
Lrrc25	20	0.48278	0.85808	1.0	2370	10	-3.779	0.95087	0.933	0.986498	2703	0	-3.779
Gm6614	20	0.48278	0.85808	1.0	2371	10	-3.672	0.2851	0.27517	0.859701	807	0	-3.672
Cd7	20	0.48278	0.85808	1.0	2372	10	-3.8798	0.70296	0.62185	0.901239	1981	0	-3.8798
Pcdhb19	19	0.48303	0.85827	1.0	2373	9	-3.666	0.89368	0.8608	0.969328	2529	0	-3.666
Olfr809	20	0.48449	0.85912	1.0	2374	7	-3.4454	0.11948	0.10222	0.827588	329	0	-3.4454
4922502D21Rik	19	0.48758	0.86181	1.0	2375	10	-3.8661	0.80333	0.75188	0.943313	2273	0	-3.8661
Il1rapl2	20	0.48781	0.86052	1.0	2376	9	-3.7676	0.92923	0.9024	0.977657	2639	0	-3.7676
Icam4	20	0.48797	0.86057	1.0	2377	9	-3.5576	0.074836	0.061776	0.803873	219	0	-3.5576
Tgfbr1	20	0.48906	0.8611	1.0	2378	10	-3.7807	0.40286	0.35196	0.859701	1156	0	-3.7807
Klrb1b	5	0.48912	0.73048	1.0	2379	2	-3.4302	0.089536	0.084335	0.803873	252	0	-3.4302
Psg17	19	0.48947	0.86335	1.0	2380	8	-3.4645	0.62318	0.54932	0.893599	1734	0	-3.4645
Gm49378	15	0.48972	0.84519	1.0	2381	5	-3.6762	0.017681	0.015011	0.691901	46	0	-3.6762
Olfr1117-ps1	20	0.49008	0.86191	1.0	2382	8	-3.6019	0.35532	0.31877	0.859701	1010	0	-3.6019
Mrgpra9	20	0.49095	0.86236	1.0	2383	9	-3.7376	0.33621	0.30743	0.859701	963	0	-3.7376
Olfr52	20	0.49113	0.8626	1.0	2384	7	-3.4767	0.5005	0.42702	0.86643	1387	0	-3.4767
Tas2r129	20	0.49126	0.8628	1.0	2385	8	-3.3491	0.080532	0.069392	0.803873	226	0	-3.3491
F2rl1	20	0.49126	0.8628	1.0	2386	8	-3.7588	0.69267	0.61215	0.899961	1949	0	-3.7588
Plb1	20	0.49297	0.86392	1.0	2387	8	-3.6219	0.24757	0.24212	0.859701	700	0	-3.6219
Gpr68	18	0.49415	0.85767	1.0	2388	6	-3.502	0.86485	0.82422	0.961085	2443	0	-3.502
Olfr353	20	0.49458	0.86481	1.0	2389	7	-3.5671	0.30301	0.28716	0.859701	860	0	-3.5671
Car12	20	0.49462	0.8649	1.0	2390	9	-3.7583	0.83398	0.78649	0.952925	2355	0	-3.7583
Nox4	20	0.49513	0.86523	1.0	2391	8	-3.504	0.15388	0.15369	0.859701	432	0	-3.504
Olfr317	20	0.49584	0.86523	1.0	2392	7	-3.3694	0.75656	0.68714	0.921069	2132	0	-3.3694
Olfr424	20	0.49662	0.86615	1.0	2393	5	-3.4937	0.14591	0.14675	0.859701	414	0	-3.4937
Lhcgr	20	0.4982	0.86711	1.0	2394	10	-3.8426	0.33621	0.30743	0.859701	967	0	-3.8426
Mmel1	19	0.49879	0.86919	1.0	2395	7	-3.5291	0.84439	0.79546	0.952925	2384	0	-3.5291
Olfr1263	20	0.50024	0.86808	1.0	2396	7	-3.408	0.75045	0.68359	0.921069	2115	0	-3.408
Olfr1089	20	0.50189	0.8689	1.0	2397	6	-3.6072	0.62625	0.55119	0.893599	1751	0	-3.6072
Olfr746	20	0.50349	0.86983	1.0	2398	9	-3.486	0.78799	0.72634	0.930695	2233	0	-3.486
Olfr1253	20	0.5041	0.87021	1.0	2399	8	-3.7871	0.30301	0.28716	0.859701	858	0	-3.7871
Gfra3	20	0.50444	0.87064	1.0	2400	6	-3.4031	0.071123	0.054177	0.774183	202	0	-3.4031
Gpr174	20	0.5053	0.87109	1.0	2401	10	-3.8506	0.40286	0.35196	0.859701	1144	0	-3.8506
Cd36	18	0.5055	0.86455	1.0	2402	8	-3.2624	0.15456	0.14666	0.859701	445	0	-3.2624
Tm7sf3	20	0.50555	0.87145	1.0	2403	7	-3.593	0.23813	0.23118	0.859701	661	0	-3.593
Olfr1051	14	0.50824	0.84859	1.0	2404	5	-3.5912	0.057078	0.048944	0.754525	164	0	-3.5912
Ildr1	19	0.50861	0.87396	1.0	2405	8	-3.5776	0.00047367	1.7322e-06	0.001238	2	0	-3.5776
Adam10	20	0.50903	0.87309	1.0	2406	6	-3.5471	0.37347	0.33295	0.859701	1069	0	-3.5471
Il11ra1	17	0.50911	0.86493	1.0	2407	7	-3.7367	0.70627	0.63363	0.910402	1985	0	-3.7367
Tmem255a	20	0.5092	0.87317	1.0	2408	10	-3.6757	0.31691	0.29751	0.859701	892	0	-3.6757
Zp2	20	0.50949	0.87334	1.0	2409	10	-3.7188	0.51366	0.43535	0.867659	1444	0	-3.7188
Olfr480	20	0.50989	0.87401	1.0	2410	6	-3.1147	0.023505	0.019603	0.691901	62	0	-3.1147
Olfr1061	20	0.51212	0.875	1.0	2411	10	-3.7854	0.15388	0.15369	0.859701	443	0	-3.7854
Gm156	20	0.51226	0.87538	1.0	2412	6	-3.422	0.098776	0.084119	0.803873	279	0	-3.422
Upk3b	20	0.51251	0.87557	1.0	2413	8	-3.6438	0.91878	0.88902	0.974241	2605	0	-3.6438
Rxfp4	20	0.51298	0.87571	1.0	2414	10	-3.857	0.48999	0.4163	0.864664	1374	0	-3.857
Chodl	17	0.51324	0.86659	1.0	2415	8	-3.8194	0.96761	0.95385	0.989621	2753	0	-3.8194
Fam187b	20	0.51327	0.87602	1.0	2416	9	-3.5834	0.16235	0.15696	0.859701	455	0	-3.5834
Pcdh17	20	0.51439	0.87712	1.0	2417	8	-3.5833	0.10717	0.089726	0.803873	294	0	-3.5833
Htr5a	18	0.51688	0.87141	1.0	2418	6	-3.5389	0.50842	0.44997	0.876632	1423	0	-3.5389
Il12rb2	20	0.52015	0.88087	1.0	2419	8	-3.5522	0.91878	0.88902	0.974241	2609	0	-3.5522
Olfr201	20	0.52024	0.88095	1.0	2420	9	-3.7053	0.50996	0.43412	0.86643	1428	0	-3.7053
Slc22a19	20	0.52177	0.8817	1.0	2421	10	-3.8559	0.33621	0.30743	0.859701	957	0	-3.8559
Tas2r109	20	0.52196	0.88218	1.0	2422	6	-3.5684	0.51949	0.4466	0.874234	1452	0	-3.5684
Olfr370	19	0.52211	0.8801	1.0	2423	9	-3.739	0.641	0.56071	0.893599	1771	0	-3.739
Vmn1r235	20	0.52213	0.88218	1.0	2424	10	-3.8352	0.37347	0.33295	0.859701	1062	0	-3.8352
Zdhhc5	20	0.52229	0.88218	1.0	2425	8	-3.4103	0.18468	0.17743	0.859701	514	0	-3.4103
Tmem25	19	0.52267	0.88041	1.0	2426	7	-3.6275	0.40779	0.35089	0.859701	1161	0	-3.6275
Olfr1157	20	0.52408	0.88246	1.0	2427	10	-3.8177	0.76338	0.69193	0.921069	2150	0	-3.8177
Adcy6	20	0.52412	0.88261	1.0	2428	7	-3.3907	0.7114	0.63513	0.910402	1995	0	-3.3907
Serinc3	19	0.52432	0.88135	1.0	2429	9	-3.8097	0.6929	0.61884	0.901239	1952	0	-3.8097
Tas2r113	20	0.52445	0.88281	1.0	2430	9	-3.632	0.23813	0.23118	0.859701	662	0	-3.632
Kitl	16	0.52485	0.86551	1.0	2431	5	-3.5666	0.15854	0.15832	0.859701	449	0	-3.5666
Mpzl3	20	0.52674	0.88376	1.0	2432	9	-3.654	0.63413	0.56247	0.893599	1760	0	-3.654
Rnf167	20	0.52674	0.88376	1.0	2433	9	-3.4079	0.098776	0.084119	0.803873	278	0	-3.4079
Olfr705	20	0.52679	0.88404	1.0	2434	10	-3.7947	0.43317	0.37531	0.859701	1224	0	-3.7947
Olfr1192-ps1	13	0.52809	0.85275	1.0	2435	6	-3.7172	0.42604	0.37078	0.859701	1219	0	-3.7172
Olfr1445	20	0.52811	0.88435	1.0	2436	8	-3.4957	0.2019	0.19707	0.859701	566	0	-3.4957
Myof	19	0.52873	0.88387	1.0	2437	8	-3.6762	0.88294	0.84692	0.964721	2498	0	-3.6762
Olfr175-ps1	18	0.52972	0.87903	1.0	2438	7	-3.6868	0.27739	0.26304	0.859701	791	0	-3.6868
Tpbg	20	0.53012	0.88536	1.0	2439	10	-3.8474	0.96379	0.94914	0.98923	2739	0	-3.8474
Mrgpra4	20	0.53027	0.88583	1.0	2440	9	-3.723	0.50996	0.43412	0.86643	1426	0	-3.723
Itgb8	20	0.53078	0.88602	1.0	2441	8	-3.6958	0.19408	0.19224	0.859701	544	0	-3.6958
Olfr703	20	0.5315	0.88637	1.0	2442	8	-3.5159	0.36478	0.32315	0.859701	1052	0	-3.5159
Nfasc	19	0.5321	0.88568	1.0	2443	9	-3.7152	0.48286	0.41132	0.864664	1351	0	-3.7152
Olfr650-ps1	19	0.53222	0.88586	1.0	2444	7	-3.357	0.1021	0.086188	0.803873	291	0	-3.357
Mill1	20	0.5329	0.88717	1.0	2445	8	-3.4374	0.44999	0.39183	0.86208	1287	0	-3.4374
Slc29a3	20	0.53368	0.88745	1.0	2446	7	-3.7074	0.86332	0.8176	0.958403	2434	0	-3.7074
Tmed7	20	0.53389	0.88755	1.0	2447	10	-3.7026	0.017965	0.011808	0.592062	49	0	-3.7026
Bmpr1a	20	0.53389	0.88755	1.0	2448	10	-3.7325	0.84582	0.79654	0.952925	2387	0	-3.7325
Olfr677	20	0.53649	0.88885	1.0	2449	8	-3.7209	0.54571	0.48425	0.893438	1539	0	-3.7209
Tnfrsf22	20	0.53706	0.88944	1.0	2450	10	-3.8721	0.0087738	0.0078484	0.592062	24	0	-3.8721
Gp5	20	0.53933	0.89028	1.0	2451	9	-3.5838	0.66722	0.58309	0.89596	1862	0	-3.5838
Slco4c1	19	0.54004	0.88936	1.0	2452	8	-3.5291	0.3108	0.28814	0.859701	871	0	-3.5291
Art4	20	0.54008	0.89053	1.0	2453	7	-3.6824	0.24757	0.24212	0.859701	704	0	-3.6824
Ptafr	20	0.54206	0.89178	1.0	2454	8	-3.5018	0.56322	0.50348	0.893438	1585	0	-3.5018
Cldn2	20	0.54248	0.89228	1.0	2455	8	-3.5441	0.73281	0.66504	0.921069	2050	0	-3.5441
Olfr1369-ps1	17	0.54297	0.88035	1.0	2456	8	-3.818	0.54683	0.47423	0.893018	1545	0	-3.818
Slc9a7	19	0.54368	0.89084	1.0	2457	7	-3.4449	0.017074	0.011417	0.592062	45	0	-3.4449
Nptn	20	0.54404	0.89279	1.0	2458	8	-3.3004	0.16235	0.15696	0.859701	460	0	-3.3004
Olfr1404	20	0.54404	0.89279	1.0	2459	8	-3.5482	0.23813	0.23118	0.859701	672	0	-3.5482
Atp13a5	20	0.54404	0.89279	1.0	2460	9	-3.6194	0.44002	0.383	0.859701	1253	0	-3.6194
Gnrhr	19	0.54475	0.89147	1.0	2461	7	-3.535	0.58712	0.51327	0.893438	1645	0	-3.535
Notch2	20	0.54496	0.89318	1.0	2462	7	-3.6253	0.5005	0.42702	0.86643	1385	0	-3.6253
Pcdh18	20	0.54531	0.89352	1.0	2463	8	-3.7968	0.53747	0.47557	0.893018	1510	0	-3.7968
Tas2r140	17	0.5454	0.88178	1.0	2464	5	-3.2864	0.25496	0.2452	0.859701	713	0	-3.2864
Lrp10	20	0.54839	0.8958	1.0	2465	9	-3.4885	0.75045	0.68359	0.921069	2113	0	-3.4885
Fzd4	20	0.54846	0.89583	1.0	2466	10	-3.8428	0.61251	0.53305	0.893438	1703	0	-3.8428
Sema4d	20	0.54924	0.896	1.0	2467	7	-3.5855	0.50996	0.43412	0.86643	1440	0	-3.5855
Prss8	20	0.54925	0.89606	1.0	2468	10	-3.8287	0.23813	0.23118	0.859701	682	0	-3.8287
Gpr85	18	0.55076	0.89054	1.0	2469	5	-3.4592	0.42558	0.3666	0.859701	1214	0	-3.4592
Olfr1019	20	0.55162	0.89684	1.0	2470	7	-3.465	0.017965	0.011808	0.592062	55	0	-3.465
Olfr463	20	0.55193	0.89705	1.0	2471	10	-3.7751	0.88588	0.84568	0.964081	2502	0	-3.7751
Trhde	20	0.55219	0.89719	1.0	2472	8	-3.5507	0.5005	0.42702	0.86643	1401	0	-3.5507
Olfr698	20	0.55221	0.89723	1.0	2473	9	-3.7723	0.12871	0.12019	0.859701	366	0	-3.7723
Olfr1218	20	0.55289	0.89735	1.0	2474	7	-3.5089	0.13973	0.13982	0.859701	392	0	-3.5089
Tmprss13	20	0.55367	0.89783	1.0	2475	9	-3.6444	0.55412	0.49492	0.893438	1559	0	-3.6444
Olfr1215	20	0.55404	0.89807	1.0	2476	5	-3.495	0.32417	0.30044	0.859701	909	0	-3.495
Il1rl1	18	0.55522	0.89243	1.0	2477	7	-3.7562	0.80132	0.75268	0.943491	2252	0	-3.7562
Pcdhgb5	18	0.55591	0.89251	1.0	2478	6	-3.3157	0.32638	0.29215	0.859701	941	0	-3.3157
Olfr1116	20	0.55622	0.89937	1.0	2479	6	-3.5542	0.41327	0.35718	0.859701	1168	0	-3.5542
Thbd	20	0.55648	0.89972	1.0	2480	10	-3.8107	0.79311	0.72986	0.932053	2240	0	-3.8107
Olfr460	20	0.55648	0.89972	1.0	2481	10	-3.8187	0.65127	0.57155	0.893599	1809	0	-3.8187
Hrh2	20	0.55682	0.90005	1.0	2482	6	-3.4532	0.83016	0.78187	0.9521	2338	0	-3.4532
Olfr309	20	0.55838	0.90041	1.0	2483	8	-3.5932	0.66722	0.58309	0.89596	1855	0	-3.5932
Clmp	20	0.55992	0.90098	1.0	2484	8	-3.7602	0.57436	0.50986	0.893438	1601	0	-3.7602
Enpep	20	0.56018	0.9014	1.0	2485	8	-3.4975	0.52942	0.46351	0.886569	1491	0	-3.4975
Gpr151	20	0.56018	0.9014	1.0	2486	5	-3.4489	0.054241	0.038977	0.691901	158	0	-3.4489
Xpnpep2	20	0.5607	0.90177	1.0	2487	10	-3.8454	0.98011	0.97144	0.991919	2795	0	-3.8454
Olfr300-ps1	20	0.56109	0.90218	1.0	2488	7	-3.2826	0.13973	0.13982	0.859701	391	0	-3.2826
AI593442	20	0.56167	0.90229	1.0	2489	9	-3.7122	0.22935	0.21836	0.859701	646	0	-3.7122
Gm7030	17	0.56279	0.89	1.0	2490	7	-3.6951	0.95375	0.93696	0.987576	2708	0	-3.6951
Olfr191	15	0.56399	0.88294	1.0	2491	7	-3.4986	0.22871	0.21901	0.859701	639	0	-3.4986
Olfr780	20	0.56405	0.90313	1.0	2492	7	-3.384	0.74465	0.67669	0.921069	2095	0	-3.384
Akp3	18	0.56464	0.89663	1.0	2493	7	-3.5906	0.73832	0.67192	0.921069	2061	0	-3.5906
Siglece	20	0.56569	0.90376	1.0	2494	7	-3.4532	0.44002	0.383	0.859701	1248	0	-3.4532
Abcb5	20	0.56629	0.90382	1.0	2495	9	-3.7874	0.29267	0.27967	0.859701	827	0	-3.7874
Olfr1420	18	0.5691	0.89916	1.0	2496	7	-3.5446	0.34348	0.30524	0.859701	976	0	-3.5446
Olfr1273-ps	20	0.56959	0.9059	1.0	2497	8	-3.5635	0.74465	0.67669	0.921069	2087	0	-3.5635
Cd200r4	18	0.56979	0.89985	1.0	2498	7	-3.7506	0.27739	0.26304	0.859701	794	0	-3.7506
Cd8b1	20	0.5699	0.906	1.0	2499	8	-3.7703	0.34594	0.31441	0.859701	1000	0	-3.7703
Tmem87a	20	0.57013	0.90628	1.0	2500	7	-3.5279	0.78149	0.72043	0.929989	2211	0	-3.5279
H2-Q10	16	0.57075	0.89231	1.0	2501	7	-3.7354	0.12513	0.12633	0.859701	357	0	-3.7354
Pcdhb7	20	0.5709	0.90665	1.0	2502	9	-3.7219	0.34594	0.31441	0.859701	1001	0	-3.7219
Cdh1	20	0.5723	0.90737	1.0	2503	8	-3.3841	0.42389	0.365	0.859701	1203	0	-3.3841
Timd2	18	0.57371	0.90142	1.0	2504	9	-3.7528	0.90777	0.8773	0.971091	2569	0	-3.7528
Fam171a2	20	0.57551	0.9094	1.0	2505	9	-3.8299	0.098776	0.084119	0.803873	281	0	-3.8299
Olfr1496	20	0.57564	0.90956	1.0	2506	10	-3.8428	0.30301	0.28716	0.859701	862	0	-3.8428
Zpld1	20	0.57641	0.90993	1.0	2507	8	-3.5779	0.34594	0.31441	0.859701	995	0	-3.5779
Ly6h	16	0.57689	0.8956	1.0	2508	7	-3.79	0.70381	0.64044	0.916565	1984	0	-3.79
Olfr808	18	0.57695	0.90263	1.0	2509	8	-3.7471	0.55214	0.48896	0.893438	1546	0	-3.7471
Tctn3	20	0.57736	0.91014	1.0	2510	8	-3.6683	0.7415	0.67266	0.921069	2080	0	-3.6683
Olfr1201	18	0.57905	0.90407	1.0	2511	7	-3.6178	0.0037337	0.007301	0.592062	10	0	-3.6178
Slc18a3	20	0.57985	0.9116	1.0	2512	10	-3.8411	0.26737	0.26301	0.859701	763	0	-3.8411
Tlr5	20	0.57985	0.9116	1.0	2513	10	-3.805	0.65984	0.57781	0.893599	1837	0	-3.805
Fcer1a	16	0.58028	0.89658	1.0	2514	8	-3.7924	0.22033	0.21797	0.859701	611	0	-3.7924
Chrna4	20	0.58115	0.91232	1.0	2515	6	-3.4733	0.87129	0.82978	0.963251	2459	0	-3.4733
Mc3r	20	0.58146	0.91274	1.0	2516	9	-3.5593	0.054241	0.038977	0.691901	159	0	-3.5593
Grik1	20	0.58255	0.91344	1.0	2517	9	-3.7494	0.75656	0.68714	0.921069	2130	0	-3.7494
Slc5a6	20	0.58299	0.9135	1.0	2518	6	-3.2072	0.42389	0.365	0.859701	1194	0	-3.2072
Panx1	20	0.58378	0.91391	1.0	2519	5	-3.3449	0.76947	0.69995	0.925282	2165	0	-3.3449
Cldn13	20	0.58494	0.91486	1.0	2520	8	-3.6474	0.27708	0.27201	0.859701	780	0	-3.6474
Btnl9	20	0.58577	0.91562	1.0	2521	9	-3.5324	0.32417	0.30044	0.859701	913	0	-3.5324
Grik4	20	0.5875	0.91616	1.0	2522	8	-3.8041	0.62625	0.55119	0.893599	1738	0	-3.8041
Olfr554	20	0.58753	0.91626	1.0	2523	9	-3.6206	0.061936	0.04659	0.727615	176	0	-3.6206
Olfr325	19	0.58792	0.91035	1.0	2524	8	-3.6856	0.07123	0.059427	0.803873	203	0	-3.6856
Olfr1100	20	0.58878	0.91647	1.0	2525	9	-3.6109	0.83016	0.78187	0.9521	2342	0	-3.6109
Olfr828	20	0.59095	0.91728	1.0	2526	6	-3.7081	0.03867	0.031271	0.691901	103	0	-3.7081
Npsr1	20	0.59185	0.91756	1.0	2527	5	-3.3068	0.86332	0.8176	0.958403	2442	0	-3.3068
Olfr110	20	0.59238	0.91779	1.0	2528	9	-3.7528	0.17019	0.16034	0.859701	484	0	-3.7528
Olfr715	15	0.59273	0.89574	1.0	2529	6	-3.5172	0.28847	0.25396	0.859701	815	0	-3.5172
Olfr683	16	0.59355	0.90403	1.0	2530	7	-3.685	0.38014	0.32903	0.859701	1081	0	-3.685
Slc7a9	20	0.59389	0.91803	1.0	2531	9	-3.5578	0.65984	0.57781	0.893599	1842	0	-3.5578
Chrna9	20	0.59405	0.91818	1.0	2532	8	-3.4055	0.27708	0.27201	0.859701	775	0	-3.4055
Psg18	20	0.59405	0.91818	1.0	2533	9	-3.6682	0.31285	0.29461	0.859701	881	0	-3.6682
Spam1	20	0.59405	0.91818	1.0	2534	9	-3.8019	0.19408	0.19224	0.859701	551	0	-3.8019
Scara5	20	0.59421	0.91826	1.0	2535	8	-3.6291	0.87547	0.83508	0.964081	2467	0	-3.6291
Slc17a9	20	0.59438	0.91841	1.0	2536	9	-3.7929	0.31668	0.29751	0.859701	891	0	-3.7929
Itgae	20	0.59586	0.91897	1.0	2537	9	-3.6711	0.30301	0.28716	0.859701	855	0	-3.6711
Tmem62	20	0.59691	0.91926	1.0	2538	8	-3.7074	0.76338	0.69193	0.921069	2142	0	-3.7074
Cd209g	18	0.59727	0.91286	1.0	2539	8	-3.7629	0.91259	0.88419	0.973426	2591	0	-3.7629
Olfr329-ps	20	0.5975	0.91954	1.0	2540	8	-3.496	0.04839	0.035147	0.691901	138	0	-3.496
H2-Oa	20	0.5998	0.92035	1.0	2541	7	-3.3742	0.61567	0.53602	0.893599	1714	0	-3.3742
Npr3	19	0.6011	0.91657	1.0	2542	8	-3.0817	0.0092766	0.0074396	0.592062	25	0	-3.0817
Olfr1437	20	0.60136	0.92086	1.0	2543	8	-3.7106	0.23813	0.23118	0.859701	665	0	-3.7106
Gpr15	20	0.60158	0.92108	1.0	2544	8	-3.6455	0.68002	0.60323	0.899961	1891	0	-3.6455
Gm13769	4	0.6022	0.76371	1.0	2545	2	-3.788	0.80454	0.77963	0.9521	2275	0	-3.788
Slitrk3	20	0.60389	0.922	1.0	2546	8	-3.6756	0.068796	0.052273	0.754525	191	0	-3.6756
App	20	0.6039	0.92209	1.0	2547	9	-3.6761	0.40286	0.35196	0.859701	1153	0	-3.6761
Olfr578	20	0.60507	0.9225	1.0	2548	7	-3.3351	0.34594	0.31441	0.859701	985	0	-3.3351
Cdh9	20	0.6064	0.92277	1.0	2549	7	-3.5402	0.63413	0.56247	0.893599	1765	0	-3.5402
Olfr748	20	0.60653	0.92292	1.0	2550	8	-3.6227	0.017965	0.011808	0.592062	47	0	-3.6227
Kremen1	20	0.60768	0.92344	1.0	2551	8	-3.732	0.10717	0.089726	0.803873	316	0	-3.732
Lpar4	20	0.60768	0.92344	1.0	2552	7	-3.6527	0.17698	0.16563	0.859701	504	0	-3.6527
Pcdhga11	18	0.60806	0.91705	1.0	2553	6	-3.6817	0.73304	0.66245	0.921069	2056	0	-3.6817
Kdr	18	0.60806	0.91705	1.0	2554	6	-3.7458	0.48295	0.41365	0.864664	1356	0	-3.7458
Ceacam10	20	0.60845	0.92366	1.0	2555	9	-3.7477	0.9946	0.99061	0.99619	2840	0	-3.7477
Ostm1	19	0.60867	0.91911	1.0	2556	9	-3.7172	0.73252	0.6671	0.921069	2041	0	-3.7172
Itga3	20	0.61285	0.9253	1.0	2557	8	-3.7603	0.65127	0.57155	0.893599	1823	0	-3.7603
Lrrtm4	20	0.61311	0.92537	1.0	2558	7	-3.476	0.48999	0.4163	0.864664	1370	0	-3.476
Itgb1	20	0.61448	0.92583	1.0	2559	7	-3.5353	0.38321	0.34119	0.859701	1097	0	-3.5353
Tlr8	20	0.61483	0.92597	1.0	2560	5	-3.4579	0.53747	0.47557	0.893018	1513	0	-3.4579
Gabrg3	20	0.61486	0.92608	1.0	2561	8	-3.7015	0.57436	0.50986	0.893438	1604	0	-3.7015
Gm8909	20	0.61486	0.92608	1.0	2562	9	-3.5482	0.6059	0.53009	0.893438	1692	0	-3.5482
Chrnb3	20	0.6164	0.92651	1.0	2563	6	-3.5614	0.19408	0.19224	0.859701	545	0	-3.5614
Olfr1023	20	0.61678	0.92664	1.0	2564	9	-3.7684	0.044258	0.035144	0.691901	125	0	-3.7684
Olfr401	20	0.61678	0.92664	1.0	2565	9	-3.8203	0.71961	0.6518	0.921069	2006	0	-3.8203
Ccr1	20	0.61678	0.92664	1.0	2566	9	-3.7696	0.52942	0.46351	0.886569	1487	0	-3.7696
Olfr167	20	0.61693	0.92674	1.0	2567	9	-3.8203	0.76947	0.69995	0.925282	2168	0	-3.8203
Atrn	20	0.61794	0.9271	1.0	2568	7	-3.7701	0.59842	0.52812	0.893438	1673	0	-3.7701
H2-Q1	18	0.61991	0.9205	1.0	2569	7	-3.2946	0.2607	0.25231	0.859701	742	0	-3.2946
Olfr1016	19	0.62005	0.92309	1.0	2570	9	-3.8298	0.14679	0.14735	0.859701	419	0	-3.8298
Olfr1052	20	0.6204	0.92755	1.0	2571	6	-3.3592	0.34594	0.31441	0.859701	983	0	-3.3592
Olfr657	20	0.62074	0.92762	1.0	2572	9	-3.6283	0.26737	0.26301	0.859701	754	0	-3.6283
Olfr1022	19	0.62138	0.9237	1.0	2573	8	-3.6951	0.57169	0.5084	0.893438	1597	0	-3.6951
Olfr465-ps1	19	0.62192	0.92389	1.0	2574	6	-3.4852	0.26525	0.26156	0.859701	746	0	-3.4852
Sgcb	18	0.62236	0.92141	1.0	2575	6	-3.666	0.9419	0.92138	0.982358	2675	0	-3.666
H2-M10.3	20	0.62324	0.92859	1.0	2576	7	-3.7005	0.51949	0.4466	0.874234	1470	0	-3.7005
Olfr299	19	0.62447	0.92486	1.0	2577	7	-3.4772	0.73874	0.67044	0.921069	2078	0	-3.4772
Ghr	20	0.62473	0.92904	1.0	2578	9	-3.6629	0.64205	0.56615	0.893599	1788	0	-3.6629
Olfr821	20	0.62495	0.92919	1.0	2579	9	-3.8198	0.61874	0.5389	0.893599	1718	0	-3.8198
Cntn2	20	0.62534	0.92948	1.0	2580	7	-3.559	0.14591	0.14675	0.859701	412	0	-3.559
Tmem106b	20	0.62594	0.92975	1.0	2581	7	-3.445	0.51949	0.4466	0.874234	1460	0	-3.445
Olfr507	19	0.62718	0.92582	1.0	2582	8	-3.4772	0.61527	0.54562	0.893599	1713	0	-3.4772
H2-Q4	20	0.62746	0.92994	1.0	2583	6	-3.4481	0.16235	0.15696	0.859701	457	0	-3.4481
Glra3	18	0.62764	0.92357	1.0	2584	5	-3.3279	0.20901	0.19965	0.859701	587	0	-3.3279
Tm4sf1	20	0.62871	0.93053	1.0	2585	9	-3.5948	0.57436	0.50986	0.893438	1613	0	-3.5948
Olfr263	20	0.63228	0.93167	1.0	2586	7	-3.3055	0.18468	0.17743	0.859701	519	0	-3.3055
Slc39a14	19	0.63286	0.92715	1.0	2587	7	-3.6121	0.0516	0.037363	0.691901	143	0	-3.6121
Olfr1444	20	0.63461	0.93294	1.0	2588	7	-3.6511	0.17698	0.16563	0.859701	506	0	-3.6511
Slco1c1	20	0.63572	0.93321	1.0	2589	6	-3.3447	0.061936	0.04659	0.727615	172	0	-3.3447
Olfr734	18	0.6382	0.92723	1.0	2590	5	-3.4869	0.13963	0.14045	0.859701	385	0	-3.4869
Pcdhga10	18	0.63962	0.9277	1.0	2591	5	-3.5976	0.34348	0.30524	0.859701	977	0	-3.5976
Olfr1423	19	0.6406	0.93005	1.0	2592	9	-3.6775	0.78662	0.7265	0.930695	2223	0	-3.6775
Olfr137	18	0.64074	0.92815	1.0	2593	8	-3.7915	0.60332	0.52891	0.893438	1682	0	-3.7915
Ptger4	20	0.64079	0.93454	1.0	2594	5	-3.4436	0.44999	0.39183	0.86208	1290	0	-3.4436
Tm9sf3	19	0.64331	0.93124	1.0	2595	9	-3.5172	0.24579	0.24135	0.859701	692	0	-3.5172
Hcar1	20	0.64435	0.93573	1.0	2596	8	-3.7895	0.091672	0.078451	0.803873	262	0	-3.7895
Grin2c	20	0.64549	0.93609	1.0	2597	7	-3.7796	0.52942	0.46351	0.886569	1500	0	-3.7796
Htr1f	18	0.6455	0.92989	1.0	2598	6	-3.5362	0.38113	0.32791	0.859701	1084	0	-3.5362
Glp2r	20	0.6482	0.93661	1.0	2599	8	-3.4409	0.03867	0.031271	0.691901	115	0	-3.4409
Tmem95	20	0.64972	0.93694	1.0	2600	8	-3.7831	0.074836	0.061776	0.803873	211	0	-3.7831
Olfr924	20	0.65055	0.93714	1.0	2601	7	-3.4295	0.091672	0.078451	0.803873	254	0	-3.4295
Npy4r	20	0.65145	0.93717	1.0	2602	8	-3.694	0.42389	0.365	0.859701	1197	0	-3.694
Olfr1270	19	0.65408	0.93552	1.0	2603	9	-3.818	0.55579	0.49329	0.893438	1563	0	-3.818
Gpr75	20	0.65444	0.93796	1.0	2604	9	-3.6169	0.52942	0.46351	0.886569	1490	0	-3.6169
Synb	4	0.655	0.79979	1.0	2605	2	-3.5594	0.26671	0.2276	0.859701	749	0	-3.5594
Glra4	20	0.65563	0.93832	1.0	2606	5	-3.0506	0.69267	0.61215	0.899961	1946	0	-3.0506
Htr2c	20	0.65575	0.93841	1.0	2607	6	-3.4199	0.26737	0.26301	0.859701	750	0	-3.4199
Prom1	20	0.65793	0.93896	1.0	2608	6	-3.6127	0.63413	0.56247	0.893599	1758	0	-3.6127
Slc19a1	18	0.66038	0.93504	1.0	2609	8	-3.7984	0.055919	0.042725	0.727615	163	0	-3.7984
Olfr166	20	0.66046	0.9397	1.0	2610	8	-3.6246	0.13973	0.13982	0.859701	397	0	-3.6246
Olfr1046	20	0.66062	0.93972	1.0	2611	5	-3.4892	0.37347	0.33295	0.859701	1067	0	-3.4892
H2-T23	20	0.66307	0.94058	1.0	2612	5	-3.5115	0.62625	0.55119	0.893599	1739	0	-3.5115
Olfr77	20	0.66372	0.94085	1.0	2613	9	-3.6422	0.080532	0.069392	0.803873	222	0	-3.6422
Cd59a	18	0.66454	0.93641	1.0	2614	8	-3.7795	0.72669	0.65467	0.921069	2026	0	-3.7795
Tshr	20	0.66468	0.94092	1.0	2615	9	-3.6474	0.40286	0.35196	0.859701	1151	0	-3.6474
Atp1a2	20	0.66482	0.94097	1.0	2616	7	-3.5342	0.5005	0.42702	0.86643	1384	0	-3.5342
Olfr1454	20	0.66579	0.94113	1.0	2617	6	-3.39	0.41327	0.35718	0.859701	1167	0	-3.39
Olfr747	19	0.66606	0.94002	1.0	2618	5	-3.3428	0.6484	0.56593	0.893599	1806	0	-3.3428
Olfr430	20	0.66642	0.9414	1.0	2619	9	-3.6474	0.091672	0.078451	0.803873	264	0	-3.6474
Olfr1271	20	0.66642	0.9414	1.0	2620	9	-3.6119	0.83798	0.79156	0.952925	2363	0	-3.6119
Olfr170	20	0.66642	0.9414	1.0	2621	9	-3.7951	0.30301	0.28716	0.859701	863	0	-3.7951
Ptprc	20	0.66642	0.9414	1.0	2622	9	-3.5927	0.75045	0.68359	0.921069	2111	0	-3.5927
Olfr1162	20	0.66642	0.9414	1.0	2623	9	-3.5703	0.22074	0.20849	0.859701	628	0	-3.5703
Atp1b4	20	0.66728	0.9416	1.0	2624	8	-3.3434	0.40286	0.35196	0.859701	1154	0	-3.3434
Cybb	20	0.66728	0.9416	1.0	2625	7	-3.7262	0.75656	0.68714	0.921069	2120	0	-3.7262
Slamf6	20	0.66823	0.94198	1.0	2626	8	-3.4193	0.48231	0.41025	0.864664	1345	0	-3.4193
Nlgn2	18	0.66851	0.93798	1.0	2627	8	-3.7419	0.31757	0.2882	0.859701	896	0	-3.7419
Olfr547	16	0.66891	0.93315	1.0	2628	5	-3.4243	0.40333	0.34218	0.859701	1159	0	-3.4243
Vmn1r67	20	0.67095	0.94288	1.0	2629	8	-3.4211	0.59842	0.52812	0.893438	1674	0	-3.4211
Slc5a12	18	0.67139	0.93918	1.0	2630	8	-3.6113	0.25324	0.24954	0.859701	712	0	-3.6113
Tmem37	20	0.67144	0.94294	1.0	2631	7	-3.4729	0.38321	0.34119	0.859701	1098	0	-3.4729
Slc24a5	20	0.67292	0.9431	1.0	2632	8	-3.6422	0.85015	0.80138	0.952925	2405	0	-3.6422
Tmem158	20	0.6733	0.94317	1.0	2633	8	-3.5488	0.72701	0.66071	0.921069	2033	0	-3.5488
Igsf8	20	0.6733	0.94317	1.0	2634	9	-3.7641	0.34594	0.31441	0.859701	993	0	-3.7641
Chrm2	20	0.67394	0.94333	1.0	2635	7	-3.5741	0.27708	0.27201	0.859701	789	0	-3.5741
Ermap	20	0.67394	0.94333	1.0	2636	7	-3.6349	0.03867	0.031271	0.691901	109	0	-3.6349
Calcrl	20	0.67409	0.94343	1.0	2637	9	-3.7344	0.50996	0.43412	0.86643	1430	0	-3.7344
Epcam	20	0.6761	0.944	1.0	2638	7	-3.7053	0.48231	0.41025	0.864664	1339	0	-3.7053
Ccr3	20	0.67728	0.94476	1.0	2639	9	-3.4557	0.45989	0.39802	0.864664	1307	0	-3.4557
Mrgprg	20	0.68017	0.94554	1.0	2640	7	-3.6712	0.84212	0.79474	0.952925	2381	0	-3.6712
Lrrc4b	18	0.68019	0.94182	1.0	2641	8	-3.6775	0.65418	0.57538	0.893599	1832	0	-3.6775
Olfr1093	20	0.68332	0.94635	1.0	2642	8	-3.6665	0.64205	0.56615	0.893599	1779	0	-3.6665
S1pr1	20	0.68338	0.94654	1.0	2643	9	-3.7051	0.87947	0.83907	0.964081	2479	0	-3.7051
Dag1	20	0.68625	0.94762	1.0	2644	5	-3.4028	0.34594	0.31441	0.859701	984	0	-3.4028
Tlr7	20	0.68706	0.94786	1.0	2645	8	-3.3321	0.18468	0.17743	0.859701	528	0	-3.3321
Skint7	20	0.6892	0.94877	1.0	2646	8	-3.7221	0.2019	0.19707	0.859701	577	0	-3.7221
Cd160	20	0.69142	0.94945	1.0	2647	7	-3.5368	0.2851	0.27517	0.859701	804	0	-3.5368
Ebp	20	0.69308	0.94996	1.0	2648	8	-3.7453	0.93571	0.91191	0.979893	2660	0	-3.7453
Trabd2b	20	0.69554	0.9506	1.0	2649	6	-3.5285	0.0316	0.027397	0.691901	87	0	-3.5285
Slco4a1	20	0.69719	0.95132	1.0	2650	7	-3.6218	0.46789	0.40051	0.864664	1319	0	-3.6218
Dsc1	18	0.69769	0.94853	1.0	2651	5	-3.2604	0.25324	0.24954	0.859701	710	0	-3.2604
Umodl1	19	0.69837	0.9506	1.0	2652	8	-3.7175	0.73252	0.6671	0.921069	2042	0	-3.7175
Slc38a11	19	0.69917	0.95081	1.0	2653	8	-3.7255	0.23679	0.23248	0.859701	659	0	-3.7255
Olfr1257	20	0.70059	0.95252	1.0	2654	9	-3.7829	0.91878	0.88902	0.974241	2603	0	-3.7829
Ifngr1	20	0.70255	0.95304	1.0	2655	9	-3.7797	0.091672	0.078451	0.803873	261	0	-3.7797
Slc38a9	20	0.70255	0.95304	1.0	2656	9	-3.7841	0.27708	0.27201	0.859701	787	0	-3.7841
Olfr1090	20	0.70289	0.95314	1.0	2657	7	-3.5489	0.20538	0.19869	0.859701	579	0	-3.5489
Dsg2	20	0.70408	0.95337	1.0	2658	7	-3.7614	0.95087	0.933	0.986498	2701	0	-3.7614
Mc1r	20	0.70439	0.95342	1.0	2659	8	-3.5508	0.76338	0.69193	0.921069	2148	0	-3.5508
P2ry14	20	0.70562	0.95401	1.0	2660	6	-3.4806	0.67388	0.59325	0.899961	1870	0	-3.4806
Olfr1507	20	0.70562	0.95401	1.0	2661	7	-3.475	0.091672	0.078451	0.803873	267	0	-3.475
Gpr22	19	0.70681	0.95296	1.0	2662	8	-3.5565	0.16893	0.15935	0.859701	476	0	-3.5565
Tas2r125	19	0.70784	0.95319	1.0	2663	8	-3.774	0.7012	0.63518	0.910402	1957	0	-3.774
Olfr1459	20	0.70792	0.95472	1.0	2664	5	-3.2965	0.48999	0.4163	0.864664	1376	0	-3.2965
Olfr788	20	0.70871	0.95501	1.0	2665	9	-3.5563	0.054241	0.038977	0.691901	148	0	-3.5563
P2ry10	18	0.7089	0.95182	1.0	2666	6	-3.3291	0.50842	0.44997	0.876632	1421	0	-3.3291
Olfr484	20	0.71017	0.95553	1.0	2667	8	-3.4208	0.30301	0.28716	0.859701	861	0	-3.4208
Olfr926	18	0.7104	0.95247	1.0	2668	6	-3.2001	0.69512	0.62804	0.908376	1954	0	-3.2001
Tnfsf18	20	0.71103	0.95573	1.0	2669	9	-3.6943	0.88588	0.84568	0.964081	2505	0	-3.6943
Gml2	19	0.71166	0.95431	1.0	2670	7	-3.5728	0.29031	0.27555	0.859701	819	0	-3.5728
Dcstamp	20	0.71297	0.9564	1.0	2671	9	-3.6428	0.91094	0.87867	0.971091	2586	0	-3.6428
Adam23	20	0.71297	0.9564	1.0	2672	9	-3.5997	0.80857	0.74898	0.94009	2282	0	-3.5997
Olfr1189	20	0.71426	0.95699	1.0	2673	7	-3.5843	0.017965	0.011808	0.592062	51	0	-3.5843
Olfr1137	19	0.71878	0.95644	1.0	2674	8	-3.7496	0.94868	0.93058	0.985767	2697	0	-3.7496
Cd9	20	0.72025	0.95865	1.0	2675	9	-3.6257	0.73868	0.66927	0.921069	2071	0	-3.6257
Olfr76	20	0.72025	0.95875	1.0	2676	5	-3.409	0.52942	0.46351	0.886569	1496	0	-3.409
Cd33	20	0.72164	0.95898	1.0	2677	7	-3.5166	0.42389	0.365	0.859701	1207	0	-3.5166
Slc37a4	20	0.72194	0.95926	1.0	2678	9	-3.6023	0.32417	0.30044	0.859701	924	0	-3.6023
Olfr429	20	0.72215	0.95942	1.0	2679	9	-3.6586	0.22935	0.21836	0.859701	643	0	-3.6586
Gm49368	2	0.72286	0.72986	1.0	2680	1	-3.3656	0.24	0.21605	0.859701	684	0	-3.3656
Olfr678	19	0.72316	0.95771	1.0	2681	7	-3.4772	0.50155	0.4308	0.86643	1413	0	-3.4772
Olfr301	19	0.72316	0.95771	1.0	2682	5	-3.5984	0.23679	0.23248	0.859701	660	0	-3.5984
Cd86	20	0.72341	0.95973	1.0	2683	6	-3.5585	0.42389	0.365	0.859701	1208	0	-3.5585
Vcam1	20	0.72402	0.95981	1.0	2684	6	-3.4845	0.53747	0.47557	0.893018	1512	0	-3.4845
Psg27	18	0.72528	0.95775	1.0	2685	7	-3.5126	0.32638	0.29215	0.859701	939	0	-3.5126
Cd47	18	0.72559	0.95789	1.0	2686	7	-3.2565	0.082896	0.072054	0.803873	236	0	-3.2565
Atp1b3	18	0.72559	0.95789	1.0	2687	7	-3.3997	0.31757	0.2882	0.859701	894	0	-3.3997
Olfr307	19	0.72583	0.95819	1.0	2688	8	-3.7255	0.68437	0.60556	0.899961	1909	0	-3.7255
Tmem9	18	0.72955	0.95906	1.0	2689	8	-3.7405	0.32638	0.29215	0.859701	937	0	-3.7405
Slc35f4	20	0.72994	0.96154	1.0	2690	7	-3.6174	0.92118	0.89243	0.975355	2613	0	-3.6174
Muc15	20	0.73297	0.9627	1.0	2691	8	-3.3407	0.054241	0.038977	0.691901	153	0	-3.3407
Olfr487	20	0.73297	0.9627	1.0	2692	8	-3.4367	0.18468	0.17743	0.859701	518	0	-3.4367
Olfr1246	20	0.73348	0.96292	1.0	2693	5	-3.3076	0.44999	0.39183	0.86208	1292	0	-3.3076
Tmem154	18	0.73359	0.95993	1.0	2694	5	-3.1958	0.23451	0.23004	0.859701	656	0	-3.1958
Olfr878	20	0.73428	0.96319	1.0	2695	8	-3.6972	0.013708	0.0098282	0.592062	35	0	-3.6972
Olfr38	20	0.73494	0.96327	1.0	2696	8	-3.777	0.013708	0.0098282	0.592062	36	0	-3.777
Il1rapl1	20	0.73527	0.96344	1.0	2697	7	-3.6606	0.38321	0.34119	0.859701	1091	0	-3.6606
Tas2r108	20	0.73534	0.96361	1.0	2698	9	-3.7044	0.054241	0.038977	0.691901	149	0	-3.7044
Tmigd1	18	0.73693	0.96108	1.0	2699	6	-3.4172	0.42558	0.3666	0.859701	1217	0	-3.4172
Fpr-rs6	20	0.73696	0.96418	1.0	2700	8	-3.5259	0.5005	0.42702	0.86643	1393	0	-3.5259
Slc29a1	20	0.74007	0.96484	1.0	2701	7	-3.156	0.48231	0.41025	0.864664	1346	0	-3.156
Olfr918	20	0.7415	0.96524	1.0	2702	9	-3.7222	0.78149	0.72043	0.929989	2218	0	-3.7222
Olfr11	20	0.74162	0.96536	1.0	2703	7	-3.4472	0.55412	0.49492	0.893438	1554	0	-3.4472
Sgce	20	0.74309	0.96571	1.0	2704	5	-3.4907	0.41327	0.35718	0.859701	1166	0	-3.4907
Olfr1152	20	0.74384	0.96585	1.0	2705	6	-3.6263	0.31285	0.29461	0.859701	886	0	-3.6263
Ano3	20	0.74417	0.96591	1.0	2706	4	-3.4844	0.68002	0.60323	0.899961	1903	0	-3.4844
Zdhhc11	18	0.74805	0.96412	1.0	2707	6	-3.6191	0.13963	0.14045	0.859701	388	0	-3.6191
Slc12a2	20	0.75008	0.96766	1.0	2708	6	-3.6702	0.091672	0.078451	0.803873	257	0	-3.6702
Olfr173	20	0.75214	0.96829	1.0	2709	5	-3.4175	0.091672	0.078451	0.803873	268	0	-3.4175
Olfr320	20	0.75315	0.96855	1.0	2710	8	-3.5355	0.59842	0.52812	0.893438	1667	0	-3.5355
Olfr187	20	0.75403	0.96873	1.0	2711	6	-3.572	0.59038	0.52517	0.893438	1655	0	-3.572
Olfr519	20	0.75621	0.96931	1.0	2712	7	-3.0178	0.11948	0.10222	0.827588	330	0	-3.0178
Olfr1222	20	0.75685	0.96941	1.0	2713	6	-3.4415	0.15388	0.15369	0.859701	442	0	-3.4415
Olfr867	20	0.75685	0.96941	1.0	2714	6	-3.4819	0.0316	0.027397	0.691901	97	0	-3.4819
Mfsd6	20	0.75711	0.96946	1.0	2715	7	-3.6315	0.57436	0.50986	0.893438	1618	0	-3.6315
Olfr786	18	0.75714	0.96611	1.0	2716	8	-3.6719	0.7578	0.69314	0.921824	2133	0	-3.6719
Olfr1502	20	0.75797	0.96956	1.0	2717	8	-3.4674	0.66411	0.58047	0.89596	1852	0	-3.4674
Kcna3	20	0.75947	0.9699	1.0	2718	8	-3.6655	0.11948	0.10222	0.827588	348	0	-3.6655
Pmepa1	20	0.75997	0.96999	1.0	2719	7	-3.6711	0.59842	0.52812	0.893438	1676	0	-3.6711
Olfr1008	18	0.76453	0.96763	1.0	2720	5	-3.6195	0.40006	0.34498	0.859701	1136	0	-3.6195
Cntn6	18	0.76453	0.96763	1.0	2721	7	-3.1962	0.028485	0.025208	0.691901	82	0	-3.1962
Glipr1	20	0.76578	0.97127	1.0	2722	8	-3.6234	0.066151	0.050373	0.754525	186	0	-3.6234
Mpzl1	20	0.76628	0.97139	1.0	2723	8	-3.7071	0.36478	0.32315	0.859701	1037	0	-3.7071
Cdh10	20	0.76628	0.97139	1.0	2724	8	-3.7773	0.51949	0.4466	0.874234	1473	0	-3.7773
Mc2r	20	0.76688	0.97146	1.0	2725	7	-3.7156	0.80328	0.74299	0.93627	2267	0	-3.7156
Fpr-rs4	20	0.76851	0.97169	1.0	2726	8	-3.4019	0.04839	0.035147	0.691901	139	0	-3.4019
Clrn2	18	0.76873	0.96835	1.0	2727	7	-3.8295	0.39123	0.33528	0.859701	1114	0	-3.8295
Olfr738	20	0.76895	0.97184	1.0	2728	6	-3.5547	0.085889	0.074869	0.803873	241	0	-3.5547
Cd28	18	0.77016	0.96873	1.0	2729	4	-3.2739	0.31757	0.2882	0.859701	893	0	-3.2739
Olfr874	20	0.77044	0.97208	1.0	2730	6	-3.3461	0.30301	0.28716	0.859701	864	0	-3.3461
Cldn12	18	0.77128	0.96891	1.0	2731	7	-3.4727	0.36135	0.31656	0.859701	1034	0	-3.4727
Grid1	18	0.77209	0.96907	1.0	2732	6	-3.4857	0.36135	0.31656	0.859701	1032	0	-3.4857
Olfr146	20	0.77502	0.973	1.0	2733	7	-3.7407	0.2851	0.27517	0.859701	802	0	-3.7407
H2-DMa	20	0.77502	0.973	1.0	2734	7	-3.5032	0.2019	0.19707	0.859701	565	0	-3.5032
Sprn	20	0.77865	0.97341	1.0	2735	6	-3.102	0.0316	0.027397	0.691901	85	0	-3.102
Dsg1c	20	0.78224	0.97415	1.0	2736	7	-3.5434	0.65127	0.57155	0.893599	1825	0	-3.5434
Ceacam13	20	0.78436	0.97476	1.0	2737	7	-3.3977	0.59038	0.52517	0.893438	1650	0	-3.3977
Olfr322	20	0.78795	0.97542	1.0	2738	6	-3.2902	0.068796	0.052273	0.754525	197	0	-3.2902
Clec2e	16	0.7889	0.96851	1.0	2739	6	-3.5397	0.73355	0.6702	0.921069	2060	0	-3.5397
Tmem182	19	0.79177	0.97441	1.0	2740	8	-3.6392	0.046027	0.033571	0.691901	132	0	-3.6392
Atp13a3	18	0.79401	0.97268	1.0	2741	7	-3.7382	0.80564	0.75791	0.944334	2277	0	-3.7382
Grik2	20	0.79436	0.97675	1.0	2742	7	-3.5625	0.0316	0.027397	0.691901	99	0	-3.5625
Tas2r139	20	0.79526	0.97693	1.0	2743	8	-3.6366	0.2851	0.27517	0.859701	809	0	-3.6366
Htr2b	20	0.79666	0.97721	1.0	2744	5	-3.2227	0.10717	0.089726	0.803873	311	0	-3.2227
Cd163	20	0.79715	0.97725	1.0	2745	6	-3.2816	0.78149	0.72043	0.929989	2214	0	-3.2816
Corin	18	0.79725	0.97348	1.0	2746	6	-3.2193	0.37127	0.32289	0.859701	1057	0	-3.2193
Ceacam1	20	0.7978	0.97741	1.0	2747	8	-3.671	0.50996	0.43412	0.86643	1432	0	-3.671
Olfr1118	19	0.7991	0.97586	1.0	2748	8	-3.4369	0.58712	0.51327	0.893438	1646	0	-3.4369
Olfr1303	19	0.7991	0.97586	1.0	2749	8	-3.6983	0.40779	0.35089	0.859701	1162	0	-3.6983
Skint8	20	0.8006	0.97777	1.0	2750	5	-3.5458	0.54571	0.48425	0.893438	1537	0	-3.5458
Olfr692	20	0.80214	0.97792	1.0	2751	7	-3.4972	0.42389	0.365	0.859701	1191	0	-3.4972
Olfr724	14	0.80487	0.96896	1.0	2752	5	-3.3771	0.022226	0.01927	0.691901	59	0	-3.3771
Pcdhga12	19	0.80532	0.97691	1.0	2753	3	-3.4542	0.641	0.56071	0.893599	1769	0	-3.4542
Ephb6	20	0.81101	0.97939	1.0	2754	7	-3.5242	0.48999	0.4163	0.864664	1365	0	-3.5242
Olfr815	16	0.812	0.97354	1.0	2755	5	-3.4715	0.10868	0.10938	0.859701	322	0	-3.4715
Gm5724	20	0.81215	0.97967	1.0	2756	6	-3.4052	0.73281	0.66504	0.921069	2046	0	-3.4052
Fpr1	20	0.81303	0.97982	1.0	2757	7	-3.5835	0.76338	0.69193	0.921069	2140	0	-3.5835
Gm884	20	0.81554	0.98014	1.0	2758	7	-3.4332	0.53747	0.47557	0.893018	1516	0	-3.4332
Olfr485	20	0.81556	0.98018	1.0	2759	7	-3.5982	0.87547	0.83508	0.964081	2465	0	-3.5982
Olfr1099	18	0.81564	0.9766	1.0	2760	6	-3.4511	0.24422	0.2413	0.859701	686	0	-3.4511
Olfr1076	19	0.81686	0.97941	1.0	2761	7	-3.3992	0.71459	0.6483	0.921069	2001	0	-3.3992
Olfr183	20	0.81706	0.98039	1.0	2762	5	-3.1584	0.24757	0.24212	0.859701	694	0	-3.1584
Olfr459	20	0.8181	0.98049	1.0	2763	7	-3.3175	0.58349	0.51911	0.893438	1641	0	-3.3175
Grpr	20	0.81897	0.98084	1.0	2764	7	-3.5508	0.11948	0.10222	0.827588	351	0	-3.5508
Npy1r	20	0.82398	0.98158	1.0	2765	6	-3.3687	0.75045	0.68359	0.921069	2114	0	-3.3687
Olfr196	17	0.82691	0.97882	1.0	2766	6	-3.2736	0.12009	0.12137	0.859701	355	0	-3.2736
Olfr55	15	0.82717	0.97497	1.0	2767	3	-3.3064	0.5026	0.43186	0.86643	1414	0	-3.3064
Ace2	20	0.83463	0.98328	1.0	2768	8	-3.4775	0.86332	0.8176	0.958403	2439	0	-3.4775
Tas2r107	20	0.83463	0.98328	1.0	2769	8	-3.6225	0.18468	0.17743	0.859701	529	0	-3.6225
Tmem9b	18	0.83782	0.98089	1.0	2770	4	-3.5687	0.35267	0.31274	0.859701	1009	0	-3.5687
Olfr1310	20	0.83865	0.98392	1.0	2771	6	-3.4785	0.24757	0.24212	0.859701	696	0	-3.4785
Gm20489	10	0.8402	0.96426	1.0	2772	2	-3.6581	0.44563	0.37743	0.859701	1274	0	-3.6581
Olfr56	20	0.84243	0.98443	1.0	2773	5	-3.2163	0.054241	0.038977	0.691901	147	0	-3.2163
Tas2r110	20	0.84283	0.98445	1.0	2774	8	-3.6873	0.23813	0.23118	0.859701	680	0	-3.6873
Gpr173	18	0.84287	0.98187	1.0	2775	5	-3.5954	0.27739	0.26304	0.859701	792	0	-3.5954
Olfr190	20	0.8443	0.9847	1.0	2776	8	-3.5513	0.19408	0.19224	0.859701	543	0	-3.5513
Lim2	20	0.8458	0.985	1.0	2777	5	-3.3055	0.48231	0.41025	0.864664	1343	0	-3.3055
Olfr1053	18	0.85372	0.9841	1.0	2778	4	-2.8935	0.21712	0.21109	0.859701	605	0	-2.8935
Tmprss11d	20	0.85603	0.98665	1.0	2779	6	-3.4722	0.88925	0.85077	0.965529	2517	0	-3.4722
Lyve1	20	0.85737	0.98692	1.0	2780	7	-3.7555	0.51949	0.4466	0.874234	1458	0	-3.7555
Gm5155	20	0.85789	0.98693	1.0	2781	4	-3.5438	0.80328	0.74299	0.93627	2257	0	-3.5438
Kcnmb4	19	0.85822	0.98546	1.0	2782	4	-3.3075	0.33191	0.30198	0.859701	949	0	-3.3075
Crb3	18	0.8603	0.98548	1.0	2783	5	-3.3105	0.28658	0.26976	0.859701	814	0	-3.3105
Mrgpra3	19	0.86043	0.98588	1.0	2784	4	-3.5465	0.78092	0.71958	0.929989	2199	0	-3.5465
Olfr193	12	0.86051	0.97503	1.0	2785	4	-3.687	0.401	0.3485	0.859701	1137	0	-3.687
Gm43720	11	0.86305	0.97266	1.0	2786	4	-3.5731	0.91516	0.8858	0.974068	2600	0	-3.5731
Olfr1564	19	0.86429	0.98658	1.0	2787	6	-3.3992	0.443	0.3833	0.859701	1271	0	-3.3992
Olfr161	20	0.87028	0.98896	1.0	2788	6	-3.4366	0.23813	0.23118	0.859701	664	0	-3.4366
Slc46a3	20	0.87167	0.98906	1.0	2789	5	-3.3288	0.01075	0.0078484	0.592062	29	0	-3.3288
Olfr1085	13	0.87489	0.98119	1.0	2790	3	-3.4658	0.371	0.30923	0.859701	1056	0	-3.4658
Olfr1136	18	0.87704	0.9882	1.0	2791	7	-3.5884	0.44063	0.37486	0.859701	1263	0	-3.5884
Bves	20	0.87943	0.99011	1.0	2792	6	-3.5235	0.080532	0.069392	0.803873	230	0	-3.5235
Olfr832	20	0.88055	0.99024	1.0	2793	7	-3.6558	0.38321	0.34119	0.859701	1093	0	-3.6558
Parm1	20	0.88121	0.99026	1.0	2794	7	-3.5944	0.10717	0.089726	0.803873	295	0	-3.5944
Olfr985	20	0.88366	0.9905	1.0	2795	5	-3.3788	0.77453	0.70948	0.929989	2176	0	-3.3788
Olfr1062	18	0.88371	0.98892	1.0	2796	3	-3.4027	0.096994	0.082189	0.803873	273	0	-3.4027
Pcdhga9	18	0.88682	0.98933	1.0	2797	6	-3.5967	0.2607	0.25231	0.859701	743	0	-3.5967
Psg23	20	0.89019	0.99133	1.0	2798	7	-3.4141	0.42389	0.365	0.859701	1195	0	-3.4141
Olfr846	20	0.89052	0.99137	1.0	2799	5	-3.5482	0.32417	0.30044	0.859701	928	0	-3.5482
Epha6	20	0.89324	0.99168	1.0	2800	7	-3.5206	0.43317	0.37531	0.859701	1226	0	-3.5206
Il21r	20	0.89497	0.99191	1.0	2801	6	-3.5515	0.0058023	0.0078449	0.592062	16	0	-3.5515
Fpr3	20	0.89986	0.99239	1.0	2802	4	-3.0838	0.091672	0.078451	0.803873	260	0	-3.0838
Olfr745	20	0.90013	0.99242	1.0	2803	7	-3.7376	0.29267	0.27967	0.859701	835	0	-3.7376
Olfr402	17	0.90028	0.98995	1.0	2804	5	-3.6592	0.34524	0.30314	0.859701	981	0	-3.6592
Olfr270	20	0.90135	0.99253	1.0	2805	6	-3.4242	0.23813	0.23118	0.859701	663	0	-3.4242
Olfr1389	19	0.90205	0.99192	1.0	2806	5	-3.3064	0.42354	0.36837	0.859701	1188	0	-3.3064
Gml	20	0.9026	0.99262	1.0	2807	5	-3.6561	0.5005	0.42702	0.86643	1399	0	-3.6561
Olfr779	9	0.90448	0.97643	1.0	2808	2	-3.6866	0.64398	0.59238	0.899961	1800	0	-3.6866
Olfr1163	20	0.90633	0.99301	1.0	2809	6	-3.3015	0.044258	0.035144	0.691901	121	0	-3.3015
Slc3a1	20	0.90696	0.99309	1.0	2810	6	-3.2574	0.91094	0.87867	0.971091	2584	0	-3.2574
Fcrl5	20	0.90828	0.9932	1.0	2811	6	-3.2372	0.6059	0.53009	0.893438	1693	0	-3.2372
Aqp8	20	0.90954	0.99334	1.0	2812	7	-3.4359	0.33621	0.30743	0.859701	960	0	-3.4359
Olfr936	17	0.91062	0.99139	1.0	2813	6	-3.1145	0.14664	0.13952	0.859701	417	0	-3.1145
Olfr995	20	0.91064	0.99348	1.0	2814	6	-3.6576	0.18468	0.17743	0.859701	531	0	-3.6576
Olfr1031	18	0.91099	0.99202	1.0	2815	5	-3.2513	0.37127	0.32289	0.859701	1059	0	-3.2513
Olfr958	20	0.91127	0.99354	1.0	2816	5	-3.4244	0.21084	0.20193	0.859701	589	0	-3.4244
Olfr350	19	0.91128	0.99307	1.0	2817	6	-3.4837	0.1549	0.15092	0.859701	447	0	-3.4837
Grm3	17	0.91207	0.99153	1.0	2818	6	-3.7735	0.93823	0.9178	0.982062	2670	0	-3.7735
H2-M9	20	0.91231	0.99363	1.0	2819	5	-3.5627	0.25691	0.25121	0.859701	716	0	-3.5627
Tas2r104	20	0.91334	0.99368	1.0	2820	6	-3.5068	0.27708	0.27201	0.859701	786	0	-3.5068
Olfr1065	20	0.91528	0.99392	1.0	2821	6	-3.4417	0.25691	0.25121	0.859701	734	0	-3.4417
Chrna5	19	0.91676	0.99371	1.0	2822	6	-3.3075	0.1277	0.12705	0.859701	361	0	-3.3075
Olfr1048	20	0.91862	0.99433	1.0	2823	6	-3.6127	0.22935	0.21836	0.859701	640	0	-3.6127
Cnnm3	20	0.92471	0.99484	1.0	2824	6	-3.5627	0.2851	0.27517	0.859701	803	0	-3.5627
Olfr1462	20	0.93015	0.99533	1.0	2825	7	-3.6034	0.39239	0.34533	0.859701	1123	0	-3.6034
Olfr584	20	0.93104	0.99546	1.0	2826	7	-3.6874	0.061936	0.04659	0.727615	170	0	-3.6874
Plxna3	20	0.93154	0.99551	1.0	2827	5	-3.5319	0.88588	0.84568	0.964081	2512	0	-3.5319
Tas2r103	20	0.93226	0.99557	1.0	2828	5	-3.3635	0.32417	0.30044	0.859701	934	0	-3.3635
Pilrb2	20	0.93458	0.99583	1.0	2829	4	-3.2941	0.2851	0.27517	0.859701	811	0	-3.2941
Tas2r130	20	0.93628	0.99599	1.0	2830	6	-3.3986	0.068796	0.052273	0.754525	193	0	-3.3986
Gm44579	4	0.93703	0.94143	1.0	2831	1	-2.5155	0.08676	0.074975	0.803873	248	0	-2.5155
Olfr1193	18	0.93845	0.99522	1.0	2832	5	-3.5314	0.85821	0.81389	0.958403	2424	0	-3.5314
Olfr935	19	0.93965	0.99561	1.0	2833	6	-3.3261	0.076664	0.066676	0.803873	221	0	-3.3261
Pcdhb3	20	0.93985	0.99637	1.0	2834	6	-3.5111	0.22074	0.20849	0.859701	626	0	-3.5111
Pcdh9	20	0.94136	0.99654	1.0	2835	7	-3.4631	0.87343	0.8336	0.964081	2464	0	-3.4631
Lhfpl5	18	0.94354	0.99576	1.0	2836	5	-3.1405	0.42558	0.3666	0.859701	1211	0	-3.1405
Olfr486	20	0.95099	0.99718	1.0	2837	5	-3.1349	0.17019	0.16034	0.859701	489	0	-3.1349
Olfr1436	19	0.95646	0.99716	1.0	2838	5	-3.5011	0.19285	0.18947	0.859701	538	0	-3.5011
Plet1	18	0.95787	0.99708	1.0	2839	4	-3.3708	0.42558	0.3666	0.859701	1216	0	-3.3708
Olfr1354	16	0.96001	0.9967	1.0	2840	5	-3.4687	0.46035	0.40401	0.864664	1309	0	-3.4687
Tmx3	20	0.96063	0.99783	1.0	2841	5	-3.5168	0.78799	0.72634	0.930695	2229	0	-3.5168
Olfr26	20	0.96237	0.99794	1.0	2842	6	-3.2604	0.51949	0.4466	0.874234	1453	0	-3.2604
Ubac2	17	0.96371	0.9971	1.0	2843	4	-3.6155	0.83445	0.78868	0.952925	2356	0	-3.6155
Olfr722	19	0.96512	0.99783	1.0	2844	5	-3.4986	0.20144	0.19401	0.859701	562	0	-3.4986
Cdh8	20	0.96596	0.99816	1.0	2845	6	-3.1759	0.1367	0.13815	0.859701	384	0	-3.1759
Asic5	20	0.96943	0.99836	1.0	2846	4	-3.4645	0.33621	0.30743	0.859701	961	0	-3.4645
Kl	20	0.96961	0.99838	1.0	2847	6	-3.6191	0.0031538	0.004048	0.592062	9	0	-3.6191
Olfr288	4	0.97175	0.9756	1.0	2848	0	-2.7494	0.12599	0.10172	0.827588	358	0	-2.7494
Olfr802	20	0.97346	0.99864	1.0	2849	6	-3.3227	0.45989	0.39802	0.864664	1304	0	-3.3227
Il2ra	17	0.97448	0.99823	1.0	2850	2	-2.8504	0.011664	0.0083542	0.592062	33	0	-2.8504
Olfr582	20	0.97647	0.99884	1.0	2851	4	-3.1451	0.65127	0.57155	0.893599	1807	0	-3.1451
Olfr8	15	0.97718	0.99787	1.0	2852	2	-3.1166	0.2646	0.24131	0.859701	745	0	-3.1166
P2rx3	20	0.98524	0.99932	1.0	2853	4	-3.2878	0.64205	0.56615	0.893599	1791	0	-3.2878
Lnpep	20	0.98714	0.99941	1.0	2854	5	-3.6004	0.55412	0.49492	0.893438	1552	0	-3.6004
Olfr1039	20	0.99073	0.99956	1.0	2855	5	-3.3403	0.085889	0.074869	0.803873	243	0	-3.3403
Olfr1040	20	0.99248	0.99966	1.0	2856	1	-3.2617	0.10717	0.089726	0.803873	319	0	-3.2617
Ror2	20	0.99553	0.99979	1.0	2857	4	-3.3292	0.82491	0.77542	0.950724	2329	0	-3.3292
